Formula,Energy above hull [eV/atom],Heat of formation [eV/atom],Magnetic,Layer group,Band gap (PBE) [eV],Band gap (G₀W₀) [eV],Band gap (HSE06) [eV] ▲,Direct band gap (PBE) [eV],Direct band gap (G₀W₀) [eV],Direct band gap (HSE06) [eV],CBM wrt. vacuum (PBE) [eV],Fermi level wrt. vacuum (PBE) [eV],VBM (vs. avg. vacuum) (PBE) [eV],VBM wrt. vacuum (PBE) [eV],Energy [eV],"Magnetic anisotropy energy, xz [meV/unit cell]","Magnetic anisotropy energy, yz [meV/unit cell]",Stoichiometry,Vacuum level [eV]
C2,0.0,-0.007,0,p6/mmm,0.0,,0.0,0.0,,0.0,-4.248,-4.248,,-4.249,-18.454,0.0,0.0,A,2.336
Ta2Rh2Te8,0.0,-0.444,0,p2_1/m11,0.076,,0.001,0.076,,0.001,-4.372,-4.41,,-4.448,-64.89,0.0,0.0,ABC4,2.343
V2Br6,0.0,-0.926,1,p-31m,0.0,,0.001,0.0,,0.001,,-5.598,,,-33.963,0.573,0.577,AB3,2.77
I6V2,0.005,-0.509,1,p-31m,0.0,,0.002,0.0,,0.002,,-5.265,,,-29.992,5.787,5.789,AB3,3.148
Co2As2Se6,0.033,-0.212,0,p-31m,0.166,,0.005,0.166,,0.008,-4.729,-4.812,,-4.895,-48.798,0.0,0.0,ABC3,3.73
I6Fe2,0.02,-0.077,1,p-31m,0.0,,0.005,0.0,,0.005,,-4.923,,,-27.567,4.634,4.636,AB3,3.366
Ta4Pd6Se10,0.044,-0.608,0,pmmn,0.104,,0.009,0.108,,0.014,-4.789,-4.842,,-4.894,-109.166,0.0,0.0,A2B3C5,2.335
Nb4Ni6S10,0.039,-0.752,0,pmmn,0.15,,0.009,0.15,,0.009,-4.986,-5.061,,-5.136,-140.612,0.0,0.0,A2B3C5,2.141
Ta4Pt2Te14,0.019,-0.365,0,p2_1/m11,0.059,,0.009,0.059,,0.039,-4.418,-4.447,,-4.476,-104.149,0.0,0.0,AB2C7,2.388
Bi8Rh4,0.023,-0.225,0,p-1,0.014,,0.01,0.091,,0.143,-3.74,-3.747,,-3.754,-68.678,0.0,0.0,AB2,2.176
Zr2Br2Cl4,0.088,-1.586,1,c211,0.0,,0.011,0.0,,0.108,,-4.296,,,-37.804,-0.296,-0.333,ABC2,3.071
I6Ni2,0.014,-0.084,1,p-31m,0.0,,0.011,0.0,,0.073,,-5.388,,,-24.034,24.417,23.872,AB3,3.316
Pt2Nb4Te14,0.013,-0.413,0,p2_1/m11,0.063,,0.013,0.066,,0.072,-4.501,-4.533,,-4.564,-107.147,0.0,0.0,AB2C7,2.382
Pd2P2S6,0.122,-0.204,0,p-31m,0.014,,0.013,0.014,,0.013,-5.155,-5.162,,-5.169,-44.874,0.0,0.0,ABC3,3.79
Co2S3,0.065,-0.381,0,pm2m,0.244,,0.015,0.281,,0.028,-5.307,-5.429,,-5.551,-30.596,0.0,0.0,A2B3,3.129
I2Fe,0.112,-0.008,1,p-6m2,0.144,,0.02,0.144,,0.02,-4.849,-4.921,,-4.993,-12.022,5.255,5.254,AB2,3.801
Sb2Co2Se6,0.076,-0.211,0,p-31m,0.235,,0.022,0.235,,0.022,-4.694,-4.811,,-4.929,-48.273,0.0,0.0,ABC3,3.799
Rh2Sb2Se6,0.061,-0.324,0,p-31m,0.117,,0.022,0.117,,0.022,-4.892,-4.95,,-5.009,-47.242,0.0,0.0,ABC3,3.762
V2Cl6,0.0,-1.271,1,p-31m,0.0,,0.023,0.0,,0.023,,-5.886,,,-37.926,-0.704,-0.702,AB3,2.785
Nb2Te10Cr2,0.003,-0.313,1,p2_1/m11,0.075,,0.029,0.096,,0.029,-4.281,-4.318,,-4.355,-75.895,2.128,-0.773,ABC5,2.741
Ir2Nb2Te8,0.008,-0.424,0,p2_1/m11,0.047,,0.033,0.047,,0.043,-4.443,-4.466,,-4.489,-69.926,0.0,0.0,ABC4,2.39
Ti4Se8,0.0,-1.131,0,p321,0.044,,0.036,0.067,,0.036,-5.352,-5.374,,-5.396,-68.197,0.0,0.0,AB2,3.85
Ta4Pd2S10,0.022,-0.892,0,p112/a,0.11,,0.037,0.119,,0.037,-5.424,-5.479,,-5.534,-101.953,0.0,0.0,AB2C5,2.141
W2Te4,0.0,-0.136,0,p2_1/m11,0.0,,0.044,0.0,,0.17,,-4.38,,,-36.604,0.0,0.0,AB2,4.751
Ru2Br6,0.017,-0.308,1,p-31m,0.0,,0.054,0.0,,0.128,,-5.477,,,-30.896,-3.271,-3.075,AB3,2.96
Rh2Sb2S6,0.098,-0.307,0,p-31m,0.152,,0.059,0.152,,0.059,-5.168,-5.244,,-5.32,-50.643,0.0,0.0,ABC3,3.698
Mo2S4,0.18,-0.741,0,p2_1/m11,0.051,,0.069,0.051,,0.069,-5.755,-5.78,,-5.806,-43.161,0.0,0.0,AB2,4.369
Co2Se3,0.046,-0.255,0,pm2m,0.255,,0.07,0.257,,0.071,-4.92,-5.048,,-5.176,-28.18,0.0,0.0,A2B3,3.16
Bi2As2,0.067,0.067,0,pm2_1n,0.173,,0.071,0.179,,0.071,-3.933,-4.02,,-4.106,-18.405,0.0,0.0,AB,3.32
FeCl2,0.067,-0.674,1,p-6m2,0.351,0.921,0.071,0.351,0.991,0.071,-5.394,-5.569,,-5.745,-14.635,-0.19,-0.19,AB2,3.504
I2Ti2N2,0.002,-1.18,0,pmmn,0.062,,0.078,0.062,,0.078,-5.278,-5.309,,-5.34,-40.119,0.0,0.0,ABC,4.467
Au2Te2,0.139,0.034,0,p-6m2,0.037,,0.078,0.079,,0.103,-4.065,-4.084,,-4.102,-12.533,0.0,0.0,AB,3.421
Rh2S2Cl2,0.094,-0.533,0,pm2_1n,0.083,,0.081,0.083,,0.11,-5.881,-5.922,,-5.963,-29.216,0.0,0.0,ABC,3.555
In4F4,0.037,-1.726,0,pmma,0.068,,0.085,0.068,,0.089,-3.701,-3.735,,-3.769,-31.205,0.0,0.0,AB,2.727
MoTe8V3,0.031,-0.285,1,pm2m,0.0,,0.086,0.0,,0.257,,-4.926,,,-65.838,7.518,7.662,AB3C8,4.444
Rh2As2Se6,0.028,-0.321,0,p-31m,0.127,,0.089,0.127,,0.089,-4.898,-4.962,,-5.025,-47.726,0.0,0.0,ABC3,3.694
Sb2Te4Cu2,0.089,-0.011,0,pm2_1b,0.064,,0.1,0.163,,0.105,-4.119,-4.151,,-4.183,-29.072,0.0,0.0,ABC2,2.196
Mo2Se4,0.109,-0.598,0,p2_1/m11,0.041,,0.108,0.113,,0.156,-5.079,-5.1,,-5.121,-39.926,0.0,0.0,AB2,4.449
W2Se4,0.092,-0.503,0,p2_1/m11,0.032,,0.118,0.128,,0.123,-4.923,-4.938,,-4.954,-39.918,0.0,0.0,AB2,4.541
Nb4Pd6Se10,0.034,-0.619,0,pmmn,0.064,,0.118,0.064,,0.118,-4.987,-5.019,,-5.051,-111.439,0.0,0.0,A2B3C5,2.315
Ta2Ir2Te8,0.007,-0.39,0,p2_1/m11,0.047,,0.119,0.047,,0.132,-4.312,-4.336,,-4.359,-68.501,0.0,0.0,ABC4,2.394
Ir2As2S6,0.04,-0.294,0,p-31m,0.251,,0.125,0.251,,0.125,-5.243,-5.368,,-5.494,-55.282,0.0,0.0,ABC3,3.713
Hf2Te10,0.0,-0.455,0,pmmn,0.159,,0.126,0.322,,0.313,-4.38,-4.459,,-4.539,-52.522,0.0,0.0,AB5,2.113
AgCuSe5P2S,0.016,-0.106,0,p1,0.027,,0.127,0.095,,0.245,-5.53,-5.543,,-5.557,-39.795,0.0,0.0,ABCD2E5,3.544
ITi5Cl2N3O,0.144,-1.596,0,p1,0.069,,0.129,0.087,,0.129,-4.362,-4.396,,-4.43,-87.83,0.0,0.0,ABC2D3E5,4.257
Mn4Se6,0.005,-0.418,1,pm2_1b,0.399,,0.138,0.44,,0.937,-4.506,-4.705,,-4.905,-63.939,-0.568,-0.232,A2B3,4.095
Bi2In2,0.094,0.092,0,p4/nmm,0.037,,0.138,0.196,,0.181,-3.87,-3.888,,-3.907,-14.505,0.0,0.0,AB,1.719
Zr2Te10,0.0,-0.514,0,pmmn,0.191,,0.142,0.33,,0.321,-4.393,-4.489,,-4.584,-53.026,0.0,0.0,AB5,2.101
FeBr2,0.081,-0.383,1,p-6m2,0.263,0.759,0.145,0.263,0.759,0.145,-5.104,-5.235,,-5.367,-13.359,0.092,0.092,AB2,3.426
Hf4Te3Se5,0.004,-1.151,0,p3m1,0.003,,0.148,0.02,,0.148,-4.808,-4.809,,-4.811,-70.868,0.0,0.0,A3B4C5,3.922
Ta2Te2S,0.088,-0.533,0,p-3m1,0.388,,0.151,0.388,,0.151,-4.278,-4.472,,-4.666,-32.788,0.0,0.0,AB2C2,4.667
Tl4As4,0.055,0.055,0,pbma,0.04,,0.158,0.164,,0.328,-3.278,-3.298,,-3.319,-28.201,0.0,0.0,AB,3.361
Cu6S4,0.097,-0.11,0,p1,0.13,,0.158,0.13,,0.158,-5.252,-5.317,,-5.382,-39.473,0.0,0.0,A2B3,2.389
Rh2Se2Br2,0.023,-0.495,0,pmmn,0.0,,0.165,0.0,,0.165,,-5.799,,,-27.402,0.0,0.0,ABC,3.88
Ir2Sb2Se6,0.058,-0.272,0,p-31m,0.292,,0.171,0.292,,0.171,-4.786,-4.932,,-5.078,-50.983,0.0,0.0,ABC3,3.842
Ta4Ni2Se10,0.0,-0.763,0,p112/a,0.032,,0.174,0.04,,0.177,-4.943,-4.959,,-4.975,-100.792,0.0,0.0,AB2C5,2.189
HfTeSe,0.006,-1.084,0,p3m1,0.0,,0.186,0.0,,1.103,,-4.723,,,-17.445,0.0,0.0,ABC,3.725
Rh2Se2Cl2,0.034,-0.579,0,pmmn,0.0,,0.195,0.0,,0.197,,-6.271,,,-28.304,0.0,0.0,ABC,3.86
Pt4Hg2Se6,0.063,-0.286,0,p-3m1,0.153,,0.195,0.177,,0.195,-4.753,-4.829,,-4.905,-51.521,0.0,0.0,AB2C3,2.641
Au2ISe2Cl,0.111,-0.062,0,p1,0.048,,0.196,0.077,,0.215,-6.079,-6.103,,-6.127,-16.859,0.0,0.0,ABC2D2,2.697
Ta4Ge2Se8,0.028,-0.697,0,pbam,0.176,,0.197,0.293,,0.419,-4.38,-4.468,,-4.555,-85.912,0.0,0.0,AB2C4,2.336
Ta4Pd2Se10,0.014,-0.729,0,p112/a,0.071,,0.197,0.078,,0.215,-4.983,-5.018,,-5.054,-93.403,0.0,0.0,AB2C5,2.219
Rh2Te6As2,0.053,-0.264,0,p-31m,0.262,,0.201,0.262,,0.279,-4.319,-4.45,,-4.581,-45.493,0.0,0.0,ABC3,3.886
Ta4Se6,0.0,-0.79,0,c2/m11,0.045,,0.201,0.142,,0.257,-4.769,-4.792,,-4.814,-68.066,0.0,0.0,A2B3,2.392
HfTeS,0.011,-1.201,0,p3m1,0.0,,0.207,0.0,,1.002,,-4.636,,,-18.392,0.0,0.0,ABC,3.665
Rh2Sb2Te6,0.072,-0.259,0,p-31m,0.249,,0.208,0.249,,0.221,-4.34,-4.464,,-4.589,-44.926,0.0,0.0,ABC3,3.924
W2I6,0.19,0.19,0,p-62m,0.223,,0.211,0.244,,0.251,-3.811,-3.923,,-4.034,-30.319,0.0,0.0,AB3,3.978
Pt4Hg2Te6,0.073,-0.288,0,p-3m1,0.114,,0.212,0.157,,0.212,-4.588,-4.645,,-4.702,-49.876,0.0,0.0,AB2C3,2.753
Y2In2I2,0.046,-0.89,0,p-3m1,0.012,,0.212,0.763,,1.042,-3.846,-3.852,,-3.859,-23.207,0.0,0.0,ABC,2.977
Ir2S2,0.158,-0.194,0,p-3m1,0.041,,0.219,0.478,,0.98,-4.796,-4.817,,-4.838,-27.483,0.0,0.0,AB,5.602
Mn2SeSCl2,0.087,-0.703,1,cm11,0.0,,0.22,0.0,,0.408,,-5.268,,,-34.782,-0.564,-0.423,ABC2D2,2.724
Ir2As2Se6,0.005,-0.276,0,p-31m,0.28,,0.222,0.28,,0.222,-4.85,-4.99,,-5.13,-51.538,0.0,0.0,ABC3,3.758
ZrTeS,0.0,-1.242,0,p3m1,0.0,,0.226,0.0,,0.812,,-4.733,,,-18.411,0.0,0.0,ABC,3.63
Ta4Ni6Se10,0.0,-0.63,0,pmmn,0.175,,0.228,0.175,,0.228,-4.48,-4.567,,-4.654,-130.168,0.0,0.0,A2B3C5,2.264
Hf2Se10,0.0,-0.69,0,pmmn,0.337,,0.229,0.337,,0.229,-4.832,-5.001,,-5.169,-58.119,0.0,0.0,AB5,2.017
Ir2Sb2S6,0.098,-0.294,0,p-31m,0.275,,0.235,0.4,,0.235,-5.008,-5.146,,-5.283,-54.774,0.0,0.0,ABC3,3.798
Tl2Te6Ni4,0.012,-0.214,0,p-3m1,0.273,,0.236,0.314,,0.236,-4.045,-4.182,,-4.319,-55.782,0.0,0.0,AB2C3,1.864
Ag2Te2,0.093,0.042,0,p-6m2,0.016,,0.242,0.13,,0.242,-3.779,-3.786,,-3.794,-11.922,0.0,0.0,AB,3.0
Zr2Se10,0.0,-0.727,0,pmmn,0.304,,0.243,0.304,,0.243,-4.869,-5.021,,-5.173,-58.362,0.0,0.0,AB5,2.003
Ti3N2O2,0.032,-2.232,0,p-6m2,0.0,,0.247,0.0,,0.541,,-5.539,,,-62.648,0.0,0.0,A2B2C3,6.485
Sb2Te6Cr2,0.083,-0.103,1,p31m,0.007,,0.248,0.355,,0.62,-4.352,-4.356,,-4.359,-47.891,1.803,1.809,ABC3,3.883
AuAgF6,0.0,-1.156,0,cmmm,0.181,,0.272,0.2,,0.272,-7.901,-7.991,,-8.082,-24.741,0.0,0.0,ABC6,1.976
HgTe,0.165,-0.038,0,p3m1,0.153,0.028,0.279,0.153,0.028,0.279,-4.953,-5.03,,-5.107,-4.166,0.0,0.0,AB,2.069
Nb4Pd2Se10,0.038,-0.729,0,p112/a,0.021,,0.283,0.066,,0.283,-5.144,-5.155,,-5.166,-95.431,0.0,0.0,AB2C5,2.199
Co2S2Cl2,0.0,-0.567,0,pmmn,0.008,,0.29,0.008,,0.29,-6.207,-6.211,,-6.215,-31.585,0.0,0.0,ABC,3.9
Ir2Sb2Te6,0.061,-0.194,0,p-31m,0.325,,0.291,0.325,,0.291,-4.314,-4.477,,-4.639,-48.531,0.0,0.0,ABC3,3.995
In2Te6Ni4,0.056,-0.196,0,p-3m1,0.287,,0.293,0.37,,0.293,-4.23,-4.373,,-4.517,-56.097,0.0,0.0,AB2C3,1.854
ReNiCuBr8,0.0,-0.316,1,p-1,0.0,,0.294,0.0,,0.418,,-5.812,,,-38.733,-4.534,4.057,ABCD8,2.733
NiSe2,0.0,-0.258,0,p-3m1,0.06,,0.299,0.614,,0.938,-4.816,-4.846,,-4.876,-14.987,0.0,0.0,AB2,3.541
Ag2I8Cu2,0.043,-0.111,1,p-1,0.118,,0.303,0.149,,0.303,-5.474,-5.533,,-5.592,-26.186,0.797,-9.056,ABC4,1.655
Nb4Ge2Se8,0.009,-0.776,0,pbam,0.287,,0.331,0.329,,0.477,-4.503,-4.646,,-4.79,-89.059,0.0,0.0,AB2C4,2.313
Te6Sc2As2,0.077,-0.549,0,p31m,0.1,,0.332,0.35,,0.618,-4.499,-4.549,,-4.599,-43.362,0.0,0.0,ABC3,3.681
Tl2Pb2As2,0.0,-0.017,0,pm2_1n,0.0,,0.335,0.0,,0.461,,-3.522,,,-21.943,0.0,0.0,ABC,2.987
Ir2Te6As2,0.045,-0.207,0,p-31m,0.336,,0.336,0.336,,0.336,-4.328,-4.496,,-4.664,-49.173,0.0,0.0,ABC3,3.942
BiTeCuSe,0.077,-0.16,0,p3m1,0.0,,0.339,0.0,,0.382,,-4.863,,,-15.679,0.0,0.0,ABCD,3.793
Nb4Ni2S10,0.0,-0.94,0,p112/a,0.078,,0.343,0.093,,0.343,-5.481,-5.52,,-5.558,-111.613,0.0,0.0,AB2C5,2.073
Sn2Te6,0.096,-0.043,0,p2_111,0.148,,0.346,0.266,,0.439,-4.646,-4.72,,-4.794,-27.687,0.0,0.0,AB3,4.423
Bi4,0.096,0.096,0,pm2_1n,0.151,,0.346,0.186,,0.522,-3.664,-3.739,,-3.815,-18.315,0.0,0.0,A,3.658
Tl2Te6Si2,0.091,-0.055,0,p-31m,0.043,,0.353,0.258,,0.574,-4.964,-4.986,,-5.008,-35.574,0.0,0.0,ABC3,2.064
Bi2SnTe4,0.0,-0.247,0,p-3m1,0.014,,0.36,0.215,,0.473,-5.075,-5.082,,-5.089,-27.95,0.0,0.0,AB2C4,3.55
Cu2As2Se4,0.058,-0.089,0,pm2_1b,0.186,,0.361,0.311,,0.546,-4.426,-4.519,,-4.612,-31.324,0.0,0.0,ABC2,2.031
Ta4Sn2Te8,0.004,-0.352,0,pbam,0.248,,0.362,0.248,,0.412,-4.071,-4.195,,-4.319,-77.943,0.0,0.0,AB2C4,2.45
In2Sn2Te2,0.01,-0.223,0,p-3m1,0.011,,0.371,0.011,,0.371,-4.557,-4.563,,-4.568,-21.389,0.0,0.0,ABC,2.924
Te2CoNiSeBr,0.049,-0.259,0,pm11,0.013,,0.372,0.229,,0.981,-4.893,-4.899,,-4.906,-28.506,0.0,0.0,ABCDE2,3.61
GeSe2,0.129,-0.137,0,p-3m1,0.0,,0.378,0.0,,0.948,,-5.622,,,-11.892,0.0,0.0,AB2,3.738
Ge2F2,0.159,-1.467,0,p-3m1,0.118,0.35,0.38,0.149,0.35,0.38,-7.068,-7.127,,-7.187,-18.073,0.0,0.0,AB,2.659
TeI5CrMn,0.081,-0.308,1,p1,0.078,,0.402,0.232,,0.634,-5.155,-5.194,,-5.233,-32.186,-2.934,2.237,ABCD5,3.234
Pt2I2,0.026,-0.1,0,p-3m1,0.355,,0.404,0.627,,0.739,-3.875,-4.053,,-4.23,-16.064,0.0,0.0,AB,4.636
Nb4Ni6Se10,0.0,-0.649,0,pmmn,0.104,,0.406,0.107,,0.406,-4.676,-4.728,,-4.78,-132.606,0.0,0.0,A2B3C5,2.235
Te2I2As2,0.066,-0.057,0,cm11,0.184,,0.417,0.184,,0.417,-5.034,-5.126,,-5.218,-19.037,0.0,0.0,ABC,3.253
Bi2As2,0.072,0.072,0,p2/m11,0.209,,0.417,0.363,,0.445,-3.722,-3.826,,-3.931,-18.385,0.0,0.0,AB,3.262
Ta4Si2S8,0.1,-0.861,0,pbam,0.295,,0.42,0.379,,0.558,-4.511,-4.659,,-4.806,-94.74,0.0,0.0,AB2C4,2.276
I4Ti2,0.004,-0.717,0,p2_1/m11,0.155,,0.423,0.26,,0.46,-3.961,-4.038,,-4.116,-23.595,0.0,0.0,AB2,4.018
HgSe,0.157,-0.089,0,p3m1,0.117,,0.423,0.117,,0.423,-5.368,-5.427,,-5.485,-4.545,0.0,0.0,AB,1.998
Nb4Sn2Te8,0.0,-0.461,0,pbam,0.296,,0.427,0.301,,0.467,-4.23,-4.378,,-4.526,-81.508,0.0,0.0,AB2C4,2.428
Co2Br2S2,0.0,-0.447,0,pmmn,0.0,,0.428,0.0,,0.428,,-5.688,,,-30.465,0.0,0.0,ABC,3.932
Ag6Br12,0.008,-0.234,0,p1,0.12,,0.429,0.146,,0.436,-6.209,-6.269,,-6.329,-40.261,0.0,0.0,AB2,2.561
Tl2As2Be2,0.0,-0.061,0,p4/nmm,0.0,,0.44,0.0,,1.385,,-3.224,,,-22.091,0.0,0.0,ABC,3.947
Ni4Se6S2,0.016,-0.258,0,pb11,0.137,,0.44,0.178,,0.507,-4.928,-4.996,,-5.064,-61.134,0.0,0.0,AB2C3,3.507
Ta4Te8Ge2,0.0,-0.404,0,pbam,0.311,,0.447,0.468,,0.572,-4.107,-4.263,,-4.418,-79.588,0.0,0.0,AB2C4,2.516
I2Co2S2,0.04,-0.288,0,pmmn,0.0,,0.45,0.0,,0.579,,-5.038,,,-29.296,0.0,0.0,ABC,4.317
WTe3MnSe,0.096,-0.187,1,pm11,0.123,,0.458,0.123,,0.56,-4.27,-4.332,,-4.394,-35.42,0.603,-0.186,ABCD3,4.379
Bi2Te3,0.0,-0.228,0,p-3m1,0.083,,0.468,0.209,,0.662,-5.25,-5.291,,-5.333,-20.105,0.0,0.0,A2B3,4.854
Ag4Br4S4H4,0.069,-0.173,0,p-1,0.279,,0.47,0.354,,0.576,-5.887,-6.027,,-6.167,-50.069,0.0,0.0,ABCD,1.635
Nb4Pd2S10,0.064,-0.859,0,p112/a,0.148,,0.475,0.179,,0.475,-5.516,-5.59,,-5.665,-103.47,0.0,0.0,AB2C5,2.107
Ag4Se4O12,0.014,-0.522,0,p2_1/b11,0.121,,0.477,0.121,,0.477,-5.585,-5.645,,-5.705,-97.229,0.0,0.0,ABC3,1.072
Ti3C2O2,0.175,-1.609,0,p-6m2,0.0,,0.478,0.0,,1.481,,-6.142,,,-60.017,0.0,0.0,A2B2C3,6.171
HfTeS,0.164,-1.048,0,p3m1,0.038,,0.481,0.603,,1.252,-5.172,-5.191,,-5.21,-17.932,0.0,0.0,ABC,4.167
Rh2I2S2,0.038,-0.398,0,pmmn,0.0,,0.483,0.0,,0.578,,-5.116,,,-27.794,0.0,0.0,ABC,4.248
AgSbTe6As2,0.099,0.049,0,p3,0.007,,0.486,0.007,,0.486,-4.736,-4.739,,-4.742,-35.312,0.0,0.0,ABC2D6,2.094
Co4S6,0.07,-0.376,0,p-6m2,0.096,,0.49,0.255,,0.986,-5.73,-5.778,,-5.826,-61.145,0.0,0.0,A2B3,5.331
ReIr2RhSe8,0.083,-0.313,0,p1,0.192,,0.504,0.318,,0.701,-4.529,-4.625,,-4.721,-68.98,0.0,0.0,ABC2D8,3.923
PbBi2Te4,0.0,-0.285,0,p-3m1,0.117,,0.506,0.297,,0.672,-5.219,-5.277,,-5.336,-27.919,0.0,0.0,AB2C4,3.571
Hf3N2O2,0.088,-2.386,0,p-6m2,0.32,,0.508,0.872,,1.207,-4.197,-4.357,,-4.517,-66.174,0.0,0.0,A2B2C3,6.774
Ta4Te10Ni6,0.0,-0.416,0,pmmn,0.077,,0.51,0.078,,0.51,-4.168,-4.207,,-4.245,-123.109,0.0,0.0,A2B3C5,2.418
Pd3TiSe8,0.039,-0.462,0,p1,0.239,,0.513,0.375,,0.661,-5.017,-5.137,,-5.256,-51.553,0.0,0.0,AB3C8,3.604
Bi2Te2Se,0.0,-0.297,0,p-3m1,0.121,,0.518,0.237,,0.73,-5.239,-5.299,,-5.36,-20.727,0.0,0.0,AB2C2,4.784
Ir2I2Se2,0.042,-0.213,0,pmmn,0.0,,0.52,0.0,,0.586,,-4.673,,,-29.755,0.0,0.0,ABC,4.344
Bi2TeS2,0.062,-0.267,0,p-3m1,0.021,,0.528,0.021,,0.528,-5.88,-5.891,,-5.901,-22.046,0.0,0.0,AB2C2,4.828
BiAgTe6As2,0.098,0.022,0,p3,0.014,,0.528,0.014,,0.528,-4.808,-4.815,,-4.821,-35.851,0.0,0.0,ABC2D6,2.099
TeTiS,0.11,-0.921,0,p3m1,0.093,,0.531,0.548,,1.398,-5.136,-5.183,,-5.229,-16.736,0.0,0.0,ABC,4.045
Nb4Te8Ge2,0.002,-0.5,0,pbam,0.416,,0.535,0.54,,0.647,-4.207,-4.415,,-4.623,-82.982,0.0,0.0,AB2C4,2.487
IVS,0.131,-0.648,1,p3m1,0.157,,0.539,0.272,,0.585,-4.905,-4.983,,-5.061,-16.026,-0.424,-0.424,ABC,1.91
YI2,0.003,-1.305,1,p-6m2,0.142,,0.544,0.688,,1.209,-3.512,-3.583,,-3.654,-11.565,0.634,0.634,AB2,3.811
Ta4Se8Si2,0.017,-0.745,0,pbam,0.38,,0.545,0.525,,0.687,-4.172,-4.362,,-4.552,-88.36,0.0,0.0,AB2C4,2.359
PdNi2Se6,0.006,-0.263,0,p-31m,0.202,,0.546,0.512,,0.957,-4.822,-4.923,,-5.024,-41.578,0.0,0.0,AB2C6,3.534
Bi2SnSe4,0.0,-0.405,0,p-3m1,0.156,,0.55,0.413,,0.789,-5.519,-5.597,,-5.675,-30.169,0.0,0.0,AB2C4,3.491
IrRuBr4S2,0.065,-0.317,1,cm11,0.035,,0.554,0.319,,0.85,-5.236,-5.253,,-5.271,-35.771,1.689,-0.796,ABC2D4,3.429
Nb4Si2S8,0.07,-0.93,0,pbam,0.343,,0.555,0.372,,0.591,-4.684,-4.856,,-5.027,-97.755,0.0,0.0,AB2C4,2.249
Tl2Pd4Te6,0.0,-0.354,0,p-3m1,0.377,,0.567,0.412,,0.567,-4.073,-4.262,,-4.45,-43.757,0.0,0.0,AB2C3,1.882
I2Sc,0.008,-1.138,1,p-6m2,0.106,,0.573,0.747,,1.21,-3.635,-3.688,,-3.741,-11.03,0.51,0.51,AB2,3.716
Pd4In2Te6,0.063,-0.327,0,p-3m1,0.391,,0.58,0.451,,0.58,-4.257,-4.453,,-4.648,-43.961,0.0,0.0,AB2C3,1.827
Te4Fe2,0.092,-0.101,0,p2_1/m11,0.282,,0.581,0.463,,0.751,-4.256,-4.397,,-4.538,-31.512,0.0,0.0,AB2,4.358
Bi2Te2S,0.003,-0.289,0,p-3m1,0.158,,0.584,0.206,,0.702,-5.172,-5.251,,-5.33,-21.279,0.0,0.0,AB2C2,4.741
Te4VGa2,0.03,-0.322,1,p-3m1,0.0,,0.591,0.0,,0.591,,-4.096,,,-29.401,0.224,0.217,AB2C4,3.24
Pb6Te6,0.08,-0.341,0,cm2m,0.279,,0.591,0.331,,0.591,-4.294,-4.434,,-4.574,-45.873,0.0,0.0,AB,4.463
PdNi3Se5S3,0.046,-0.244,0,p1,0.274,,0.593,0.361,,0.74,-5.008,-5.145,,-5.282,-58.14,0.0,0.0,AB3C3D5,3.481
Tl2As2Be2,0.067,0.006,0,p3m1,0.096,,0.594,0.963,,1.376,-4.297,-4.345,,-4.393,-21.689,0.0,0.0,ABC,2.931
Ir2Se2Br2,0.015,-0.322,0,pmmn,0.052,,0.598,0.063,,0.598,-5.166,-5.192,,-5.218,-30.616,0.0,0.0,ABC,4.039
Rh2Br2S2,0.0,-0.524,0,pmmn,0.043,,0.598,0.047,,0.598,-5.698,-5.72,,-5.741,-28.767,0.0,0.0,ABC,3.92
NbMnSe4,0.027,-0.647,0,pm2m,0.211,,0.598,0.407,,0.906,-5.146,-5.252,,-5.357,-37.854,0.0,0.0,ABC4,4.321
Te4Ti4Br4,0.082,-0.877,1,pm2_1n,0.09,,0.599,0.136,,0.853,-4.599,-4.644,,-4.689,-56.446,3.31,3.483,ABC,3.943
PtTe2,0.027,-0.392,0,p-3m1,0.303,1.242,0.599,0.794,1.854,1.174,-3.982,-4.133,,-4.284,-13.94,0.0,0.0,AB2,3.83
TeTiSe,0.104,-0.817,0,p3m1,0.065,,0.6,0.493,,1.418,-5.166,-5.198,,-5.231,-15.828,0.0,0.0,ABC,4.109
Ir2Se2Cl2,0.022,-0.408,0,pmmn,0.062,,0.609,0.062,,0.609,-5.586,-5.617,,-5.648,-31.535,0.0,0.0,ABC,4.015
Ni4Se3S5,0.042,-0.256,0,cm11,0.287,,0.61,0.781,,1.172,-5.059,-5.203,,-5.346,-62.897,0.0,0.0,A3B4C5,3.444
In4Cl4,0.054,-0.788,0,cmmm,0.21,,0.612,0.21,,0.612,-4.695,-4.8,,-4.905,-24.498,0.0,0.0,AB,2.185
I4Cu4O4H4,0.053,-0.539,0,p2_1/b11,0.136,,0.615,0.164,,0.631,-5.183,-5.251,,-5.32,-63.041,0.0,0.0,ABCD,1.904
Zr3N2O2,0.094,-2.427,0,p-6m2,0.401,,0.616,0.78,,1.164,-4.227,-4.427,,-4.628,-66.151,0.0,0.0,A2B2C3,6.624
Te4I4Ti4,0.081,-0.68,1,pm2_1n,0.134,,0.618,0.173,,0.733,-4.374,-4.44,,-4.507,-53.657,4.311,4.287,ABC,4.03
Co4S8,0.071,-0.317,0,p-1,0.322,,0.618,0.383,,0.781,-5.61,-5.771,,-5.932,-69.34,0.0,0.0,AB2,3.685
Sb2I2,0.127,-0.122,0,c2/m11,0.586,,0.621,0.586,,0.621,-4.175,-4.468,,-4.761,-12.256,0.0,0.0,AB,3.083
Tl2Te2,0.139,-0.087,0,p-3m1,0.294,,0.621,0.315,,0.638,-4.9,-5.047,,-5.194,-11.755,0.0,0.0,AB,3.83
Pb3Se3,0.08,-0.503,0,pm2m,0.207,,0.622,0.207,,0.622,-4.28,-4.384,,-4.488,-24.742,0.0,0.0,AB,4.385
Ag4S4Cl4H4,0.064,-0.228,0,p-1,0.38,,0.622,0.457,,0.706,-6.045,-6.235,,-6.425,-51.753,0.0,0.0,ABCD,1.574
Rh2S2Cl2,0.007,-0.62,0,pmmn,0.011,,0.623,0.011,,0.623,-6.23,-6.235,,-6.241,-29.741,0.0,0.0,ABC,3.893
Tl2Sn2P2,0.049,0.026,0,pm2_1n,0.276,,0.625,0.693,,1.134,-3.421,-3.559,,-3.697,-23.678,0.0,0.0,ABC,3.088
SnTe4As2,0.025,-0.067,0,p-3m1,0.365,,0.627,0.566,,0.78,-4.401,-4.584,,-4.766,-26.668,0.0,0.0,AB2C4,3.536
Nb4Se8Si2,0.0,-0.825,0,pbam,0.446,,0.636,0.538,,0.747,-4.314,-4.537,,-4.76,-91.51,0.0,0.0,AB2C4,2.329
HfTeSe,0.149,-0.941,0,p3m1,0.142,0.738,0.637,0.649,1.457,1.335,-5.165,-5.236,,-5.307,-17.016,0.0,0.0,ABC,4.214
IV2BrS2,0.045,-0.826,1,pm11,0.302,,0.638,0.311,,0.638,-4.957,-5.108,,-5.259,-33.222,-0.556,-0.83,ABC2D2,3.921
SnSb2Te4,0.002,-0.167,0,p-3m1,0.387,,0.638,0.517,,0.745,-4.536,-4.729,,-4.922,-26.858,0.0,0.0,AB2C4,3.554
Cu2Br6,0.091,-0.152,1,p-31m,0.107,,0.643,0.144,,0.705,-6.363,-6.416,,-6.47,-18.075,-3.576,-3.571,AB3,2.706
Tl4Sn4As4,0.057,0.017,0,pb2_1a,0.297,,0.651,0.488,,0.86,-3.741,-3.89,,-4.038,-44.667,0.0,0.0,ABC,3.224
In2VS4,0.074,-0.648,1,p-3m1,0.0,,0.654,0.0,,0.654,,-4.369,,,-34.898,0.142,0.142,AB2C4,3.225
Pb2Te6,0.129,-0.082,0,p2_111,0.268,,0.654,0.427,,0.847,-4.689,-4.823,,-4.957,-27.401,0.0,0.0,AB3,4.238
Ta4Te8Si2,0.0,-0.425,0,pbam,0.439,,0.655,0.525,,0.726,-3.983,-4.203,,-4.422,-81.657,0.0,0.0,AB2C4,2.541
Bi2Te4Mn,0.036,-0.17,1,p-3m1,0.11,,0.656,0.212,,0.656,-4.625,-4.68,,-4.736,-33.078,-1.845,-1.907,AB2C4,3.529
HfTe2,0.133,-0.698,0,p-6m2,0.132,0.809,0.665,0.585,1.412,1.248,-5.088,-5.154,,-5.22,-16.008,0.0,0.0,AB2,4.196
Sb2Cu2Se4,0.072,-0.149,0,pm2_1b,0.183,,0.669,0.183,,0.669,-4.068,-4.16,,-4.251,-31.285,0.0,0.0,ABC2,2.096
ZrTeS,0.122,-1.12,0,p3m1,0.208,0.735,0.672,0.641,1.429,1.335,-5.179,-5.283,,-5.387,-18.045,0.0,0.0,ABC,4.104
Bi4S6,0.023,-0.344,0,p-6m2,0.12,,0.672,0.777,,1.33,-6.006,-6.066,,-6.125,-46.604,0.0,0.0,A2B3,4.796
Au2AgI3MnSe3,0.076,-0.165,1,p1,0.149,,0.674,0.319,,0.875,-5.568,-5.643,,-5.718,-35.354,1.791,2.872,ABC2D3E3,2.93
Rh2Br2O2,0.114,-0.524,0,pmmn,0.0,,0.677,0.0,,0.677,,-4.991,,,-30.854,0.0,0.0,ABC,3.708
Nb2P2S6,0.192,-0.519,0,p-31m,0.508,,0.679,0.508,,0.679,-3.806,-4.059,,-4.313,-61.038,0.0,0.0,ABC3,4.292
Tl2Te2,0.137,-0.089,0,p-6m2,0.339,,0.681,0.38,,0.716,-4.844,-5.014,,-5.184,-11.763,0.0,0.0,AB,3.839
AuTe6VAs2,0.097,-0.051,1,c211,0.235,,0.682,0.42,,1.06,-4.54,-4.658,,-4.775,-40.721,-0.386,-0.724,ABC2D6,2.033
Sn2H2,0.171,0.171,0,p-3m1,0.236,1.043,0.685,0.236,1.043,0.685,-4.542,-4.66,,-4.778,-14.077,0.0,0.0,AB,1.973
Au4Se4O12,0.064,-0.399,0,p2_1/b11,0.268,,0.685,0.268,,0.685,-4.96,-5.094,,-5.228,-95.929,0.0,0.0,ABC3,1.118
Te6Fe3,0.094,-0.1,0,p31m,0.083,,0.687,0.134,,0.949,-4.714,-4.755,,-4.797,-47.249,0.0,0.0,AB2,4.289
Hf3Te8Ti,0.132,-0.666,0,pm2m,0.08,,0.688,0.126,,0.742,-5.132,-5.172,,-5.212,-62.843,0.0,0.0,AB3C8,4.162
Hf3ZrTe8,0.127,-0.72,0,pm2m,0.142,,0.69,0.188,,0.728,-5.125,-5.196,,-5.268,-64.203,0.0,0.0,AB3C8,4.183
Hf2Te8Ti2,0.129,-0.636,0,pm2m,0.037,,0.692,0.104,,0.732,-5.15,-5.168,,-5.187,-61.667,0.0,0.0,ABC4,4.149
Ru2O4,0.163,-0.925,0,p2_1/m11,0.045,,0.693,0.045,,0.7,-6.638,-6.661,,-6.683,-44.976,0.0,0.0,AB2,3.655
SnSb2Se4,0.0,-0.311,0,p-3m1,0.368,,0.694,0.67,,0.899,-5.045,-5.229,,-5.413,-28.98,0.0,0.0,AB2C4,3.492
Ta3I8,0.012,-0.42,1,p3m1,0.155,,0.694,0.264,,0.804,-3.922,-4.0,,-4.077,-45.893,1.049,1.048,A3B8,2.161
Sb2Te3,0.004,-0.121,0,p-3m1,0.337,,0.699,0.653,,0.974,-4.629,-4.797,,-4.966,-19.03,0.0,0.0,A2B3,4.871
Tl2Pb2P2,0.057,0.046,0,pm2_1n,0.359,,0.7,0.491,,0.953,-3.393,-3.572,,-3.752,-22.965,0.0,0.0,ABC,3.087
Sb2I2Mn2Se4,0.116,-0.266,1,p2/m11,0.054,,0.701,0.072,,0.702,-4.349,-4.376,,-4.403,-47.79,0.166,4.204,ABCD2,1.756
Pd3NiSe8,0.016,-0.266,0,p2/m11,0.382,,0.702,0.524,,0.887,-4.829,-5.02,,-5.211,-49.763,0.0,0.0,AB3C8,3.515
Cu4S6Cl4,0.146,-0.181,0,p-1,0.342,,0.704,0.387,,0.931,-6.684,-6.855,,-7.027,-48.842,0.0,0.0,A2B2C3,3.012
PbSb2Te4,0.011,-0.199,0,p-3m1,0.302,,0.704,0.563,,0.849,-4.759,-4.91,,-5.061,-26.782,0.0,0.0,AB2C4,3.584
I2V2SeS,0.051,-0.665,1,pm11,0.214,,0.71,0.309,,0.71,-4.843,-4.95,,-5.057,-31.555,-0.706,-1.672,ABC2D2,3.997
V4Li2O10,0.037,-2.292,1,pmmn,0.309,,0.712,0.403,,0.844,-5.472,-5.627,,-5.781,-125.787,-0.043,-0.05,AB2C5,1.419
Sn2Te6Cr2,0.078,-0.161,1,p-31m,0.086,,0.716,0.739,,1.284,-4.568,-4.611,,-4.654,-47.773,1.047,1.047,ABC3,2.139
Hf2Zr2Te8,0.121,-0.742,0,pm2m,0.166,,0.717,0.22,,0.764,-5.145,-5.228,,-5.31,-64.367,0.0,0.0,ABC4,4.174
Nb2Se2N2,0.091,-0.805,0,p3m1,0.33,,0.719,0.745,,0.77,-4.4,-4.565,,-4.73,-49.155,0.0,0.0,ABC,3.955
Rh2S2F2,0.095,-1.005,0,pm2_1n,0.107,,0.72,0.107,,0.72,-5.856,-5.91,,-5.963,-31.655,0.0,0.0,ABC,3.295
Sn2Te6As2,0.081,-0.039,0,p-3,0.455,,0.722,0.53,,0.813,-4.393,-4.62,,-4.848,-37.058,0.0,0.0,ABC3,3.652
Nb4Te8Si2,0.002,-0.518,0,pbam,0.521,,0.722,0.589,,0.784,-4.091,-4.351,,-4.611,-84.996,0.0,0.0,AB2C4,2.506
Te2Ti,0.109,-0.591,0,p-6m2,0.036,,0.722,0.389,,1.35,-5.132,-5.15,,-5.168,-14.872,0.0,0.0,AB2,4.15
ZrTe8Ti3,0.114,-0.635,0,pm2m,0.08,,0.722,0.1,,0.751,-5.141,-5.181,,-5.221,-60.726,0.0,0.0,AB3C8,4.138
HfTe8Ti3,0.119,-0.613,0,pm2m,0.052,,0.724,0.076,,0.739,-5.134,-5.16,,-5.186,-60.574,0.0,0.0,AB3C8,4.143
Te6Ga2Si2,0.035,-0.153,0,p-31m,0.317,,0.726,0.489,,0.916,-4.603,-4.761,,-4.92,-37.36,0.0,0.0,ABC3,2.065
Re2RhCoS8,0.074,-0.43,0,p1,0.29,,0.73,0.345,,0.778,-4.942,-5.087,,-5.232,-76.482,0.0,0.0,ABC2D8,3.878
Te6Ga4,0.063,-0.267,0,cm2m,0.141,,0.731,0.18,,0.75,-4.146,-4.217,,-4.287,-33.513,0.0,0.0,A2B3,4.222
Bi2Se3,0.0,-0.389,0,p-3m1,0.243,,0.732,0.628,,1.101,-5.742,-5.863,,-5.985,-21.743,0.0,0.0,A2B3,2.827
Tl4As4Be4,0.082,0.021,0,pmma,0.29,,0.735,0.389,,0.823,-3.295,-3.44,,-3.584,-43.197,0.0,0.0,ABC,3.182
ScCl2,0.009,-1.934,1,p-6m2,0.107,,0.736,0.859,,1.518,-4.003,-4.057,,-4.11,-14.031,0.018,0.018,AB2,3.405
I3MnCuS2,0.088,-0.21,1,p1,0.131,,0.74,0.215,,0.771,-5.375,-5.441,,-5.507,-27.456,-1.848,-2.4,ABC2D3,3.127
Te6Ga2Ge2,0.074,-0.132,0,p-31m,0.338,,0.743,0.338,,0.75,-4.523,-4.692,,-4.861,-35.385,0.0,0.0,ABC3,2.068
Zr2Te8Ti2,0.118,-0.68,0,pm2m,0.117,,0.744,0.159,,0.777,-5.155,-5.213,,-5.272,-61.981,0.0,0.0,ABC4,4.13
Cu6SeBr2S3Cl6,0.047,-0.338,0,p1,0.271,,0.747,0.311,,0.799,-6.226,-6.361,,-6.497,-57.743,0.0,0.0,AB2C3D6E6,3.267
FeBr2MgO2,0.054,-1.28,1,cm11,0.137,,0.755,0.16,,0.755,-6.398,-6.466,,-6.534,-31.758,0.536,0.382,ABC2D2,2.532
Ag2Te2,0.11,0.059,0,p2/m11,0.477,,0.756,0.977,,1.259,-4.534,-4.773,,-5.011,-11.852,0.0,0.0,AB,2.458
Bi4Sr2S8,0.073,-0.808,0,c2/m11,0.456,,0.756,0.492,,0.756,-4.812,-5.039,,-5.267,-65.988,0.0,0.0,AB2C4,3.267
PbBi2Se4,0.0,-0.446,0,p-3m1,0.289,,0.756,0.547,,0.95,-5.663,-5.807,,-5.952,-30.16,0.0,0.0,AB2C4,3.528
ScBr2,0.0,-1.588,1,p-6m2,0.157,,0.757,0.826,,1.513,-3.768,-3.846,,-3.925,-12.592,0.124,0.124,AB2,3.37
Rh2Cl2O2,0.07,-0.651,0,pmmn,0.04,,0.759,0.074,,0.759,-5.42,-5.44,,-5.46,-32.018,0.0,0.0,ABC,3.662
I2Sc2C,0.0,-0.931,0,p-3m1,0.0,,0.759,0.0,,2.191,,-4.512,,,-26.149,0.0,0.0,AB2C2,3.02
AgTe6CrAs2,0.057,-0.04,1,c211,0.249,,0.76,0.518,,1.097,-4.493,-4.617,,-4.742,-41.204,1.546,1.317,ABC2D6,2.033
TeTiBr,0.057,-0.903,1,p3m1,0.183,,0.763,0.73,,1.051,-4.441,-4.533,,-4.624,-14.187,0.911,0.909,ABC,3.875
HfZr3Te8,0.115,-0.765,0,pm2m,0.213,,0.766,0.253,,0.797,-5.145,-5.251,,-5.358,-64.531,0.0,0.0,AB3C8,4.163
Ag2Br6,0.131,-0.058,1,p-31m,0.046,,0.768,0.048,,0.831,-6.499,-6.522,,-6.545,-15.648,-4.027,-4.019,AB3,2.598
Bi2SnS4,0.011,-0.382,0,p-3m1,0.292,,0.768,0.566,,0.979,-5.772,-5.918,,-6.064,-32.389,0.0,0.0,AB2C4,3.465
YICl,0.054,-1.652,1,p3m1,0.255,,0.773,0.873,,1.493,-3.527,-3.654,,-3.782,-12.91,0.252,0.252,ABC,3.637
In2Ni4Se6,0.092,-0.286,0,p-3m1,0.565,,0.773,0.577,,0.773,-4.271,-4.553,,-4.836,-58.842,0.0,0.0,AB2C3,1.793
Sb2Te2Se,0.006,-0.184,0,p-3m1,0.4,,0.776,0.629,,0.961,-4.611,-4.811,,-5.011,-19.625,0.0,0.0,AB2C2,4.78
Ag4Cl8,0.08,-0.284,0,p11a,0.255,,0.778,0.318,,0.778,-7.257,-7.385,,-7.512,-29.047,0.0,0.0,AB2,2.446
Hg3P2,0.067,0.067,0,c2/m11,0.487,,0.782,0.526,,0.817,-3.731,-3.975,,-4.218,-13.051,0.0,0.0,A2B3,3.041
ZrTeSe,0.115,-1.017,0,p3m1,0.262,0.895,0.783,0.632,1.495,1.358,-5.203,-5.334,,-5.465,-17.143,0.0,0.0,ABC,4.163
Au2I8Mn2,0.022,-0.229,1,p-1,0.259,,0.787,0.259,,0.795,-5.069,-5.198,,-5.328,-40.264,-0.158,1.005,ABC4,2.372
InMnSe2Br2,0.088,-0.578,1,cm11,0.19,,0.79,0.255,,0.87,-5.271,-5.365,,-5.46,-26.085,-0.199,0.535,ABC2D2,2.801
Zr3Te8Ti,0.115,-0.732,0,pm2m,0.189,,0.793,0.222,,0.822,-5.152,-5.247,,-5.342,-63.321,0.0,0.0,AB3C8,4.131
PdZnSe6P2,0.075,-0.208,1,p312,0.065,,0.796,0.126,,0.925,-4.804,-4.836,,-4.868,-38.706,0.484,0.486,ABC2D6,3.77
Co2Br2O2,0.079,-0.679,0,pmmn,0.0,,0.801,0.0,,0.801,,-5.277,,,-33.952,0.0,0.0,ABC,3.803
Mo2Cl6,0.139,-0.78,0,p-62m,0.507,,0.815,0.507,,0.815,-4.558,-4.811,,-5.065,-39.351,0.0,0.0,AB3,3.695
Nb4I2S12,0.049,-0.693,0,p-1,0.318,,0.816,0.385,,0.82,-4.912,-5.071,,-5.23,-105.67,0.0,0.0,AB2C6,1.823
Ti2Br4,0.0,-1.178,0,p2_1/m11,0.288,,0.817,0.385,,0.885,-4.105,-4.249,,-4.392,-26.787,0.0,0.0,AB2,3.636
Tl2Ni4Se6,0.0,-0.32,0,p-3m1,0.54,,0.819,0.54,,0.819,-4.008,-4.278,,-4.548,-58.719,0.0,0.0,AB2C3,1.8
RuCuSeCl3,0.061,-0.442,0,p1,0.278,,0.82,0.291,,0.82,-5.447,-5.586,,-5.725,-24.631,0.0,0.0,ABCD3,3.17
TeCrS,0.161,-0.318,0,p3m1,0.261,0.697,0.82,0.666,1.006,1.095,-4.731,-4.862,,-4.992,-17.644,0.0,0.0,ABC,4.436
Ta3Br8,0.057,-0.865,1,p3m1,0.213,,0.821,0.306,,0.939,-4.001,-4.107,,-4.214,-51.643,0.926,0.925,A3B8,1.895
Ta4S12,0.0,-0.844,0,p2_1/m11,0.16,,0.823,0.222,,0.884,-5.587,-5.667,,-5.747,-101.702,0.0,0.0,AB3,2.691
Cr2Se6P2,0.013,-0.312,1,p31m,0.431,,0.824,0.634,,1.297,-4.344,-4.56,,-4.775,-53.563,0.115,0.116,ABC3,3.681
Nb3I8,0.0,-0.537,1,p3m1,0.193,,0.824,0.332,,0.933,-4.139,-4.236,,-4.332,-48.711,0.429,0.428,A3B8,2.106
I2Ti,0.052,-0.67,0,p-6m2,0.596,1.09,0.828,0.616,1.331,0.828,-3.031,-3.33,,-3.628,-11.655,0.0,0.0,AB2,4.024
TeVSe,0.013,-0.502,1,p3m1,0.12,,0.831,0.597,,0.993,-4.988,-5.048,,-5.108,-16.719,1.139,1.139,ABC,4.26
Tl2Se2,0.078,-0.195,0,p-3m1,0.449,,0.834,0.492,,0.876,-5.391,-5.615,,-5.839,-12.741,0.0,0.0,AB,3.92
Ge2Al2S2,0.035,-0.56,0,p-3m1,0.187,,0.835,0.187,,0.835,-3.786,-3.88,,-3.973,-28.022,0.0,0.0,ABC,2.729
ZrTe2,0.11,-0.787,0,p-6m2,0.259,0.906,0.836,0.541,1.374,1.243,-5.149,-5.278,,-5.408,-16.172,0.0,0.0,AB2,4.155
WTe8Cr3,0.097,-0.098,0,pm2m,0.443,,0.841,0.443,,0.841,-4.26,-4.482,,-4.703,-66.521,0.0,0.0,AB3C8,4.59
Cu2As2S4,0.054,-0.152,0,pm2_1b,0.296,,0.845,0.296,,0.845,-4.273,-4.421,,-4.569,-34.21,0.0,0.0,ABC2,2.055
PbTe4As2,0.038,-0.094,0,p-3m1,0.477,,0.847,0.626,,1.054,-4.588,-4.827,,-5.065,-26.561,0.0,0.0,AB2C4,3.588
Nb4Br2S12,0.039,-0.76,0,p-1,0.369,,0.848,0.4,,0.848,-4.883,-5.068,,-5.253,-107.097,0.0,0.0,AB2C6,1.751
Cr2As2Se6,0.025,-0.315,1,p31m,0.338,,0.85,0.63,,1.184,-4.547,-4.716,,-4.885,-52.193,0.145,0.145,ABC3,3.665
TeIV,0.133,-0.273,0,p3m1,0.578,,0.85,0.578,,0.85,-3.711,-3.999,,-4.288,-14.026,0.0,0.0,ABC,2.35
OsPtIBr5,0.0,-0.16,0,p1,0.319,,0.852,0.34,,0.9,-4.802,-4.962,,-5.121,-28.226,0.0,0.0,ABCD5,3.039
Bi2MnSe4,0.016,-0.37,1,p-3m1,0.17,,0.853,0.312,,1.199,-5.05,-5.135,,-5.22,-35.588,0.188,0.183,AB2C4,3.461
PdP2S6Li,0.04,-0.412,1,c211,0.103,,0.853,0.323,,1.057,-5.53,-5.582,,-5.633,-45.027,0.094,0.001,ABC2D6,1.985
Cu3SeBr5S,0.049,-0.236,0,p1,0.261,,0.853,0.288,,0.886,-5.903,-6.033,,-6.164,-28.876,0.0,0.0,ABC3D5,2.474
Te2V,0.016,-0.307,1,p-6m2,0.212,4.001,0.854,0.464,4.759,0.854,-4.862,-4.968,,-5.074,-15.854,1.984,1.984,AB2,4.309
Bi2Se2S,0.0,-0.391,0,p-3m1,0.354,,0.857,0.636,,1.126,-5.65,-5.827,,-6.004,-22.346,0.0,0.0,AB2C2,4.707
Au2Br6,0.121,-0.017,1,p-31m,0.082,,0.86,0.116,,0.891,-6.045,-6.086,,-6.127,-15.903,-0.354,-0.351,AB3,2.691
In2Te4Mg,0.0,-0.488,0,p-3m1,0.232,,0.862,0.232,,0.862,-4.282,-4.398,,-4.514,-23.375,0.0,0.0,AB2C4,3.177
Nb4S12Cl2,0.035,-0.812,0,p-1,0.391,,0.865,0.405,,0.865,-4.851,-5.047,,-5.243,-108.436,0.0,0.0,AB2C6,1.732
Au2O2,0.007,-0.01,0,p2/m11,0.174,0.97,0.865,0.439,1.581,1.328,-5.228,-5.315,,-5.402,-16.547,0.0,0.0,AB,2.137
Te2Cr,0.108,-0.106,0,p-6m2,0.453,0.812,0.869,0.453,0.812,0.869,-4.322,-4.548,,-4.775,-16.136,0.0,0.0,AB2,4.547
Te2I2Al2,0.101,-0.468,0,pmmn,0.389,,0.87,0.69,,1.162,-4.43,-4.624,,-4.819,-19.651,0.0,0.0,ABC,3.731
In2ZnS4,0.07,-0.581,0,p3m1,0.019,,0.87,0.021,,0.87,-5.373,-5.382,,-5.392,-27.086,0.0,0.0,AB2C4,3.183
PbSb2Se4,0.008,-0.347,0,p-3m1,0.424,,0.871,0.692,,1.006,-5.217,-5.429,,-5.641,-28.928,0.0,0.0,AB2C4,3.53
Bi3Sb3Se2S7,0.019,-0.311,0,p1,0.298,,0.871,0.591,,1.159,-5.549,-5.698,,-5.847,-67.413,0.0,0.0,A2B3C3D7,4.775
TeIAs,0.162,0.038,0,p3m1,0.329,1.091,0.872,0.589,1.419,1.238,-4.444,-4.609,,-4.774,-9.233,0.0,0.0,ABC,3.869
Te6Cr2Ge2,0.002,-0.184,1,p-31m,0.125,,0.874,0.817,,1.474,-4.57,-4.633,,-4.695,-48.919,0.463,0.463,ABC3,2.144
W2Te8Cr2,0.082,-0.093,0,pm2m,0.497,,0.876,0.497,,0.876,-4.143,-4.391,,-4.639,-68.544,0.0,0.0,ABC4,4.651
Pb2Te2,0.075,-0.346,0,p4/nmm,0.445,1.246,0.878,0.446,1.246,0.878,-4.034,-4.256,,-4.479,-15.311,0.0,0.0,AB,3.709
Mn2Cl6,0.073,-0.833,1,p-31m,0.039,,0.879,0.116,,0.879,-5.298,-5.317,,-5.337,-36.808,1.852,1.844,AB3,2.997
Au4I8,0.034,-0.032,0,p2/b11,0.358,,0.88,0.394,,0.901,-5.204,-5.383,,-5.562,-24.731,0.0,0.0,AB2,1.58
Sb2Se3,0.0,-0.263,0,p-3m1,0.421,,0.881,0.79,,1.147,-5.062,-5.272,,-5.483,-20.576,0.0,0.0,A2B3,4.763
W2Cl6,0.108,-0.709,0,p-31m,0.487,,0.883,0.487,,0.883,-4.407,-4.65,,-4.894,-39.351,0.0,0.0,AB3,3.833
Hf2Se6,0.003,-1.016,0,pmmn,0.272,,0.885,0.569,,1.39,-4.89,-5.025,,-5.161,-44.039,0.0,0.0,AB3,5.138
Ni4S4,0.096,-0.282,0,pbma,0.635,,0.888,0.635,,0.895,-4.609,-4.926,,-5.244,-47.558,0.0,0.0,AB,2.923
Ir2Ni2BrS6Cl,0.082,-0.352,0,p1,0.251,,0.889,0.297,,0.966,-5.324,-5.45,,-5.575,-65.113,0.0,0.0,ABC2D2E6,3.409
Zr2I4,0.0,-0.911,0,p2_1/m11,0.429,,0.889,0.536,,0.892,-3.692,-3.907,,-4.121,-26.186,0.0,0.0,AB2,4.111
Tl2Se2,0.076,-0.196,0,p-6m2,0.494,1.322,0.891,0.549,1.374,0.944,-5.348,-5.595,,-5.842,-12.747,0.0,0.0,AB,3.927
Os2SeSCl4,0.066,-0.291,0,p1,0.156,,0.893,0.189,,0.941,-5.406,-5.484,,-5.562,-39.414,0.0,0.0,ABC2D4,3.108
MoTe8Cr3,0.087,-0.149,0,pm2m,0.467,,0.893,0.467,,0.893,-4.293,-4.526,,-4.76,-66.85,0.0,0.0,AB3C8,4.576
Re6Te8I2,0.0,-0.157,0,p-1,0.375,,0.894,0.602,,1.211,-4.908,-5.096,,-5.284,-101.06,0.0,0.0,AB3C4,2.874
I2Cr2Se2,0.0,-0.522,1,pmmn,0.0,,0.895,0.0,,0.997,,-5.282,,,-31.872,-0.9,0.09,ABC,4.003
Bi2Cu2S4,0.104,-0.201,0,pm2_1b,0.136,,0.896,0.154,,0.896,-3.633,-3.701,,-3.769,-34.624,0.0,0.0,ABC2,1.988
Ba4Sb4Te8F4,0.049,-1.582,0,p2_1/b11,0.512,,0.896,0.544,,0.896,-4.587,-4.843,,-5.099,-88.558,0.0,0.0,ABCD2,3.822
Sn2Te2,0.063,-0.215,0,pm2_1n,0.603,1.009,0.897,0.628,1.032,0.94,-3.486,-3.788,,-4.089,-15.384,0.0,0.0,AB,3.59
Ir4Te8,0.066,-0.268,0,p-1,0.551,,0.898,0.591,,0.934,-4.174,-4.45,,-4.725,-65.956,0.0,0.0,AB2,4.013
Hg4Te4,0.044,-0.159,0,p2/m11,0.373,,0.899,0.373,,0.899,-4.312,-4.498,,-4.684,-17.632,0.0,0.0,AB,3.534
YBr2,0.016,-1.729,1,p-6m2,0.344,1.574,0.901,0.916,2.283,1.566,-3.59,-3.762,,-3.934,-13.047,0.119,0.119,AB2,3.476
TlAgSe6P2,0.018,-0.127,0,p312,0.266,,0.901,0.33,,0.981,-5.094,-5.227,,-5.36,-38.229,0.0,0.0,ABC2D6,2.001
Te3As2,0.014,-0.003,0,p-3m1,0.519,,0.902,0.596,,1.002,-4.373,-4.632,,-4.892,-18.956,0.0,0.0,A2B3,4.817
Rb4As4Mg4,0.0,-0.63,0,p4/nmm,0.392,,0.904,0.392,,0.904,-1.218,-1.414,,-1.61,-36.319,0.0,0.0,ABC,2.157
PdSe2,0.026,-0.265,0,p-3m1,0.558,1.615,0.906,0.891,1.987,1.302,-4.778,-5.057,,-5.336,-11.58,0.0,0.0,AB2,3.523
Nb3Cl8,0.0,-1.345,1,p3m1,0.206,,0.912,0.391,,1.138,-4.48,-4.584,,-4.687,-60.058,0.11,0.11,A3B8,1.898
Cr2Se2Cl2,0.026,-0.834,1,pmmn,0.176,,0.914,0.176,,1.015,-5.963,-6.051,,-6.139,-34.354,0.117,0.224,ABC,3.632
In2Ge2S2,0.003,-0.367,0,p-3m1,0.414,,0.914,0.414,,0.914,-4.98,-5.187,,-5.394,-24.917,0.0,0.0,ABC,2.987
Cr2Se3,0.031,-0.525,1,p-6m2,0.511,,0.917,0.829,,2.037,-5.059,-5.314,,-5.57,-31.893,0.158,0.159,A2B3,5.217
Te4FeGa2,0.095,-0.201,0,p-3m1,0.186,,0.918,0.66,,1.17,-3.953,-4.046,,-4.139,-29.078,0.0,0.0,AB2C4,3.454
AgTe6VAs2,0.074,-0.053,1,c211,0.291,,0.918,0.426,,1.211,-4.531,-4.676,,-4.822,-40.453,-0.728,-1.156,ABC2D6,2.017
Rh2S2F2,0.039,-1.061,0,pmmn,0.017,,0.918,0.017,,0.918,-7.212,-7.22,,-7.229,-31.989,0.0,0.0,ABC,3.519
Ti2Br2Cl2,0.013,-1.348,0,pm11,0.293,,0.919,0.378,,0.998,-4.215,-4.362,,-4.508,-28.206,0.0,0.0,ABC,3.394
Ga2Ge2Se2,0.007,-0.393,0,p-3m1,0.39,,0.921,0.39,,0.921,-4.58,-4.775,,-4.97,-24.164,0.0,0.0,ABC,2.803
Bi2SeS2,0.003,-0.376,0,p3m1,0.389,,0.923,0.659,,1.164,-5.813,-6.008,,-6.202,-22.87,0.0,0.0,AB2C2,4.794
BiTeI,0.003,-0.371,0,p3m1,0.412,1.419,0.929,0.549,1.563,1.07,-5.246,-5.452,,-5.659,-10.47,0.0,0.0,ABC,3.325
Ta4I2S12,0.093,-0.657,0,p-1,0.502,,0.936,0.519,,0.936,-4.646,-4.897,,-5.148,-102.991,0.0,0.0,AB2C6,1.858
W3Te8Cr,0.056,-0.099,0,pm2m,0.543,,0.937,0.543,,0.937,-3.995,-4.266,,-4.537,-70.695,0.0,0.0,AB3C8,4.714
Hg4Se4,0.04,-0.205,0,p2/m11,0.366,,0.937,0.366,,0.937,-4.786,-4.969,,-5.152,-19.113,0.0,0.0,AB,3.463
Ag4Br4O4H4,0.094,-0.49,0,p2_1/b11,0.339,,0.938,0.372,,0.973,-5.776,-5.945,,-6.115,-59.325,0.0,0.0,ABCD,1.653
Au2Hg2I2Se2,0.087,-0.146,0,pm2_1b,0.308,,0.94,0.308,,0.94,-4.951,-5.104,,-5.258,-19.123,0.0,0.0,ABCD,1.727
Sb2Te6Ge2,0.003,-0.097,0,p-31m,0.536,,0.941,0.865,,1.352,-4.43,-4.698,,-4.966,-38.039,0.0,0.0,ABC3,3.714
Re6Te8Br2,0.0,-0.21,0,p-1,0.435,,0.944,0.654,,1.252,-4.905,-5.123,,-5.34,-102.114,0.0,0.0,AB3C4,2.75
As2Na2Be2,0.073,-0.33,0,p4/nmm,0.505,,0.949,0.505,,0.949,-1.406,-1.659,,-1.911,-21.325,0.0,0.0,ABC,2.286
Cs2Mg2P2,0.0,-0.623,0,p4/nmm,0.41,,0.95,0.41,,0.95,-1.023,-1.228,,-1.433,-19.368,0.0,0.0,ABC,2.633
Nb3I7O,0.091,-0.742,0,p3m1,0.239,,0.952,0.239,,0.954,-4.69,-4.809,,-4.929,-54.611,0.0,0.0,AB3C7,2.081
Hg2Sn2Se6,0.041,-0.273,0,p-31m,0.397,,0.953,0.397,,0.953,-5.094,-5.292,,-5.491,-33.513,0.0,0.0,ABC3,3.598
Bi2Se4H2,0.006,-0.237,0,p2_1/m11,0.452,,0.958,0.568,,1.113,-5.217,-5.443,,-5.669,-31.824,0.0,0.0,ABC2,3.449
Re6Te8Cl2,0.0,-0.255,0,p-1,0.461,,0.961,0.674,,1.261,-4.876,-5.106,,-5.337,-103.231,0.0,0.0,AB3C4,2.701
Pd4Te4As4,0.067,-0.271,0,p2/b11,0.495,,0.967,0.729,,1.425,-4.754,-5.002,,-5.249,-50.007,0.0,0.0,ABC,2.381
Ag4Cl8,0.004,-0.36,0,p2/b11,0.168,,0.971,0.278,,1.043,-6.72,-6.804,,-6.888,-29.959,0.0,0.0,AB2,1.38
TeICo,0.054,-0.126,0,p3m1,0.435,,0.971,0.919,,2.212,-4.222,-4.44,,-4.657,-13.291,0.0,0.0,ABC,3.91
Bi2SeS2,0.024,-0.355,0,p-3m1,0.412,,0.972,0.831,,1.416,-5.996,-6.202,,-6.408,-22.763,0.0,0.0,AB2C2,4.744
Hf2I5Se,0.072,-0.925,1,cm11,0.286,,0.972,0.491,,1.169,-4.021,-4.164,,-4.307,-33.287,0.376,0.36,AB2C5,3.295
Hf2Sn2Te8,0.033,-0.488,0,pm2_1n,0.507,,0.973,0.544,,0.998,-3.996,-4.249,,-4.503,-54.624,0.0,0.0,ABC4,2.274
VSe2,0.0,-0.708,1,p-6m2,0.248,0.179,0.977,0.678,0.779,1.035,-5.31,-5.434,,-5.557,-17.614,0.606,0.606,AB2,4.135
Mo2Te8Cr2,0.067,-0.19,0,pm2m,0.556,,0.98,0.556,,0.98,-4.199,-4.477,,-4.755,-69.139,0.0,0.0,ABC4,4.621
Rh2I2SeS,0.077,-0.343,0,pm11,0.284,,0.98,0.589,,1.325,-4.962,-5.104,,-5.245,-26.867,0.0,0.0,ABC2D2,4.341
Pt4In2Te6,0.027,-0.411,0,p-3m1,0.666,,0.98,0.762,,1.019,-3.938,-4.271,,-4.604,-55.107,0.0,0.0,AB2C3,1.899
Ta4Br2S12,0.086,-0.726,0,p-1,0.538,,0.982,0.538,,0.982,-4.597,-4.866,,-5.135,-104.44,0.0,0.0,AB2C6,1.789
Ru2Cl8,0.0,-0.462,1,p2_1/b11,0.116,,0.983,0.213,,1.068,-6.551,-6.609,,-6.667,-37.828,12.513,13.889,AB4,1.733
Bi6Se2S7,0.019,-0.356,0,p-31m,0.392,,0.984,0.633,,1.269,-6.025,-6.221,,-6.417,-68.898,0.0,0.0,A2B6C7,4.82
Nb3Br8,0.0,-0.978,1,p3m1,0.293,,0.985,0.377,,1.094,-4.287,-4.434,,-4.58,-54.419,0.18,0.18,A3B8,1.879
Ag4Cl4O4H4,0.099,-0.531,0,p2_1/b11,0.329,,0.986,0.329,,0.989,-6.088,-6.253,,-6.417,-60.786,0.0,0.0,ABCD,1.62
Te2As2Se,0.0,-0.059,0,p-3m1,0.583,,0.993,0.829,,1.344,-4.347,-4.638,,-4.93,-19.516,0.0,0.0,AB2C2,4.713
TeCrSe,0.111,-0.27,0,p3m1,0.572,0.974,0.994,0.572,0.974,0.994,-4.464,-4.75,,-5.036,-16.905,0.0,0.0,ABC,4.472
BiTeI,0.113,-0.261,0,p3m1,0.346,1.402,0.995,0.349,1.402,1.023,-5.159,-5.332,,-5.505,-10.14,0.0,0.0,ABC,3.809
In4Te6,0.034,-0.285,0,pm2_1n,0.602,,0.995,0.602,,0.995,-4.772,-5.073,,-5.375,-33.128,0.0,0.0,A2B3,2.804
In2Te5Mg2,0.018,-0.557,0,p-3m1,0.358,,0.996,0.358,,0.996,-4.105,-4.284,,-4.463,-29.799,0.0,0.0,A2B2C5,3.641
Zr2I2Cl2,0.071,-1.237,0,pm11,0.479,,0.997,0.567,,1.076,-3.807,-4.047,,-4.287,-28.753,0.0,0.0,ABC,3.788
Ti2Cl4,0.0,-1.544,0,p2_1/m11,0.325,,0.997,0.383,,1.016,-4.327,-4.489,,-4.651,-29.784,0.0,0.0,AB2,3.664
Ir2I2S2,0.039,-0.265,0,pmmn,0.215,,0.998,0.34,,1.126,-4.389,-4.497,,-4.604,-31.254,0.0,0.0,ABC,4.484
Zr2I2Br2,0.021,-1.104,0,pm11,0.484,,0.998,0.566,,1.035,-3.734,-3.976,,-4.218,-27.558,0.0,0.0,ABC,3.811
YCl2,0.046,-2.048,1,p-6m2,0.374,1.852,0.999,1.054,2.653,1.774,-3.714,-3.901,,-4.088,-14.407,-0.001,-0.001,AB2,3.476
Mn5Br2Cl3O6,0.077,-1.242,1,p1,0.169,,1.002,0.275,,1.005,-6.105,-6.189,,-6.274,-107.733,-0.052,0.062,A2B3C5D6,3.159
TaZrVBr4S3,0.092,-1.099,1,p1,0.429,,1.002,0.48,,1.025,-4.579,-4.793,,-5.008,-55.307,-0.03,0.109,ABCD3E4,3.127
NiS2,0.049,-0.252,0,p-3m1,0.583,1.868,1.002,0.943,2.145,1.425,-5.208,-5.5,,-5.792,-16.158,0.0,0.0,AB2,3.468
Nb2Br6,0.045,-0.917,0,c2/m11,0.109,,1.004,0.109,,1.005,-4.57,-4.625,,-4.679,-37.5,0.0,0.0,AB3,3.126
Sr4Te8As4F4,0.06,-1.511,0,p2_1/b11,0.441,,1.004,0.557,,1.004,-4.589,-4.81,,-5.03,-87.553,0.0,0.0,ABCD2,3.622
Os2O4,0.138,-0.838,0,p2_1/m11,0.169,,1.005,0.169,,1.005,-6.058,-6.142,,-6.227,-47.906,0.0,0.0,AB2,3.91
In2Ge2Se2,0.0,-0.359,0,p-3m1,0.553,,1.005,0.553,,1.005,-4.857,-5.134,,-5.41,-23.675,0.0,0.0,ABC,2.995
Re6Te8F2,0.0,-0.481,0,p-1,0.498,,1.005,0.703,,1.289,-4.643,-4.892,,-5.141,-106.449,0.0,0.0,AB3C4,2.521
Cr2Se2Br2,0.007,-0.7,1,pmmn,0.179,,1.009,0.179,,1.116,-5.654,-5.743,,-5.833,-33.149,0.22,0.197,ABC,3.677
Ta4S12Cl2,0.075,-0.78,0,p-1,0.546,,1.01,0.546,,1.01,-4.552,-4.825,,-5.098,-105.807,0.0,0.0,AB2C6,1.773
Os2Cl8,0.042,-0.363,1,p2_1/b11,0.215,,1.01,0.349,,1.167,-6.15,-6.257,,-6.365,-40.292,106.319,116.285,AB4,1.8
Pt4Tl2Te6,0.032,-0.423,0,p-3m1,0.663,,1.011,0.745,,1.032,-3.738,-4.069,,-4.401,-54.715,0.0,0.0,AB2C3,1.957
Cu2O2,0.079,-0.457,0,p2/m11,0.001,,1.013,0.352,,1.726,-5.55,-5.551,,-5.551,-19.429,0.0,0.0,AB,1.798
Mo2F6,0.0,-2.405,0,p-31m,0.597,,1.014,0.597,,1.014,-6.045,-6.343,,-6.642,-51.166,0.0,0.0,AB3,3.384
Ta4I2Se12,0.049,-0.575,0,p-1,0.635,,1.014,0.635,,1.014,-4.309,-4.627,,-4.944,-94.361,0.0,0.0,AB2C6,1.911
Hf2I4,0.063,-0.725,0,p2_1/m11,0.627,,1.014,0.673,,1.054,-3.387,-3.7,,-4.014,-25.278,0.0,0.0,AB2,4.215
Pb6S6,0.074,-0.494,0,pm2m,0.473,,1.017,0.499,,1.017,-4.02,-4.256,,-4.493,-52.948,0.0,0.0,AB,4.298
Nb2Te4Cl4,0.087,-0.758,0,c2/m11,0.596,,1.02,0.662,,1.172,-4.204,-4.502,,-4.8,-48.194,0.0,0.0,AB2C2,2.025
Te6Cr2Si2,0.002,-0.202,1,p-31m,0.272,,1.021,0.662,,1.335,-4.433,-4.569,,-4.704,-50.861,-0.099,-0.099,ABC3,2.144
Sb2TeSe2,0.035,-0.191,0,p-3m1,0.573,,1.022,0.829,,1.296,-4.931,-5.218,,-5.504,-19.938,0.0,0.0,AB2C2,4.865
HfI2,0.114,-0.674,0,p-6m2,0.63,1.421,1.022,1.283,2.108,1.768,-2.474,-2.789,,-3.104,-12.486,0.0,0.0,AB2,4.318
Hf2I5Br,0.041,-0.91,0,p1,0.326,,1.023,0.461,,1.177,-3.879,-4.042,,-4.204,-31.269,0.0,0.0,AB2C5,3.3
Ta4Te12I2,0.004,-0.325,0,p-1,0.615,,1.024,0.615,,1.024,-4.019,-4.327,,-4.634,-86.534,0.0,0.0,AB2C6,2.03
Co2Cl2O2,0.012,-0.846,0,pmmn,0.0,,1.027,0.0,,1.027,,-5.785,,,-35.353,0.0,0.0,ABC,3.741
Ag2F4,0.024,-1.222,1,p2_1/b11,0.004,,1.028,0.086,,1.028,-7.195,-7.197,,-7.199,-19.359,2.483,3.21,AB2,1.109
Zr2Sn2Te8,0.012,-0.551,0,pm2_1n,0.498,,1.029,0.568,,1.087,-4.042,-4.291,,-4.54,-55.173,0.0,0.0,ABC4,2.263
Nb4S12,0.002,-0.82,0,p2_1/m11,0.376,,1.03,0.686,,1.267,-4.501,-4.689,,-4.877,-103.369,0.0,0.0,AB3,3.051
Ag4I4Se4,0.097,-0.082,0,p2_1/b11,0.605,,1.031,0.609,,1.031,-5.57,-5.873,,-6.176,-32.186,0.0,0.0,ABC,1.912
Zr2Se6,0.0,-1.078,0,pmmn,0.41,,1.031,0.573,,1.471,-4.816,-5.021,,-5.226,-44.329,0.0,0.0,AB3,5.061
Ir2PdNiSe8,0.039,-0.285,0,p1,0.444,,1.033,0.453,,1.057,-4.708,-4.93,,-5.152,-60.895,0.0,0.0,ABC2D8,3.739
Nb4I2Se12,0.019,-0.623,0,p-1,0.577,,1.033,0.641,,1.041,-4.451,-4.739,,-5.028,-97.275,0.0,0.0,AB2C6,1.886
ITiBr,0.073,-0.877,0,p3m1,0.679,1.198,1.037,0.753,1.209,1.037,-3.089,-3.429,,-3.768,-12.382,0.0,0.0,ABC,3.908
In2Te2Si2,0.095,-0.138,0,p-3m1,0.418,,1.037,0.418,,1.037,-4.469,-4.678,,-4.886,-23.565,0.0,0.0,ABC,3.034
ZrI2,0.029,-0.881,0,p-6m2,0.687,1.428,1.038,1.269,2.02,1.679,-2.708,-3.051,,-3.395,-13.004,0.0,0.0,AB2,4.204
PbBi2S4,0.004,-0.424,0,p-3m1,0.494,,1.039,0.739,,1.176,-5.901,-6.148,,-6.395,-32.388,0.0,0.0,AB2C4,3.51
Bi2S3,0.004,-0.363,0,p-3m1,0.47,,1.041,0.857,,1.4,-5.975,-6.21,,-6.445,-23.396,0.0,0.0,A2B3,4.698
Ir2IBrS2,0.023,-0.329,0,pmm2,0.26,,1.045,0.355,,1.164,-4.651,-4.781,,-4.911,-31.742,0.0,0.0,ABC2D2,4.416
Rh4Se8,0.034,-0.404,0,p-1,0.583,,1.046,0.637,,1.105,-4.908,-5.199,,-5.49,-61.302,0.0,0.0,AB2,3.771
Hf2AgIBr3S3,0.128,-0.983,1,p1,0.2,,1.05,0.443,,1.201,-5.409,-5.509,,-5.609,-46.145,0.029,-0.046,ABC2D3E3,3.254
IAsSe,0.193,0.014,0,p3m1,0.446,1.3,1.052,0.69,1.573,1.341,-4.506,-4.729,,-4.952,-9.582,0.0,0.0,ABC,3.804
Zr2Br5Cl,0.098,-1.398,0,p1,0.371,,1.053,0.424,,1.113,-4.088,-4.274,,-4.459,-35.698,0.0,0.0,AB2C5,3.007
Fe2Se4,0.061,-0.299,0,p2_1/m11,0.575,,1.053,0.645,,1.243,-4.561,-4.849,,-5.136,-33.81,0.0,0.0,AB2,4.078
Te2MnGeSCl,0.091,-0.347,1,pm11,0.26,,1.06,0.595,,1.474,-5.001,-5.131,,-5.261,-28.589,-0.169,0.314,ABCDE2,3.373
Na2P2Be2,0.0,-0.404,0,p4/nmm,0.597,,1.061,0.597,,1.061,-1.289,-1.587,,-1.886,-23.171,0.0,0.0,ABC,2.179
AgTe6AlP2,0.078,-0.069,0,p312,0.501,,1.065,0.763,,1.411,-4.175,-4.426,,-4.676,-37.221,0.0,0.0,ABC2D6,2.117
Nb4Se12Br2,0.015,-0.682,0,p-1,0.617,,1.065,0.645,,1.065,-4.427,-4.735,,-5.043,-98.552,0.0,0.0,AB2C6,1.826
Hf2Te8Ge2,0.008,-0.464,0,pm2_1n,0.565,,1.067,0.578,,1.067,-3.96,-4.243,,-4.525,-55.247,0.0,0.0,ABC4,2.303
Au2Te2,0.0,-0.105,0,p2/m11,0.618,,1.067,1.253,,1.742,-4.239,-4.548,,-4.857,-13.09,0.0,0.0,AB,2.48
Ta4Se12Br2,0.043,-0.635,0,p-1,0.66,,1.069,0.66,,1.069,-4.252,-4.582,,-4.912,-95.661,0.0,0.0,AB2C6,1.851
Ru2Te4,0.117,-0.219,0,p2_1/m11,0.642,,1.071,0.686,,1.142,-4.033,-4.354,,-4.675,-33.057,0.0,0.0,AB2,4.356
Ti2Br6,0.065,-1.193,1,p-62m,0.17,,1.071,0.191,,1.078,-4.734,-4.819,,-4.904,-32.428,-0.052,-0.051,AB3,2.83
Se2Si,0.116,-0.334,0,p-3m1,0.467,1.803,1.072,1.068,2.425,1.734,-5.175,-5.409,,-5.642,-13.367,0.0,0.0,AB2,3.756
I4Cu2Cl2,0.034,-0.207,0,p1,0.31,,1.073,0.31,,1.101,-5.554,-5.709,,-5.864,-18.494,0.0,0.0,ABC2,2.483
Zr2Se6P2,0.191,-0.672,0,p-1,0.394,,1.074,0.623,,1.344,-4.719,-4.916,,-5.113,-53.151,0.0,0.0,ABC3,3.577
BiAgTe6P2,0.081,0.01,0,p3,0.401,,1.075,0.401,,1.075,-4.487,-4.687,,-4.887,-37.375,0.0,0.0,ABC2D6,2.1
Nb4Se12Cl2,0.015,-0.728,0,p-1,0.625,,1.081,0.642,,1.081,-4.399,-4.712,,-5.024,-99.78,0.0,0.0,AB2C6,1.812
Ta2Te4Br4,0.075,-0.529,0,c2/m11,0.552,,1.083,0.553,,1.083,-4.111,-4.387,,-4.663,-44.081,0.0,0.0,AB2C2,2.005
Te4Si2,0.055,0.005,0,p2_111,0.516,,1.088,0.722,,1.334,-3.946,-4.204,,-4.462,-23.587,0.0,0.0,AB2,3.327
Au2Hg2Te2Cl2,0.089,-0.265,0,pm2_1b,0.494,,1.09,0.494,,1.09,-4.542,-4.789,,-5.036,-20.131,0.0,0.0,ABCD,1.592
Hf2Mn2Br8,0.161,-0.949,1,p-1,0.442,,1.091,0.495,,1.109,-3.914,-4.135,,-4.356,-58.511,0.368,0.695,ABC4,3.218
PtTeSe,0.032,-0.385,0,p3m1,0.706,,1.092,0.988,,1.453,-4.207,-4.56,,-4.914,-14.196,0.0,0.0,ABC,3.752
Ta4Te12Br2,0.002,-0.377,0,p-1,0.67,,1.093,0.67,,1.093,-3.95,-4.285,,-4.62,-87.674,0.0,0.0,AB2C6,1.98
Hf2Ti2Br7Cl,0.009,-1.21,0,p1,0.529,,1.097,0.591,,1.154,-3.784,-4.048,,-4.313,-55.785,0.0,0.0,AB2C2D7,3.646
Te4I4Cu4,0.004,-0.14,0,p2_1/b11,0.564,,1.097,0.632,,1.142,-5.02,-5.302,,-5.584,-35.116,0.0,0.0,ABC,1.991
Au2Hg2Te2I2,0.054,-0.168,0,pm2_1b,0.469,,1.098,0.469,,1.098,-4.579,-4.814,,-5.048,-18.742,0.0,0.0,ABCD,1.722
Ag4Te4I4,0.062,-0.117,0,p2_1/b11,0.727,,1.098,0.746,,1.121,-5.238,-5.602,,-5.965,-31.496,0.0,0.0,ABC,1.949
Hf2Se6P2,0.196,-0.646,0,p-1,0.469,,1.099,0.724,,1.408,-4.637,-4.872,,-5.106,-53.101,0.0,0.0,ABC3,3.609
Au4Se4,0.0,-0.123,0,pmma,0.58,,1.1,1.332,,1.991,-4.618,-4.908,,-5.198,-27.435,0.0,0.0,AB,3.594
Tl2Te5,0.095,-0.034,0,c2/m11,0.604,,1.102,0.685,,1.135,-4.414,-4.716,,-5.018,-21.256,0.0,0.0,A2B5,1.853
Ta4Se12Cl2,0.04,-0.683,0,p-1,0.671,,1.103,0.671,,1.103,-4.205,-4.541,,-4.877,-96.919,0.0,0.0,AB2C6,1.837
Te2Ge2,0.054,-0.039,0,pm2_1n,0.815,1.286,1.103,0.872,1.361,1.14,-3.387,-3.795,,-4.202,-15.598,0.0,0.0,AB,3.573
Sn4Sb8,0.02,0.02,0,pm2_1b,0.735,,1.104,0.814,,1.232,-3.858,-4.225,,-4.593,-51.229,0.0,0.0,AB2,2.123
Mo3Te8Cr,0.035,-0.244,0,pm2m,0.645,,1.105,0.645,,1.105,-4.109,-4.432,,-4.754,-71.578,0.0,0.0,AB3C8,4.666
Tl2S2,0.12,-0.144,0,p-3m1,0.628,1.591,1.106,0.695,1.659,1.17,-5.671,-5.986,,-6.3,-13.726,0.0,0.0,AB,4.011
TeCrCl,0.0,-0.654,1,p3m1,0.65,,1.108,1.342,,2.01,-4.526,-4.852,,-5.177,-16.361,1.483,1.484,ABC,3.541
CdInSe4Al,0.087,-0.621,0,p3m1,0.301,,1.108,0.301,,1.108,-4.572,-4.722,,-4.873,-25.709,0.0,0.0,ABCD4,3.121
MoAg2Te4,0.113,-0.045,0,p-42m,0.313,,1.115,0.618,,1.332,-4.214,-4.37,,-4.527,-30.017,0.0,0.0,AB2C4,3.043
Pd2Br2Cl4,0.025,-0.362,1,p1,0.251,,1.116,0.34,,1.163,-5.987,-6.113,,-6.238,-20.842,-0.144,-0.014,ABC2,2.779
Cu2Se2,0.101,-0.04,0,p2/m11,0.447,,1.116,0.977,,1.654,-4.966,-5.189,,-5.413,-14.479,0.0,0.0,AB,2.595
Zr2Te8Ge2,0.007,-0.522,0,pm2_1n,0.522,,1.116,0.553,,1.116,-4.032,-4.293,,-4.554,-55.739,0.0,0.0,ABC4,2.286
AgSbTe6P2,0.084,0.039,0,p3,0.475,,1.123,0.475,,1.13,-4.363,-4.601,,-4.839,-36.81,0.0,0.0,ABC2D6,2.107
Sb2Cr2Se6,0.093,-0.334,1,p31m,0.529,,1.123,0.653,,1.292,-4.238,-4.502,,-4.767,-51.868,0.178,0.178,ABC3,3.756
Ag2O2,0.058,-0.046,0,p2/m11,0.164,,1.126,0.759,,1.829,-5.388,-5.47,,-5.552,-16.113,0.0,0.0,AB,1.855
TlCdInS4,0.09,-0.418,0,p3m1,0.324,,1.127,0.379,,1.201,-5.321,-5.483,,-5.644,-25.425,0.0,0.0,ABCD4,3.146
CrSe2,0.0,-0.486,0,p-6m2,0.685,1.165,1.128,0.685,1.165,1.128,-4.541,-4.884,,-5.226,-17.832,0.0,0.0,AB2,4.363
Rh2O2F2,0.026,-1.125,0,pmmn,0.121,,1.129,0.121,,1.129,-6.638,-6.698,,-6.759,-34.469,0.0,0.0,ABC,3.225
Ru3S3Cl6,0.028,-0.503,0,cm11,0.452,,1.131,0.457,,1.131,-6.48,-6.706,,-6.932,-57.369,0.0,0.0,ABC2,4.423
Zr2Se4,0.08,-1.287,0,pmmn,0.251,,1.131,0.434,,1.343,-4.978,-5.103,,-5.229,-36.461,0.0,0.0,AB2,3.719
PdAgBrCl5,0.0,-0.357,1,p1,0.264,,1.132,0.341,,1.213,-6.736,-6.868,,-7.0,-20.027,-0.07,-0.11,ABCD5,2.599
MnS2,0.0,-0.567,1,p-3m1,0.0,,1.134,0.0,,1.447,,-5.722,,,-19.573,0.133,0.133,AB2,3.588
Nb4Te12I2,0.007,-0.397,0,p-1,0.673,,1.135,0.686,,1.135,-4.068,-4.405,,-4.741,-89.861,0.0,0.0,AB2C6,2.009
Te4Cu4Br4,0.0,-0.25,0,p2_1/b11,0.742,,1.135,0.743,,1.2,-5.317,-5.688,,-6.059,-36.862,0.0,0.0,ABC,1.817
Ta4Te12Cl2,0.017,-0.418,0,p-1,0.706,,1.136,0.711,,1.136,-3.893,-4.246,,-4.599,-88.818,0.0,0.0,AB2C6,1.969
AgTe6CrP2,0.088,-0.051,1,p312,0.559,,1.137,0.702,,1.586,-4.286,-4.565,,-4.845,-42.72,1.115,1.118,ABC2D6,2.136
Ir2RhGaBr4S4,0.058,-0.532,0,p112,0.337,,1.137,0.393,,1.23,-5.264,-5.432,,-5.601,-57.637,0.0,0.0,ABC2D4E4,4.01
Au2Hg2Te2Br2,0.074,-0.223,0,pm2_1b,0.538,,1.138,0.538,,1.138,-4.587,-4.857,,-5.126,-19.393,0.0,0.0,ABCD,1.615
Au4S2,0.075,-0.02,0,p4/nmm,0.659,,1.139,0.659,,1.139,-4.285,-4.615,,-4.944,-20.798,0.0,0.0,AB2,2.396
K2As2Mg2,0.055,-0.64,0,p4/nmm,0.616,,1.14,0.616,,1.14,-1.265,-1.573,,-1.881,-18.842,0.0,0.0,ABC,2.097
Zr2Br4,0.0,-1.34,0,p2_1/m11,0.591,,1.14,0.632,,1.177,-3.745,-4.041,,-4.336,-29.181,0.0,0.0,AB2,3.766
WTe2,0.026,-0.109,0,p-6m2,0.727,1.377,1.141,0.727,1.377,1.141,-3.691,-4.055,,-4.418,-18.223,0.0,0.0,AB2,4.833
In2TeS,0.041,-0.412,0,p3m1,0.607,,1.141,0.607,,1.141,-4.583,-4.886,,-5.19,-14.458,0.0,0.0,ABC2,3.927
I6Ti2,0.083,-0.728,1,p-62m,0.209,,1.141,0.268,,1.156,-4.564,-4.668,,-4.773,-28.078,0.411,0.411,AB3,3.164
CrO2,0.168,-1.693,0,p-6m2,0.416,1.23,1.144,1.514,2.217,2.046,-6.933,-7.141,,-7.349,-24.735,0.0,0.0,AB2,3.748
Y4Te4Br4,0.034,-1.614,0,pmma,0.355,,1.144,0.355,,1.144,-5.3,-5.477,,-5.655,-57.288,0.0,0.0,ABC,3.258
Sb2Se4H2,0.0,-0.17,0,p2_1/m11,0.7,,1.144,0.841,,1.262,-4.747,-5.097,,-5.447,-30.751,0.0,0.0,ABC2,3.303
ReAu2F6,0.177,-1.459,1,p1,0.182,,1.145,0.328,,1.331,-6.724,-6.815,,-6.906,-40.569,-4.128,-4.191,AB2C6,2.376
AgGaBr4Cl2,0.078,-0.525,0,p1,0.444,,1.145,0.466,,1.176,-6.618,-6.84,,-7.062,-19.85,0.0,0.0,ABC2D4,2.594
Ga2Se4Mg,0.0,-0.788,0,p-3m1,0.329,,1.145,0.329,,1.145,-4.613,-4.777,,-4.941,-26.869,0.0,0.0,AB2C4,3.006
Hf2IBr4Cl,0.0,-1.289,0,p1,0.387,,1.146,0.522,,1.311,-3.904,-4.098,,-4.291,-34.928,0.0,0.0,ABC2D4,3.086
Zr2Br2Cl2,0.024,-1.499,0,pm11,0.593,,1.147,0.603,,1.182,-3.836,-4.132,,-4.429,-30.538,0.0,0.0,ABC,3.63
AuHgBrCl3,0.028,-0.406,1,p1,0.128,,1.148,0.432,,1.481,-5.874,-5.938,,-6.002,-13.389,0.425,-0.279,ABCD3,2.592
In2Te6Ge2,0.005,-0.194,0,p-31m,0.65,,1.149,0.65,,1.149,-4.366,-4.691,,-5.015,-35.723,0.0,0.0,ABC3,2.101
Te2As2S,0.02,-0.046,0,p-3m1,0.709,,1.149,0.962,,1.481,-4.229,-4.583,,-4.938,-20.046,0.0,0.0,AB2C2,4.658
Hf2I2Br2,0.054,-0.922,0,pm11,0.733,,1.15,0.787,,1.221,-3.406,-3.773,,-4.139,-26.672,0.0,0.0,ABC,3.913
BiTeCl,0.139,-0.468,0,p3m1,0.531,1.676,1.151,0.531,1.676,1.151,-5.404,-5.669,,-5.935,-11.069,0.0,0.0,ABC,3.539
PdNiS4,0.079,-0.219,0,p2/m11,0.711,,1.153,0.977,,1.492,-5.311,-5.667,,-6.023,-28.695,0.0,0.0,ABC4,3.465
Hf2ZrTiBr8,0.001,-1.21,0,p1,0.624,,1.155,0.659,,1.227,-3.66,-3.972,,-4.284,-56.297,0.0,0.0,ABC2D8,3.695
Hf2Te8Si2,0.012,-0.43,0,pm2_1n,0.611,,1.157,0.611,,1.157,-3.922,-4.228,,-4.533,-56.612,0.0,0.0,ABC4,2.31
HfIBr,0.089,-0.887,0,p3m1,0.713,1.612,1.157,1.424,2.304,1.918,-2.542,-2.898,,-3.255,-13.23,0.0,0.0,ABC,4.29
I4Cu4S4,0.038,-0.11,0,p2_1/b11,0.568,,1.158,0.626,,1.193,-5.425,-5.709,,-5.993,-38.248,0.0,0.0,ABC,1.998
Cr3Se6,0.054,-0.432,0,p31m,0.478,,1.158,0.478,,1.162,-4.76,-4.999,,-5.238,-53.011,0.0,0.0,AB2,4.363
Tl2S2,0.119,-0.145,0,p-6m2,0.673,1.644,1.159,0.749,1.719,1.231,-5.637,-5.974,,-6.311,-13.732,0.0,0.0,AB,4.015
BiTeBr,0.0,-0.504,0,p3m1,0.591,1.69,1.159,0.622,1.697,1.186,-5.365,-5.661,,-5.956,-10.975,0.0,0.0,ABC,3.12
Te4MgAl2,0.031,-0.543,0,p-3m1,0.439,,1.16,0.439,,1.16,-3.746,-3.965,,-4.184,-25.71,0.0,0.0,AB2C4,3.097
Zr2Cl4,0.029,-1.676,0,p2_1/m11,0.596,,1.161,0.596,,1.195,-3.954,-4.252,,-4.55,-32.004,0.0,0.0,AB2,3.823
Rh4S6,0.084,-0.45,0,p-6m2,0.44,,1.161,0.594,,1.228,-5.262,-5.482,,-5.702,-57.557,0.0,0.0,A2B3,5.331
BiTeBr,0.117,-0.387,0,p3m1,0.529,1.632,1.162,0.529,1.632,1.162,-5.305,-5.569,,-5.834,-10.625,0.0,0.0,ABC,3.582
Ag4S4Cl4,0.104,-0.188,0,p2_1/b11,0.662,,1.164,0.662,,1.164,-6.263,-6.594,,-6.924,-37.07,0.0,0.0,ABC,1.579
Te2Ga2Ge2,0.0,-0.252,0,p-3m1,0.674,,1.165,0.687,,1.169,-4.259,-4.596,,-4.933,-22.759,0.0,0.0,ABC,2.826
W2Cl6,0.164,-0.652,0,p-62m,0.706,,1.165,0.706,,1.165,-3.833,-4.186,,-4.539,-38.9,0.0,0.0,AB3,3.842
Hf2IBr3,0.041,-1.029,0,pm11,0.713,,1.165,0.743,,1.221,-2.582,-2.938,,-3.295,-27.418,0.0,0.0,AB2C3,4.055
TiBr2,0.033,-1.145,0,p-6m2,0.758,1.421,1.166,0.929,1.649,1.282,-3.117,-3.496,,-3.875,-13.294,0.0,0.0,AB2,3.665
Tl2Cu2S2,0.058,-0.21,0,p3m1,0.0,,1.168,0.0,,1.441,,-3.871,,,-21.764,0.0,0.0,ABC,2.923
Tl2Se3,0.087,-0.131,0,p11m,0.679,,1.171,0.757,,1.24,-3.001,-3.341,,-3.68,-16.098,0.0,0.0,A2B3,3.223
Y4Te4Cl4,0.042,-1.776,0,pmma,0.388,,1.174,0.388,,1.174,-5.323,-5.517,,-5.711,-60.034,0.0,0.0,ABC,3.253
Hg3Te3,0.073,-0.13,0,pm2m,0.672,,1.174,0.672,,1.174,-4.119,-4.455,,-4.791,-13.049,0.0,0.0,AB,3.027
ZrIBr,0.039,-1.086,0,p3m1,0.774,1.59,1.174,1.399,2.183,1.872,-2.762,-3.149,,-3.536,-13.724,0.0,0.0,ABC,4.163
CoAs2Se6Li,0.082,-0.268,0,p312,0.333,,1.175,0.507,,1.581,-4.997,-5.163,,-5.33,-43.02,0.0,0.0,ABC2D6,2.003
Ta2Te4I4,0.055,-0.331,0,c2/m11,0.569,,1.177,0.622,,1.214,-4.061,-4.345,,-4.63,-41.674,0.0,0.0,AB2C2,2.105
Sb2MnS4,0.072,-0.302,1,p-3m1,0.383,,1.178,0.854,,1.626,-4.756,-4.948,,-5.139,-36.958,0.002,0.002,AB2C4,3.412
BiIS,0.14,-0.287,0,p3m1,0.401,1.733,1.178,0.435,1.738,1.232,-5.435,-5.635,,-5.836,-11.091,0.0,0.0,ABC,3.757
Ir2Br2S2,0.0,-0.398,0,pmmn,0.344,,1.178,0.383,,1.2,-4.87,-5.042,,-5.214,-32.265,0.0,0.0,ABC,4.135
BiTeF,0.065,-1.191,0,p3m1,0.584,,1.179,0.584,,1.179,-4.62,-4.912,,-5.204,-13.04,0.0,0.0,ABC,2.766
Ag2Se2,0.089,0.022,0,p2/m11,0.75,,1.179,1.191,,1.599,-5.005,-5.38,,-5.755,-12.556,0.0,0.0,AB,2.421
IrI2GaS2,0.089,-0.407,0,pmm2,0.437,,1.18,0.467,,1.237,-4.606,-4.825,,-5.043,-25.735,0.0,0.0,ABC2D2,4.195
Nb4Te12Br2,0.0,-0.449,0,p-1,0.736,,1.18,0.748,,1.18,-4.006,-4.374,,-4.742,-91.006,0.0,0.0,AB2C6,1.961
AgSbAs2Se6,0.077,-0.061,0,p3,0.597,,1.18,0.614,,1.446,-4.955,-5.253,,-5.551,-38.079,0.0,0.0,ABC2D6,2.032
HfZr3BrCl7,0.031,-1.589,0,p1,0.616,,1.18,0.63,,1.185,-3.864,-4.172,,-4.48,-62.86,0.0,0.0,ABC3D7,3.796
Nb4Te12Cl2,0.015,-0.488,0,p-1,0.749,,1.182,0.78,,1.185,-3.962,-4.336,,-4.711,-92.121,0.0,0.0,AB2C6,1.951
In2Te6Si2,0.005,-0.215,0,p-31m,0.682,,1.183,0.872,,1.393,-4.385,-4.726,,-5.067,-37.7,0.0,0.0,ABC3,2.08
Tl4Te2,0.014,-0.235,0,pmmn,0.698,,1.184,0.708,,1.206,-3.165,-3.514,,-3.863,-17.813,0.0,0.0,AB2,2.747
ITiCl,0.118,-1.015,0,p3m1,0.745,1.383,1.187,0.842,1.557,1.187,-3.21,-3.582,,-3.955,-12.997,0.0,0.0,ABC,3.921
Bi2Se2Br2,0.082,-0.501,0,pm2_1b,0.619,,1.189,0.705,,1.201,-5.744,-6.054,,-6.364,-22.487,0.0,0.0,ABC,3.133
BiISe,0.114,-0.328,0,p3m1,0.433,1.687,1.189,0.471,1.687,1.241,-5.335,-5.552,,-5.768,-10.62,0.0,0.0,ABC,3.772
Zr2Te8Si2,0.005,-0.487,0,pm2_1n,0.574,,1.191,0.574,,1.191,-3.986,-4.272,,-4.559,-57.088,0.0,0.0,ABC4,2.296
RhCrBrS2Cl,0.084,-0.695,1,pmm2,0.177,,1.194,0.177,,1.253,-5.848,-5.937,,-6.025,-32.253,-0.016,0.158,ABCDE2,3.921
Te4VAl2,0.035,-0.374,1,p-3m1,0.178,,1.195,0.355,,1.244,-3.575,-3.664,,-3.753,-31.438,0.272,0.272,AB2C4,3.197
Bi2MnS4,0.036,-0.381,1,p-3m1,0.277,,1.195,0.508,,1.62,-5.331,-5.469,,-5.608,-38.047,0.289,0.288,AB2C4,3.435
OsRuCl6,0.03,-0.444,0,c211,0.274,,1.196,0.276,,1.196,-5.276,-5.413,,-5.55,-34.92,0.0,0.0,ABC6,3.252
VSe4Al2,0.035,-0.762,1,p-3m1,0.0,,1.197,0.0,,1.43,,-3.65,,,-35.266,0.246,0.246,AB2C4,3.098
SnIGe2As2Se2SCl5,0.083,-0.497,0,p1,0.668,,1.198,0.852,,1.388,-5.608,-5.942,,-6.276,-50.814,0.0,0.0,ABCD2E2F2G5,3.738
BiTeCl,0.01,-0.598,0,p3m1,0.599,1.736,1.198,0.599,1.736,1.198,-5.416,-5.715,,-6.015,-11.458,0.0,0.0,ABC,3.067
Nb2Br2Cl4,0.047,-1.168,0,c211,0.194,,1.199,0.195,,1.201,-4.743,-4.84,,-4.937,-40.304,0.0,0.0,ABC2,3.177
Ir2S2Cl2,0.0,-0.5,0,pmmn,0.355,,1.201,0.392,,1.201,-5.302,-5.48,,-5.657,-33.279,0.0,0.0,ABC,4.096
Sb2Mn2Br2S4,0.102,-0.412,1,p2/m11,0.124,,1.201,0.124,,1.201,-4.266,-4.328,,-4.39,-51.849,0.011,1.11,ABCD2,1.642
ZrSe2,0.0,-1.367,0,p-3m1,0.337,1.691,1.202,0.954,2.471,2.02,-5.121,-5.289,,-5.457,-18.47,0.0,0.0,AB2,3.819
W2Cr2Se8,0.015,-0.525,0,pm2m,0.759,,1.203,0.759,,1.203,-4.327,-4.706,,-5.086,-75.952,0.0,0.0,ABC4,4.494
Ta2RuNiSe6,0.093,-0.581,0,p1,0.338,,1.204,0.419,,1.344,-4.672,-4.841,,-5.01,-63.045,0.0,0.0,ABC2D6,4.023
Co2S4H2,0.017,-0.329,0,p2_1/m11,0.364,,1.204,0.508,,1.315,-4.899,-5.081,,-5.263,-42.054,0.0,0.0,ABC2,3.901
Cu4Se2,0.083,-0.042,0,pmma,0.1,,1.209,0.395,,1.47,-4.63,-4.68,,-4.73,-21.922,0.0,0.0,AB2,2.685
Te5Mg2Al2,0.036,-0.606,0,p-3m1,0.492,,1.209,0.492,,1.209,-3.681,-3.927,,-4.173,-32.188,0.0,0.0,A2B2C5,3.557
TeICr,0.008,-0.341,1,p3m1,0.654,,1.21,1.283,,2.094,-4.26,-4.588,,-4.915,-15.114,0.831,0.829,ABC,2.024
I4Cu4Se4,0.003,-0.148,0,p2_1/b11,0.646,,1.212,0.711,,1.265,-5.23,-5.553,,-5.876,-36.328,0.0,0.0,ABC,1.987
Cu2Br2O4,0.054,-0.214,0,p2_122,0.434,,1.212,0.476,,1.257,-5.978,-6.195,,-6.412,-32.732,0.0,0.0,ABC2,2.118
Hf2ZrSe6,0.0,-1.359,0,p-31m,0.382,,1.212,1.105,,2.138,-5.019,-5.21,,-5.401,-55.547,0.0,0.0,AB2C6,3.849
Ag4Se4Br4,0.07,-0.168,0,p2_1/b11,0.781,,1.213,0.781,,1.213,-5.888,-6.279,,-6.669,-33.65,0.0,0.0,ABC,1.713
Sc2Se6P2,0.003,-0.833,0,p31m,0.684,,1.214,0.96,,1.546,-4.178,-4.52,,-4.861,-49.276,0.0,0.0,ABC3,3.544
Te6Sc4,0.028,-1.206,0,p-6m2,0.302,,1.214,0.302,,1.215,-4.688,-4.839,,-4.991,-49.926,0.0,0.0,A2B3,4.867
AgGa3Cl4O4,0.099,-1.135,0,cmm2,0.251,,1.215,0.465,,1.408,-6.621,-6.747,,-6.873,-52.809,0.0,0.0,AB3C4D4,3.638
BiISe,0.0,-0.443,0,p3m1,0.607,1.772,1.216,0.771,1.888,1.403,-5.401,-5.705,,-6.009,-10.964,0.0,0.0,ABC,3.302
TeGe2S,0.076,-0.11,0,pm11,0.89,,1.216,0.991,,1.308,-3.443,-3.888,,-4.333,-16.753,0.0,0.0,ABC2,3.195
HfSe2,0.0,-1.349,0,p-3m1,0.427,1.788,1.219,1.214,2.696,2.193,-4.946,-5.16,,-5.373,-18.519,0.0,0.0,AB2,3.868
W3MoTe8,0.018,-0.159,0,pm2m,0.804,,1.22,0.804,,1.22,-3.707,-4.109,,-4.511,-73.202,0.0,0.0,AB3C8,4.812
Nb2Te4Br4,0.046,-0.601,0,c2/m11,0.645,,1.221,0.645,,1.221,-4.178,-4.5,,-4.823,-45.824,0.0,0.0,AB2C2,1.972
Ta3TeI7,0.006,-0.465,0,p3m1,0.643,,1.223,0.649,,1.227,-4.128,-4.45,,-4.771,-48.117,0.0,0.0,AB3C7,2.128
HfBr2,0.007,-1.157,0,p-6m2,0.732,1.759,1.226,1.548,2.563,2.101,-2.625,-2.991,,-3.357,-14.145,0.0,0.0,AB2,3.986
Tl2Ag2Te2,0.024,-0.195,0,p4/nmm,0.613,,1.228,0.83,,1.514,-2.982,-3.288,,-3.594,-18.254,0.0,0.0,ABC,3.657
Sn4As8,0.011,-0.03,0,pm2_1b,0.75,,1.229,0.867,,1.346,-4.253,-4.629,,-5.004,-53.884,0.0,0.0,AB2,2.046
AgGeCl6,0.109,-0.612,1,c211,0.272,,1.23,0.377,,1.322,-6.761,-6.897,,-7.033,-22.963,-0.046,-0.02,ABC6,2.596
Ta2Rh2S8,0.0,-0.849,0,p2_1/m11,0.463,,1.231,0.463,,1.231,-5.44,-5.672,,-5.903,-76.737,0.0,0.0,ABC4,2.105
I2Cr2SeS,0.011,-0.56,1,pmm2,0.183,,1.232,0.288,,1.343,-5.206,-5.298,,-5.39,-32.693,0.334,-0.823,ABC2D2,4.071
Cr2P2S6,0.05,-0.43,1,p31m,0.622,,1.234,0.763,,1.609,-4.553,-4.864,,-5.176,-58.311,-0.107,-0.107,ABC3,3.629
Pd2Se4,0.044,-0.247,0,pmma,0.635,,1.234,0.635,,1.234,-4.291,-4.608,,-4.925,-23.053,0.0,0.0,AB2,2.805
Nb3I7Se,0.0,-0.621,0,p3m1,0.536,,1.235,0.536,,1.239,-4.497,-4.765,,-5.033,-51.64,0.0,0.0,AB3C7,2.098
Nb3I7S,0.0,-0.651,0,p3m1,0.513,,1.235,0.513,,1.235,-4.554,-4.81,,-5.066,-52.572,0.0,0.0,AB3C7,2.088
Zr2I2N2,0.033,-1.441,0,p-3m1,0.284,,1.235,1.355,,2.567,-4.421,-4.563,,-4.705,-43.111,0.0,0.0,ABC,3.436
Cu4Cl4O4,0.1,-0.34,0,p2_1/b11,0.313,,1.237,0.313,,1.237,-7.166,-7.323,,-7.479,-46.422,0.0,0.0,ABC,1.623
In2Te6Al2,0.06,-0.324,0,pm2_1n,0.744,,1.238,0.803,,1.287,-4.484,-4.856,,-5.228,-35.476,0.0,0.0,ABC3,2.795
Ge2Se2Al2,0.0,-0.493,0,p-3m1,0.617,,1.24,0.617,,1.24,-3.753,-4.062,,-4.37,-26.432,0.0,0.0,ABC,2.764
CrSeS,0.01,-0.569,0,p3m1,0.782,1.294,1.241,0.782,1.294,1.241,-4.768,-5.159,,-5.55,-18.676,0.0,0.0,ABC,4.296
As6O12,0.159,-0.976,1,p2_12_12,0.369,,1.241,0.586,,1.581,-6.633,-6.817,,-7.002,-107.041,-0.003,-0.007,AB2,1.322
Nb3TeI7,0.006,-0.561,0,p3m1,0.565,,1.241,0.565,,1.256,-4.406,-4.689,,-4.971,-50.702,0.0,0.0,AB3C7,2.1
Sb2Mn2S4Cl2,0.086,-0.494,1,p2/m11,0.209,,1.242,0.209,,1.316,-4.15,-4.254,,-4.359,-53.064,0.098,0.838,ABCD2,1.595
Au2MoSe4,0.142,-0.231,0,p-42m,0.592,,1.247,0.656,,1.377,-4.039,-4.335,,-4.631,-33.011,0.0,0.0,AB2C4,2.951
Ag4Te4Cl4,0.033,-0.278,0,p2_1/b11,0.866,,1.247,0.866,,1.247,-5.612,-6.045,,-6.478,-34.659,0.0,0.0,ABC,1.676
Hg3Se3,0.077,-0.169,0,pm2m,0.672,,1.248,0.672,,1.248,-4.588,-4.924,,-5.26,-14.118,0.0,0.0,AB,2.995
Sr4Sb4Se8F4,0.0,-1.76,0,p2_1/b11,0.878,,1.249,0.878,,1.249,-4.418,-4.857,,-5.296,-93.724,0.0,0.0,ABCD2,3.513
Te6Ge2P2,0.067,0.029,0,p-3,0.819,,1.249,1.038,,1.5,-4.091,-4.5,,-4.91,-38.695,0.0,0.0,ABC3,3.679
Ir2Nb2S8,0.0,-0.818,0,p2_1/m11,0.361,,1.253,0.361,,1.253,-5.484,-5.664,,-5.845,-81.641,0.0,0.0,ABC4,2.17
Ga4Se6,0.071,-0.523,0,p31m,0.405,,1.254,0.405,,1.254,-4.37,-4.572,,-4.775,-37.736,0.0,0.0,A2B3,3.17
Ta3I7Se,0.007,-0.524,0,p3m1,0.665,,1.256,0.67,,1.262,-4.196,-4.529,,-4.862,-49.041,0.0,0.0,AB3C7,2.126
Ag4Te4Br4,0.037,-0.208,0,p2_1/b11,0.883,,1.256,0.883,,1.256,-5.476,-5.918,,-6.359,-33.015,0.0,0.0,ABC,1.741
SbCuAs2Se6,0.098,-0.06,0,p3,0.509,,1.257,0.643,,1.622,-5.049,-5.304,,-5.558,-38.91,0.0,0.0,ABC2D6,1.972
Ga2Se5Mg2,0.003,-0.89,0,p-3m1,0.438,,1.257,0.438,,1.257,-4.513,-4.732,,-4.952,-34.468,0.0,0.0,A2B2C5,3.461
Cr2O5H2,0.08,-1.526,1,c2/m11,0.51,,1.266,0.524,,1.279,-5.023,-5.278,,-5.533,-64.82,-0.102,-0.162,A2B2C5,1.27
AgCrAs2Se6,0.046,-0.171,1,p312,0.509,,1.27,0.663,,1.661,-4.845,-5.099,,-5.354,-44.186,-0.067,-0.067,ABC2D6,2.056
Au2Se2Br2,0.054,-0.128,0,p2_1/m11,0.642,,1.271,0.642,,1.271,-5.506,-5.827,,-6.148,-17.162,0.0,0.0,ABC,3.024
AuTlI3Br,0.008,-0.318,0,pm11,0.493,,1.275,0.741,,1.474,-5.38,-5.626,,-5.873,-13.553,0.0,0.0,ABCD3,2.712
Au2Cl6,0.169,-0.098,1,p-31m,0.208,,1.276,0.251,,1.301,-6.485,-6.589,,-6.693,-17.757,-1.447,-1.453,AB3,2.715
ZrBr2,0.0,-1.339,0,p-6m2,0.828,1.737,1.276,1.476,2.349,1.996,-2.824,-3.238,,-3.652,-14.59,0.0,0.0,AB2,3.869
Ag2Cl6,0.123,-0.15,1,p-31m,0.267,,1.278,0.267,,1.278,-7.05,-7.184,,-7.318,-17.591,0.033,0.034,AB3,2.63
W2Mo2Te8,0.011,-0.207,0,pm2m,0.862,,1.279,0.862,,1.279,-3.743,-4.173,,-4.604,-73.497,0.0,0.0,ABC4,4.791
Ag4Se4Cl4,0.067,-0.237,0,p2_1/b11,0.837,,1.279,0.837,,1.28,-6.032,-6.451,,-6.869,-35.277,0.0,0.0,ABC,1.643
Pd4As4Se4,0.045,-0.326,0,p2/b11,0.739,,1.283,1.005,,1.694,-4.876,-5.245,,-5.615,-51.772,0.0,0.0,ABC,2.334
Nb2Te4I4,0.023,-0.414,0,c2/m11,0.649,,1.284,0.688,,1.308,-4.141,-4.466,,-4.79,-43.526,0.0,0.0,AB2C2,2.077
Au4F8,0.014,-0.92,0,p2/b11,0.235,,1.286,0.424,,1.482,-6.736,-6.853,,-6.97,-36.258,0.0,0.0,AB2,1.214
Pd2Cu2Br6,0.077,-0.276,1,p-31m,0.0,,1.286,0.0,,1.517,,-5.325,,,-27.259,-0.855,-0.861,ABC3,3.062
Sb2Te6Si2,0.0,-0.122,0,p-31m,0.832,,1.286,1.161,,1.673,-4.172,-4.588,,-5.004,-40.055,0.0,0.0,ABC3,3.707
Cu2Cl2O4,0.034,-0.296,0,p2_122,0.452,,1.287,0.543,,1.304,-6.113,-6.339,,-6.565,-33.79,0.0,0.0,ABC2,2.029
Sb2As2,0.088,0.088,0,pm2_1n,0.754,,1.289,0.754,,1.289,-3.908,-4.285,,-4.662,-17.788,0.0,0.0,AB,2.65
Pd4In2Se6,0.088,-0.34,0,p-3m1,0.834,,1.29,0.874,,1.29,-4.26,-4.677,,-5.094,-45.777,0.0,0.0,AB2C3,1.784
In4Te6,0.032,-0.287,0,p11a,0.803,,1.293,1.014,,1.525,-4.356,-4.757,,-5.159,-33.148,0.0,0.0,A2B3,3.132
Te2Zn2,0.094,-0.378,0,p-3m1,0.545,,1.294,0.545,,1.294,-4.244,-4.516,,-4.788,-10.292,0.0,0.0,AB,3.361
HfICl,0.14,-1.032,0,p3m1,0.814,1.783,1.295,1.46,2.419,1.988,-2.632,-3.039,,-3.446,-13.866,0.0,0.0,ABC,4.289
Ti2CO2,0.112,-2.061,0,p-3m1,0.325,,1.295,0.64,,1.991,-5.499,-5.662,,-5.824,-43.153,0.0,0.0,AB2C2,4.799
CoAs2Se6Na,0.093,-0.254,0,p312,0.343,,1.295,0.441,,1.747,-4.929,-5.101,,-5.272,-42.302,0.0,0.0,ABC2D6,1.941
Ta3I7S,0.0,-0.557,0,p3m1,0.684,,1.295,0.689,,1.306,-4.244,-4.586,,-4.928,-50.003,0.0,0.0,AB3C7,2.115
TiBrCl,0.035,-1.326,0,p3m1,0.83,1.473,1.297,1.046,1.651,1.453,-3.231,-3.646,,-4.061,-14.038,0.0,0.0,ABC,3.71
Ag2Sb2S6,0.065,-0.11,0,p-31m,0.518,,1.298,0.518,,1.298,-5.406,-5.665,,-5.924,-40.056,0.0,0.0,ABC3,3.635
Sc2As2Se6,0.0,-0.851,0,p31m,0.839,,1.299,0.951,,1.451,-4.424,-4.843,,-5.263,-48.057,0.0,0.0,ABC3,3.534
Ag2K2Se2,0.045,-0.633,0,p4/nmm,0.466,,1.3,0.466,,1.3,-1.666,-1.899,,-2.132,-18.882,0.0,0.0,ABC,2.56
PbGeSeS,0.071,-0.359,0,pm11,0.846,,1.303,1.016,,1.453,-3.538,-3.961,,-4.384,-17.27,0.0,0.0,ABCD,3.199
Sr4Sb4Te8Cl4,0.078,-1.087,0,p2_1/b11,0.727,,1.303,0.834,,1.325,-4.496,-4.86,,-5.223,-78.846,0.0,0.0,ABCD2,3.534
Sn3CaBr4S4,0.097,-0.827,0,p112,0.712,,1.304,0.96,,1.585,-5.196,-5.552,,-5.908,-46.756,0.0,0.0,AB3C4D4,3.4
W2I6,0.001,0.001,1,c2/m11,0.376,,1.31,0.451,,1.31,-4.095,-4.282,,-4.47,-31.83,1.406,2.16,AB3,2.087
Cu2S2,0.127,-0.086,0,p2/m11,0.624,1.584,1.311,1.082,2.009,1.803,-5.273,-5.584,,-5.896,-15.851,0.0,0.0,AB,2.386
Pb2Se2,0.072,-0.51,0,p4/nmm,0.789,1.623,1.312,0.792,1.626,1.312,-3.715,-4.11,,-4.504,-16.523,0.0,0.0,AB,3.495
Bi2P2S6,0.084,-0.213,0,p1,0.655,,1.316,0.689,,1.35,-4.97,-5.297,,-5.625,-46.672,0.0,0.0,ABC3,3.32
Tl2Pd4Se6,0.03,-0.376,0,p-3m1,0.834,,1.316,0.861,,1.316,-3.991,-4.408,,-4.825,-45.682,0.0,0.0,AB2C3,1.802
ZrICl,0.08,-1.228,0,p3m1,0.877,1.744,1.317,1.433,2.271,1.934,-2.836,-3.274,,-3.712,-14.352,0.0,0.0,ABC,4.162
Zr4Se4S2Cl4,0.073,-1.51,0,c2/m11,0.594,,1.317,0.842,,1.787,-6.15,-6.447,,-6.743,-79.986,0.0,0.0,AB2C2D2,3.895
WAg2Te4,0.085,-0.002,0,p-42m,0.587,,1.318,0.885,,1.592,-3.938,-4.232,,-4.526,-30.0,0.0,0.0,AB2C4,3.042
Cr4O10,0.0,-1.626,0,pmmn,0.5,,1.321,0.507,,1.321,-6.23,-6.48,,-6.73,-111.637,0.0,0.0,A2B5,1.534
SbTeI,0.0,-0.25,0,p3m1,0.838,1.676,1.322,1.089,1.941,1.572,-4.52,-4.939,,-5.358,-9.84,0.0,0.0,ABC,3.349
BiAgAs2Se6,0.068,-0.102,0,p3,0.619,,1.323,0.619,,1.427,-5.16,-5.469,,-5.779,-38.753,0.0,0.0,ABC2D6,2.029
As4,0.042,0.042,0,pman,0.835,1.797,1.324,0.886,1.837,1.42,-3.831,-4.248,,-4.666,-18.485,0.0,0.0,A,3.103
Rb2Ru2S2Cl10N2,0.023,-0.71,1,p2_1/m11,0.3,,1.324,0.338,,1.324,-5.915,-6.065,,-6.215,-76.232,-0.102,-0.51,ABCDE5,1.999
WMo3Te8,0.005,-0.254,0,pm2m,0.9,,1.326,0.9,,1.326,-3.785,-4.235,,-4.684,-73.783,0.0,0.0,AB3C8,4.769
Sb4Te6,0.093,-0.032,0,pm2_1n,0.796,,1.327,0.937,,1.499,-3.795,-4.193,,-4.591,-37.169,0.0,0.0,A2B3,1.568
TeCrBr,0.0,-0.528,1,p3m1,0.834,,1.327,1.442,,2.082,-4.338,-4.755,,-5.172,-15.782,1.277,1.273,ABC,1.911
Pt3PdSeSCl6,0.09,-0.373,0,p1,0.53,,1.329,0.551,,1.329,-5.395,-5.66,,-5.924,-45.632,0.0,0.0,ABCD3E6,2.844
Cd2Te2,0.094,-0.371,0,p-3m1,0.633,,1.331,0.633,,1.331,-4.462,-4.778,,-5.095,-9.749,0.0,0.0,AB,3.428
Re4Te8,0.0,-0.092,0,p-1,0.817,,1.331,0.992,,1.515,-3.694,-4.103,,-4.512,-73.375,0.0,0.0,AB2,4.665
Fe2S4,0.148,-0.383,0,p2_1/m11,0.654,,1.331,0.722,,1.59,-5.065,-5.392,,-5.719,-36.692,0.0,0.0,AB2,3.963
Ta2Ir2S8,0.0,-0.84,0,p2_1/m11,0.492,,1.331,0.492,,1.331,-5.352,-5.598,,-5.844,-80.883,0.0,0.0,ABC4,2.181
Ag4Se4Na4,0.018,-0.567,0,p4/nmm,0.511,,1.332,0.511,,1.332,-2.794,-3.05,,-3.305,-37.323,0.0,0.0,ABC,2.793
W3CrSe8,0.01,-0.557,0,pm2m,0.882,,1.333,0.882,,1.333,-4.092,-4.533,,-4.974,-78.41,0.0,0.0,AB3C8,4.575
Sb8Ge4,0.051,0.051,0,pm2_1b,0.942,,1.333,0.983,,1.393,-3.718,-4.189,,-4.66,-52.697,0.0,0.0,AB2,2.087
SnSe2,0.0,-0.347,0,p-3m1,0.762,1.912,1.333,1.092,2.283,1.71,-5.236,-5.617,,-5.998,-12.064,0.0,0.0,AB2,3.631
Hf2Br4,0.0,-1.163,0,p2_1/m11,0.84,,1.334,0.874,,1.438,-3.43,-3.851,,-4.271,-28.33,0.0,0.0,AB2,3.855
In2I2,0.085,-0.403,0,p-3m1,0.988,,1.335,1.956,,2.474,-4.448,-4.942,,-5.436,-10.094,0.0,0.0,AB,4.219
Au4S4,0.036,-0.056,0,cmme,0.669,,1.337,1.166,,1.904,-4.724,-5.059,,-5.393,-29.276,0.0,0.0,AB,2.412
Mo2SeBr5,0.075,-0.523,1,p1,0.482,,1.338,0.54,,1.373,-4.856,-5.097,,-5.338,-37.993,0.399,0.113,AB2C5,3.207
Te4Cu4Cl4,0.004,-0.339,0,p2_1/b11,0.94,,1.339,0.946,,1.343,-5.372,-5.842,,-6.312,-38.734,0.0,0.0,ABC,1.713
CdInGaS4,0.075,-0.591,0,p3m1,0.412,,1.34,0.412,,1.34,-5.023,-5.229,,-5.435,-27.046,0.0,0.0,ABCD4,3.08
ZrPdI6,0.05,-0.625,1,p312,0.366,,1.341,0.369,,1.351,-5.016,-5.2,,-5.383,-25.095,1.703,1.704,ABC6,3.247
AuCrAs2Se6,0.089,-0.14,1,c211,0.552,,1.341,0.648,,1.443,-4.502,-4.778,,-5.054,-44.157,0.076,0.023,ABC2D6,1.921
TiSeS,0.128,-1.096,0,p3m1,0.505,1.333,1.342,0.905,2.139,2.055,-5.699,-5.951,,-6.204,-17.537,0.0,0.0,ABC,3.914
Au4I4S4,0.065,0.0,0,p2_1/b11,0.663,,1.343,0.736,,1.366,-5.272,-5.604,,-5.935,-34.752,0.0,0.0,ABC,1.913
Hf4Se6S2,0.0,-1.414,0,c2/m11,0.536,,1.344,0.536,,1.344,-5.022,-5.29,,-5.558,-76.042,0.0,0.0,AB2C3,3.82
Sn2Se2,0.043,-0.389,0,pm2_1n,0.923,1.629,1.345,0.987,1.643,1.417,-3.453,-3.914,,-4.375,-16.633,0.0,0.0,AB,3.394
Rh2P2S6,0.02,-0.346,0,p31m,0.787,,1.348,0.862,,1.468,-4.591,-4.985,,-5.378,-52.95,0.0,0.0,ABC3,3.707
Ni2SeS3,0.017,-0.284,0,cm11,0.255,,1.35,0.679,,1.657,-4.945,-5.072,,-5.2,-31.916,0.0,0.0,AB2C3,2.526
CrS2,0.0,-0.673,0,p-6m2,0.877,1.448,1.351,0.877,1.448,1.351,-4.964,-5.403,,-5.842,-19.583,0.0,0.0,AB2,4.298
Au2Te4I2,0.064,-0.058,0,p2_111,0.711,,1.351,0.834,,1.464,-4.434,-4.79,,-5.145,-22.502,0.0,0.0,ABC2,2.833
Mo3CrO8,0.089,-1.907,0,pm2m,0.626,,1.351,1.01,,1.821,-6.236,-6.549,,-6.863,-106.895,0.0,0.0,AB3C8,3.868
Pd4I4Br4,0.068,-0.246,0,pb2_1a,0.537,,1.352,0.609,,1.425,-5.312,-5.58,,-5.849,-30.489,0.0,0.0,ABC,2.585
Sb2Cu2S6,0.048,-0.179,0,p-31m,0.273,,1.358,0.273,,1.363,-5.482,-5.618,,-5.754,-42.426,0.0,0.0,ABC3,3.658
AuTlI6,0.058,-0.139,0,c211,0.622,,1.359,0.709,,1.44,-5.356,-5.668,,-5.979,-15.611,0.0,0.0,ABC6,2.821
HfBrCl,0.018,-1.337,0,p3m1,0.832,1.926,1.361,1.632,2.718,2.217,-2.699,-3.115,,-3.531,-14.887,0.0,0.0,ABC,4.077
Fe3Se6,0.068,-0.292,0,p31m,0.312,,1.362,0.368,,1.436,-4.991,-5.147,,-5.303,-50.652,0.0,0.0,AB2,4.028
BiSeBr,0.0,-0.583,0,p3m1,0.733,2.01,1.363,0.88,2.153,1.521,-5.616,-5.982,,-6.349,-11.489,0.0,0.0,ABC,3.089
Ir2Ni2S8,0.065,-0.314,0,p-1,0.594,,1.363,0.644,,1.4,-5.119,-5.416,,-5.713,-69.436,0.0,0.0,ABC4,3.682
Sb2Mn2Se4Br2,0.087,-0.376,1,pm2_1b,0.265,,1.366,0.3,,1.381,-4.264,-4.397,,-4.529,-49.105,0.711,1.952,ABCD2,1.622
Tl2In2Te2,0.063,-0.184,0,pm2_1n,0.955,,1.366,1.096,,1.51,-3.185,-3.663,,-4.14,-18.036,0.0,0.0,ABC,2.883
Te2Ge2Al2,0.0,-0.281,0,p-3m1,0.869,,1.368,0.869,,1.368,-3.865,-4.3,,-4.734,-24.603,0.0,0.0,ABC,2.79
HfPdI6,0.061,-0.613,1,p312,0.384,,1.368,0.386,,1.376,-4.985,-5.177,,-5.369,-25.103,2.055,2.056,ABC6,3.263
MoTe2,0.0,-0.301,0,p-6m2,0.932,1.563,1.37,0.932,1.563,1.37,-3.834,-4.3,,-4.766,-18.513,0.0,0.0,AB2,4.754
BiCuAs2Se6,0.09,-0.1,0,p3,0.387,,1.374,0.387,,1.505,-5.246,-5.439,,-5.633,-39.574,0.0,0.0,ABC2D6,2.039
ReAg2I6,0.08,-0.065,1,p-31m,0.169,,1.376,0.17,,1.405,-5.311,-5.395,,-5.48,-26.794,3.344,3.461,AB2C6,3.341
In2Se4Mg,0.0,-0.766,0,p-3m1,0.581,,1.376,0.581,,1.376,-4.619,-4.91,,-5.2,-26.435,0.0,0.0,AB2C4,3.116
Os2Te4,0.071,0.0,0,p2_1/m11,0.713,,1.379,0.912,,1.433,-3.717,-4.074,,-4.431,-35.201,0.0,0.0,AB2,4.486
Re2As2Se2,0.088,-0.142,0,pm2_1n,0.756,,1.379,0.761,,1.379,-4.29,-4.669,,-5.047,-40.46,0.0,0.0,ABC,4.718
Sb2P2,0.17,0.17,0,pm2_1n,0.804,,1.379,0.804,,1.387,-3.931,-4.333,,-4.735,-18.863,0.0,0.0,AB,2.697
AgMnBr4,0.0,-0.566,1,p-1,0.258,,1.38,0.446,,1.507,-5.801,-5.93,,-6.059,-22.293,-0.074,0.113,ABC4,2.764
Bi4Sr4S8F4,0.008,-1.823,0,p2_1/b11,0.826,,1.381,0.826,,1.381,-4.609,-5.022,,-5.436,-100.833,0.0,0.0,ABCD2,3.419
Os2S4,0.081,-0.3,0,p2_1/m11,0.53,,1.387,0.982,,1.769,-4.865,-5.13,,-5.394,-40.491,0.0,0.0,AB2,4.231
Te5Ga2,0.0,-0.246,0,c2/m11,0.86,,1.389,0.86,,1.447,-4.072,-4.502,,-4.932,-23.551,0.0,0.0,A2B5,1.769
Os2Se4,0.0,-0.173,0,p2_1/m11,0.567,,1.389,0.917,,1.7,-4.241,-4.524,,-4.808,-37.353,0.0,0.0,AB2,4.272
Ag4S6,0.13,0.085,0,p1,0.618,,1.39,0.858,,1.615,-4.279,-4.588,,-4.897,-34.978,0.0,0.0,A2B3,1.969
Co2O2F2,0.0,-1.454,0,pmmn,0.101,,1.39,0.101,,1.39,-7.137,-7.187,,-7.238,-38.601,0.0,0.0,ABC,3.438
Te6Ga2Al2,0.036,-0.355,0,pm2_1n,0.875,,1.391,0.93,,1.452,-4.325,-4.762,,-5.2,-36.063,0.0,0.0,ABC3,2.789
Pd2ICl5,0.058,-0.368,1,cm11,0.223,,1.393,0.224,,1.398,-5.9,-6.011,,-6.123,-20.989,0.276,-0.104,AB2C5,2.836
In2P2S6,0.072,-0.318,0,p312,0.839,,1.395,0.861,,1.431,-4.629,-5.048,,-5.468,-43.908,0.0,0.0,ABC3,3.444
TiCl2,0.007,-1.537,0,p-6m2,0.903,1.636,1.395,1.182,1.854,1.645,-3.343,-3.794,,-4.246,-14.871,0.0,0.0,AB2,3.748
ZrBrCl,0.01,-1.512,0,p3m1,0.912,1.878,1.397,1.523,2.446,2.071,-2.917,-3.373,,-3.829,-15.31,0.0,0.0,ABC,3.955
Ta3TeBr7,0.0,-0.867,0,p3m1,0.741,,1.397,0.741,,1.397,-4.151,-4.521,,-4.892,-53.281,0.0,0.0,AB3C7,1.906
Rh4S8,0.066,-0.379,0,p-1,0.597,,1.402,0.701,,1.498,-5.395,-5.694,,-5.992,-65.763,0.0,0.0,AB2,3.736
GeS2,0.123,-0.224,0,p-3m1,0.729,2.266,1.405,1.159,2.702,1.883,-5.73,-6.095,,-6.459,-13.343,0.0,0.0,AB2,3.718
Sb2,0.074,0.074,0,p-3m1,0.983,,1.406,1.213,,1.759,-3.576,-4.067,,-4.559,-8.663,0.0,0.0,A,2.729
Cu2Cl6,0.072,-0.31,1,p-31m,0.426,,1.409,0.46,,1.507,-6.955,-7.168,,-7.381,-20.542,-0.05,-0.049,AB3,2.722
Ba4Te8As4F4,0.052,-1.525,0,p2_1/b11,0.76,,1.409,1.067,,1.677,-4.325,-4.705,,-5.086,-88.457,0.0,0.0,ABCD2,3.63
Ba4Sb4Te8Cl4,0.063,-1.146,0,p2_1/b11,0.823,,1.411,1.062,,1.655,-4.128,-4.54,,-4.952,-80.645,0.0,0.0,ABCD2,3.407
Sb2Cu2S4,0.063,-0.207,0,pm2_1b,0.357,,1.411,0.357,,1.427,-3.85,-4.028,,-4.207,-34.136,0.0,0.0,ABC2,2.098
Te2Ga2,0.053,-0.321,0,c2/m11,0.946,,1.412,1.239,,1.788,-3.994,-4.467,,-4.94,-13.5,0.0,0.0,AB,1.576
Hf2Br2Cl2,0.032,-1.323,0,pm11,0.818,,1.413,0.869,,1.443,-3.52,-3.929,,-4.338,-29.688,0.0,0.0,ABC,3.728
Tl2Ag2Se2,0.0,-0.246,0,p4/nmm,0.64,,1.415,0.957,,1.699,-2.981,-3.301,,-3.622,-19.117,0.0,0.0,ABC,3.665
Ag2Te2Na2,0.001,-0.504,0,p4/nmm,0.686,,1.419,0.686,,1.419,-2.579,-2.923,,-3.266,-17.729,0.0,0.0,ABC,2.989
Cu4Se4Br4,0.0,-0.261,0,p2_1/b11,0.831,,1.419,0.868,,1.434,-5.651,-6.066,,-6.482,-38.109,0.0,0.0,ABC,1.799
Ag2Te3,0.082,0.041,0,c211,0.765,,1.419,0.778,,1.424,-4.115,-4.497,,-4.88,-15.089,0.0,0.0,A2B3,2.63
Bi2I4GeSe2,0.007,-0.411,0,cm11,0.763,,1.419,0.896,,1.57,-5.053,-5.434,,-5.816,-30.444,0.0,0.0,AB2C2D4,3.305
Pd4Te4P4,0.076,-0.323,0,p2/b11,0.733,,1.419,0.944,,1.757,-4.438,-4.804,,-5.171,-53.437,0.0,0.0,ABC,2.405
Tl4Te4,0.083,-0.143,0,p11a,0.844,,1.419,0.933,,1.561,-3.318,-3.74,,-4.162,-23.957,0.0,0.0,AB,2.831
TlAgP2S6,0.052,-0.2,0,p312,0.587,,1.421,0.625,,1.487,-5.286,-5.579,,-5.872,-42.538,0.0,0.0,ABC2D6,1.972
RhISe,0.065,-0.336,0,p3m1,0.545,,1.425,1.1,,1.98,-4.413,-4.685,,-4.957,-13.117,0.0,0.0,ABC,3.798
In2Te2I2,0.032,-0.418,0,p3m1,0.582,,1.426,0.582,,1.426,-4.558,-4.849,,-5.14,-17.401,0.0,0.0,ABC,3.063
Ru2Na2S2Cl10N2,0.062,-0.641,1,p2_111,0.429,,1.428,0.484,,1.464,-5.919,-6.133,,-6.347,-75.792,0.131,-0.435,ABCDE5,1.863
PdGaBr6,0.028,-0.544,1,c211,0.355,,1.429,0.469,,1.499,-5.687,-5.864,,-6.042,-20.586,-0.502,-0.037,ABC6,2.763
Re2As2Se2,0.086,-0.145,0,p3m1,0.787,,1.43,1.063,,1.645,-4.21,-4.603,,-4.997,-40.475,0.0,0.0,ABC,4.728
Au2I2S4,0.056,0.007,0,p2_122,0.862,,1.43,0.879,,1.441,-4.832,-5.263,,-5.694,-25.475,0.0,0.0,ABC2,2.626
Rh2Te2I2,0.002,-0.413,0,p2_1/m11,0.898,,1.432,0.964,,1.722,-4.126,-4.575,,-5.023,-26.137,0.0,0.0,ABC,2.041
Mo3CrSe8,0.01,-0.642,0,pm2m,0.951,,1.432,0.951,,1.432,-4.271,-4.747,,-5.222,-78.582,0.0,0.0,AB3C8,4.503
In2Se3,0.008,-0.526,0,p3m1,0.754,,1.432,0.754,,1.432,-4.982,-5.359,,-5.736,-18.604,0.0,0.0,A2B3,2.686
HfGeBr2S2,0.063,-1.037,0,pmm2,0.728,,1.434,0.85,,1.617,-4.879,-5.243,,-5.606,-29.568,0.0,0.0,ABC2D2,3.719
Hf2I2N2,0.055,-1.404,0,p-3m1,0.545,,1.436,1.655,,2.574,-4.071,-4.343,,-4.615,-43.099,0.0,0.0,ABC,3.47
Nb3TeBr7,0.0,-0.952,0,p3m1,0.719,,1.436,0.72,,1.437,-4.469,-4.828,,-5.188,-55.749,0.0,0.0,AB3C7,1.878
Ir2S2F2,0.0,-0.92,0,pmmn,0.462,,1.437,0.462,,1.453,-6.116,-6.347,,-6.578,-35.4,0.0,0.0,ABC,3.704
ICrS,0.12,-0.499,1,p3m1,0.387,,1.438,1.097,,2.347,-4.774,-4.968,,-5.161,-16.463,0.151,0.15,ABC,2.003
Au4Br4S4F4,0.073,-0.536,0,p-1,0.874,,1.438,0.968,,1.553,-5.6,-6.037,,-6.475,-50.096,0.0,0.0,ABCD,1.711
Ag4Te2,0.0,-0.068,0,p42_12,0.786,,1.441,0.786,,1.441,-4.439,-4.832,,-5.226,-18.178,0.0,0.0,AB2,2.589
Te2Sc2Cl2,0.026,-1.621,0,pmmn,0.399,,1.441,0.648,,1.752,-4.546,-4.745,,-4.945,-29.023,0.0,0.0,ABC,3.365
Nb3Br7O,0.064,-1.154,0,p3m1,0.769,,1.441,0.772,,1.444,-4.793,-5.177,,-5.561,-59.891,0.0,0.0,AB3C7,1.863
W2Cr2S8,0.014,-0.759,0,pm2m,0.941,,1.442,0.953,,1.442,-4.776,-5.246,,-5.717,-83.52,0.0,0.0,ABC4,4.443
SbTeI,0.123,-0.128,0,p3m1,1.011,1.778,1.442,1.016,1.917,1.66,-4.342,-4.847,,-5.352,-9.472,0.0,0.0,ABC,3.846
Cu4S2,0.012,-0.161,0,p42_12,0.164,,1.442,0.164,,1.442,-5.164,-5.246,,-5.328,-23.824,0.0,0.0,AB2,2.403
Pd2Se2Cl4,0.091,-0.346,0,p1,0.64,,1.445,0.789,,1.617,-5.63,-5.95,,-6.27,-24.513,0.0,0.0,ABC2,2.841
Pb3Se2Br2,0.093,-0.654,0,cm11,0.896,,1.452,0.904,,1.452,-4.681,-5.13,,-5.578,-25.986,0.0,0.0,A2B2C3,3.951
Ta3SeBr7,0.0,-0.932,0,p3m1,0.79,,1.452,0.79,,1.452,-4.233,-4.628,,-5.023,-54.272,0.0,0.0,AB3C7,1.903
Ti2S6,0.0,-0.991,0,pmmn,0.295,,1.452,0.295,,1.452,-5.091,-5.238,,-5.385,-45.778,0.0,0.0,AB3,4.85
CdGa2S4,0.079,-0.621,0,p-3m1,0.496,,1.453,0.496,,1.453,-4.778,-5.026,,-5.274,-27.394,0.0,0.0,AB2C4,3.025
Cu4Se4Cl4,0.003,-0.351,0,p2_1/b11,0.872,,1.454,0.872,,1.464,-5.853,-6.289,,-6.725,-39.985,0.0,0.0,ABC,1.737
Pt4I4SeS3,0.05,-0.259,0,p1,0.641,,1.455,0.775,,1.556,-4.457,-4.777,,-5.098,-50.159,0.0,0.0,AB3C4D4,3.718
Hf2Te2O2,0.049,-2.125,0,p4/nmm,0.635,,1.457,0.856,,1.672,-4.265,-4.582,,-4.9,-44.42,0.0,0.0,ABC,5.685
TiSe2,0.126,-1.005,0,p-6m2,0.522,1.481,1.46,0.867,2.174,2.046,-5.571,-5.832,,-6.093,-16.67,0.0,0.0,AB2,3.98
Tl2Ni4S6,0.002,-0.374,0,p-3m1,0.844,,1.462,0.868,,1.543,-3.762,-4.183,,-4.605,-62.943,0.0,0.0,AB2C3,1.767
PtMn2SeS5,0.032,-0.481,1,cm11,0.525,,1.467,0.709,,1.674,-5.259,-5.521,,-5.784,-53.991,0.984,1.166,ABC2D5,3.633
Tl4O2,0.0,-0.586,0,p-3m1,0.819,,1.469,0.819,,1.469,-3.947,-4.356,,-4.766,-23.755,0.0,0.0,AB2,3.408
HfCl2,0.007,-1.54,0,p-6m2,0.908,2.092,1.471,1.723,2.88,2.343,-2.791,-3.245,,-3.699,-15.696,0.0,0.0,AB2,4.035
Pd2I4,0.036,-0.218,0,p2_1/b11,0.595,,1.472,0.841,,1.779,-4.798,-5.096,,-5.393,-14.861,0.0,0.0,AB2,2.955
NbInBr6,0.006,-0.911,0,p312,0.792,,1.473,0.792,,1.474,-5.064,-5.46,,-5.856,-29.883,0.0,0.0,ABC6,2.498
BiIS,0.014,-0.412,0,p3m1,0.777,2.042,1.474,0.827,2.175,1.602,-5.434,-5.822,,-6.211,-11.467,0.0,0.0,ABC,3.283
Bi2Sb2Se6,0.092,-0.234,0,p31m,0.937,,1.474,0.938,,1.482,-4.551,-5.019,,-5.488,-41.396,0.0,0.0,ABC3,3.562
Hf2Cl4,0.044,-1.503,0,p2_1/m11,0.852,,1.475,0.883,,1.475,-3.619,-4.045,,-4.471,-31.169,0.0,0.0,AB2,3.914
Tl2Se5,0.051,-0.105,0,c211,0.862,,1.475,0.921,,1.481,-4.582,-5.013,,-5.444,-23.146,0.0,0.0,A2B5,1.627
SnSeS,0.01,-0.364,0,p3m1,0.837,,1.476,1.366,,2.064,-5.263,-5.682,,-6.101,-12.71,0.0,0.0,ABC,3.623
Te6Ge2Al2,0.014,-0.25,0,p-31m,0.943,,1.476,0.943,,1.516,-4.098,-4.569,,-5.041,-38.239,0.0,0.0,ABC3,2.079
Nb3SeBr7,0.0,-1.017,0,p3m1,0.76,,1.477,0.76,,1.477,-4.579,-4.959,,-5.339,-56.744,0.0,0.0,AB3C7,1.865
Au2Cl2,0.037,-0.2,0,c2/m11,1.118,,1.477,1.124,,1.477,-5.648,-6.207,,-6.765,-10.63,0.0,0.0,AB,3.528
Te12Ga8,0.0,-0.33,0,p2_1/b11,0.899,,1.48,0.899,,1.48,-3.73,-4.18,,-4.629,-68.294,0.0,0.0,A2B3,1.769
Te2Ge2,0.09,-0.004,0,pmmn,1.065,,1.483,1.152,,1.52,-3.547,-4.079,,-4.611,-15.455,0.0,0.0,AB,2.668
Au4I4Se4,0.0,-0.09,0,p2_1/b11,0.85,,1.484,0.94,,1.539,-5.067,-5.492,,-5.916,-33.443,0.0,0.0,ABC,1.918
VAl2S4,0.058,-0.981,1,p-3m1,0.008,,1.486,0.052,,1.569,-3.483,-3.487,,-3.491,-39.181,0.097,0.097,AB2C4,3.034
Os2Rb2S2Cl10N2,0.0,-0.725,1,p2_1/m11,0.356,,1.486,0.547,,1.527,-5.69,-5.868,,-6.046,-79.955,0.634,-4.802,ABCDE5,1.999
I2Ga2S2,0.132,-0.465,0,pmmn,0.833,,1.487,0.834,,1.491,-5.032,-5.449,,-5.865,-19.709,0.0,0.0,ABC,3.806
Ge2H2,0.082,0.082,0,p-3m1,0.92,2.353,1.488,0.92,2.353,1.488,-3.954,-4.414,,-4.874,-15.351,0.0,0.0,AB,1.965
Tl2O2F2,0.076,-1.231,0,pmmn,0.583,,1.488,0.849,,1.837,-7.392,-7.683,,-7.975,-25.805,0.0,0.0,ABC,3.192
SnBr2S2,0.086,-0.393,0,p2/m11,0.829,,1.49,1.206,,2.095,-5.589,-6.004,,-6.418,-17.345,0.0,0.0,AB2C2,3.283
ScSe2,0.126,-1.126,1,p-6m2,0.56,,1.49,0.682,,1.612,-5.058,-5.338,,-5.618,-15.005,0.195,0.195,AB2,3.198
Si2F2,0.181,-1.767,0,p-3m1,0.666,2.333,1.492,0.666,2.333,1.492,-5.846,-6.179,,-6.512,-21.041,0.0,0.0,AB,2.663
AuSbSe6P2,0.006,-0.117,0,p3,0.866,,1.493,1.143,,1.919,-4.637,-5.07,,-5.503,-40.337,0.0,0.0,ABC2D6,2.013
WTeSe,0.042,-0.324,0,p3m1,1.037,1.8,1.493,1.037,1.8,1.493,-3.649,-4.167,,-4.685,-19.143,0.0,0.0,ABC,4.849
Mn2SeCl3,0.075,-0.838,1,pm11,0.308,,1.494,0.397,,1.611,-5.555,-5.709,,-5.864,-33.298,-0.138,0.306,AB2C3,3.005
Te2As2,0.061,0.047,0,c2/m11,0.934,,1.496,1.113,,1.611,-4.073,-4.54,,-5.007,-15.55,0.0,0.0,AB,2.689
Zr2P2S6,0.199,-0.822,0,p-1,0.759,,1.498,0.933,,1.657,-4.801,-5.181,,-5.56,-58.221,0.0,0.0,ABC3,3.409
Mn2Se5Al2,0.027,-0.605,1,p-3m1,0.33,,1.499,0.33,,1.499,-3.552,-3.717,,-3.882,-49.773,-0.302,-0.302,A2B2C5,3.695
In2Se5Mg2,0.012,-0.865,0,p-3m1,0.7,,1.499,0.7,,1.499,-4.431,-4.781,,-5.131,-33.956,0.0,0.0,A2B2C5,3.564
CdIn2S4,0.051,-0.582,0,p-3m1,0.597,,1.5,0.623,,1.542,-4.9,-5.198,,-5.497,-26.837,0.0,0.0,AB2C4,3.109
ZrCl2,0.0,-1.705,0,p-6m2,0.981,1.993,1.5,1.58,2.564,2.157,-3.029,-3.519,,-4.01,-16.088,0.0,0.0,AB2,3.919
PbTe,0.198,-0.224,0,p3m1,0.93,2.059,1.5,0.93,2.059,1.5,-3.706,-4.171,,-4.636,-7.41,0.0,0.0,AB,2.554
ZnGeSe2Br2,0.077,-0.518,0,p1,0.804,,1.501,0.859,,1.537,-4.95,-5.352,,-5.754,-18.943,0.0,0.0,ABC2D2,2.886
Au2Cd2Te2I2,0.088,-0.295,0,pm2_1b,0.824,,1.501,0.824,,1.501,-4.166,-4.578,,-4.99,-19.843,0.0,0.0,ABCD,1.708
Pd4As4S4,0.038,-0.343,0,p2/b11,0.888,,1.501,1.08,,1.828,-4.926,-5.37,,-5.814,-54.364,0.0,0.0,ABC,2.324
TeIAs,0.0,-0.124,0,p3m1,0.982,1.795,1.502,1.215,2.086,1.725,-4.347,-4.838,,-5.329,-9.718,0.0,0.0,ABC,3.369
Tl2O,0.029,-0.557,0,p-6m2,0.995,,1.505,1.535,,2.166,-3.511,-4.009,,-4.506,-11.79,0.0,0.0,AB2,3.481
Ni4As4S4,0.094,-0.256,0,p2/b11,0.513,,1.507,0.513,,1.722,-4.998,-5.254,,-5.51,-67.023,0.0,0.0,ABC,2.266
BiSeCl,0.0,-0.681,0,p3m1,0.851,2.202,1.509,0.959,2.37,1.628,-5.713,-6.139,,-6.564,-11.985,0.0,0.0,ABC,3.038
Ag4S6,0.123,0.078,0,c2/m11,0.872,,1.509,0.947,,1.595,-4.798,-5.234,,-5.67,-35.046,0.0,0.0,A2B3,3.866
Ta3TeCl7,0.0,-1.193,0,p3m1,0.802,,1.51,0.802,,1.51,-4.204,-4.605,,-5.006,-58.274,0.0,0.0,AB3C7,1.91
Ta3Br7S,0.004,-0.967,0,p3m1,0.847,,1.51,0.847,,1.51,-4.289,-4.712,,-5.136,-55.256,0.0,0.0,AB3C7,1.894
VCuSe6P2,0.041,-0.274,1,c211,0.335,,1.511,0.349,,1.521,-4.724,-4.891,,-5.059,-46.561,-0.06,-0.119,ABC2D6,2.033
P4,0.039,0.039,0,pman,0.903,2.025,1.511,0.903,2.025,1.511,-4.151,-4.602,,-5.053,-21.301,0.0,0.0,A,3.233
HfSeS,0.003,-1.471,0,p3m1,0.684,2.175,1.512,1.421,2.596,2.432,-4.98,-5.321,,-5.663,-19.479,0.0,0.0,ABC,3.526
MoSeO,0.183,-1.174,0,p3m1,0.752,1.979,1.512,1.831,2.866,2.453,-4.527,-4.903,,-5.28,-23.331,0.0,0.0,ABC,4.358
ZrSeS,0.0,-1.478,0,p3m1,0.613,2.206,1.514,1.136,2.584,2.232,-5.133,-5.44,,-5.746,-19.399,0.0,0.0,ABC,3.476
Bi2SeSCl2,0.029,-0.645,0,pm11,0.826,,1.515,1.131,,1.804,-6.038,-6.45,,-6.863,-24.35,0.0,0.0,ABC2D2,3.479
Rb2Ca2As2,0.085,-0.773,0,p4/nmm,0.986,,1.518,1.017,,1.631,-1.202,-1.695,,-2.188,-19.809,0.0,0.0,ABC,2.041
Ir4S8,0.076,-0.381,0,p-1,0.692,,1.52,0.889,,1.695,-4.995,-5.342,,-5.688,-74.297,0.0,0.0,AB2,3.934
Sn2SeS,0.044,-0.4,0,pm11,1.064,,1.522,1.178,,1.619,-3.376,-3.908,,-4.44,-17.275,0.0,0.0,ABC2,3.199
Cr2S2F2,0.066,-1.564,1,pmmn,0.494,,1.523,0.541,,1.523,-6.15,-6.397,,-6.644,-39.528,0.005,-0.012,ABC,3.158
PdBr2,0.148,-0.226,1,p-3m1,0.198,,1.525,0.373,,1.715,-5.477,-5.577,,-5.676,-7.668,0.05,0.054,AB2,3.021
Nb3Br7S,0.004,-1.051,0,p3m1,0.81,,1.525,0.81,,1.525,-4.65,-5.055,,-5.46,-57.708,0.0,0.0,AB3C7,1.885
Cu4Br4S4,0.032,-0.232,0,p2_1/b11,0.783,,1.528,0.819,,1.556,-5.889,-6.28,,-6.672,-40.139,0.0,0.0,ABC,1.778
Te6Al4,0.047,-0.404,0,pm2_1n,1.005,,1.529,1.039,,1.587,-4.302,-4.804,,-5.306,-38.223,0.0,0.0,A2B3,2.791
SbISe,0.019,-0.312,0,p3m1,1.012,1.994,1.529,1.262,2.207,1.789,-4.613,-5.118,,-5.624,-10.305,0.0,0.0,ABC,3.322
CrOFH,0.187,-1.558,1,cm11,0.436,,1.53,0.522,,1.53,-3.072,-3.29,,-3.508,-25.675,-0.247,0.143,ABCD,1.062
InTe2Ga,0.019,-0.343,0,p3m1,0.966,,1.532,0.98,,1.565,-4.209,-4.692,,-5.175,-13.448,0.0,0.0,ABC2,3.823
Tl2Te2Li2,0.022,-0.625,0,p4/nmm,1.041,,1.533,1.045,,1.534,-2.802,-3.323,,-3.844,-18.935,0.0,0.0,ABC,3.109
Bi4S6,0.071,-0.296,0,p31m,0.889,,1.536,1.175,,1.829,-4.615,-5.059,,-5.504,-46.125,0.0,0.0,A2B3,3.197
Ir4Se2S6,0.064,-0.372,0,p1,0.722,,1.536,0.861,,1.692,-4.82,-5.181,,-5.543,-72.997,0.0,0.0,AB2C3,3.929
Tl4Se2,0.016,-0.335,0,pmmn,0.883,,1.538,0.897,,1.559,-3.294,-3.736,,-4.178,-18.968,0.0,0.0,AB2,2.825
TeCuGeBr,0.078,-0.211,0,p3m1,0.652,,1.54,0.652,,1.545,-4.188,-4.514,,-4.84,-13.826,0.0,0.0,ABCD,3.385
Au4S4Cl4F4,0.074,-0.587,0,p-1,0.921,,1.54,1.015,,1.638,-5.793,-6.254,,-6.715,-51.715,0.0,0.0,ABCD,1.686
Pd2I2Br2,0.028,-0.286,0,pb11,0.585,,1.541,0.852,,1.831,-5.027,-5.32,,-5.612,-15.484,0.0,0.0,ABC,2.783
Nb3TeCl7,0.0,-1.269,0,p3m1,0.772,,1.542,0.777,,1.547,-4.551,-4.937,,-5.323,-60.644,0.0,0.0,AB3C7,1.881
Cs2Os2S2Cl10N2,0.0,-0.744,1,p2_1/m11,0.421,,1.544,0.553,,1.572,-5.732,-5.942,,-6.152,-80.144,0.72,-3.436,ABCDE5,2.088
CdGeSeBr2S,0.086,-0.518,0,cm11,0.617,,1.544,0.657,,1.591,-5.387,-5.695,,-6.003,-19.282,0.0,0.0,ABCDE2,2.799
Hg10F4,0.05,-0.699,0,p1,1.172,,1.544,1.32,,1.708,-3.844,-4.43,,-5.016,-24.991,0.0,0.0,A2B5,2.537
Ga4Se6,0.068,-0.526,0,pm2_1n,0.987,,1.545,0.999,,1.56,-4.968,-5.461,,-5.955,-37.766,0.0,0.0,A2B3,2.677
Mo2Cl6,0.0,-0.918,1,c2/m11,0.639,,1.546,0.736,,1.546,-4.837,-5.156,,-5.476,-40.462,0.101,0.217,AB3,1.808
I2Cr2S2,0.0,-0.619,1,pmmn,0.331,,1.548,0.435,,1.681,-5.075,-5.24,,-5.406,-33.645,-0.717,0.558,ABC,4.056
Cu4S4Cl4,0.03,-0.328,0,p2_1/b11,0.822,,1.55,0.846,,1.569,-6.137,-6.548,,-6.959,-42.094,0.0,0.0,ABC,1.715
V4O8,0.083,-2.239,0,c2/m11,0.304,,1.552,0.503,,1.639,-6.587,-6.739,,-6.892,-101.961,0.0,0.0,AB2,2.136
Au3InBr4O4,0.035,-0.392,0,p112,0.475,,1.555,0.489,,1.583,-5.805,-6.042,,-6.28,-43.69,0.0,0.0,AB3C4D4,3.297
In2TeI2S,0.09,-0.416,0,p1,0.833,,1.556,0.833,,1.556,-4.116,-4.532,,-4.949,-18.264,0.0,0.0,ABC2D2,2.929
PdTiS2,0.034,-0.967,0,p-4m2,0.319,,1.557,0.806,,2.447,-4.73,-4.889,,-5.049,-22.536,0.0,0.0,ABC2,3.156
Ag2S2,0.12,0.063,0,p2/m11,0.962,,1.557,1.355,,1.891,-5.238,-5.718,,-6.199,-13.582,0.0,0.0,AB,2.343
Ru2K2Cl10N2O2,0.0,-0.864,1,p2_1/m11,0.372,,1.558,0.376,,1.566,-6.509,-6.695,,-6.881,-81.724,-0.011,-0.058,ABCDE5,1.969
Ir4Se3S5,0.051,-0.374,0,p1,0.75,,1.558,0.87,,1.682,-4.748,-5.123,,-5.498,-72.429,0.0,0.0,A3B4C5,3.975
Ge2Se2,0.025,-0.205,0,pm2_1n,1.121,1.861,1.559,1.142,1.861,1.559,-3.404,-3.965,,-4.525,-16.818,0.0,0.0,AB,3.311
Au2Se2,0.007,-0.116,0,p2/m11,0.956,,1.561,1.439,,2.078,-4.572,-5.05,,-5.528,-13.688,0.0,0.0,AB,2.455
Ge6P8,0.065,0.065,0,p6mm,1.003,,1.562,1.003,,1.562,-4.175,-4.677,,-5.179,-69.103,0.0,0.0,A3B4,3.179
Tl2S3,0.066,-0.145,0,p211,0.73,,1.564,0.988,,1.748,-2.929,-3.294,,-3.659,-17.955,0.0,0.0,A2B3,2.969
InGaSe2P2S4,0.095,-0.293,0,c211,0.955,,1.566,0.968,,1.617,-4.368,-4.845,,-5.323,-42.605,0.0,0.0,ABC2D2E4,3.392
Te2Ni2S6,0.063,-0.118,0,p2_1/m11,0.61,,1.567,0.647,,1.632,-3.784,-4.089,,-4.394,-46.55,0.0,0.0,ABC3,2.33
Pb2I2S,0.048,-0.594,0,p-6m2,0.929,,1.567,0.974,,1.585,-4.889,-5.353,,-5.817,-17.524,0.0,0.0,AB2C2,4.532
Ir4Se8,0.036,-0.336,0,p-1,0.824,,1.568,0.913,,1.638,-4.41,-4.823,,-5.235,-68.996,0.0,0.0,AB2,3.988
Ta3Cl7O,0.075,-1.389,0,p3m1,0.879,,1.569,0.884,,1.573,-4.48,-4.92,,-5.359,-62.348,0.0,0.0,AB3C7,1.889
Re4S8,0.122,-0.471,0,p-1,0.977,,1.57,1.023,,1.591,-4.644,-5.133,,-5.621,-84.901,0.0,0.0,AB2,4.385
Sb2Se6Si2,0.01,-0.348,0,p-31m,1.01,,1.572,1.396,,1.984,-4.455,-4.96,,-5.466,-43.988,0.0,0.0,ABC3,3.66
In2Te2,0.039,-0.311,0,c2/m11,1.072,,1.572,1.439,,2.018,-3.855,-4.391,,-4.927,-13.18,0.0,0.0,AB,1.573
AgAs2Se6Al,0.076,-0.232,0,p312,0.764,,1.577,0.764,,1.593,-4.592,-4.974,,-5.356,-39.116,0.0,0.0,ABC2D6,2.025
Ba4Te8As4Cl4,0.067,-1.089,0,p2_1/b11,0.926,,1.577,1.177,,1.82,-4.182,-4.645,,-5.108,-80.52,0.0,0.0,ABCD2,3.316
Bi2S4H2,0.006,-0.292,0,p2_1/m11,0.962,,1.581,1.119,,1.752,-4.926,-5.407,,-5.888,-34.642,0.0,0.0,ABC2,3.279
Ta3SeCl7,0.0,-1.261,0,p3m1,0.863,,1.582,0.863,,1.582,-4.301,-4.733,,-5.164,-59.299,0.0,0.0,AB3C7,1.886
Ru2S4,0.167,-0.402,0,p2_1/m11,0.725,,1.583,1.133,,1.901,-4.987,-5.35,,-5.712,-37.649,0.0,0.0,AB2,3.932
In8Te12,0.005,-0.313,0,p2_1/b11,0.964,,1.585,0.964,,1.585,-3.753,-4.236,,-4.718,-66.821,0.0,0.0,A2B3,1.826
MoTeS,0.065,-0.546,0,p3m1,0.992,1.988,1.585,1.274,2.055,1.746,-4.142,-4.638,,-5.135,-20.124,0.0,0.0,ABC,4.729
Au2Se4Cl2,0.079,-0.113,0,p2_111,0.883,,1.586,0.915,,1.608,-5.006,-5.448,,-5.889,-24.664,0.0,0.0,ABC2,2.588
Au2Te4Cl2,0.128,-0.158,0,p2_111,0.981,,1.589,1.217,,2.001,-4.507,-4.997,,-5.488,-23.917,0.0,0.0,ABC2,2.579
SbISe,0.149,-0.183,0,p3m1,1.007,1.968,1.592,1.168,2.179,1.922,-4.538,-5.042,,-5.545,-9.915,0.0,0.0,ABC,3.805
ReI6Cu2,0.088,-0.017,1,p-3,0.18,,1.592,0.2,,1.794,-5.06,-5.15,,-5.239,-28.034,10.141,10.193,AB2C6,3.358
MoTeSe,0.025,-0.479,0,p3m1,1.136,1.844,1.594,1.136,1.882,1.594,-3.898,-4.466,,-5.034,-19.327,0.0,0.0,ABC,4.749
Nb3Cl7O,0.053,-1.486,0,p3m1,0.86,,1.594,0.86,,1.594,-4.927,-5.357,,-5.788,-64.941,0.0,0.0,AB3C7,1.865
HfGeS2Cl2,0.094,-1.163,0,pm11,0.836,,1.594,0.926,,1.729,-5.09,-5.508,,-5.926,-30.727,0.0,0.0,ABC2D2,3.704
Ru2Se4,0.076,-0.343,0,p2_1/m11,0.779,,1.595,0.972,,1.667,-4.338,-4.727,,-5.117,-34.918,0.0,0.0,AB2,4.01
Sb2Sc2Se6,0.0,-0.897,0,p31m,1.115,,1.596,1.233,,1.773,-4.143,-4.7,,-5.257,-48.002,0.0,0.0,ABC3,3.62
ICrSe,0.048,-0.474,1,p3m1,0.721,,1.596,1.212,,2.386,-4.482,-4.842,,-5.203,-15.791,0.081,0.081,ABC,3.662
Cu12S6,0.068,-0.105,0,p1,0.627,,1.597,0.95,,1.987,-4.268,-4.582,,-4.895,-70.469,0.0,0.0,AB2,3.881
Rb4O2,0.0,-0.919,0,p-3m1,0.338,,1.598,0.338,,1.599,-1.243,-1.412,,-1.581,-19.401,0.0,0.0,AB2,1.523
BiBrS,0.009,-0.557,0,p3m1,0.891,2.335,1.6,1.145,2.515,1.876,-5.709,-6.155,,-6.6,-12.009,0.0,0.0,ABC,3.065
Nb3SeCl7,0.0,-1.339,0,p3m1,0.831,,1.601,0.831,,1.601,-4.68,-5.095,,-5.51,-61.682,0.0,0.0,AB3C7,1.859
Pd3As2Se8,0.092,-0.153,0,p-3m1,0.845,,1.601,0.912,,1.758,-5.143,-5.565,,-5.988,-50.638,0.0,0.0,A2B3C8,1.804
AuBiSe6P2,0.0,-0.158,0,p3,0.889,,1.604,0.933,,1.73,-4.809,-5.253,,-5.698,-41.014,0.0,0.0,ABC2D6,2.029
PdNi2Br4Cl4,0.029,-0.423,1,p1,0.322,,1.604,0.347,,1.606,-6.135,-6.295,,-6.456,-36.446,-0.506,0.205,AB2C4D4,2.869
Mn2Cl2N2,0.119,-0.467,1,pmmn,0.176,,1.607,0.349,,1.753,-5.93,-6.018,,-6.106,-42.512,-0.394,-0.354,ABC,3.831
Hf2Ti2Se8,0.16,-1.08,0,pm2a,0.646,,1.61,0.651,,1.633,-5.521,-5.843,,-6.166,-69.214,0.0,0.0,ABC4,3.99
Au2Br2S4,0.041,-0.039,0,p2_122,0.984,,1.611,0.991,,1.622,-5.058,-5.55,,-6.043,-26.05,0.0,0.0,ABC2,2.356
Hf2Sn2Se8,0.044,-0.804,0,pm2_1n,0.946,,1.614,1.067,,1.662,-4.093,-4.566,,-5.039,-60.637,0.0,0.0,ABC4,2.136
SbTeBr,0.0,-0.377,0,p3m1,1.052,2.07,1.615,1.351,2.402,1.902,-4.708,-5.234,,-5.76,-10.327,0.0,0.0,ABC,3.14
Te6As4,0.062,0.046,0,pm2_1n,1.025,,1.616,1.127,,1.721,-3.644,-4.156,,-4.669,-37.426,0.0,0.0,A2B3,1.504
Te2Sc2Br2,0.012,-1.464,0,pmmn,0.552,,1.617,0.63,,1.742,-4.486,-4.762,,-5.038,-27.685,0.0,0.0,ABC,3.447
Ba4Bi4Se8F4,0.031,-1.785,0,p2_1/b11,0.903,,1.618,1.019,,1.64,-4.512,-4.963,,-5.415,-95.924,0.0,0.0,ABCD2,3.613
Sb2Mn2S4Cl2,0.084,-0.496,1,pm2_1b,0.355,,1.619,0.55,,1.895,-4.347,-4.524,,-4.701,-53.088,0.267,0.942,ABCD2,1.578
I2TiGeS2,0.068,-0.768,0,pm11,0.486,,1.621,0.49,,1.636,-4.812,-5.056,,-5.299,-26.928,0.0,0.0,ABC2D2,3.301
Re4Se8,0.0,-0.403,0,p-1,1.115,,1.621,1.116,,1.621,-3.929,-4.487,,-5.045,-79.325,0.0,0.0,AB2,4.402
Au2Te4Br2,0.085,-0.11,0,p2_111,1.013,,1.621,1.064,,1.816,-4.485,-4.992,,-5.498,-23.131,0.0,0.0,ABC2,2.629
I2Cu2C6N2F8,0.09,-0.9,0,p-1,0.218,,1.621,0.237,,1.633,-4.915,-5.023,,-5.132,-113.032,0.0,0.0,ABCD3E4,1.849
AuPdSeCl,0.071,-0.264,0,pm11,0.744,,1.623,0.995,,1.949,-4.601,-4.973,,-5.345,-13.275,0.0,0.0,ABCD,2.705
Y2Te3,0.0,-1.396,0,p-6m2,0.912,,1.625,1.346,,2.166,-4.545,-5.001,,-5.458,-25.976,0.0,0.0,A2B3,4.923
Ga2Se3,0.066,-0.528,0,cm2m,0.833,,1.626,0.833,,1.626,-4.054,-4.471,,-4.888,-18.893,0.0,0.0,A2B3,4.201
Te4I4Ti2,0.047,-0.535,0,c2/m11,0.476,,1.626,0.49,,1.643,-4.581,-4.819,,-5.057,-37.461,0.0,0.0,AB2C2,3.449
HfSe2,0.174,-1.175,0,p-6m2,0.812,2.115,1.626,1.113,2.465,1.989,-5.452,-5.859,,-6.265,-17.998,0.0,0.0,AB2,4.081
Ga2Ge2Se6,0.056,-0.367,0,p-31m,1.009,,1.629,1.009,,1.629,-4.722,-5.227,,-5.731,-39.403,0.0,0.0,ABC3,2.026
Sb2Mn2Br2S4,0.096,-0.419,1,pm2_1b,0.37,,1.63,0.374,,1.646,-4.287,-4.472,,-4.657,-51.913,0.415,1.504,ABCD2,1.611
Au3InIBr3O4,0.077,-0.378,0,p1,0.738,,1.63,0.748,,1.645,-5.565,-5.934,,-6.303,-43.42,0.0,0.0,ABC3D3E4,3.198
PtSe2,0.0,-0.413,0,p-3m1,1.167,2.381,1.636,1.358,2.572,1.933,-4.3,-4.883,,-5.466,-14.56,0.0,0.0,AB2,3.674
Sb4Te4Ge4,0.073,0.004,0,p2_122,1.047,,1.636,1.081,,1.679,-3.89,-4.414,,-4.938,-48.464,0.0,0.0,ABC,1.74
Zr2Sn2Se8,0.012,-0.851,0,pm2_1n,0.887,,1.636,0.99,,1.694,-4.184,-4.628,,-5.072,-60.991,0.0,0.0,ABC4,2.123
Ta2I4O2,0.0,-1.348,0,pmmm,0.861,,1.637,0.883,,1.826,-4.114,-4.544,,-4.974,-46.581,0.0,0.0,ABC2,2.103
Ag4F8,0.017,-1.229,0,p2/b11,0.325,,1.637,0.325,,1.637,-6.978,-7.14,,-7.303,-38.801,0.0,0.0,AB2,1.023
Nb2I12Na2,0.019,-0.648,0,p2_111,0.552,,1.641,0.552,,1.641,-5.072,-5.349,,-5.625,-51.374,0.0,0.0,ABC6,2.16
ZrMoI3Br3,0.092,-0.808,1,p1,0.704,,1.642,0.791,,1.75,-4.349,-4.701,,-5.053,-34.26,0.553,-0.561,ABC3D3,3.239
Ta3SCl7,0.0,-1.298,0,p3m1,0.925,,1.643,0.925,,1.645,-4.37,-4.833,,-5.295,-60.3,0.0,0.0,AB3C7,1.878
Au2Br6,0.0,-0.138,0,pb11,0.693,,1.643,0.713,,1.657,-5.583,-5.93,,-6.276,-16.872,0.0,0.0,AB3,2.014
HfSeS,0.196,-1.278,0,p3m1,0.887,2.175,1.645,1.167,2.596,2.082,-5.595,-6.038,,-6.482,-18.9,0.0,0.0,ABC,4.049
Rb2Ru2Cl10N2O2,0.0,-0.876,1,p2_1/m11,0.433,,1.645,0.443,,1.657,-6.517,-6.734,,-6.951,-81.318,-0.018,-0.041,ABCDE5,1.986
Cu4S4F4,0.047,-0.832,0,p2_1/b11,0.985,,1.646,1.072,,1.739,-5.963,-6.455,,-6.948,-47.351,0.0,0.0,ABC,1.407
Ta2Se4Cl4,0.051,-0.921,0,c2/m11,0.939,,1.647,0.939,,1.647,-4.079,-4.548,,-5.018,-49.911,0.0,0.0,AB2C2,1.939
Au2Hg2Br6,0.079,-0.303,0,p-31m,0.782,,1.647,0.782,,1.647,-5.237,-5.628,,-6.019,-20.572,0.0,0.0,ABC3,3.013
AuInI2S,0.092,-0.312,0,p1,0.99,,1.648,1.038,,1.691,-4.64,-5.135,,-5.63,-14.486,0.0,0.0,ABCD2,3.51
SbSeBr,0.0,-0.444,0,p3m1,1.069,2.164,1.649,1.413,2.522,1.989,-4.909,-5.444,,-5.979,-10.806,0.0,0.0,ABC,3.108
In2Te5,0.004,-0.23,0,c2/m11,1.08,,1.649,1.158,,1.74,-3.883,-4.423,,-4.963,-23.158,0.0,0.0,A2B5,1.797
MoO2,0.028,-1.979,0,p-6m2,0.912,2.317,1.651,1.691,2.834,2.428,-5.757,-6.213,,-6.669,-27.388,0.0,0.0,AB2,4.128
Ag4Br12,0.025,-0.164,0,p112/a,0.58,,1.652,0.58,,1.652,-5.373,-5.663,,-5.953,-33.006,0.0,0.0,AB3,1.649
Nb3SCl7,0.0,-1.375,0,p3m1,0.886,,1.654,0.886,,1.654,-4.772,-5.215,,-5.658,-62.674,0.0,0.0,AB3C7,1.852
VCuP2S6,0.04,-0.391,1,c211,0.306,,1.658,0.328,,1.712,-5.098,-5.251,,-5.405,-51.311,0.057,0.01,ABC2D6,2.017
Hf2Te4I4,0.051,-0.677,0,c2/m11,0.947,,1.66,0.983,,1.701,-4.147,-4.62,,-5.094,-40.519,0.0,0.0,AB2C2,3.489
TeAsBr,0.163,-0.082,0,p3m1,1.064,1.963,1.662,1.435,2.355,2.071,-4.652,-5.185,,-5.717,-9.697,0.0,0.0,ABC,3.625
Pt2Br2,0.0,-0.228,0,p-3m1,1.177,,1.663,1.264,,1.771,-4.118,-4.706,,-5.295,-16.789,0.0,0.0,AB,4.271
Rh2I2S2,0.049,-0.387,0,p2_1/m11,0.771,,1.665,0.887,,1.793,-4.336,-4.722,,-5.107,-27.729,0.0,0.0,ABC,2.009
Re6I2Se8,0.0,-0.396,0,p-1,0.904,,1.667,0.925,,1.73,-5.031,-5.484,,-5.936,-107.108,0.0,0.0,AB3C4,2.812
In4Te4I4,0.036,-0.415,0,pb2_1a,0.875,,1.67,0.875,,1.67,-4.614,-5.052,,-5.489,-34.763,0.0,0.0,ABC,3.038
Ir2Te2I2,0.024,-0.212,0,p2_1/m11,0.956,,1.671,1.013,,1.789,-3.788,-4.266,,-4.744,-29.191,0.0,0.0,ABC,2.11
Au4Te4I4,0.0,-0.16,0,p2_1/b11,1.071,,1.672,1.144,,1.697,-4.755,-5.29,,-5.826,-33.168,0.0,0.0,ABC,1.943
Te6Al2Si2,0.002,-0.27,0,p-31m,1.115,,1.673,1.339,,1.926,-3.992,-4.549,,-5.106,-40.2,0.0,0.0,ABC3,2.094
Sn2Te2,0.104,-0.174,0,pmmn,1.252,,1.674,1.267,,1.688,-3.43,-4.056,,-4.682,-15.22,0.0,0.0,AB,2.663
Au2Br2S4,0.036,-0.043,0,p2_111,1.01,,1.677,1.025,,1.752,-5.294,-5.799,,-6.304,-26.089,0.0,0.0,ABC2,2.583
Co4Br4O4,0.17,-0.588,0,p2_1/b11,0.176,,1.678,0.176,,1.702,-4.902,-4.99,,-5.079,-66.806,0.0,0.0,ABC,1.762
WTeS,0.086,-0.419,0,p3m1,1.141,2.065,1.681,1.263,2.065,1.745,-3.824,-4.394,,-4.965,-20.026,0.0,0.0,ABC,4.834
PdS2,0.101,-0.196,0,p-3m1,1.171,2.441,1.681,1.353,2.613,1.932,-5.121,-5.706,,-6.292,-12.563,0.0,0.0,AB2,3.489
Hf2CO2,0.168,-2.307,0,p-3m1,0.938,,1.681,2.036,,2.911,-4.41,-4.879,,-5.348,-46.017,0.0,0.0,AB2C2,4.979
Zr2Te4I4,0.007,-0.752,0,c2/m11,0.821,,1.681,0.856,,1.715,-4.34,-4.75,,-5.16,-41.061,0.0,0.0,AB2C2,3.452
Cr2As2S6,0.074,-0.387,1,p31m,0.798,,1.683,0.954,,1.983,-4.444,-4.843,,-5.242,-56.483,-0.1,-0.1,ABC3,3.595
IAsSe,0.019,-0.16,0,p3m1,1.151,2.03,1.685,1.301,2.214,1.868,-4.436,-5.012,,-5.588,-10.104,0.0,0.0,ABC,3.326
Nb2I12Li2,0.028,-0.628,0,p2_111,0.584,,1.686,0.584,,1.687,-5.064,-5.355,,-5.647,-52.227,0.0,0.0,ABC6,2.186
Pt4In2Se6,0.041,-0.421,0,p-3m1,1.126,,1.689,1.188,,1.726,-3.92,-4.484,,-5.047,-56.892,0.0,0.0,AB2C3,1.849
Au2I6Ni2,0.045,-0.072,1,p-31m,0.098,,1.69,0.3,,1.877,-4.822,-4.871,,-4.919,-30.342,-3.807,-3.808,ABC3,3.578
Hf3ZrSe8,0.169,-1.188,0,pm11,0.844,,1.692,0.849,,1.71,-5.43,-5.852,,-6.274,-72.042,0.0,0.0,AB3C8,4.05
V2Se4Cl4,0.089,-0.739,0,c2/m11,0.647,,1.692,0.647,,1.772,-4.545,-4.868,,-5.192,-45.508,0.0,0.0,AB2C2,3.271
CdGaAlS4,0.092,-0.752,0,p3m1,0.713,,1.692,0.713,,1.692,-4.47,-4.826,,-5.183,-29.142,0.0,0.0,ABCD4,3.022
Au4Cu4Se4,0.0,-0.13,0,pbma,0.768,,1.693,0.971,,1.881,-4.357,-4.741,,-5.125,-42.721,0.0,0.0,ABC,3.766
AgGaSe6P2,0.001,-0.218,0,p312,0.91,,1.694,0.91,,1.753,-4.519,-4.974,,-5.429,-39.552,0.0,0.0,ABC2D6,2.023
Os2Na2S2Cl10N2,0.0,-0.657,1,p2_111,0.546,,1.7,0.604,,1.736,-5.688,-5.961,,-6.234,-79.539,0.742,-2.31,ABCDE5,1.846
Ta2Br4O2,0.0,-1.659,0,pmmm,0.835,,1.7,0.996,,1.928,-4.553,-4.97,,-5.387,-49.492,0.0,0.0,ABC2,1.835
Zr2Te4Cl4,0.061,-1.154,0,c2/m11,1.028,,1.701,1.049,,1.701,-4.266,-4.78,,-5.294,-46.307,0.0,0.0,AB2C2,3.329
Ta2Cl4O2,0.0,-1.903,0,pmmm,0.805,,1.702,0.911,,1.815,-4.892,-5.294,,-5.697,-52.244,0.0,0.0,ABC2,1.794
Ta3TeF7,0.075,-2.501,0,p3m1,0.86,,1.702,0.86,,1.703,-3.947,-4.377,,-4.808,-71.27,0.0,0.0,AB3C7,1.613
Te4Ni2,0.176,-0.065,0,p2_1/b11,0.921,,1.703,0.99,,1.703,-4.022,-4.483,,-4.943,-27.702,0.0,0.0,AB2,2.731
Al2S6B2,0.079,-0.672,0,p-31m,0.728,,1.703,0.803,,1.785,-5.571,-5.935,,-6.299,-52.075,0.0,0.0,ABC3,3.71
Au6I6,0.029,-0.069,0,pm2a,1.079,,1.703,1.248,,1.9,-4.076,-4.616,,-5.155,-28.483,0.0,0.0,AB,2.952
AgInSe6P2,0.0,-0.233,0,p312,0.863,,1.707,0.997,,1.904,-4.509,-4.941,,-5.372,-39.557,0.0,0.0,ABC2D6,2.019
In2Te2,0.003,-0.347,0,p-3m1,1.145,,1.708,1.145,,1.708,-4.112,-4.684,,-5.257,-13.323,0.0,0.0,AB,3.868
Ta2I4Se4,0.029,-0.534,0,c2/m11,0.993,,1.708,1.042,,1.756,-3.971,-4.467,,-4.963,-44.815,0.0,0.0,AB2C2,2.025
Ni3ZnO8H4,0.07,-0.869,1,p-1,0.182,,1.709,0.38,,1.841,-4.202,-4.293,,-4.384,-91.125,0.091,-0.145,AB3C4D8,1.984
AuVSe6P2,0.052,-0.223,1,c211,0.437,,1.712,0.487,,1.741,-4.627,-4.846,,-5.064,-45.509,0.129,0.108,ABC2D6,2.059
Hf2Zr2Se8,0.161,-1.2,0,pm2a,0.841,,1.715,0.867,,1.757,-5.435,-5.855,,-6.276,-72.086,0.0,0.0,ABC4,4.025
Cd2IBrS,0.086,-0.64,0,p3m1,0.907,,1.715,1.204,,1.994,-4.778,-5.232,,-5.685,-12.197,0.0,0.0,ABCD2,4.432
Nb2I12K2,0.009,-0.714,0,p2_111,0.615,,1.716,0.615,,1.716,-5.106,-5.414,,-5.722,-52.259,0.0,0.0,ABC6,2.114
CoSe6NaP2,0.049,-0.33,0,p312,0.525,,1.717,0.525,,1.717,-4.863,-5.125,,-5.388,-44.458,0.0,0.0,ABC2D6,1.975
Te3I2Cu2As4,0.04,-0.052,0,pm11,0.693,,1.718,0.707,,1.721,-4.142,-4.488,,-4.835,-39.151,0.0,0.0,A2B2C3D4,1.614
Rb2K2O2,0.028,-0.954,0,p2_1/m11,0.461,,1.718,0.461,,1.718,-1.219,-1.449,,-1.68,-20.233,0.0,0.0,ABC,1.364
Nb3TeF7,0.013,-2.615,0,p3m1,0.812,,1.719,0.812,,1.719,-4.371,-4.777,,-5.183,-74.053,0.0,0.0,AB3C7,1.594
Zr2S4,0.066,-1.52,0,pmmn,0.702,,1.719,0.827,,1.87,-5.144,-5.495,,-5.847,-40.236,0.0,0.0,AB2,3.623
Al2Si2S2,0.004,-0.591,0,p-3m1,1.094,,1.719,1.386,,2.12,-3.659,-4.206,,-4.753,-29.974,0.0,0.0,ABC,2.709
InMnBr6,0.0,-0.77,1,c211,0.394,,1.721,0.428,,1.769,-5.91,-6.107,,-6.304,-28.144,-0.547,-0.324,ABC6,2.707
Hf2Te4Br4,0.0,-0.909,0,c2/m11,1.043,,1.723,1.064,,1.735,-4.165,-4.687,,-5.208,-43.262,0.0,0.0,AB2C2,3.325
Rh2I2Se2,0.0,-0.401,0,p2_1/m11,0.887,,1.725,0.984,,1.863,-4.198,-4.642,,-5.085,-26.625,0.0,0.0,ABC,2.007
Ta2Se4Br4,0.041,-0.745,0,c2/m11,0.99,,1.725,0.996,,1.727,-4.034,-4.529,,-5.024,-47.349,0.0,0.0,AB2C2,1.927
Zr2CO2,0.172,-2.288,0,p-3m1,0.95,,1.729,1.812,,2.873,-4.341,-4.817,,-5.292,-45.712,0.0,0.0,AB2C2,4.867
Ge4As8,0.006,-0.047,0,pm2_1b,1.186,,1.729,1.201,,1.751,-3.967,-4.56,,-5.153,-55.927,0.0,0.0,AB2,1.981
WSe2,0.0,-0.594,0,p-6m2,1.238,2.104,1.73,1.238,2.127,1.73,-3.614,-4.233,,-4.852,-20.234,0.0,0.0,AB2,4.689
WMo3O8,0.012,-1.999,0,pm2m,0.981,,1.731,1.423,,2.247,-5.618,-6.109,,-6.599,-110.075,0.0,0.0,AB3C8,3.999
In4Se6,0.002,-0.531,0,pm2_1n,1.136,,1.731,1.158,,1.754,-5.047,-5.615,,-6.183,-37.263,0.0,0.0,A2B3,2.729
Pt2Te2S6,0.091,-0.153,0,p2_1/m11,0.724,,1.731,0.907,,1.743,-3.858,-4.219,,-4.581,-45.114,0.0,0.0,ABC3,2.323
Ta3SeF7,0.077,-2.563,0,p3m1,0.895,,1.735,0.895,,1.735,-4.057,-4.504,,-4.951,-72.233,0.0,0.0,AB3C7,1.583
AuAgBr4,0.0,-0.263,0,p1,0.547,,1.735,0.806,,2.032,-5.662,-5.936,,-6.21,-13.887,0.0,0.0,ABC4,2.41
Bi8Se8O4,0.067,-0.624,0,p2_1/m11,1.034,,1.736,1.149,,1.943,-4.142,-4.658,,-5.175,-98.239,0.0,0.0,AB2C2,1.613
Cr2Ge2Se6,0.0,-0.421,1,p-31m,0.703,,1.736,1.126,,2.228,-4.765,-5.116,,-5.468,-52.958,-0.009,-0.009,ABC3,2.083
Sc2Br2C,0.0,-1.327,0,p-3m1,0.663,,1.736,1.174,,2.262,-4.849,-5.181,,-5.512,-28.346,0.0,0.0,AB2C2,2.733
Au2Se4Cl2,0.071,-0.121,0,p2_111,1.088,,1.737,1.127,,1.88,-5.038,-5.582,,-6.125,-24.726,0.0,0.0,ABC2,2.517
Te2Cu4O12,0.088,-0.581,0,p2_1/b11,0.449,,1.738,0.466,,1.781,-7.471,-7.696,,-7.92,-93.071,0.0,0.0,AB2C6,1.53
BiSeBr,0.111,-0.471,0,p3m1,1.02,2.351,1.742,1.244,2.544,1.953,-5.49,-6.0,,-6.511,-11.155,0.0,0.0,ABC,3.537
Pt2I4,0.041,-0.127,0,p2_1/b11,0.784,,1.742,0.993,,2.034,-4.298,-4.689,,-5.081,-19.383,0.0,0.0,AB2,2.999
Pd2Te4,0.093,-0.257,0,p2_1/b11,1.212,,1.743,1.253,,1.857,-3.912,-4.518,,-5.124,-21.999,0.0,0.0,AB2,2.763
BiSCl,0.01,-0.658,0,p3m1,1.002,2.527,1.745,1.178,2.679,1.937,-5.865,-6.366,,-6.867,-12.511,0.0,0.0,ABC,3.01
SbAs,0.039,0.039,0,p3m1,1.262,,1.745,1.528,,2.127,-3.711,-4.342,,-4.973,-8.991,0.0,0.0,AB,2.724
In2Se2Cl2,0.058,-0.757,0,pmmn,1.067,,1.747,1.067,,1.747,-5.159,-5.692,,-6.226,-20.605,0.0,0.0,ABC,3.421
W3MoSe8,0.0,-0.625,0,pm2m,1.258,,1.749,1.258,,1.749,-3.692,-4.321,,-4.95,-81.015,0.0,0.0,AB3C8,4.661
Ir2I2S2,0.078,-0.226,0,p2_1/m11,0.863,,1.749,1.02,,1.928,-3.936,-4.367,,-4.799,-31.022,0.0,0.0,ABC,2.092
W2Mo2Se8,0.0,-0.653,0,pm2m,1.27,,1.749,1.27,,1.749,-3.782,-4.417,,-5.052,-81.079,0.0,0.0,ABC4,4.635
As2Se6NaAl,0.086,-0.389,0,c211,1.046,,1.75,1.05,,1.752,-4.805,-5.328,,-5.851,-39.156,0.0,0.0,ABC2D6,1.671
Os2Rb2Cl10N2O2,0.0,-0.896,1,p2_1/m11,0.411,,1.751,0.624,,1.958,-6.243,-6.449,,-6.655,-85.129,0.347,-0.958,ABCDE5,2.027
Te2I2Sc2,0.0,-1.261,0,pmmn,0.632,,1.751,0.632,,1.751,-4.399,-4.715,,-5.031,-26.254,0.0,0.0,ABC,3.76
SnSe2,0.056,-0.291,0,p-4m2,0.86,,1.752,1.07,,1.929,-4.506,-4.936,,-5.366,-11.896,0.0,0.0,AB2,2.871
Ta2I2O4,0.0,-2.186,0,pmma,0.614,,1.755,0.823,,2.006,-4.912,-5.219,,-5.526,-60.574,0.0,0.0,ABC2,3.027
Pt4Tl2Se6,0.02,-0.445,0,p-3m1,1.132,,1.756,1.184,,1.756,-3.629,-4.195,,-4.761,-56.644,0.0,0.0,AB2C3,1.871
Hf2Ge2Se8,0.022,-0.785,0,pm2_1n,1.072,,1.759,1.154,,1.784,-4.059,-4.594,,-5.13,-61.327,0.0,0.0,ABC4,2.167
FeGa2Se4,0.056,-0.445,0,p-3m1,0.538,,1.761,0.803,,1.814,-3.827,-4.096,,-4.365,-31.894,0.0,0.0,AB2C4,3.303
Os2Na2Cl10N2O2,0.0,-0.823,1,p-1,0.438,,1.762,0.595,,1.892,-6.156,-6.375,,-6.594,-84.607,-0.212,-1.08,ABCDE5,1.909
Mo2Cl2O4,0.094,-1.624,0,cm11,0.71,,1.762,0.807,,1.927,-5.29,-5.645,,-6.0,-59.462,0.0,0.0,ABC2,2.994
Sc2P2S6,0.096,-0.979,0,p31m,0.827,,1.762,1.235,,2.267,-4.42,-4.834,,-5.247,-54.311,0.0,0.0,ABC3,3.444
Y2Cl2C,0.0,-1.587,0,p-3m1,0.961,,1.763,0.982,,1.806,-4.815,-5.295,,-5.775,-30.108,0.0,0.0,AB2C2,4.954
Pb2Br2S,0.006,-0.8,0,p-3m1,1.111,,1.765,1.111,,1.765,-5.42,-5.976,,-6.532,-18.763,0.0,0.0,AB2C2,4.226
Ge2SeS,0.032,-0.222,0,pm11,1.262,,1.766,1.339,,1.838,-3.37,-4.001,,-4.632,-17.481,0.0,0.0,ABC2,3.155
Cd4Br4,0.068,-0.609,0,p2/b11,1.281,,1.771,1.326,,1.771,-4.426,-5.067,,-5.708,-14.923,0.0,0.0,AB,3.827
Rb2K2O2,0.07,-0.913,0,pmm2,0.495,,1.772,0.495,,1.813,-1.362,-1.609,,-1.857,-19.983,0.0,0.0,ABC,1.51
Cr4S6,0.03,-0.703,1,p-6m2,0.636,,1.775,0.636,,1.845,-5.285,-5.603,,-5.921,-69.132,-0.158,-0.157,A2B3,5.254
Zr2Ge2Se8,0.0,-0.828,0,pm2_1n,0.999,,1.776,1.086,,1.835,-4.177,-4.676,,-5.176,-61.63,0.0,0.0,ABC4,2.15
TiSO,0.087,-2.108,0,p3m1,0.561,,1.777,0.561,,1.777,-4.7,-4.98,,-5.261,-22.217,0.0,0.0,ABC,3.112
IGa2SeSCl,0.025,-0.713,0,pm11,0.891,,1.777,0.897,,1.78,-4.829,-5.275,,-5.72,-20.908,0.0,0.0,ABCDE2,3.023
Tl2Br2O2,0.0,-0.641,0,pmmn,1.013,,1.778,1.043,,1.778,-6.099,-6.605,,-7.111,-22.259,0.0,0.0,ABC,3.795
Au2Rb2S2,0.096,-0.691,0,pmma,1.211,,1.778,1.211,,1.778,-1.622,-2.227,,-2.833,-20.381,0.0,0.0,ABC,2.246
SbIS,0.058,-0.278,0,p3m1,1.219,2.26,1.782,1.485,2.457,2.052,-4.59,-5.199,,-5.809,-10.798,0.0,0.0,ABC,3.308
As2Al2S6,0.087,-0.518,0,p31m,1.139,,1.783,1.392,,2.033,-4.379,-4.948,,-5.518,-46.454,0.0,0.0,ABC3,3.556
WMo3Se8,0.0,-0.681,0,pm2m,1.3,,1.785,1.3,,1.785,-3.843,-4.493,,-5.142,-81.13,0.0,0.0,AB3C8,4.609
Zr2Se8Si2,0.094,-0.815,0,pm2_1n,1.012,,1.787,1.073,,1.82,-4.106,-4.612,,-5.118,-63.241,0.0,0.0,ABC4,2.165
AgCrSe6P2,0.0,-0.256,1,p312,0.895,,1.789,0.899,,1.894,-4.542,-4.989,,-5.437,-46.439,-0.061,-0.061,ABC2D6,2.06
PtPd3Cl4O4,0.091,-0.408,0,p112,0.559,,1.79,0.631,,1.878,-5.635,-5.915,,-6.194,-50.345,0.0,0.0,AB3C4D4,3.384
PdS2,0.062,-0.234,0,p2/m11,1.095,,1.791,1.326,,1.987,-4.441,-4.989,,-5.537,-12.679,0.0,0.0,AB2,2.602
Pd2F6,0.04,-1.326,0,p-1,0.425,,1.794,0.439,,1.794,-8.063,-8.276,,-8.488,-27.77,0.0,0.0,AB3,2.232
Zr2Te4Br4,0.0,-0.975,0,c2/m11,0.972,,1.795,1.022,,1.821,-4.308,-4.794,,-5.28,-43.714,0.0,0.0,AB2C2,3.281
AgVSe6P2,0.004,-0.272,1,c211,0.35,,1.798,0.404,,1.8,-4.805,-4.98,,-5.155,-45.71,-0.066,-0.117,ABC2D6,2.051
Tl8S6,0.056,-0.246,0,p11a,1.11,,1.798,1.11,,1.798,-3.026,-3.581,,-4.136,-47.89,0.0,0.0,A3B4,2.544
Tl12S6,0.064,-0.288,0,p1,1.11,,1.799,1.138,,1.823,-3.268,-3.823,,-4.378,-59.622,0.0,0.0,AB2,2.592
Ta3SF7,0.095,-2.6,0,p3m1,0.96,,1.799,0.96,,1.799,-4.136,-4.616,,-5.096,-73.232,0.0,0.0,AB3C7,1.567
Pd2Te2O6,0.08,-0.764,0,c2/m11,0.369,,1.8,0.369,,1.8,-3.817,-4.001,,-4.186,-52.433,0.0,0.0,ABC3,1.632
Ag4Te2O12,0.084,-0.386,0,p2_1/b11,0.636,,1.801,0.644,,1.805,-7.119,-7.437,,-7.755,-86.205,0.0,0.0,AB2C6,1.533
AgGaSe4P2S2,0.005,-0.248,0,c211,0.923,,1.801,1.022,,1.921,-4.524,-4.985,,-5.447,-41.041,0.0,0.0,ABC2D2E4,3.631
Te5Al2,0.002,-0.325,0,c2/m11,1.217,,1.804,1.303,,1.927,-3.675,-4.284,,-4.892,-25.775,0.0,0.0,A2B5,1.782
SbSeCl,0.004,-0.537,0,p3m1,1.172,2.404,1.804,1.507,2.778,2.128,-5.072,-5.658,,-6.244,-11.285,0.0,0.0,ABC,3.059
MoSe2,0.0,-0.708,0,p-6m2,1.321,2.119,1.804,1.321,2.119,1.804,-3.911,-4.572,,-5.233,-20.291,0.0,0.0,AB2,4.584
Pb2S2,0.054,-0.514,0,p4/nmm,1.162,2.225,1.806,1.163,2.226,1.806,-3.346,-3.927,,-4.508,-17.73,0.0,0.0,AB,3.387
TeScCl,0.079,-1.568,0,p3m1,0.809,,1.807,1.302,,2.548,-4.172,-4.577,,-4.981,-14.353,0.0,0.0,ABC,3.321
Nb3SeF7,0.004,-2.683,0,p3m1,0.893,,1.807,0.893,,1.807,-4.515,-4.961,,-5.408,-75.079,0.0,0.0,AB3C7,1.565
Ga2Si2S2,0.021,-0.422,0,p-3m1,1.14,,1.808,1.14,,1.808,-4.433,-5.003,,-5.573,-27.292,0.0,0.0,ABC,2.782
Tl4Se5,0.06,-0.182,0,p1,1.134,,1.809,1.278,,2.0,-3.262,-3.829,,-4.396,-29.045,0.0,0.0,A4B5,2.136
I4Sc2Se4,0.064,-0.914,0,c2/m11,0.984,,1.809,1.013,,1.831,-4.763,-5.256,,-5.748,-38.309,0.0,0.0,AB2C2,3.057
Rb2Se2S6C2H6,0.064,-0.268,0,p2_111,0.968,,1.809,0.968,,1.809,-3.412,-3.896,,-4.38,-76.458,0.0,0.0,ABCD3E3,1.45
Nb2I4Se4,0.0,-0.605,0,c2/m11,1.06,,1.81,1.106,,1.855,-4.099,-4.629,,-5.158,-46.549,0.0,0.0,AB2C2,2.001
V2Se4Br4,0.052,-0.592,0,c2/m11,0.68,,1.81,0.682,,1.814,-4.539,-4.879,,-5.219,-43.237,0.0,0.0,AB2C2,3.247
TeCoBr,0.015,-0.286,0,p3m1,0.896,,1.81,0.995,,2.572,-4.442,-4.89,,-5.338,-13.876,0.0,0.0,ABC,3.709
In2Te2,0.0,-0.35,0,p-6m2,1.233,2.362,1.812,1.237,2.362,1.812,-4.033,-4.649,,-5.265,-13.337,0.0,0.0,AB,3.88
Pd2Te2S6,0.056,-0.137,0,p2_1/m11,1.006,,1.818,1.008,,1.839,-3.825,-4.328,,-4.831,-39.891,0.0,0.0,ABC3,2.308
SbTeBr,0.13,-0.247,0,p3m1,1.319,2.253,1.819,1.469,2.46,2.133,-4.525,-5.184,,-5.844,-9.937,0.0,0.0,ABC,3.614
IrTeI,0.048,-0.189,0,p3m1,1.038,,1.821,1.304,,2.141,-3.596,-4.115,,-4.635,-14.525,0.0,0.0,ABC,3.962
Nb2Se4Cl4,0.0,-0.97,0,c2/m11,1.08,,1.824,1.08,,1.824,-4.159,-4.699,,-5.239,-51.422,0.0,0.0,AB2C2,1.909
ScMnBr6,0.0,-1.224,1,c211,0.521,,1.826,0.554,,1.867,-5.877,-6.138,,-6.398,-33.676,-0.283,-0.079,ABC6,2.696
In2I2S2,0.013,-0.549,0,pm2_1n,0.969,,1.828,0.969,,1.828,-4.829,-5.314,,-5.798,-19.932,0.0,0.0,ABC,2.196
HfMn3SeS4Cl3,0.059,-0.949,1,p1,0.777,,1.828,0.821,,1.861,-5.233,-5.621,,-6.01,-73.198,-0.336,-0.056,ABC3D3E4,3.303
Pt4Se5S3,0.0,-0.407,0,pm11,1.308,,1.829,1.411,,2.043,-4.429,-5.083,,-5.737,-59.949,0.0,0.0,A3B4C5,3.635
Os2K2C2O2F10,0.013,-1.952,0,p2_1/m11,0.502,,1.831,0.544,,1.834,-6.749,-7.0,,-7.251,-104.508,0.0,0.0,ABCDE5,2.132
MoSO,0.103,-1.361,0,p3m1,1.06,2.304,1.831,2.013,3.089,2.655,-4.751,-5.281,,-5.812,-24.487,0.0,0.0,ABC,4.272
Ag4Te4Li4,0.048,-0.508,0,p4/nmm,1.09,,1.831,1.09,,1.831,-2.923,-3.468,,-4.013,-37.836,0.0,0.0,ABC,3.536
MnGaBr4Cl2,0.012,-0.83,1,p1,0.426,,1.832,0.469,,1.892,-5.898,-6.111,,-6.324,-29.171,-0.222,-0.626,ABC2D4,2.749
In2ISe2Br,0.049,-0.584,0,pmm2,1.188,,1.833,1.336,,1.979,-4.936,-5.53,,-6.124,-19.058,0.0,0.0,ABC2D2,3.618
K4O2,0.058,-0.988,0,p-3m1,0.525,,1.834,0.525,,1.834,-1.208,-1.471,,-1.733,-21.057,0.0,0.0,AB2,1.233
Te4Ge4P4,0.06,-0.002,0,p2_122,1.203,,1.835,1.292,,1.924,-3.9,-4.501,,-5.103,-52.364,0.0,0.0,ABC,1.778
Nb2Se4F4,0.055,-1.833,0,c2/m11,1.119,,1.836,1.18,,1.897,-3.962,-4.521,,-5.08,-59.258,0.0,0.0,AB2C2,1.905
Te2Ga2,0.006,-0.368,0,p-3m1,1.269,,1.836,1.321,,1.931,-3.894,-4.529,,-5.164,-13.688,0.0,0.0,AB,3.601
Mo2V2O10,0.0,-2.166,1,p4/n,0.003,,1.837,0.003,,1.837,-5.67,-5.671,,-5.673,-121.016,-0.081,-0.081,ABC5,1.328
SbBrS,0.054,-0.415,0,p3m1,1.217,2.419,1.838,1.647,2.812,2.277,-4.94,-5.549,,-6.158,-11.315,0.0,0.0,ABC,3.089
AsSeBr,0.0,-0.294,0,p3m1,1.228,2.274,1.839,1.667,2.721,2.284,-4.722,-5.336,,-5.95,-10.614,0.0,0.0,ABC,3.109
TeAsBr,0.0,-0.245,0,p3m1,1.237,2.227,1.839,1.64,2.637,2.237,-4.543,-5.162,,-5.781,-10.186,0.0,0.0,ABC,3.16
W2Mo2O8,0.005,-2.01,0,pm2m,1.083,,1.84,1.517,,2.353,-5.441,-5.982,,-6.523,-110.488,0.0,0.0,ABC4,4.031
AgSbAs2S6,0.096,-0.061,0,p3,1.11,,1.843,1.378,,2.114,-4.907,-5.462,,-6.017,-41.655,0.0,0.0,ABC2D6,1.917
FeCl2,0.037,-0.704,1,p-4m2,0.0,,1.843,0.0,,1.909,,-5.332,,,-14.724,1.401,1.401,AB2,2.331
Nb2I4O2,0.0,-1.358,0,pm2m,1.024,,1.845,1.034,,2.04,-4.191,-4.703,,-5.215,-47.682,0.0,0.0,ABC2,2.049
Te2Ga2Si2,0.032,-0.217,0,p-3m1,1.268,,1.845,1.317,,1.968,-3.705,-4.339,,-4.973,-24.317,0.0,0.0,ABC,2.831
PbSe2,0.18,-0.209,0,p-6m2,1.027,,1.847,1.027,,1.847,-3.946,-4.46,,-4.973,-11.35,0.0,0.0,AB2,2.376
Te2P2S10H2,0.059,-0.044,0,p2_111,1.1,,1.848,1.1,,1.848,-5.106,-5.655,,-6.205,-65.268,0.0,0.0,ABCD5,2.157
Bi2I2O2,0.0,-0.997,0,p4/nmm,1.017,,1.849,1.148,,2.015,-5.153,-5.662,,-6.17,-28.537,0.0,0.0,ABC,4.875
I2VO,0.0,-1.14,1,pm2m,0.503,,1.849,0.503,,1.849,-4.782,-5.034,,-5.286,-21.164,0.295,0.29,ABC2,1.916
CoNaP2S6,0.024,-0.412,0,p312,0.616,,1.851,0.616,,1.851,-5.279,-5.588,,-5.896,-48.853,0.0,0.0,ABC2D6,1.953
Re4S8,0.0,-0.593,0,p-1,1.272,,1.854,1.272,,1.854,-4.45,-5.086,,-5.722,-86.371,0.0,0.0,AB2,4.29
V2Cl2O3,0.046,-1.89,1,c211,0.412,,1.856,0.44,,1.897,-5.302,-5.508,,-5.714,-49.222,-0.012,-0.007,A2B2C3,2.154
Re6Se8Br2,0.014,-0.452,0,p-1,1.129,,1.856,1.247,,2.043,-5.082,-5.647,,-6.211,-108.211,0.0,0.0,AB3C4,2.69
Ir2I2Se2,0.045,-0.211,0,p2_1/m11,1.01,,1.857,1.088,,1.985,-3.756,-4.261,,-4.766,-29.738,0.0,0.0,ABC,2.08
IV2Br3O2,0.035,-1.319,0,cm11,0.83,,1.857,0.918,,1.868,-4.654,-5.069,,-5.485,-44.083,0.0,0.0,AB2C2D3,3.172
Tl4S2,0.034,-0.317,0,pmmn,1.169,,1.858,1.188,,1.893,-3.289,-3.874,,-4.458,-20.053,0.0,0.0,AB2,2.903
In2I2Se2,0.012,-0.547,0,pm2_1n,1.047,,1.858,1.047,,1.858,-4.844,-5.367,,-5.89,-18.729,0.0,0.0,ABC,2.148
Te3Cu2As4Br2,0.045,-0.11,0,pm11,0.761,,1.858,0.767,,1.858,-4.184,-4.565,,-4.946,-40.001,0.0,0.0,A2B2C3D4,1.498
Au4Te4Br4,0.0,-0.251,0,p2_1/b11,1.293,,1.86,1.302,,1.878,-4.927,-5.573,,-6.219,-34.689,0.0,0.0,ABC,1.772
Te2Ga2,0.002,-0.372,0,p-6m2,1.297,2.617,1.862,1.487,2.859,2.117,-3.872,-4.52,,-5.169,-13.703,0.0,0.0,AB,3.77
Tl2Cu2S2,0.034,-0.234,0,p2_1/m11,0.614,,1.863,0.614,,1.863,-3.919,-4.226,,-4.533,-21.909,0.0,0.0,ABC,2.797
Tl2Ag2S2,0.022,-0.192,0,pm2_1n,0.992,,1.865,1.221,,2.111,-2.776,-3.273,,-3.769,-19.981,0.0,0.0,ABC,3.665
Nb2Se4Br4,0.0,-0.804,0,c2/m11,1.096,,1.866,1.101,,1.868,-4.144,-4.692,,-5.24,-48.958,0.0,0.0,AB2C2,1.885
SbTeCl,0.0,-0.466,0,p3m1,1.255,2.382,1.866,1.482,2.57,2.103,-4.771,-5.399,,-6.026,-10.795,0.0,0.0,ABC,3.089
I4Sc2S4,0.069,-0.951,0,c2/m11,0.981,,1.868,1.012,,1.889,-4.907,-5.398,,-5.888,-41.051,0.0,0.0,AB2C2,2.98
Tl4Cu4S4,0.024,-0.244,0,cm2e,0.543,,1.869,0.543,,2.04,-3.368,-3.639,,-3.911,-43.936,0.0,0.0,ABC,3.581
Ir2Te2Br2,0.028,-0.29,0,p2_1/m11,1.007,,1.869,1.007,,1.883,-3.976,-4.479,,-4.983,-29.869,0.0,0.0,ABC,1.968
Te4Ge4As4,0.028,-0.034,0,p2_122,1.222,,1.871,1.269,,1.924,-3.848,-4.459,,-5.07,-49.942,0.0,0.0,ABC,1.74
Nb3SF7,0.009,-2.721,0,p3m1,0.964,,1.872,0.964,,1.872,-4.617,-5.098,,-5.58,-76.095,0.0,0.0,AB3C7,1.55
MnGaCl2O2,0.016,-1.43,1,pm11,0.19,,1.873,0.698,,2.166,-5.87,-5.965,,-6.06,-35.016,0.029,-0.203,ABC2D2,3.843
As4S8Li4,0.018,-0.61,0,p2_1/b11,1.25,,1.873,1.287,,1.873,-4.414,-5.039,,-5.664,-68.593,0.0,0.0,ABC2,2.89
In2S2F2,0.086,-1.404,0,pmmn,1.012,,1.873,1.012,,1.873,-5.404,-5.911,,-6.417,-25.278,0.0,0.0,ABC,3.034
FeBr2,0.029,-0.435,1,p-4m2,0.0,,1.875,0.0,,1.923,,-5.155,,,-13.516,0.958,0.958,AB2,2.325
I6Co2,0.0,-0.138,0,p-31m,0.526,,1.876,0.582,,1.985,-4.611,-4.874,,-5.137,-26.432,0.0,0.0,AB3,3.441
CdInAlS4,0.092,-0.718,0,p3m1,0.906,,1.877,0.906,,1.877,-4.425,-4.878,,-5.331,-28.77,0.0,0.0,ABCD4,3.079
In2Ge2Se6,0.0,-0.419,0,p-31m,1.202,,1.879,1.202,,1.879,-4.693,-5.294,,-5.895,-39.641,0.0,0.0,ABC3,2.061
Hg2Ag2I2Se2,0.023,-0.234,0,pm2_1b,1.034,,1.88,1.035,,1.88,-4.498,-5.015,,-5.532,-19.245,0.0,0.0,ABCD,1.633
ZrNiSeS,0.052,-1.057,0,p3m1,0.789,,1.881,1.163,,2.385,-4.128,-4.523,,-4.917,-26.44,0.0,0.0,ABCD,3.885
K4Se4S8,0.061,-0.461,0,p112/a,1.369,,1.882,1.38,,1.892,-3.616,-4.301,,-4.986,-58.813,0.0,0.0,ABC2,1.424
As4S8Li4,0.02,-0.608,0,pb2_1a,1.254,,1.883,1.293,,1.883,-4.415,-5.042,,-5.669,-68.571,0.0,0.0,ABC2,2.843
I6Ga2,0.116,-0.396,0,p-31m,1.153,,1.884,1.153,,1.898,-4.723,-5.3,,-5.876,-17.847,0.0,0.0,AB3,3.143
WAgSeBr5,0.018,-0.434,0,p1,0.802,,1.885,0.811,,1.895,-5.355,-5.756,,-6.157,-29.203,0.0,0.0,ABCD5,2.363
In2Se2Br2,0.05,-0.657,0,pmmn,1.23,,1.887,1.23,,1.887,-4.928,-5.543,,-6.158,-19.604,0.0,0.0,ABC,3.459
SnI4ZnCl2,0.094,-0.585,0,c211,1.101,,1.888,1.108,,1.888,-5.118,-5.669,,-6.219,-19.401,0.0,0.0,ABC2D4,2.949
Ag2Te4I2,0.01,-0.125,0,p2_111,1.025,,1.889,1.099,,1.947,-4.378,-4.89,,-5.402,-22.454,0.0,0.0,ABC2,2.87
InI2ScSeS,0.074,-1.045,0,pmm2,1.111,,1.894,1.408,,2.223,-4.818,-5.373,,-5.928,-24.212,0.0,0.0,ABCDE2,3.763
Re6Se8Cl2,0.002,-0.497,0,p-1,1.194,,1.895,1.309,,2.08,-5.101,-5.698,,-6.295,-109.338,0.0,0.0,AB3C4,2.648
Au4Br4S4H4,0.0,-0.186,0,p-1,1.083,,1.897,1.107,,1.942,-5.557,-6.098,,-6.639,-51.44,0.0,0.0,ABCD,1.734
I2Co,0.072,-0.051,1,p-4m2,0.0,,1.901,0.0,,2.481,,-5.273,,,-11.339,1.16,1.16,AB2,2.698
In2I2Se2,0.053,-0.506,0,pmmn,1.264,,1.903,1.411,,2.058,-4.804,-5.436,,-6.068,-18.482,0.0,0.0,ABC,3.736
I2Ni,0.0,-0.13,1,p-3m1,0.106,,1.904,0.569,,2.234,-4.828,-4.881,,-4.934,-10.593,-0.499,-0.517,AB2,3.513
I8Ni4,0.039,-0.091,0,p2_1/b11,0.633,,1.905,0.641,,1.965,-4.684,-5.001,,-5.317,-41.909,0.0,0.0,AB2,1.643
Sc2Cl2C,0.0,-1.585,0,p-3m1,0.883,,1.907,1.178,,2.256,-5.069,-5.51,,-5.952,-30.033,0.0,0.0,AB2C2,2.683
In2Se4H2,0.0,-0.336,0,p2_1/m11,1.242,,1.907,1.295,,1.947,-4.215,-4.836,,-5.457,-28.791,0.0,0.0,ABC2,3.436
Tl2Pd4S6,0.0,-0.362,0,p-3m1,1.305,,1.909,1.312,,1.967,-3.714,-4.366,,-5.018,-49.091,0.0,0.0,AB2C3,1.761
Ni4S4Cl4,0.082,-0.388,1,p2_1/b11,0.681,,1.909,0.753,,2.118,-5.658,-5.998,,-6.339,-57.1,0.172,0.092,ABC,1.729
WSeS,0.01,-0.724,0,p3m1,1.402,2.314,1.911,1.402,2.326,1.911,-3.797,-4.498,,-5.198,-21.217,0.0,0.0,ABC,4.68
In2I2S2,0.038,-0.524,0,p3m1,1.162,,1.912,1.162,,1.917,-4.61,-5.191,,-5.772,-19.781,0.0,0.0,ABC,3.499
SbCuSe6P2,0.0,-0.144,0,p3,1.049,,1.912,1.288,,2.424,-4.381,-4.906,,-5.431,-41.148,0.0,0.0,ABC2D6,1.995
Au2S4Cl2,0.04,-0.094,0,p2_111,1.193,,1.913,1.242,,2.024,-5.326,-5.923,,-6.519,-26.896,0.0,0.0,ABC2,2.538
Re6I2S8,0.0,-0.525,0,p-1,1.034,,1.915,1.06,,1.924,-5.095,-5.612,,-6.129,-113.921,0.0,0.0,AB3C4,2.771
K4O2,0.095,-0.951,0,pmmn,0.608,,1.917,0.608,,1.951,-1.314,-1.618,,-1.922,-20.83,0.0,0.0,AB2,1.362
Hg2I2,0.0,-0.293,0,p-3m1,1.277,,1.918,1.302,,1.946,-4.634,-5.273,,-5.911,-5.899,0.0,0.0,AB,3.963
Mn4Cl12,0.026,-0.88,1,p11a,0.497,,1.919,0.567,,1.944,-6.608,-6.857,,-7.106,-74.365,0.111,1.395,AB3,3.579
MnGaBr5Cl,0.015,-0.785,1,p1,0.535,,1.919,0.589,,1.984,-5.783,-6.05,,-6.318,-28.607,-0.65,-0.207,ABCD5,2.735
As2Li2Be2,0.083,-0.407,0,p4/nmm,1.291,,1.92,1.352,,1.985,-1.941,-2.587,,-3.232,-22.954,0.0,0.0,ABC,2.77
Hg2Ag2Te2I2,0.016,-0.219,0,pm2_1b,1.127,,1.923,1.127,,1.923,-4.16,-4.724,,-5.287,-18.572,0.0,0.0,ABCD,1.63
Nb2Br4O2,0.0,-1.66,0,pm2m,1.038,,1.923,1.187,,2.073,-4.611,-5.13,,-5.649,-50.516,0.0,0.0,ABC2,1.814
Au4Te4Cl4,0.001,-0.319,0,p2_1/b11,1.36,,1.924,1.377,,1.965,-5.0,-5.68,,-6.36,-36.311,0.0,0.0,ABC,1.717
Au2SeO4,0.079,-0.257,0,c222,0.843,,1.925,1.109,,2.237,-5.101,-5.523,,-5.944,-32.036,0.0,0.0,AB2C4,1.178
HfZrPd2I4S4,0.063,-0.86,0,p112,0.951,,1.925,0.951,,1.925,-4.675,-5.15,,-5.626,-55.094,0.0,0.0,ABC2D4E4,3.577
Ta2I12Na2,0.012,-0.666,0,p2_111,0.881,,1.931,0.881,,1.931,-4.847,-5.287,,-5.727,-50.645,0.0,0.0,ABC6,2.154
Zr2Sn2S8,0.043,-0.954,0,pm2_1n,1.072,,1.937,1.111,,1.97,-4.42,-4.956,,-5.491,-66.997,0.0,0.0,ABC4,2.029
In6I6,0.058,-0.429,0,p11a,1.445,,1.938,1.445,,1.938,-3.571,-4.293,,-5.016,-30.598,0.0,0.0,AB,2.939
Te8Si4,0.0,-0.05,0,p2_1/b11,1.293,,1.94,1.31,,1.968,-3.71,-4.357,,-5.003,-47.837,0.0,0.0,AB2,1.719
Cr2Se6Si2,0.0,-0.499,1,p-31m,0.916,,1.945,1.227,,2.423,-4.605,-5.063,,-5.521,-55.503,-0.073,-0.072,ABC3,2.087
IGe2ClO3,0.091,-1.189,0,cm11,0.986,,1.946,0.987,,1.946,-4.474,-4.967,,-5.46,-35.99,0.0,0.0,ABC2D3,3.094
I2Ga2S2,0.008,-0.589,0,pm2_1n,1.045,,1.947,1.046,,1.948,-4.361,-4.883,,-5.406,-20.454,0.0,0.0,ABC,2.132
I4Mn,0.026,-0.236,1,p1,0.803,,1.948,0.903,,1.979,-4.666,-5.067,,-5.469,-16.809,0.473,0.294,AB4,2.52
MoSeS,0.009,-0.805,0,p3m1,1.453,2.328,1.949,1.453,2.361,1.949,-4.123,-4.849,,-5.576,-21.178,0.0,0.0,ABC,4.568
IAsS,0.079,-0.108,0,p3m1,1.336,2.356,1.95,1.366,2.358,2.048,-4.44,-5.108,,-5.777,-10.542,0.0,0.0,ABC,3.315
Nb2Cl4O2,0.0,-1.898,0,pm2m,1.041,,1.951,1.119,,2.03,-4.923,-5.443,,-5.964,-53.226,0.0,0.0,ABC2,1.772
Zr2Ge2S8,0.026,-0.94,0,pm2_1n,1.088,,1.954,1.128,,1.995,-4.446,-4.99,,-5.535,-67.74,0.0,0.0,ABC4,2.056
Se8Si4,0.064,-0.387,0,pm2_1b,1.023,,1.956,1.023,,1.956,-3.884,-4.395,,-4.907,-54.099,0.0,0.0,AB2,3.0
Se5P2,0.088,0.04,0,p31m,1.156,,1.956,1.333,,2.151,-4.068,-4.646,,-5.224,-27.861,0.0,0.0,A2B5,2.552
Ag6I12,0.023,-0.157,0,p1,1.123,,1.956,1.164,,1.981,-4.691,-5.253,,-5.814,-37.6,0.0,0.0,AB2,2.422
Re6Se8F2,0.0,-0.727,0,p-1,1.266,,1.957,1.376,,2.15,-4.951,-5.584,,-6.217,-112.619,0.0,0.0,AB3C4,2.479
As4Be6,0.098,0.098,0,p-42_1m,1.279,,1.958,1.279,,1.958,-4.228,-4.868,,-5.507,-39.884,0.0,0.0,A2B3,2.674
NiGa2S4,0.032,-0.55,1,p-3m1,0.17,,1.961,0.255,,1.961,-4.272,-4.357,,-4.442,-33.218,0.179,0.177,AB2C4,3.109
W3MoO8,0.0,-2.018,0,pm2m,1.185,,1.961,1.643,,2.438,-5.264,-5.857,,-6.449,-110.869,0.0,0.0,AB3C8,4.062
Ta2I12Li2,0.021,-0.646,0,p2_111,0.907,,1.962,0.907,,1.962,-4.835,-5.289,,-5.742,-51.484,0.0,0.0,ABC6,2.194
In2Se2,0.003,-0.534,0,p-3m1,1.321,,1.963,1.359,,1.998,-4.573,-5.234,,-5.894,-14.629,0.0,0.0,AB,3.955
Pd4Se4P4,0.002,-0.406,0,p2/b11,1.103,,1.963,1.234,,2.03,-4.421,-4.973,,-5.525,-55.541,0.0,0.0,ABC,2.348
Hg2I2Cu2Se2,0.03,-0.219,0,pm2_1b,0.771,,1.963,0.771,,1.963,-4.341,-4.727,,-5.112,-20.8,0.0,0.0,ABCD,1.71
Rh2Te2Br2,0.0,-0.513,0,p2_1/m11,0.984,,1.965,0.984,,1.973,-4.336,-4.828,,-5.32,-26.951,0.0,0.0,ABC,1.907
In8I6BrS4Cl,0.037,-0.567,0,cm11,1.284,,1.965,1.353,,2.062,-4.592,-5.234,,-5.876,-61.999,0.0,0.0,ABC4D6E8,3.891
Pb2I4,0.055,-0.637,0,pmmn,1.226,,1.965,1.417,,2.261,-4.863,-5.476,,-6.089,-17.255,0.0,0.0,AB2,3.12
Tl2S,0.016,-0.336,0,p-6m2,1.443,,1.965,1.527,,1.986,-3.22,-3.941,,-4.663,-10.082,0.0,0.0,AB2,3.044
Rh2I6,0.0,-0.313,0,p-31m,0.991,,1.965,1.018,,2.024,-4.373,-4.869,,-5.364,-25.669,0.0,0.0,AB3,3.394
Sb4Te4Si4,0.083,0.014,0,p2_122,1.36,,1.966,1.395,,1.984,-3.519,-4.199,,-4.879,-51.874,0.0,0.0,ABC,1.76
Y2CF2,0.0,-2.497,0,p-3m1,1.117,,1.966,1.289,,2.162,-3.131,-3.69,,-4.248,-34.261,0.0,0.0,AB2C2,3.851
W2Cl6,0.052,-0.764,1,c2/m11,0.548,,1.967,0.663,,1.967,-4.397,-4.671,,-4.945,-39.797,1.359,1.655,AB3,1.849
AgSbSe6P2,0.0,-0.152,0,p3,1.232,,1.968,1.439,,2.3,-4.232,-4.848,,-5.464,-40.394,0.0,0.0,ABC2D6,1.994
ZrPdBr6,0.0,-0.988,1,p312,0.628,,1.974,0.645,,2.005,-5.457,-5.771,,-6.085,-28.635,0.087,0.085,ABC6,2.854
Ni3Se8P2,0.067,-0.145,0,p-3m1,0.7,,1.976,0.7,,1.976,-4.767,-5.117,,-5.467,-62.212,0.0,0.0,A2B3C8,1.768
V2Br3ClO2,0.029,-1.452,0,cm11,0.901,,1.976,0.995,,1.983,-4.819,-5.27,,-5.721,-45.452,0.0,0.0,AB2C2D3,3.042
Sr4As4Se8F4,0.0,-1.698,0,p2_1/b11,1.356,,1.976,1.356,,1.976,-4.386,-5.063,,-5.741,-93.52,0.0,0.0,ABCD2,3.36
Hf2Sn2S8,0.078,-0.919,0,pm2_1n,1.183,,1.977,1.256,,2.037,-4.29,-4.882,,-5.473,-66.779,0.0,0.0,ABC4,2.045
BiAgSe6P2,0.0,-0.191,0,p3,1.101,,1.979,1.146,,2.047,-4.507,-5.057,,-5.607,-41.048,0.0,0.0,ABC2D6,1.996
IVBrS,0.128,-0.602,1,pm11,0.537,,1.98,0.613,,2.241,-5.051,-5.319,,-5.588,-18.074,0.051,-0.026,ABCD,1.65
BiBrS,0.124,-0.442,0,p3m1,1.188,2.666,1.98,1.487,2.908,2.29,-5.605,-6.199,,-6.793,-11.661,0.0,0.0,ABC,3.521
BiSeF,0.041,-1.305,0,p3m1,1.258,,1.981,1.258,,1.984,-5.041,-5.67,,-6.299,-13.658,0.0,0.0,ABC,2.686
Cd2BrS2Cl,0.089,-0.638,0,p3m1,1.072,,1.981,1.072,,1.981,-5.168,-5.703,,-6.239,-17.207,0.0,0.0,ABC2D2,4.462
Se4MgAl2,0.011,-0.962,0,p-3m1,1.064,,1.984,1.064,,1.984,-3.772,-4.304,,-4.836,-29.756,0.0,0.0,AB2C4,2.983
In3I3,0.089,-0.399,0,pm2m,1.434,,1.984,1.698,,2.243,-3.402,-4.119,,-4.836,-15.117,0.0,0.0,AB,2.757
Au4Se4Na4,0.011,-0.582,0,cm2e,1.392,,1.984,1.392,,1.984,-2.457,-3.152,,-3.848,-38.662,0.0,0.0,ABC,2.249
Sn2S2,0.043,-0.415,0,pm2_1n,1.414,2.503,1.987,1.587,2.665,2.17,-3.241,-3.948,,-4.655,-17.928,0.0,0.0,AB,3.313
Ag2S4F2,0.006,-0.552,0,p2_111,1.354,,1.99,1.48,,2.162,-4.876,-5.553,,-6.23,-29.581,0.0,0.0,ABC2,2.16
Au4Se4Br4,0.0,-0.182,0,p2_1/b11,1.239,,1.991,1.255,,1.991,-5.319,-5.938,,-6.558,-34.974,0.0,0.0,ABC,1.744
BiSeCl,0.119,-0.561,0,p3m1,1.235,2.612,1.992,1.34,2.708,2.102,-5.585,-6.203,,-6.82,-11.626,0.0,0.0,ABC,3.5
TeGe,0.087,-0.006,0,p3m1,1.474,2.647,1.994,1.671,2.969,2.293,-3.48,-4.217,,-4.954,-7.733,0.0,0.0,AB,2.628
Au4Br4S4,0.006,-0.1,0,p2_1/b11,1.12,,2.0,1.161,,2.007,-5.586,-6.146,,-6.706,-36.37,0.0,0.0,ABC,1.737
Pt2Te4,0.144,-0.276,0,p2_1/b11,1.309,,2.001,1.357,,2.062,-3.779,-4.433,,-5.088,-27.181,0.0,0.0,AB2,2.896
Hg2Cu2Se2F2,0.038,-0.698,0,pm2_1b,0.523,,2.003,0.523,,2.003,-4.207,-4.468,,-4.73,-24.849,0.0,0.0,ABCD,1.425
HfPdBr6,0.0,-0.988,1,p312,0.642,,2.003,0.658,,2.031,-5.432,-5.753,,-6.074,-28.739,0.151,0.15,ABC6,2.868
I2Ga2Se2,0.007,-0.567,0,pm2_1n,1.152,,2.003,1.152,,2.003,-4.437,-5.012,,-5.588,-19.131,0.0,0.0,ABC,2.103
WSeO,0.185,-1.121,0,p3m1,1.244,2.445,2.004,2.066,3.161,2.739,-3.909,-4.531,,-5.153,-23.455,0.0,0.0,ABC,4.479
CoSe6P2Li,0.009,-0.359,0,p312,0.833,,2.004,0.833,,2.091,-4.664,-5.08,,-5.496,-45.338,0.0,0.0,ABC2D6,2.038
RhGaCl2O2,0.057,-1.106,0,pmm2,0.613,,2.004,0.613,,2.023,-5.032,-5.339,,-5.645,-30.506,0.0,0.0,ABC2D2,3.85
Hf2Ge2S8,0.061,-0.909,0,pm2_1n,1.21,,2.006,1.274,,2.068,-4.289,-4.893,,-5.498,-67.571,0.0,0.0,ABC4,2.074
Hg2Ag2I2S2,0.02,-0.213,0,pm2_1b,1.1,,2.009,1.137,,2.027,-4.468,-5.017,,-5.567,-20.266,0.0,0.0,ABCD,1.656
Sc2CH2,0.071,-0.546,0,p-3m1,1.01,,2.009,1.16,,2.185,-4.068,-4.573,,-5.078,-27.917,0.0,0.0,AB2C2,3.091
OsMoCl6,0.047,-0.647,1,c211,0.819,,2.009,0.853,,2.044,-4.553,-4.962,,-5.371,-38.277,-0.533,-1.161,ABC6,3.279
Au2S2,0.0,-0.091,0,p2/m11,1.216,,2.01,1.605,,2.373,-4.764,-5.372,,-5.98,-14.78,0.0,0.0,AB,2.438
Rb2Se2Li2,0.042,-1.151,0,p4/nmm,1.268,,2.01,1.268,,2.01,-0.943,-1.577,,-2.211,-19.47,0.0,0.0,ABC,1.939
AgCrP2S6,0.008,-0.355,1,p312,1.01,,2.012,1.018,,2.069,-4.873,-5.378,,-5.883,-50.992,0.1,0.1,ABC2D6,2.031
Pd2Br4,0.016,-0.358,0,p2_1/b11,0.709,,2.012,0.916,,2.227,-5.207,-5.562,,-5.916,-16.129,0.0,0.0,AB2,2.612
Pd2S4,0.002,-0.294,0,p2_1/b11,1.12,,2.015,1.611,,2.547,-4.427,-4.987,,-5.547,-25.717,0.0,0.0,AB2,2.605
Hg2I6Cu2,0.048,-0.238,0,p-31m,0.658,,2.016,0.658,,2.016,-4.695,-5.024,,-5.353,-20.378,0.0,0.0,ABC3,3.279
SrIOH,0.087,-1.743,0,p3m1,1.203,,2.016,1.203,,2.016,-3.034,-3.636,,-4.238,-18.575,0.0,0.0,ABCD,2.448
PtSeS,0.012,-0.392,0,p3m1,1.33,,2.017,1.432,,2.132,-4.47,-5.135,,-5.8,-15.092,0.0,0.0,ABC,3.672
Pd4I8,0.0,-0.254,0,p2_1/b11,1.069,,2.017,1.104,,2.061,-4.722,-5.257,,-5.792,-30.155,0.0,0.0,AB2,1.561
As2,0.005,0.005,0,p-3m1,1.483,,2.019,1.805,,2.451,-3.759,-4.5,,-5.242,-9.316,0.0,0.0,A,2.811
Pb6I12,0.037,-0.655,0,c2/m11,1.255,,2.02,1.464,,2.257,-4.848,-5.475,,-6.102,-52.084,0.0,0.0,AB2,2.999
Sc2Se4Br4,0.07,-1.167,0,c2/m11,1.277,,2.021,1.4,,2.138,-4.725,-5.364,,-6.003,-41.261,0.0,0.0,AB2C2,2.861
Ni4Se4P4,0.026,-0.304,0,p2/b11,0.628,,2.021,0.683,,2.231,-4.604,-4.918,,-5.232,-68.025,0.0,0.0,ABC,2.29
As8Si4,0.003,-0.08,0,pm2_1b,1.422,,2.023,1.427,,2.023,-3.865,-4.576,,-5.287,-59.857,0.0,0.0,AB2,1.963
Cr2Br2S2,0.003,-0.807,1,pmmn,0.455,,2.023,0.455,,2.087,-5.475,-5.703,,-5.931,-34.982,0.182,0.115,ABC,3.699
Cu2Cl4,0.003,-0.506,1,p2_1/b11,0.264,,2.023,0.43,,2.184,-6.466,-6.598,,-6.73,-17.528,-0.088,-0.042,AB2,1.579
InMnBrS,0.09,-0.501,1,p3m1,0.978,,2.023,1.101,,2.023,-3.984,-4.474,,-4.963,-20.148,-0.043,-0.043,ABCD,2.159
Se5Mg2Al2,0.012,-1.026,0,p-3m1,1.114,,2.024,1.114,,2.024,-3.709,-4.266,,-4.823,-37.357,0.0,0.0,A2B2C5,3.46
SbBrS,0.183,-0.287,0,p3m1,1.426,2.607,2.028,1.946,3.118,2.626,-4.935,-5.648,,-6.361,-10.929,0.0,0.0,ABC,3.548
Ga2Se6Si2,0.062,-0.448,0,p-31m,1.36,,2.028,1.368,,2.035,-4.483,-5.163,,-5.843,-41.985,0.0,0.0,ABC3,2.026
VMn2Br4O4,0.074,-1.294,1,p1,0.652,,2.029,0.705,,2.1,-5.785,-6.111,,-6.437,-69.026,1.876,1.801,AB2C4D4,2.952
Si2Cl2,0.095,-0.681,0,p-3m1,1.253,,2.029,1.253,,2.029,-4.623,-5.249,,-5.875,-17.092,0.0,0.0,AB,3.397
I4Ti2Se4,0.0,-0.711,0,c2/m11,0.684,,2.029,0.684,,2.035,-4.847,-5.189,,-5.531,-40.337,0.0,0.0,AB2C2,3.398
Tl2Ga2O6,0.08,-1.188,0,pm2_1n,1.047,,2.03,1.047,,2.03,-6.363,-6.887,,-7.41,-53.428,0.0,0.0,ABC3,2.317
W2I6,0.069,0.069,1,p-31m,0.705,,2.03,0.706,,2.035,-4.015,-4.368,,-4.721,-31.288,-10.343,-10.359,AB3,3.317
Se6Al4,0.05,-0.807,0,c211,1.319,,2.034,1.376,,2.082,-4.671,-5.331,,-5.99,-43.921,0.0,0.0,A2B3,4.733
SbSeBr,0.124,-0.32,0,p3m1,1.464,2.572,2.037,1.786,2.903,2.438,-4.662,-5.393,,-6.125,-10.435,0.0,0.0,ABC,3.563
AsBrS,0.028,-0.256,0,p3m1,1.387,2.514,2.037,1.813,2.96,2.478,-4.748,-5.441,,-6.135,-11.094,0.0,0.0,ABC,3.096
Hg2I2Cu2S2,0.04,-0.221,0,pm2_1b,0.774,,2.038,0.808,,2.038,-4.336,-4.723,,-5.109,-22.008,0.0,0.0,ABCD,1.742
Tl2Cl2O2,0.001,-0.723,0,pmmn,1.03,,2.039,1.295,,2.327,-6.485,-7.0,,-7.514,-23.151,0.0,0.0,ABC,3.73
Y2Se4Br4,0.035,-1.336,0,c2/m11,1.337,,2.04,1.444,,2.157,-4.749,-5.417,,-6.086,-43.015,0.0,0.0,AB2C2,2.825
In2Se3,0.051,-0.482,0,pm11,1.387,,2.04,1.394,,2.046,-4.469,-5.162,,-5.856,-18.386,0.0,0.0,A2B3,2.688
Ge4P8,0.002,0.002,0,pm2_1b,1.333,,2.044,1.336,,2.068,-4.289,-4.955,,-5.622,-60.954,0.0,0.0,AB2,1.997
Ba4Sb4Se8F4,0.0,-1.769,0,p2_1/b11,1.386,,2.045,1.468,,2.055,-4.183,-4.876,,-5.569,-94.534,0.0,0.0,ABCD2,3.499
Au2Sb2S6,0.092,-0.082,0,p-1,1.226,,2.046,1.382,,2.237,-4.807,-5.42,,-6.034,-40.362,0.0,0.0,ABC3,2.743
Ag2Cd2Te2I2,0.034,-0.344,0,pm2_1b,1.193,,2.047,1.193,,2.047,-3.939,-4.536,,-5.132,-19.656,0.0,0.0,ABCD,1.622
Ag2I6Ni2,0.036,-0.149,1,p-31m,0.263,,2.047,0.401,,2.172,-4.746,-4.878,,-5.009,-30.537,-1.66,-1.661,ABC3,3.443
Pd2Se4,0.004,-0.287,0,p2_1/b11,1.313,,2.048,1.445,,2.255,-4.091,-4.747,,-5.404,-23.294,0.0,0.0,AB2,2.639
Sc2As2S6,0.091,-0.957,0,p31m,1.423,,2.05,1.512,,2.144,-4.311,-5.022,,-5.734,-52.68,0.0,0.0,ABC3,3.423
Ir2Te2Cl2,0.048,-0.363,0,p2_1/m11,1.096,,2.05,1.1,,2.055,-3.989,-4.537,,-5.085,-30.711,0.0,0.0,ABC,1.95
InCuSe6P2,0.0,-0.229,0,p3,0.908,,2.051,0.908,,2.088,-4.647,-5.101,,-5.555,-40.356,0.0,0.0,ABC2D6,2.021
Cs2Te2Na2,0.051,-0.979,0,p4/nmm,1.409,,2.053,1.409,,2.053,-1.03,-1.735,,-2.439,-16.566,0.0,0.0,ABC,2.284
Ta2I12K2,0.0,-0.735,0,p2_111,0.989,,2.053,0.989,,2.053,-4.875,-5.369,,-5.864,-51.57,0.0,0.0,ABC6,2.071
In2Te2I2,0.005,-0.446,0,pm2_1n,1.291,,2.054,1.291,,2.054,-4.552,-5.197,,-5.843,-17.566,0.0,0.0,ABC,2.093
AgVP2S6,0.009,-0.381,1,c211,0.371,,2.054,0.405,,2.103,-5.173,-5.358,,-5.544,-50.368,-0.047,-0.1,ABC2D6,2.022
Ag2Te4Br2,0.0,-0.193,0,p2_111,1.214,,2.055,1.242,,2.174,-4.372,-4.979,,-5.586,-23.215,0.0,0.0,ABC2,2.642
WS2,0.0,-0.874,0,p-6m2,1.534,2.532,2.055,1.534,2.532,2.055,-3.966,-4.733,,-5.5,-22.262,0.0,0.0,AB2,4.645
In2Se2,0.0,-0.538,0,p-6m2,1.404,2.74,2.055,1.448,2.775,2.097,-4.507,-5.209,,-5.912,-14.642,0.0,0.0,AB,3.968
Hg2Te2Cu2Cl2,0.025,-0.332,0,pm2_1b,0.897,,2.058,0.905,,2.058,-4.085,-4.534,,-4.982,-21.76,0.0,0.0,ABCD,1.553
Au2F6,0.121,-0.895,1,p-31m,0.302,,2.059,0.302,,2.059,-7.657,-7.808,,-7.959,-22.943,2.228,2.229,AB3,2.132
AsSeCl,0.005,-0.382,0,p3m1,1.373,2.561,2.06,1.855,3.067,2.52,-4.896,-5.583,,-6.269,-11.076,0.0,0.0,ABC,3.078
BiCuSe6P2,0.0,-0.182,0,p3,1.009,,2.06,1.035,,2.387,-4.61,-5.114,,-5.618,-41.8,0.0,0.0,ABC2D6,2.01
Sb4Se6,0.051,-0.212,0,pm2_1n,1.389,,2.061,1.51,,2.215,-3.893,-4.587,,-5.281,-40.646,0.0,0.0,A2B3,1.476
Pt4As4S4,0.06,-0.4,0,p2/b11,1.313,,2.061,1.452,,2.297,-4.474,-5.13,,-5.787,-65.178,0.0,0.0,ABC,2.486
PdNiF6,0.0,-1.554,1,c2/m11,0.424,,2.061,0.482,,2.205,-7.579,-7.79,,-8.002,-33.016,0.365,0.397,ABC6,2.174
W2Mo2S8,0.0,-0.9,0,pm2m,1.532,,2.062,1.532,,2.062,-4.172,-4.938,,-5.704,-88.804,0.0,0.0,ABC4,4.584
Ag2I2Br4,0.014,-0.2,0,cm11,1.094,,2.063,1.249,,2.171,-4.962,-5.509,,-6.055,-16.578,0.0,0.0,ABC2,2.062
Au2I4VS,0.086,-0.261,1,p1,0.575,,2.063,0.59,,2.086,-4.931,-5.218,,-5.505,-26.86,0.181,0.103,ABC2D4,2.722
W3MoS8,0.0,-0.888,0,pm2m,1.532,,2.064,1.532,,2.064,-4.068,-4.834,,-5.6,-88.937,0.0,0.0,AB3C8,4.613
Ir2Br2S2,0.05,-0.348,0,p2_1/m11,1.056,,2.065,1.061,,2.065,-4.175,-4.703,,-5.231,-31.966,0.0,0.0,ABC,1.952
Sc2CF2,0.0,-2.541,0,p-3m1,1.02,,2.067,1.425,,2.547,-4.006,-4.516,,-5.026,-34.419,0.0,0.0,AB2C2,3.807
Ir2Se2Br2,0.028,-0.308,0,p2_1/m11,1.078,,2.067,1.081,,2.072,-4.015,-4.554,,-5.093,-30.535,0.0,0.0,ABC,1.937
Ag4Se2,0.0,-0.09,0,p42_12,1.251,,2.07,1.251,,2.07,-4.3,-4.925,,-5.55,-18.863,0.0,0.0,AB2,2.406
Pt4Tl2S6,0.025,-0.459,0,p-3m1,1.253,,2.074,1.526,,2.343,-3.596,-4.222,,-4.849,-60.392,0.0,0.0,AB2C3,1.828
WMo3S8,0.0,-0.912,0,pm2m,1.559,,2.076,1.559,,2.076,-4.237,-5.016,,-5.796,-88.656,0.0,0.0,AB3C8,4.556
Ga2Se2Si2,0.006,-0.395,0,p-3m1,1.412,,2.077,1.479,,2.127,-4.125,-4.831,,-5.536,-25.94,0.0,0.0,ABC,2.796
As8Si6,0.056,-0.032,0,p112/a,1.472,,2.078,1.876,,2.56,-3.856,-4.592,,-5.328,-70.146,0.0,0.0,A3B4,2.956
Hg2Te2I2Cu2,0.028,-0.186,0,pm2_1b,0.924,,2.078,0.924,,2.078,-4.036,-4.498,,-4.96,-19.979,0.0,0.0,ABCD,1.694
Se2Si,0.084,-0.367,0,p-4m2,1.123,,2.08,1.393,,2.353,-3.715,-4.276,,-4.838,-13.464,0.0,0.0,AB2,2.961
In8Se12,0.019,-0.515,0,p2_1/b11,1.279,,2.081,1.279,,2.081,-4.18,-4.82,,-5.459,-74.194,0.0,0.0,A2B3,1.723
Ag2Cd2Se2Cl2,0.078,-0.532,0,pm2_1b,1.043,,2.081,1.043,,2.081,-4.471,-4.993,,-5.514,-22.325,0.0,0.0,ABCD,1.471
Sb8Se8O4,0.027,-0.602,0,p2_1/m11,1.431,,2.083,1.549,,2.279,-3.666,-4.381,,-5.096,-95.649,0.0,0.0,AB2C2,1.627
Ti2Br2N2,0.0,-1.415,0,pmmn,0.621,,2.084,0.621,,2.084,-5.684,-5.995,,-6.305,-41.746,0.0,0.0,ABC,4.021
PdCl2,0.166,-0.35,1,p-3m1,0.463,2.512,2.086,0.639,2.7,2.273,-5.778,-6.009,,-6.24,-8.439,0.008,0.012,AB2,3.032
Te2Al2,0.033,-0.343,0,c2/m11,1.473,,2.086,1.796,,2.427,-3.332,-4.068,,-4.805,-15.259,0.0,0.0,AB,1.555
MoS2,0.0,-0.921,0,p-6m2,1.58,2.533,2.087,1.58,2.533,2.087,-4.307,-5.097,,-5.888,-22.121,0.0,0.0,AB2,4.531
Zr2I2GeSe3Br2O,0.131,-1.164,0,p1,1.195,,2.088,1.257,,2.149,-5.212,-5.81,,-6.408,-53.823,0.0,0.0,ABC2D2E2F3,3.366
Rb2S2Li2,0.036,-1.168,0,p4/nmm,1.265,,2.088,1.265,,2.088,-0.868,-1.501,,-2.134,-20.76,0.0,0.0,ABC,1.846
Cs4S2,0.063,-0.938,0,p-3m1,1.269,,2.089,1.269,,2.089,-0.96,-1.595,,-2.229,-17.116,0.0,0.0,AB2,1.787
SnTe,0.119,-0.159,0,p3m1,1.582,2.724,2.089,1.752,2.998,2.386,-3.384,-4.176,,-4.967,-7.58,0.0,0.0,AB,2.636
Pd4P4S4,0.0,-0.456,0,p2/b11,1.195,,2.09,1.309,,2.19,-4.589,-5.186,,-5.784,-58.528,0.0,0.0,ABC,2.345
I6Cr2,0.0,-0.464,1,p-31m,0.891,,2.091,0.891,,2.091,-4.563,-5.009,,-5.454,-31.399,-1.708,-1.705,AB3,3.262
Sr4Sb4S8F4,0.0,-1.818,0,p2_1/b11,1.526,,2.092,1.526,,2.092,-4.058,-4.821,,-5.584,-99.651,0.0,0.0,ABCD2,3.3
Ti2Cl2N2,0.001,-1.574,0,pmmn,0.62,,2.092,0.62,,2.092,-5.92,-6.23,,-6.54,-43.101,0.0,0.0,ABC,3.943
Cu2Br2C6N2F8,0.086,-0.933,0,p-1,0.346,,2.093,0.374,,2.093,-4.99,-5.163,,-5.337,-113.897,0.0,0.0,ABCD3E4,1.763
Au4S4Cl4H4,0.064,-0.245,0,p-1,1.222,,2.095,1.246,,2.121,-5.713,-6.325,,-6.936,-53.189,0.0,0.0,ABCD,1.692
Ge2P2S6,0.028,-0.241,0,p-31m,1.406,,2.096,1.697,,2.528,-4.362,-5.065,,-5.768,-46.636,0.0,0.0,ABC3,3.481
TiF2,0.087,-2.983,0,p-6m2,1.288,,2.096,1.462,,2.44,-3.801,-4.445,,-5.089,-18.811,0.0,0.0,AB2,3.113
WO2,0.0,-2.017,0,p-6m2,1.34,2.706,2.097,1.686,3.011,2.421,-5.036,-5.706,,-6.376,-27.784,0.0,0.0,AB2,4.252
Re4O8,0.092,-1.434,0,p-1,1.304,,2.098,1.403,,2.244,-5.38,-6.032,,-6.684,-104.835,0.0,0.0,AB2,3.843
Ag2Te4Cl2,0.0,-0.248,0,p2_111,1.291,,2.098,1.333,,2.301,-4.336,-4.982,,-5.628,-24.054,0.0,0.0,ABC2,2.554
AsSeBr,0.161,-0.134,0,p3m1,1.497,2.503,2.099,1.708,2.727,2.383,-4.567,-5.316,,-6.064,-10.132,0.0,0.0,ABC,3.554
I2Cu2Se4,0.0,-0.143,0,p2_122,0.791,,2.099,0.912,,2.111,-4.643,-5.038,,-5.434,-25.386,0.0,0.0,ABC2,2.849
Hg2Cu2Br2S2,0.039,-0.304,0,pm2_1b,0.775,,2.101,0.775,,2.101,-4.672,-5.06,,-5.448,-22.877,0.0,0.0,ABCD,1.616
Sb4Na4S8,0.037,-0.672,0,p2_1/b11,1.529,,2.102,1.529,,2.102,-4.075,-4.84,,-5.604,-66.235,0.0,0.0,ABC2,2.85
Sb4Na4S8,0.037,-0.672,0,pb2_1a,1.527,,2.102,1.527,,2.102,-4.073,-4.837,,-5.6,-66.23,0.0,0.0,ABC2,2.803
Ag2Cd2Se2Br2,0.054,-0.476,0,pm2_1b,1.08,,2.102,1.08,,2.102,-4.463,-5.003,,-5.543,-21.476,0.0,0.0,ABCD,1.503
Ir2S2F2,0.043,-0.877,0,p2_1/m11,1.001,,2.104,1.037,,2.11,-4.57,-5.071,,-5.571,-35.14,0.0,0.0,ABC,1.718
Te2Al2Si2,0.001,-0.249,0,p-3m1,1.506,,2.105,1.602,,2.254,-3.405,-4.158,,-4.911,-26.18,0.0,0.0,ABC,2.788
Bi2I6,0.0,-0.495,0,p-31m,1.377,,2.106,1.466,,2.228,-4.931,-5.619,,-6.308,-22.176,0.0,0.0,AB3,2.955
AuInF4,0.079,-1.911,0,p2/m11,1.053,,2.106,1.972,,3.441,-5.241,-5.767,,-6.294,-23.704,0.0,0.0,ABC4,2.171
Hf2S6,0.0,-1.209,0,pmmn,1.157,,2.109,1.157,,2.109,-4.825,-5.404,,-5.982,-49.149,0.0,0.0,AB3,5.001
IVBrO,0.006,-1.277,1,pm11,0.74,,2.112,0.74,,2.112,-4.985,-5.355,,-5.725,-21.819,0.071,0.047,ABCD,1.768
Rh2Te2Cl2,0.0,-0.594,0,p2_1/m11,1.038,,2.113,1.038,,2.114,-4.375,-4.894,,-5.413,-27.839,0.0,0.0,ABC,1.889
Ag2Cd2Te2Br2,0.062,-0.419,0,pm2_1b,1.242,,2.114,1.242,,2.114,-4.093,-4.714,,-5.335,-20.462,0.0,0.0,ABCD,1.517
In2Se6Si2,0.0,-0.502,0,p-31m,1.41,,2.114,1.475,,2.18,-4.51,-5.215,,-5.921,-42.236,0.0,0.0,ABC3,2.058
In4Br4O4,0.053,-1.242,0,p4/nmm,1.028,,2.115,1.028,,2.115,-5.876,-6.39,,-6.904,-52.791,0.0,0.0,ABC,3.697
Rh2Te2F2,0.097,-1.017,0,p2_1/m11,0.942,,2.115,0.987,,2.129,-4.402,-4.873,,-5.344,-29.982,0.0,0.0,ABC,1.688
HfTi3S8,0.169,-1.211,0,p1,0.858,,2.117,0.912,,2.212,-5.909,-6.338,,-6.767,-74.729,0.0,0.0,AB3C8,3.881
Ti2BrClN2,0.0,-1.501,0,pmm2,0.617,,2.117,0.617,,2.123,-5.806,-6.114,,-6.423,-42.459,0.0,0.0,ABC2D2,4.17
Pt2Br4,0.017,-0.251,0,p2_1/b11,0.88,,2.118,1.089,,2.33,-4.574,-5.014,,-5.454,-20.555,0.0,0.0,AB2,2.608
InAs2Se6Na,0.081,-0.306,0,c211,1.336,,2.121,1.34,,2.121,-4.678,-5.346,,-6.014,-37.351,0.0,0.0,ABC2D6,1.647
PtSnS4,0.0,-0.422,0,p2/m11,1.302,,2.122,1.769,,2.574,-4.845,-5.496,,-6.147,-29.254,0.0,0.0,ABC4,3.602
HfIrBr4Cl2,0.077,-0.953,1,p1,0.696,,2.125,0.736,,2.171,-4.568,-4.916,,-5.264,-34.311,-1.495,0.576,ABC2D4,3.088
Ir2BrS2Cl,0.053,-0.396,0,pm11,1.089,,2.127,1.097,,2.134,-4.229,-4.774,,-5.318,-32.452,0.0,0.0,ABC2D2,3.574
Hf3ZrS8,0.0,-1.594,0,p-3m1,1.163,,2.128,1.163,,2.128,-5.194,-5.776,,-6.357,-81.671,0.0,0.0,AB3C8,3.744
IVClO,0.017,-1.377,1,pm11,0.703,,2.129,0.765,,2.158,-5.128,-5.479,,-5.831,-22.418,-0.034,-0.047,ABCD,3.196
MnGeCl6,0.095,-0.887,1,p312,0.273,,2.129,0.348,,2.147,-5.513,-5.65,,-5.786,-32.042,0.043,-0.195,ABC6,2.73
Au2Pb2I6,0.041,-0.414,0,p-31m,1.256,,2.135,1.256,,2.135,-4.549,-5.177,,-5.805,-26.79,0.0,0.0,ABC3,3.265
As2Se6Mg2,0.052,-0.512,0,p-31m,1.312,,2.135,1.312,,2.137,-4.738,-5.394,,-6.05,-38.576,0.0,0.0,ABC3,1.978
Rh2Br2S2,0.002,-0.523,0,p2_1/m11,1.004,,2.135,1.009,,2.15,-4.669,-5.171,,-5.673,-28.758,0.0,0.0,ABC,1.871
Pd2Br2F2,0.031,-0.799,0,pb11,0.714,,2.137,0.757,,2.159,-5.539,-5.896,,-6.253,-18.778,0.0,0.0,ABC,2.301
In2MgS4,0.0,-0.845,0,p-3m1,1.163,,2.137,1.163,,2.137,-4.617,-5.199,,-5.78,-29.371,0.0,0.0,AB2C4,3.079
Bi2Br6,0.029,-0.763,0,pmma,1.356,,2.138,1.435,,2.268,-5.656,-6.334,,-7.012,-24.957,0.0,0.0,AB3,2.707
Rh2Se2Br2,0.0,-0.519,0,p2_1/m11,1.023,,2.14,1.026,,2.141,-4.485,-4.996,,-5.508,-27.541,0.0,0.0,ABC,1.871
Cs2Se2Na2,0.046,-1.067,0,p4/nmm,1.372,,2.141,1.372,,2.141,-0.954,-1.64,,-2.326,-17.648,0.0,0.0,ABC,2.232
ZrNbISeBr2S2,0.106,-1.02,0,p1,1.212,,2.142,1.309,,2.304,-5.123,-5.729,,-6.335,-42.175,0.0,0.0,ABCDE2F2,3.377
Cu4Br4O4H4,0.03,-0.635,1,p2_1/b11,0.339,,2.143,0.357,,2.178,-6.003,-6.173,,-6.342,-65.003,-0.193,-1.587,ABCD,1.737
Sr4Sb4Se8Cl4,0.049,-1.25,0,p2_1/b11,1.409,,2.144,1.634,,2.369,-3.888,-4.593,,-5.298,-84.326,0.0,0.0,ABCD2,3.098
Cr2S2Cl2,0.0,-0.946,1,pmmn,0.46,,2.144,0.46,,2.148,-5.821,-6.051,,-6.281,-36.222,0.057,0.026,ABC,3.643
TeAsCl,0.009,-0.322,0,p3m1,1.479,2.596,2.147,1.745,2.819,2.387,-4.651,-5.39,,-6.13,-10.618,0.0,0.0,ABC,3.124
HfS2,0.0,-1.592,0,p-3m1,1.221,2.938,2.148,1.946,3.832,3.059,-5.115,-5.726,,-6.336,-20.439,0.0,0.0,AB2,3.761
NiAl2S4,0.066,-0.806,1,p-3m1,0.187,,2.149,0.474,,2.383,-4.024,-4.118,,-4.211,-36.68,0.117,0.117,AB2C4,3.093
In2Se2Si2,0.036,-0.322,0,p-3m1,1.509,,2.149,1.553,,2.183,-4.153,-4.907,,-5.662,-25.224,0.0,0.0,ABC,3.022
Cd2Se6P2,0.001,-0.315,0,p-31m,1.271,,2.15,1.508,,2.369,-4.34,-4.976,,-5.611,-36.636,0.0,0.0,ABC3,3.664
Hg3S3,0.092,-0.105,0,p31m,1.383,,2.15,1.383,,2.15,-4.32,-5.012,,-5.703,-15.521,0.0,0.0,AB,2.048
Ga2MgS4,0.0,-0.914,0,p-3m1,1.128,,2.151,1.128,,2.151,-4.405,-4.969,,-5.533,-30.133,0.0,0.0,AB2C4,2.957
Cr4S6,0.063,-0.669,1,p-3m1,0.617,,2.152,0.778,,2.162,-5.272,-5.581,,-5.889,-68.797,-0.256,-0.254,A2B3,5.272
Ag2Te3Br2P4,0.072,-0.065,0,pm11,1.299,,2.153,1.303,,2.153,-4.403,-5.053,,-5.702,-40.632,0.0,0.0,A2B2C3D4,1.401
CoSeBr,0.013,-0.362,0,p3m1,0.904,,2.153,1.128,,2.642,-4.499,-4.951,,-5.404,-14.383,0.0,0.0,ABC,3.618
Ag2Cd2Te2Cl2,0.085,-0.476,0,pm2_1b,1.293,,2.153,1.293,,2.153,-3.975,-4.621,,-5.268,-21.319,0.0,0.0,ABCD,1.498
Sc2Se8P2,0.0,-0.746,0,p-1,1.171,,2.154,1.171,,2.154,-4.721,-5.307,,-5.892,-56.868,0.0,0.0,ABC4,1.949
Zr2S4,0.184,-1.402,0,pm2_1n,1.128,,2.154,1.198,,2.257,-5.742,-6.306,,-6.87,-39.529,0.0,0.0,AB2,3.935
Sc2Se2F2,0.0,-2.691,0,pmmn,0.859,,2.156,1.459,,2.862,-4.027,-4.457,,-4.886,-35.605,0.0,0.0,ABC,2.842
Zr3TiS8,0.184,-1.332,0,p1,0.997,,2.157,1.05,,2.277,-5.803,-6.301,,-6.8,-77.509,0.0,0.0,AB3C8,3.893
Te2I2Ga2,0.003,-0.444,0,pm2_1n,1.369,,2.157,1.369,,2.158,-4.264,-4.948,,-5.633,-17.838,0.0,0.0,ABC,2.058
HfZr3S8,0.194,-1.394,0,p1,1.154,,2.158,1.192,,2.225,-5.729,-6.306,,-6.882,-79.069,0.0,0.0,AB3C8,3.926
Sb4Ge4Se4,0.015,-0.138,0,p2_122,1.488,,2.165,1.528,,2.214,-3.861,-4.605,,-5.349,-51.278,0.0,0.0,ABC,1.69
Pt2F2,0.0,-0.872,0,p-3m1,0.811,,2.165,1.074,,2.438,-5.703,-6.109,,-6.514,-19.368,0.0,0.0,AB,3.824
Te4I2Cu2,0.009,-0.124,0,p2_122,0.836,,2.166,1.012,,2.269,-4.279,-4.697,,-5.115,-24.121,0.0,0.0,ABC2,2.908
MoAgBr4,0.04,-0.482,1,p2/m11,0.443,,2.166,0.447,,2.171,-4.779,-5.001,,-5.223,-23.272,-1.103,-0.024,ABC4,2.82
Hg2Te2Cu2Br2,0.021,-0.267,0,pm2_1b,0.976,,2.166,0.981,,2.166,-4.095,-4.583,,-5.071,-20.84,0.0,0.0,ABCD,1.581
Ag2Sb4I2S3,0.076,-0.149,0,pm11,1.349,,2.167,1.438,,2.358,-3.775,-4.45,,-5.124,-40.138,0.0,0.0,A2B2C3D4,1.694
As8Se8S4,0.035,-0.089,0,p-1,1.395,,2.167,1.412,,2.179,-4.051,-4.749,,-5.446,-83.266,0.0,0.0,AB2C2,1.27
ZrS2,0.0,-1.585,0,p-3m1,1.159,2.885,2.167,1.643,3.577,2.853,-5.266,-5.846,,-6.426,-20.316,0.0,0.0,AB2,3.7
Ir2Se2F2,0.09,-0.792,0,p2_1/m11,1.068,,2.172,1.107,,2.185,-4.246,-4.78,,-5.314,-33.442,0.0,0.0,ABC,1.71
Au2I2Se3P4,0.097,-0.009,0,pm11,1.348,,2.172,1.355,,2.189,-4.107,-4.781,,-5.455,-41.22,0.0,0.0,A2B2C3D4,1.389
Ni4P4S4,0.0,-0.387,0,p2/b11,0.874,,2.172,0.916,,2.434,-4.628,-5.065,,-5.502,-71.408,0.0,0.0,ABC,2.269
V2Br4S4,0.002,-0.689,0,c2/m11,0.979,,2.173,0.982,,2.175,-4.637,-5.127,,-5.617,-46.588,0.0,0.0,AB2C2,3.218
CrCuSe6P2,0.0,-0.244,1,c211,0.811,,2.173,0.85,,2.22,-4.373,-4.778,,-5.183,-47.15,-0.102,-0.092,ABC2D6,2.054
Ni4Br8,0.098,-0.308,0,p2_1/b11,0.634,,2.174,0.636,,2.183,-5.086,-5.403,,-5.72,-45.366,0.0,0.0,AB2,1.383
Rh2S2F2,0.0,-1.1,0,p2_1/m11,0.904,,2.175,0.95,,2.189,-5.044,-5.497,,-5.949,-32.226,0.0,0.0,ABC,1.635
Sn2I4,0.053,-0.485,0,c2/m11,1.527,,2.178,1.527,,2.178,-3.972,-4.735,,-5.499,-16.937,0.0,0.0,AB2,1.321
Pd2Se2O6,0.002,-0.644,0,c2/m11,0.636,,2.182,0.636,,2.182,-4.393,-4.711,,-5.029,-51.788,0.0,0.0,ABC3,1.538
Ni2Se4,0.067,-0.191,0,p2_1/b11,1.015,,2.183,1.085,,2.376,-4.179,-4.686,,-5.194,-29.573,0.0,0.0,AB2,2.597
ISeAl,0.073,-0.713,0,p3m1,1.427,,2.186,2.253,,3.097,-4.204,-4.917,,-5.631,-10.838,0.0,0.0,ABC,3.577
Se2Al2Si2,0.0,-0.501,0,p-3m1,1.581,,2.187,1.817,,2.531,-3.52,-4.31,,-5.1,-28.244,0.0,0.0,ABC,2.749
Pt2Se2O6,0.035,-0.575,0,c2/m11,0.828,,2.187,0.828,,2.187,-3.485,-3.899,,-4.313,-56.171,0.0,0.0,ABC3,1.558
GaSe6P2Li,0.009,-0.393,0,c211,1.416,,2.188,1.443,,2.235,-4.453,-5.161,,-5.869,-40.352,0.0,0.0,ABC2D6,1.742
Ti2S2O2,0.076,-2.119,0,p-3m1,0.605,,2.188,0.605,,2.188,-5.734,-6.036,,-6.339,-44.496,0.0,0.0,ABC,5.475
Pd2F2,0.054,-0.91,0,p-3m1,0.865,2.128,2.19,1.168,2.308,2.488,-6.697,-7.129,,-7.561,-14.452,0.0,0.0,AB,3.677
IBrAl2S2,0.02,-0.987,0,pm11,1.233,,2.192,1.237,,2.198,-4.211,-4.827,,-5.444,-24.619,0.0,0.0,ABC2D2,3.074
Cd2Se2,0.11,-0.521,0,p-3m1,1.402,,2.197,1.402,,2.197,-4.44,-5.141,,-5.842,-10.904,0.0,0.0,AB,3.248
Ag2F6,0.113,-1.065,1,p-31m,0.379,,2.201,0.379,,2.201,-8.391,-8.581,,-8.77,-23.718,0.09,0.09,AB3,2.075
Zr2S6,0.0,-1.254,0,pmmn,1.182,,2.202,1.19,,2.202,-4.841,-5.432,,-6.023,-49.304,0.0,0.0,AB3,4.91
Cu2Br2S4,0.0,-0.223,0,p2_122,0.934,,2.203,0.934,,2.203,-4.957,-5.424,,-5.891,-28.62,0.0,0.0,ABC2,2.548
Ag2Te3P4Cl2,0.09,-0.102,0,pm11,1.388,,2.203,1.4,,2.257,-4.395,-5.09,,-5.784,-41.45,0.0,0.0,A2B2C3D4,1.364
Ir2S2Cl2,0.052,-0.448,0,p2_1/m11,1.141,,2.204,1.142,,2.204,-4.282,-4.853,,-5.423,-32.967,0.0,0.0,ABC,1.938
In2Si2S2,0.021,-0.349,0,p-3m1,1.517,,2.205,1.6,,2.272,-4.485,-5.244,,-6.002,-26.576,0.0,0.0,ABC,3.012
In3F3,0.015,-1.748,0,pm2m,1.631,,2.211,1.878,,2.515,-3.155,-3.971,,-4.786,-23.535,0.0,0.0,AB,2.923
Bi8S8O4,0.048,-0.626,0,p2_1/m11,1.356,,2.212,1.385,,2.313,-4.019,-4.696,,-5.374,-103.041,0.0,0.0,AB2C2,1.557
Pt4I8,0.0,-0.168,0,p2_1/b11,1.225,,2.212,1.264,,2.274,-4.14,-4.752,,-5.364,-39.259,0.0,0.0,AB2,1.595
Ag2Cd2I2Se2,0.049,-0.401,0,pm2_1b,1.259,,2.214,1.259,,2.214,-4.116,-4.745,,-5.375,-20.664,0.0,0.0,ABCD,1.622
I2Co2Br2,0.025,-0.217,1,pm2_1b,0.083,,2.214,0.083,,2.25,-5.333,-5.375,,-5.417,-23.884,0.755,0.232,ABC,2.826
AuBiP2S6,0.003,-0.24,0,p3,1.441,,2.215,1.52,,2.385,-4.668,-5.388,,-6.109,-45.405,0.0,0.0,ABC2D6,1.985
Zr2Br2S3,0.082,-1.4,0,c211,1.207,,2.215,1.342,,2.406,-5.469,-6.073,,-6.676,-40.008,0.0,0.0,A2B2C3,3.798
Te2I2Sc2,0.029,-1.232,0,p3m1,1.122,,2.216,1.122,,2.217,-4.081,-4.642,,-5.203,-26.08,0.0,0.0,ABC,3.506
SiS2,0.111,-0.56,0,p-3m1,1.383,3.246,2.216,1.974,3.842,2.861,-5.09,-5.782,,-6.473,-15.234,0.0,0.0,AB2,3.706
I2Cr2Br2,0.106,-0.477,1,pb11,0.426,,2.217,0.621,,2.467,-4.339,-4.552,,-4.766,-27.807,-1.741,-0.739,ABC,3.122
ICr2BrS2,0.038,-0.677,1,pm11,0.841,,2.218,0.904,,2.346,-4.573,-4.994,,-5.414,-34.097,-0.287,-0.196,ABC2D2,3.39
I2Mn2S,0.079,-0.368,1,p-3m1,0.037,,2.219,0.222,,2.503,-4.801,-4.819,,-4.838,-28.308,0.551,0.54,AB2C2,4.622
Sn2Se2,0.071,-0.361,0,pm2_1n,1.59,,2.222,1.795,,2.447,-3.43,-4.224,,-5.019,-16.522,0.0,0.0,AB,2.588
Te2Ni2O6,0.057,-0.863,0,c2/m11,0.217,,2.222,0.217,,2.222,-3.645,-3.753,,-3.862,-60.281,0.0,0.0,ABC3,1.553
Zn2Se6P2,0.023,-0.297,0,p-31m,1.307,,2.222,1.496,,2.392,-4.223,-4.877,,-5.53,-36.966,0.0,0.0,ABC3,3.676
Rh2Se2F2,0.0,-1.058,0,p2_1/m11,0.97,,2.223,1.007,,2.234,-4.691,-5.176,,-5.661,-30.781,0.0,0.0,ABC,1.639
Ag2I2S4,0.048,-0.086,0,p2_122,1.188,,2.223,1.188,,2.223,-4.597,-5.191,,-5.785,-25.637,0.0,0.0,ABC2,2.97
Se2Al2Cl2,0.084,-1.089,0,pmmn,1.416,,2.225,1.606,,2.399,-3.839,-4.547,,-5.255,-24.549,0.0,0.0,ABC,3.402
Ag2Sb4I2Se3,0.079,-0.142,0,pm11,1.275,,2.227,1.275,,2.256,-3.855,-4.492,,-5.13,-38.274,0.0,0.0,A2B2C3D4,1.674
Cr2Ge2S6,0.034,-0.491,1,p-31m,0.775,,2.227,0.96,,2.286,-5.003,-5.391,,-5.778,-57.23,0.027,0.029,ABC3,2.039
Ga2S2Cl2,0.125,-0.778,0,pmmn,1.417,,2.23,1.607,,2.416,-5.021,-5.73,,-6.439,-22.199,0.0,0.0,ABC,3.393
Au4Se4Cl4,0.0,-0.255,0,p2_1/b11,1.453,,2.23,1.453,,2.245,-5.435,-6.161,,-6.887,-36.657,0.0,0.0,ABC,1.695
Ni2S4,0.035,-0.265,0,p2_1/b11,0.824,,2.231,1.227,,2.628,-4.456,-4.868,,-5.28,-32.398,0.0,0.0,AB2,2.546
Sb4I2Cu2S3,0.095,-0.145,0,pm11,0.988,,2.231,0.993,,2.458,-3.758,-4.252,,-4.747,-41.768,0.0,0.0,A2B2C3D4,1.754
Au6I6,0.072,-0.026,0,pb2_1m,1.507,,2.232,1.711,,2.508,-3.808,-4.562,,-5.316,-27.96,0.0,0.0,AB,2.923
V2S4Cl4,0.021,-0.84,0,c2/m11,0.989,,2.232,0.989,,2.232,-4.667,-5.162,,-5.657,-48.904,0.0,0.0,AB2C2,3.239
Pt2Cl2,0.0,-0.338,0,p-3m1,1.308,2.43,2.232,1.308,2.43,2.264,-4.413,-5.067,,-5.721,-17.631,0.0,0.0,AB,4.311
Ir2Se2Cl2,0.034,-0.396,0,p2_1/m11,1.187,,2.235,1.187,,2.235,-4.056,-4.649,,-5.243,-31.462,0.0,0.0,ABC,1.923
Hg2Br2,0.028,-0.437,0,p-3m1,1.522,,2.237,1.635,,2.397,-5.265,-6.026,,-6.787,-6.688,0.0,0.0,AB,3.817
Te4Si4P4,0.035,-0.067,0,p2_122,1.524,,2.239,1.658,,2.365,-3.527,-4.289,,-5.051,-56.672,0.0,0.0,ABC,1.802
I2Se2Al2,0.061,-0.725,0,pmmn,1.493,,2.239,1.493,,2.239,-4.159,-4.906,,-5.652,-21.748,0.0,0.0,ABC,3.818
Os2F8,0.0,-1.721,1,p2_1/b11,0.687,,2.24,0.701,,2.24,-6.607,-6.951,,-7.294,-52.289,151.702,167.003,AB4,1.499
Ag2Br2S4,0.026,-0.147,0,p2_122,1.167,,2.242,1.167,,2.242,-4.97,-5.554,,-6.137,-26.341,0.0,0.0,ABC2,2.632
Zr2I4Se4,0.0,-0.933,0,c2/m11,1.209,,2.243,1.22,,2.253,-4.47,-5.075,,-5.68,-43.985,0.0,0.0,AB2C2,3.388
Sn4As4Se4,0.086,-0.202,0,p2_122,1.539,,2.244,1.572,,2.317,-4.206,-4.975,,-5.744,-51.234,0.0,0.0,ABC,1.658
ZrBr2O,0.0,-2.085,0,p3m1,1.048,,2.245,2.184,,3.377,-5.056,-5.58,,-6.104,-24.035,0.0,0.0,ABC2,3.994
Ga2Mg2S5,0.0,-1.034,0,p-3m1,1.229,,2.246,1.229,,2.246,-4.279,-4.893,,-5.507,-38.739,0.0,0.0,A2B2C5,3.4
Sn2IMnClO2,0.082,-1.021,1,p1,1.404,,2.248,1.517,,2.975,-3.806,-4.508,,-5.211,-38.488,0.56,0.444,ABCD2E2,3.707
BiCuAs2S6,0.091,-0.118,0,p3,1.062,,2.25,1.062,,2.466,-5.051,-5.581,,-6.112,-43.33,0.0,0.0,ABC2D6,1.966
Hg2Cu2Se2Br2,0.025,-0.3,0,pm2_1b,0.812,,2.253,0.812,,2.253,-4.521,-4.926,,-5.332,-21.66,0.0,0.0,ABCD,1.596
In2Se2,0.038,-0.5,0,c2/m11,1.63,,2.254,1.841,,2.483,-3.775,-4.59,,-5.404,-14.491,0.0,0.0,AB,1.504
Pt2Br2Cl2,0.016,-0.33,0,pb11,0.949,,2.255,1.162,,2.465,-4.687,-5.161,,-5.635,-21.429,0.0,0.0,ABC,2.611
BiSF,0.041,-1.292,0,p3m1,1.447,,2.255,1.541,,2.379,-5.308,-6.032,,-6.756,-14.215,0.0,0.0,ABC,2.643
Sb2S2Cl2,0.019,-0.529,0,p2_1/m11,1.485,,2.256,1.941,,2.734,-4.943,-5.685,,-6.428,-23.715,0.0,0.0,ABC,2.998
WSO,0.096,-1.349,0,p3m1,1.503,,2.257,2.167,,2.906,-4.136,-4.887,,-5.639,-24.736,0.0,0.0,ABC,4.393
Ta2I4S4,0.02,-0.633,0,c2/m11,1.429,,2.257,1.475,,2.302,-3.812,-4.526,,-5.241,-48.185,0.0,0.0,AB2C2,1.978
IrSeBr,0.035,-0.301,0,p3m1,1.26,,2.257,1.44,,2.397,-3.748,-4.378,,-5.008,-15.247,0.0,0.0,ABC,3.728
Hg2Ag2Te2Br2,0.007,-0.29,0,pm2_1b,1.393,,2.257,1.393,,2.257,-4.06,-4.757,,-5.453,-19.348,0.0,0.0,ABCD,1.508
MnCuCl6,0.0,-0.73,1,c211,0.546,,2.258,0.558,,2.278,-6.486,-6.759,,-7.032,-29.94,0.002,0.047,ABC6,2.69
AsSCl,0.047,-0.352,0,p3m1,1.535,2.794,2.258,2.016,3.27,2.731,-4.947,-5.714,,-6.481,-11.582,0.0,0.0,ABC,3.073
Cu4O4F4,0.066,-0.915,0,p2_1/b11,0.687,,2.259,0.71,,2.299,-7.806,-8.15,,-8.493,-52.531,0.0,0.0,ABC,1.31
Ga2Se2,0.047,-0.554,0,c2/m11,1.609,,2.259,2.055,,2.791,-3.733,-4.537,,-5.342,-14.989,0.0,0.0,AB,1.485
Te4As4Si4,0.006,-0.061,0,p2_122,1.574,,2.261,1.664,,2.348,-3.472,-4.259,,-5.045,-53.798,0.0,0.0,ABC,1.76
Ag2Se4Br2,0.0,-0.184,0,p2_111,1.237,,2.262,1.243,,2.267,-4.745,-5.364,,-5.982,-24.254,0.0,0.0,ABC2,2.575
Ga2Br2S2,0.121,-0.653,0,pmmn,1.485,,2.265,1.577,,2.361,-4.936,-5.678,,-6.421,-21.051,0.0,0.0,ABC,3.442
Hg2Ag2Se2Br2,0.017,-0.301,0,pm2_1b,1.284,,2.266,1.284,,2.266,-4.553,-5.195,,-5.837,-19.993,0.0,0.0,ABCD,1.503
Ti2Se4Br4,0.038,-0.924,0,c2/m11,0.883,,2.268,0.918,,2.303,-4.871,-5.312,,-5.754,-42.885,0.0,0.0,AB2C2,3.177
Ag2I2As4Se3,0.028,-0.123,0,pm11,1.243,,2.269,1.243,,2.269,-4.087,-4.709,,-5.33,-39.091,0.0,0.0,A2B2C3D4,1.569
Rh2S2Cl2,0.0,-0.627,0,p2_1/m11,1.063,,2.27,1.065,,2.27,-4.812,-5.343,,-5.875,-29.782,0.0,0.0,ABC,1.859
Cu2Se4F2,0.0,-0.65,0,p2_111,0.88,,2.27,0.9,,2.387,-4.517,-4.956,,-5.396,-29.66,0.0,0.0,ABC2,2.169
In2Mg2S5,0.01,-0.969,0,p-3m1,1.298,,2.27,1.298,,2.27,-4.389,-5.038,,-5.687,-37.876,0.0,0.0,A2B2C5,3.523
Re6Br2S8,0.014,-0.581,0,p-1,1.429,,2.271,1.439,,2.279,-5.213,-5.928,,-6.642,-115.039,0.0,0.0,AB3C4,2.652
Rh2Se2Cl2,0.0,-0.613,0,p2_1/m11,1.092,,2.271,1.092,,2.271,-4.563,-5.109,,-5.655,-28.505,0.0,0.0,ABC,1.854
TaAgGeS4Cl2,0.025,-0.694,0,p1,1.226,,2.271,1.246,,2.271,-5.132,-5.745,,-6.358,-43.3,0.0,0.0,ABCD2E4,3.121
BiSCl,0.13,-0.538,0,p3m1,1.43,2.98,2.271,1.688,3.206,2.528,-5.723,-6.438,,-7.154,-12.151,0.0,0.0,ABC,3.481
Hg2Ag2Te2Cl2,0.015,-0.342,0,pm2_1b,1.424,,2.272,1.424,,2.272,-3.956,-4.668,,-5.38,-20.17,0.0,0.0,ABCD,1.471
Au2Cd2I6,0.05,-0.367,0,p-31m,1.421,,2.278,1.421,,2.278,-4.11,-4.82,,-5.531,-20.655,0.0,0.0,ABC3,3.373
In2I2S2,0.021,-0.541,0,pmmn,1.539,,2.281,1.542,,2.287,-4.631,-5.4,,-6.17,-19.884,0.0,0.0,ABC,3.811
VBrO2H,0.069,-1.532,1,pm11,0.473,,2.282,0.659,,2.309,-4.672,-4.908,,-5.145,-31.341,-0.04,-0.065,ABCD2,2.649
I2Cu2As4Se3,0.036,-0.118,0,pm11,0.894,,2.282,0.897,,2.282,-4.016,-4.463,,-4.91,-40.703,0.0,0.0,A2B2C3D4,1.656
Nb2I4S4,0.0,-0.697,0,c2/m11,1.432,,2.284,1.485,,2.332,-4.025,-4.741,,-5.456,-49.852,0.0,0.0,AB2C2,1.956
AgGaP2S6,0.0,-0.311,0,p312,1.27,,2.285,1.463,,2.539,-4.581,-5.216,,-5.851,-44.047,0.0,0.0,ABC2D6,1.987
In2Se5,0.018,-0.364,0,c211,1.487,,2.286,1.669,,2.43,-3.864,-4.607,,-5.351,-25.486,0.0,0.0,A2B5,1.641
Ru2F8,0.0,-1.855,1,p2_1/b11,0.628,,2.286,0.749,,2.286,-7.315,-7.629,,-7.943,-50.168,12.594,14.015,AB4,1.426
Ag6I8,0.042,-0.189,0,p1,1.344,,2.289,1.346,,2.293,-4.402,-5.074,,-5.746,-31.508,0.0,0.0,A3B4,2.463
P4S8Li4,0.067,-0.615,0,pb2_1a,1.52,,2.29,1.52,,2.29,-4.182,-4.942,,-5.702,-71.476,0.0,0.0,ABC2,2.833
SbSeCl,0.136,-0.405,0,p3m1,1.674,2.856,2.29,1.994,3.169,2.646,-4.817,-5.653,,-6.49,-10.89,0.0,0.0,ABC,3.524
Ga2Se2Br2,0.026,-0.718,0,p3m1,1.21,,2.294,1.21,,2.294,-4.705,-5.31,,-5.915,-20.251,0.0,0.0,ABC,2.923
Pd2S2O6,0.064,-0.841,0,c2/m11,0.681,,2.294,0.681,,2.294,-5.2,-5.541,,-5.881,-54.947,0.0,0.0,ABC3,1.622
Nb2I2O4,0.0,-2.093,0,p2_1/m11,1.188,,2.295,1.273,,2.484,-4.49,-5.084,,-5.678,-60.851,0.0,0.0,ABC2,2.93
In4ISe3Br2SCl,0.045,-0.656,0,p1,1.428,,2.297,1.428,,2.297,-4.994,-5.708,,-6.422,-39.885,0.0,0.0,ABCD2E3F4,3.135
I2As2S2,0.0,-0.186,0,p-1,1.64,,2.297,1.797,,2.473,-4.395,-5.215,,-6.035,-21.558,0.0,0.0,ABC,3.216
Pt2Se4,0.103,-0.31,0,p2_1/b11,1.441,,2.297,1.56,,2.442,-3.949,-4.67,,-5.391,-28.5,0.0,0.0,AB2,2.794
Si4P8,0.0,-0.129,0,pm2_1b,1.539,,2.298,1.539,,2.298,-4.207,-4.977,,-5.746,-66.056,0.0,0.0,AB2,1.989
PbS2,0.191,-0.187,0,p-6m2,1.39,,2.299,1.39,,2.299,-3.979,-4.674,,-5.369,-12.477,0.0,0.0,AB2,2.323
Te4Cu2Br2,0.012,-0.209,0,p2_122,0.873,,2.299,1.017,,2.474,-4.291,-4.728,,-5.164,-25.01,0.0,0.0,ABC2,2.729
PbI2,0.0,-0.692,0,p-3m1,1.499,3.224,2.3,1.735,3.481,2.552,-4.799,-5.549,,-6.298,-8.793,0.0,0.0,AB2,3.145
I2Cu2Se3P4,0.03,-0.088,0,pm11,0.879,,2.302,0.894,,2.305,-4.281,-4.721,,-5.16,-43.184,0.0,0.0,A2B2C3D4,1.672
Au4V2Li2O12,0.059,-1.118,0,pm2_1n,0.525,,2.302,0.527,,2.354,-5.69,-5.952,,-6.214,-117.201,0.0,0.0,ABC2D6,1.168
Hg2Cu2Se2Cl2,0.03,-0.363,0,pm2_1b,0.833,,2.303,0.833,,2.303,-4.467,-4.884,,-5.301,-22.56,0.0,0.0,ABCD,1.565
RuI2,0.102,0.037,0,p-3m1,1.022,1.988,2.303,1.022,1.988,2.304,-3.523,-4.034,,-4.545,-12.309,0.0,0.0,AB2,3.748
Pt4In2S6,0.083,-0.425,0,p-3m1,1.53,,2.306,1.563,,2.306,-3.686,-4.451,,-5.216,-60.513,0.0,0.0,AB2C3,1.833
Cu2Cl2C6N2F8,0.087,-0.961,0,p-1,0.412,,2.306,0.44,,2.31,-4.985,-5.192,,-5.398,-114.852,0.0,0.0,ABCD3E4,1.741
Te4Cu2Cl2,0.009,-0.279,0,p2_122,0.853,,2.308,0.99,,2.556,-4.289,-4.716,,-5.143,-25.974,0.0,0.0,ABC2,2.68
Cd2Cl2,0.041,-0.797,0,p-3m1,1.675,,2.31,2.7,,3.47,-4.633,-5.47,,-6.307,-8.612,0.0,0.0,AB,3.873
Sb4I2Cu2Se3,0.093,-0.128,0,pm11,0.884,,2.313,0.885,,2.316,-3.785,-4.227,,-4.669,-39.788,0.0,0.0,A2B2C3D4,1.738
FeGa2S4,0.045,-0.57,0,p-3m1,0.862,,2.313,1.003,,2.402,-3.61,-4.041,,-4.472,-35.154,0.0,0.0,AB2C4,3.246
Ba2Bi4S8,0.061,-0.811,0,p2_1/m11,1.436,,2.313,1.439,,2.335,-3.615,-4.333,,-5.051,-66.336,0.0,0.0,AB2C4,2.319
Re6S8Cl2,0.01,-0.628,0,p-1,1.541,,2.321,1.555,,2.339,-5.28,-6.051,,-6.822,-116.194,0.0,0.0,AB3C4,2.618
Cu6Cl6,0.016,-0.436,0,pm2_1n,0.739,,2.322,0.739,,2.322,-4.63,-5.0,,-5.369,-37.996,0.0,0.0,AB,3.826
Se2Br2Al2,0.067,-0.938,0,pmmn,1.535,,2.322,1.642,,2.416,-3.912,-4.679,,-5.446,-23.239,0.0,0.0,ABC,3.466
IVSeBr,0.116,-0.545,1,pm11,0.847,,2.323,0.847,,2.53,-4.537,-4.961,,-5.385,-17.249,-0.044,-0.099,ABCD,1.319
Hg2Cl2,0.076,-0.525,0,p-3m1,1.66,,2.323,1.948,,2.836,-5.665,-6.495,,-7.325,-7.442,0.0,0.0,AB,3.926
Fe2Se2O8,0.073,-0.846,1,pm2_1n,0.4,,2.323,0.4,,2.323,-5.132,-5.332,,-5.532,-76.2,1.844,2.38,ABC4,1.562
Pt2S2O6,0.087,-0.75,0,c2/m11,0.86,,2.324,0.86,,2.324,-4.11,-4.54,,-4.97,-59.113,0.0,0.0,ABC3,1.69
Ti2Se4Cl4,0.048,-1.096,0,c2/m11,0.894,,2.325,0.958,,2.376,-4.875,-5.322,,-5.769,-45.416,0.0,0.0,AB2C2,3.195
Ta2S4F4,0.058,-1.925,0,c2/m11,1.42,,2.327,1.457,,2.348,-3.826,-4.536,,-5.245,-61.543,0.0,0.0,AB2C2,1.84
Au4Br4,0.085,-0.075,0,pbma,1.482,,2.327,1.482,,2.327,-4.383,-5.124,,-5.865,-19.456,0.0,0.0,AB,2.995
Ti2N2F2,0.0,-2.297,0,pmmn,0.729,,2.328,0.729,,2.328,-5.75,-6.114,,-6.479,-47.039,0.0,0.0,ABC,3.268
Ga2Ge2S6,0.082,-0.409,0,p-31m,1.551,,2.331,1.833,,2.658,-4.608,-5.384,,-6.159,-43.4,0.0,0.0,ABC3,1.995
Au2Ag2Cl8,0.0,-0.389,0,p2/b11,0.909,,2.332,0.979,,2.375,-5.898,-6.352,,-6.807,-30.882,0.0,0.0,ABC4,1.357
Hf2Br2S3,0.056,-1.368,0,c211,1.378,,2.338,1.462,,2.472,-5.285,-5.974,,-6.663,-39.994,0.0,0.0,A2B2C3,3.845
FeSe4Al2,0.104,-0.585,0,p-3m1,0.739,,2.338,0.772,,2.462,-3.138,-3.508,,-3.877,-34.544,0.0,0.0,AB2C4,3.249
AgSe6AlP2,0.0,-0.316,0,p312,1.366,,2.339,1.366,,2.339,-4.09,-4.773,,-5.456,-41.364,0.0,0.0,ABC2D6,2.032
PbO2,0.094,-0.804,0,p-3m1,1.346,2.995,2.341,1.621,3.199,2.489,-6.747,-7.42,,-8.093,-16.418,0.0,0.0,AB2,3.17
Hf2I4Se4,0.004,-0.87,0,c2/m11,1.386,,2.345,1.386,,2.349,-4.226,-4.92,,-5.613,-43.559,0.0,0.0,AB2C2,3.421
Ba4Sb4Se8Cl4,0.024,-1.308,0,p2_1/b11,1.584,,2.345,1.745,,2.485,-3.839,-4.631,,-5.423,-86.1,0.0,0.0,ABCD2,3.198
Hg2Cu2S2Cl2,0.042,-0.365,0,pm2_1b,0.792,,2.346,0.792,,2.346,-4.684,-5.08,,-5.476,-23.77,0.0,0.0,ABCD,1.583
Ba4As4Se8F4,0.005,-1.703,0,p2_1/b11,1.546,,2.348,1.703,,2.456,-4.189,-4.962,,-5.736,-94.244,0.0,0.0,ABCD2,3.364
W2Br4O4,0.0,-1.516,0,pb2_1m,1.149,,2.348,1.174,,2.386,-5.682,-6.257,,-6.831,-64.971,0.0,0.0,AB2C2,1.846
In4Br4,0.064,-0.631,0,pbma,1.824,,2.35,1.824,,2.35,-3.361,-4.273,,-5.185,-22.44,0.0,0.0,AB,2.032
Au4S4Cl4,0.0,-0.178,0,p2_1/b11,1.414,,2.35,1.414,,2.35,-5.747,-6.454,,-7.16,-38.114,0.0,0.0,ABC,1.69
AgI2Ga,0.096,-0.273,0,pm11,1.764,,2.351,1.764,,2.351,-3.638,-4.52,,-5.402,-9.791,0.0,0.0,ABC2,2.728
In2S2,0.004,-0.552,0,p-3m1,1.604,3.086,2.354,1.683,3.159,2.43,-4.722,-5.524,,-6.326,-15.89,0.0,0.0,AB,4.031
I2Mn2Se,0.052,-0.341,1,p-3m1,0.156,,2.354,0.256,,2.519,-4.677,-4.755,,-4.833,-27.577,0.464,0.476,AB2C2,4.576
Ba4Bi4S8F4,0.0,-1.821,0,p2_1/b11,1.4,,2.354,1.508,,2.373,-4.1,-4.8,,-5.499,-101.398,0.0,0.0,ABCD2,3.343
Se2Al2,0.032,-0.685,0,c2/m11,1.642,,2.356,2.584,,3.36,-3.516,-4.337,,-5.158,-17.183,0.0,0.0,AB,1.464
INiBr,0.016,-0.252,1,p3m1,0.45,,2.357,0.677,,2.652,-5.017,-5.243,,-5.468,-11.066,1.846,1.835,ABC,1.787
FeAl2S4,0.106,-0.8,0,p-3m1,0.663,,2.36,0.799,,2.649,-3.276,-3.608,,-3.939,-38.43,0.0,0.0,AB2C4,3.224
SnS2,0.0,-0.402,0,p-3m1,1.587,3.15,2.361,1.82,3.402,2.627,-5.235,-6.029,,-6.823,-13.417,0.0,0.0,AB2,3.612
Hg2Ag2Se2Cl2,0.03,-0.352,0,pm2_1b,1.348,,2.362,1.348,,2.362,-4.43,-5.104,,-5.778,-20.801,0.0,0.0,ABCD,1.462
Au2Se2Li2,0.074,-0.603,0,cm2e,1.614,,2.363,1.614,,2.363,-3.894,-4.701,,-5.508,-20.624,0.0,0.0,ABC,2.05
Cu2S4Cl2,0.0,-0.303,0,p2_122,0.996,,2.363,0.996,,2.363,-4.978,-5.476,,-5.974,-29.656,0.0,0.0,ABC2,2.473
Hg2I2Br2,0.006,-0.438,0,pm2_1b,1.469,,2.363,1.469,,2.363,-4.814,-5.548,,-6.283,-10.526,0.0,0.0,ABC,2.754
Te2Al2,0.0,-0.376,0,p-6m2,1.748,3.016,2.363,2.345,3.672,3.032,-3.525,-4.399,,-5.273,-15.39,0.0,0.0,AB,3.751
Hg2Ag2Br2S2,0.023,-0.278,0,pm2_1b,1.319,,2.363,1.321,,2.381,-4.657,-5.316,,-5.976,-21.002,0.0,0.0,ABCD,1.514
NiAl2S4,0.066,-0.806,1,p-3m1,0.333,,2.363,0.505,,2.454,-3.871,-4.037,,-4.204,-36.681,0.106,0.105,AB2C4,3.068
AgInP2S6,0.0,-0.327,0,p312,1.317,,2.365,1.581,,2.71,-4.561,-5.219,,-5.878,-44.072,0.0,0.0,ABC2D6,2.003
Mn2SeCl2,0.048,-0.729,1,p-3m1,0.098,,2.366,0.446,,2.883,-4.868,-4.917,,-4.966,-30.13,0.064,0.064,AB2C2,4.244
IrCoBr5Cl,0.0,-0.415,0,p1,0.726,,2.366,0.737,,2.397,-5.02,-5.383,,-5.746,-30.529,0.0,0.0,ABCD5,3.038
Pd4Br8,0.0,-0.375,0,p2_1/b11,1.148,,2.37,1.204,,2.468,-5.085,-5.659,,-6.233,-32.453,0.0,0.0,AB2,1.322
Ga2Se2,0.004,-0.598,0,p-3m1,1.644,3.331,2.371,1.713,3.4,2.435,-4.133,-4.955,,-5.777,-15.163,0.0,0.0,AB,3.604
AuSbP2S6,0.0,-0.196,0,p3,1.683,,2.371,1.861,,2.606,-4.208,-5.05,,-5.891,-44.694,0.0,0.0,ABC2D6,1.968
Sr4As4Se8Cl4,0.043,-1.183,0,p2_1/b11,1.589,,2.371,1.733,,2.522,-4.044,-4.838,,-5.633,-84.016,0.0,0.0,ABCD2,3.018
Ge2S2,0.031,-0.246,0,pm2_1n,1.714,3.03,2.372,1.878,3.322,2.607,-3.378,-4.234,,-5.091,-18.174,0.0,0.0,AB,3.107
PbNa2S6H6,0.075,-0.359,0,p-3,1.498,,2.375,1.52,,2.412,-4.13,-4.879,,-5.628,-56.171,0.0,0.0,AB2C6D6,1.085
Bi4S12B4,0.085,-0.315,0,p2_1/b11,1.486,,2.378,1.489,,2.378,-4.191,-4.934,,-5.677,-100.753,0.0,0.0,ABC3,1.935
Tl3I3,0.024,-0.653,0,p4/mmm,1.737,,2.381,1.744,,2.388,-3.398,-4.267,,-5.136,-15.847,0.0,0.0,AB,3.596
Re6S8F2,0.0,-0.857,0,p-1,1.621,,2.384,1.646,,2.418,-5.239,-6.049,,-6.86,-119.459,0.0,0.0,AB3C4,2.462
Pb2I4,0.073,-0.619,0,c2/m11,1.701,,2.385,1.771,,2.459,-4.258,-5.109,,-5.959,-17.145,0.0,0.0,AB2,1.346
Sb2Ge2S6C2H6,0.093,-0.133,0,p11a,1.549,,2.386,1.591,,2.426,-3.433,-4.208,,-4.982,-83.093,0.0,0.0,ABCD3E3,1.387
HfPdIBr4Cl,0.001,-1.025,0,p1,1.065,,2.386,1.083,,2.403,-5.15,-5.683,,-6.215,-29.13,0.0,0.0,ABCDE4,2.705
Pd3Se8P2,0.012,-0.243,0,p-3m1,1.463,,2.386,1.508,,2.43,-4.52,-5.251,,-5.982,-53.21,0.0,0.0,A2B3C8,1.759
Ga2S3,0.062,-0.601,0,cm2m,1.396,,2.387,1.396,,2.387,-4.062,-4.76,,-5.458,-21.047,0.0,0.0,A2B3,4.217
Sc2S4Cl4,0.074,-1.407,0,c2/m11,1.531,,2.388,1.639,,2.487,-4.873,-5.639,,-6.404,-46.843,0.0,0.0,AB2C2,2.825
Sc2Br4S4,0.073,-1.206,0,c2/m11,1.533,,2.394,1.598,,2.468,-4.885,-5.652,,-6.419,-44.031,0.0,0.0,AB2C2,2.813
CoP2S6Li,0.0,-0.457,0,p312,1.02,,2.395,1.037,,2.401,-4.976,-5.486,,-5.996,-49.883,0.0,0.0,ABC2D6,2.015
In2I6,0.004,-0.513,0,p-31m,1.597,,2.396,1.631,,2.459,-4.506,-5.305,,-6.103,-18.502,0.0,0.0,AB3,3.061
HgI2,0.006,-0.351,0,p-4m2,1.54,,2.397,1.54,,2.397,-4.394,-5.164,,-5.934,-4.895,0.0,0.0,AB2,2.557
Sr4Se8P4F4,0.055,-1.66,0,p2_1/b11,1.648,,2.397,1.648,,2.397,-4.119,-4.943,,-5.767,-95.56,0.0,0.0,ABCD2,3.33
Au4O4F4,0.0,-0.509,0,p2_1/b11,1.107,,2.402,1.163,,2.461,-6.808,-7.362,,-7.915,-45.476,0.0,0.0,ABC,1.343
K2S2Li2,0.054,-1.195,0,p4/nmm,1.574,,2.403,1.574,,2.403,-0.881,-1.668,,-2.455,-21.544,0.0,0.0,ABC,1.784
Ba4As4Se8Cl4,0.048,-1.239,0,p2_1/b11,1.624,,2.404,1.749,,2.52,-4.016,-4.828,,-5.64,-85.755,0.0,0.0,ABCD2,3.111
PbI2,0.078,-0.614,0,p-6m2,1.577,3.338,2.404,1.628,3.367,2.543,-4.663,-5.452,,-6.24,-8.559,0.0,0.0,AB2,3.352
Cr2P2S8,0.0,-0.458,1,c2/m11,0.819,,2.404,0.819,,2.404,-4.966,-5.376,,-5.786,-67.666,-0.091,-0.097,ABC4,3.252
Ta2Br4S4,0.034,-0.851,0,c2/m11,1.529,,2.404,1.537,,2.406,-3.83,-4.595,,-5.36,-50.791,0.0,0.0,AB2C2,1.874
Ge2Se6Al2,0.007,-0.547,0,p-31m,1.645,,2.408,1.67,,2.445,-4.243,-5.065,,-5.888,-42.879,0.0,0.0,ABC3,2.041
GaSe6NaP2,0.008,-0.381,0,c211,1.612,,2.41,1.703,,2.514,-4.302,-5.108,,-5.915,-39.65,0.0,0.0,ABC2D6,1.686
Cu2Se2Li2,0.073,-0.625,0,p4/nmm,1.127,,2.419,1.127,,2.464,-2.479,-3.042,,-3.606,-21.849,0.0,0.0,ABC,3.19
AuSnF6,0.0,-1.94,1,p-1,0.564,,2.42,0.768,,2.638,-7.319,-7.601,,-7.883,-32.23,-2.304,-3.336,ABC6,1.196
Ag2Se4Cl2,0.0,-0.237,0,p2_111,1.34,,2.421,1.343,,2.423,-4.772,-5.442,,-6.112,-25.078,0.0,0.0,ABC2,2.458
Ta2S4Cl4,0.017,-1.033,0,c2/m11,1.55,,2.422,1.55,,2.422,-3.848,-4.623,,-5.398,-53.415,0.0,0.0,AB2C2,1.898
Ga2O2,0.061,-1.449,0,p-3m1,1.468,,2.423,1.985,,3.185,-5.607,-6.341,,-7.074,-21.853,0.0,0.0,AB,3.408
Cu2Se4Cl2,0.001,-0.304,0,p2_122,0.829,,2.424,0.948,,2.433,-4.745,-5.159,,-5.574,-27.284,0.0,0.0,ABC2,2.549
In2Se6Al2,0.055,-0.648,0,pm2_1n,1.685,,2.424,1.685,,2.424,-4.3,-5.143,,-5.986,-40.379,0.0,0.0,ABC3,2.712
Y2S4Cl4,0.044,-1.568,0,c2/m11,1.586,,2.425,1.669,,2.516,-4.881,-5.673,,-6.466,-48.518,0.0,0.0,AB2C2,2.77
Sn2Sb2S6C2H6,0.088,-0.175,0,p11a,1.627,,2.426,1.749,,2.563,-3.442,-4.255,,-5.069,-82.937,0.0,0.0,ABCD3E3,1.479
Sn4S4,0.037,-0.421,0,pb2_1a,1.737,,2.426,1.866,,2.505,-3.127,-3.995,,-4.864,-35.905,0.0,0.0,AB,1.723
Co2Br4,0.001,-0.36,1,pm2_1b,0.131,,2.428,0.132,,2.428,-5.56,-5.625,,-5.69,-24.954,-0.353,-0.324,AB2,2.673
In2Ge2S6,0.004,-0.445,0,p-31m,1.641,,2.429,1.909,,2.767,-4.723,-5.543,,-6.363,-43.472,0.0,0.0,ABC3,2.039
Y2Se2F2,0.061,-2.9,0,p4/nmm,1.402,,2.43,1.402,,2.43,-4.916,-5.617,,-6.318,-36.92,0.0,0.0,ABC,5.065
In2S2,0.0,-0.556,0,p-6m2,1.675,3.149,2.431,1.758,3.224,2.511,-4.672,-5.509,,-6.347,-15.905,0.0,0.0,AB,4.036
Tl2S2Li2,0.053,-0.802,0,cm2e,1.782,,2.433,2.366,,3.122,-2.822,-3.713,,-4.604,-21.746,0.0,0.0,ABC,3.524
Ge4Se4P4,0.002,-0.152,0,p2_122,1.675,,2.433,1.694,,2.461,-4.023,-4.861,,-5.698,-55.272,0.0,0.0,ABC,1.706
Te4I4Ga4,0.0,-0.447,0,p2_1/b11,1.737,,2.433,1.737,,2.433,-4.035,-4.903,,-5.772,-35.709,0.0,0.0,ABC,1.795
ZrPdCl6,0.059,-1.284,1,p312,0.79,,2.434,0.831,,2.473,-5.849,-6.244,,-6.639,-32.202,-0.125,-0.129,ABC6,2.837
Ag2Sb4Se3Br2,0.095,-0.187,0,pm11,1.395,,2.434,1.395,,2.434,-3.878,-4.576,,-5.273,-38.979,0.0,0.0,A2B2C3D4,1.559
GeS2,0.049,-0.298,0,p-4m2,1.344,3.671,2.434,1.573,3.942,2.686,-4.348,-5.021,,-5.693,-13.565,0.0,0.0,AB2,2.969
I2Al2S2,0.018,-0.88,0,pm2_1n,1.481,,2.434,1.481,,2.434,-3.979,-4.72,,-5.46,-23.867,0.0,0.0,ABC,2.154
Pt4Se4P4,0.062,-0.496,0,p2/b11,1.503,,2.435,1.678,,2.637,-4.013,-4.765,,-5.516,-66.754,0.0,0.0,ABC,2.503
IGa2Cl,0.062,-0.511,0,pm11,1.84,,2.436,1.84,,2.436,-2.817,-3.737,,-4.657,-11.113,0.0,0.0,ABC2,2.384
Tl2K2O2,0.052,-0.942,0,p2_1/m11,1.528,,2.436,1.756,,2.713,-2.029,-2.793,,-3.557,-23.332,0.0,0.0,ABC,2.53
Ge2Se2,0.046,-0.184,0,pm2_1n,1.744,,2.436,1.818,,2.51,-3.485,-4.357,,-5.229,-16.735,0.0,0.0,AB,2.54
I2Al2S2,0.044,-0.854,0,pmmn,1.615,,2.44,1.619,,2.445,-4.338,-5.145,,-5.953,-23.714,0.0,0.0,ABC,3.922
Te12Al8,0.003,-0.448,0,p2_1/b11,1.775,,2.441,1.863,,2.576,-3.141,-4.028,,-4.915,-77.32,0.0,0.0,A2B3,1.736
Cd2Cu2Se2Cl2,0.081,-0.543,0,pm2_1b,0.84,,2.442,0.84,,2.442,-4.276,-4.696,,-5.116,-24.084,0.0,0.0,ABCD,1.553
Y2Br4S4,0.044,-1.367,0,c2/m11,1.606,,2.442,1.664,,2.503,-4.867,-5.67,,-6.473,-45.704,0.0,0.0,AB2C2,2.748
Ag2Se4F2,0.022,-0.569,0,p2_111,1.422,,2.442,1.553,,2.772,-4.309,-5.02,,-5.731,-27.337,0.0,0.0,ABC2,2.078
In4Te4I4,0.0,-0.451,0,p2_1/b11,1.732,,2.444,1.732,,2.444,-4.182,-5.048,,-5.914,-35.192,0.0,0.0,ABC,1.762
Pt3PdO8,0.0,-0.524,0,p2/m11,1.064,,2.448,1.198,,2.581,-5.891,-6.423,,-6.955,-70.168,0.0,0.0,AB3C8,3.148
Ir2I6,0.0,-0.157,0,p-31m,1.358,,2.45,1.404,,2.489,-3.76,-4.439,,-5.118,-28.675,0.0,0.0,AB3,3.495
Zr2Se4Br4,0.0,-1.167,0,c2/m11,1.381,,2.451,1.439,,2.498,-4.457,-5.147,,-5.837,-46.743,0.0,0.0,AB2C2,3.203
InSe6P2Li,0.0,-0.41,0,c211,1.632,,2.452,1.676,,2.498,-4.266,-5.082,,-5.898,-40.375,0.0,0.0,ABC2D6,1.728
Sn4As4S4,0.089,-0.216,0,p2_122,1.725,,2.455,1.781,,2.543,-4.27,-5.133,,-5.995,-53.785,0.0,0.0,ABC,1.622
Zn2As4S8,0.076,-0.261,0,p2_111,1.653,,2.457,1.701,,2.457,-4.232,-5.058,,-5.885,-57.301,0.0,0.0,AB2C4,2.647
Cd2Te2Cu2Cl2,0.093,-0.464,0,pm2_1b,1.124,,2.458,1.124,,2.458,-3.781,-4.343,,-4.905,-22.902,0.0,0.0,ABCD,1.554
Rh2Se2F2,0.003,-1.055,0,p3m1,1.355,,2.458,1.498,,2.671,-5.055,-5.733,,-6.41,-30.766,0.0,0.0,ABC,3.261
HfPdCl6,0.05,-1.293,1,p312,0.805,,2.459,0.845,,2.499,-5.827,-6.229,,-6.632,-32.379,-0.117,-0.12,ABC6,2.855
Ag2Cd2Br2S2,0.045,-0.489,0,pm2_1b,1.356,,2.461,1.356,,2.461,-4.352,-5.03,,-5.708,-22.77,0.0,0.0,ABCD,1.512
Cd2Cu2Se2Br2,0.07,-0.473,0,pm2_1b,0.885,,2.461,0.885,,2.461,-4.253,-4.696,,-5.138,-23.126,0.0,0.0,ABCD,1.575
Se6Al4,0.024,-0.833,0,pmmn,1.524,,2.462,1.524,,2.462,-3.576,-4.338,,-5.1,-44.175,0.0,0.0,A2B3,2.929
Cu4Cl4O4H4,0.029,-0.712,1,p2_1/b11,0.403,,2.462,0.424,,2.491,-6.318,-6.52,,-6.721,-67.028,-0.098,-0.154,ABCD,1.694
Nb2Br4S4,0.0,-0.903,0,c2/m11,1.556,,2.465,1.564,,2.466,-4.058,-4.836,,-5.613,-52.334,0.0,0.0,AB2C2,1.851
Cd2Te2Cu2Br2,0.082,-0.395,0,pm2_1b,1.102,,2.466,1.102,,2.466,-3.857,-4.408,,-4.959,-21.947,0.0,0.0,ABCD,1.572
PbK2S6H6,0.063,-0.408,0,p-3,1.59,,2.466,1.59,,2.466,-4.122,-4.917,,-5.712,-56.737,0.0,0.0,AB2C6D6,1.092
Au4Te2O12,0.041,-0.368,0,p2_1/b11,1.08,,2.467,1.08,,2.47,-6.509,-7.049,,-7.589,-87.04,0.0,0.0,AB2C6,1.592
Sb4Cu2Se3Br2,0.094,-0.189,0,pm11,0.911,,2.472,0.911,,2.472,-3.782,-4.238,,-4.693,-40.671,0.0,0.0,A2B2C3D4,1.622
Ga2O2,0.06,-1.45,0,p-6m2,1.556,3.851,2.472,2.067,4.388,3.271,-5.557,-6.335,,-7.113,-21.857,0.0,0.0,AB,3.733
Cd2Br2,0.02,-0.657,0,p-3m1,1.841,,2.473,2.344,,3.173,-4.369,-5.29,,-6.21,-7.65,0.0,0.0,AB,3.793
In2Te2Br2,0.004,-0.592,0,pm2_1n,1.676,,2.473,1.704,,2.473,-4.738,-5.576,,-6.415,-18.656,0.0,0.0,ABC,1.936
Sb4Ge4S4,0.008,-0.177,0,p2_122,1.752,,2.476,1.811,,2.492,-3.787,-4.663,,-5.539,-54.12,0.0,0.0,ABC,1.668
Ti2Br4S4,0.021,-0.998,0,c2/m11,1.031,,2.482,1.055,,2.513,-5.114,-5.629,,-6.144,-46.009,0.0,0.0,AB2C2,3.138
Cu2As4Se3Br2,0.038,-0.178,0,pm11,0.96,,2.483,0.96,,2.483,-4.047,-4.526,,-5.006,-41.581,0.0,0.0,A2B2C3D4,1.526
Sb2I6,0.0,-0.374,0,p-31m,1.826,,2.484,1.953,,2.624,-4.22,-5.133,,-6.046,-20.671,0.0,0.0,AB3,2.985
Cd2Te2I2Cu2,0.067,-0.308,0,pm2_1b,1.151,,2.486,1.151,,2.486,-3.661,-4.236,,-4.812,-21.037,0.0,0.0,ABCD,1.676
Hg2I2Br2,0.011,-0.433,0,pmm2,1.585,,2.486,1.588,,2.504,-4.628,-5.421,,-6.213,-10.496,0.0,0.0,ABC,2.482
Ge4As4Se4,0.005,-0.181,0,p2_122,1.735,,2.487,1.74,,2.515,-3.911,-4.778,,-5.646,-52.821,0.0,0.0,ABC,1.675
PtS2,0.0,-0.394,0,p-3m1,1.688,2.945,2.488,1.771,3.108,2.608,-4.558,-5.402,,-6.246,-15.694,0.0,0.0,AB2,3.656
Ge2S2,0.047,-0.23,0,pm2_1n,1.763,,2.489,1.952,,2.701,-3.515,-4.397,,-5.279,-18.109,0.0,0.0,AB,2.489
Hg4I8,0.0,-0.357,0,p-4m2,1.664,,2.49,1.664,,2.49,-4.501,-5.333,,-6.165,-19.648,0.0,0.0,AB2,1.329
SnI2,0.0,-0.539,0,p-3m1,1.837,3.312,2.49,2.15,3.631,2.82,-4.07,-4.988,,-5.906,-8.629,0.0,0.0,AB2,3.117
Cu2Cl2F2,0.044,-1.014,1,pb11,0.333,,2.495,0.398,,2.541,-6.675,-6.841,,-7.008,-20.18,-0.117,-0.072,ABC,2.476
Nb2S4F4,0.0,-1.951,0,c2/m11,1.617,,2.495,1.659,,2.519,-3.876,-4.684,,-5.493,-62.818,0.0,0.0,AB2C2,1.807
Ag6I6,0.026,-0.243,0,p3m1,1.504,,2.496,1.504,,2.496,-3.973,-4.725,,-5.477,-28.824,0.0,0.0,AB,3.363
Cd2I2Cu2Se2,0.059,-0.382,0,pm2_1b,1.036,,2.498,1.036,,2.498,-3.894,-4.412,,-4.93,-22.185,0.0,0.0,ABCD,1.687
Hg2Ag2Br6,0.017,-0.441,0,p-31m,1.419,,2.502,1.419,,2.502,-4.956,-5.665,,-6.375,-21.364,0.0,0.0,ABC3,2.899
I2Cu2C6N2H8,0.166,-0.134,0,p-1,0.838,,2.502,1.045,,2.843,-3.49,-3.908,,-4.327,-111.602,0.0,0.0,ABCD3E4,1.362
SnI2,0.085,-0.454,0,p-6m2,1.926,3.332,2.504,2.172,3.563,2.779,-3.951,-4.914,,-5.876,-8.374,0.0,0.0,AB2,3.324
IrSCl,0.044,-0.456,0,p3m1,1.457,,2.505,1.699,,2.748,-4.013,-4.742,,-5.47,-16.508,0.0,0.0,ABC,3.823
Te4Be4,0.098,-0.271,0,p4/nmm,1.816,,2.505,1.816,,2.505,-2.788,-3.696,,-4.604,-29.797,0.0,0.0,AB,3.211
Ga2Se2,0.0,-0.601,0,p-6m2,1.765,3.445,2.506,1.844,3.524,2.578,-4.032,-4.914,,-5.796,-15.177,0.0,0.0,AB,3.798
Pd2Te2O6,0.08,-0.764,0,p2_1/m11,1.001,,2.509,1.227,,2.774,-3.798,-4.299,,-4.799,-52.431,0.0,0.0,ABC3,1.623
Mo2I6,0.101,-0.211,1,p-31m,0.977,,2.509,0.977,,2.509,-4.23,-4.719,,-5.207,-32.963,-3.309,-3.306,AB3,3.312
SnS2,0.082,-0.319,0,p-4m2,1.438,,2.509,1.689,,2.724,-4.679,-5.399,,-6.118,-13.17,0.0,0.0,AB2,2.879
As2NaAlS6,0.09,-0.46,0,c211,1.645,,2.51,1.653,,2.532,-4.769,-5.592,,-6.415,-43.443,0.0,0.0,ABC2D6,1.617
Hg2Cu2Br6,0.015,-0.425,0,p-31m,0.737,,2.512,0.737,,2.512,-5.069,-5.438,,-5.806,-22.885,0.0,0.0,ABC3,2.933
In4S6,0.022,-0.557,0,c211,1.723,,2.512,1.723,,2.512,-4.938,-5.8,,-6.661,-41.086,0.0,0.0,A2B3,4.669
Zr2I4S4,0.0,-1.001,0,c2/m11,1.386,,2.514,1.398,,2.514,-4.617,-5.31,,-6.003,-47.046,0.0,0.0,AB2C2,3.354
Os2K2S2N2F10,0.0,-1.789,1,p2_1/m11,0.841,,2.516,0.976,,2.544,-4.645,-5.066,,-5.486,-97.75,-2.298,-5.316,ABCDE5,1.853
Os2Rb2S2N2F10,0.0,-1.791,1,p2_1/m11,0.865,,2.52,0.964,,2.545,-4.68,-5.113,,-5.545,-97.173,-1.849,-5.454,ABCDE5,1.868
Sn2S2,0.062,-0.396,0,pm2_1n,1.834,,2.52,1.923,,2.624,-3.213,-4.131,,-5.048,-17.852,0.0,0.0,AB,2.558
Hf2Se4Br4,0.0,-1.113,0,c2/m11,1.572,,2.523,1.596,,2.542,-4.189,-4.975,,-5.761,-46.411,0.0,0.0,AB2C2,3.244
Ti2S4Cl4,0.027,-1.175,0,c2/m11,1.018,,2.523,1.084,,2.576,-5.155,-5.664,,-6.173,-48.578,0.0,0.0,AB2C2,3.157
ZnGeBr2S,0.08,-0.616,0,p1,1.78,,2.524,2.292,,3.159,-4.288,-5.178,,-6.068,-16.029,0.0,0.0,ABCD2,3.666
Cs2Os2S2N2F10,0.0,-1.801,1,p2_1/m11,0.895,,2.525,0.952,,2.543,-4.722,-5.17,,-5.617,-97.201,-1.601,-5.689,ABCDE5,1.979
Nb2S4Cl4,0.0,-1.075,0,c2/m11,1.61,,2.526,1.61,,2.526,-4.048,-4.853,,-5.658,-54.858,0.0,0.0,AB2C2,1.87
Hg2Ag2S2Cl2,0.031,-0.328,0,pm2_1b,1.388,,2.526,1.388,,2.526,-4.567,-5.261,,-5.955,-21.799,0.0,0.0,ABCD,1.47
Cu2Br2C4N2H4,0.187,-0.113,0,p-1,0.69,,2.528,0.968,,2.97,-3.738,-4.083,,-4.428,-78.98,0.0,0.0,ABCD2E2,1.259
Ag4S6,0.113,0.068,0,p112/a,1.476,,2.534,1.579,,2.639,-3.625,-4.363,,-5.1,-35.145,0.0,0.0,A2B3,1.843
Sb4S8Li4,0.017,-0.665,0,p2_1/b11,1.707,,2.535,1.963,,2.811,-3.533,-4.386,,-5.239,-68.447,0.0,0.0,ABC2,2.271
As4Se6,0.004,-0.113,0,pm2_1n,1.735,,2.535,1.892,,2.717,-3.746,-4.614,,-5.481,-40.68,0.0,0.0,A2B3,1.369
Pt4Br8,0.0,-0.269,0,p2_1/b11,1.302,,2.538,1.303,,2.542,-4.435,-5.086,,-5.737,-41.316,0.0,0.0,AB2,1.336
As2Se6Si2,0.033,-0.276,0,p-1,1.79,,2.538,1.863,,2.665,-3.586,-4.48,,-5.375,-43.78,0.0,0.0,ABC3,2.987
Hf2Se4Cl4,0.021,-1.309,0,c2/m11,1.623,,2.539,1.64,,2.561,-4.192,-5.004,,-5.815,-49.175,0.0,0.0,AB2C2,3.282
Zr2Se4Cl4,0.0,-1.356,0,c2/m11,1.437,,2.54,1.501,,2.571,-4.444,-5.163,,-5.881,-49.433,0.0,0.0,AB2C2,3.235
Au2K2Se2,0.077,-0.692,0,p11a,1.867,,2.541,1.867,,2.541,-1.576,-2.509,,-3.443,-19.818,0.0,0.0,ABC,2.112
Tl2Pb2I6,0.055,-0.632,0,p-31m,1.862,,2.542,1.903,,2.58,-3.163,-4.095,,-5.026,-27.7,0.0,0.0,ABC3,2.506
RuBr2,0.187,-0.101,0,p-3m1,1.045,2.403,2.542,1.05,2.403,2.542,-3.668,-4.19,,-4.713,-12.937,0.0,0.0,AB2,3.303
Tl2Br6,0.0,-0.515,0,p-31m,1.661,,2.546,1.661,,2.546,-5.531,-6.362,,-7.193,-18.625,0.0,0.0,AB3,2.688
Ba4Se8P4F4,0.075,-1.662,0,p2_1/b11,1.721,,2.547,1.806,,2.601,-4.055,-4.916,,-5.776,-96.218,0.0,0.0,ABCD2,3.369
Ag2Cd2I2S2,0.058,-0.409,0,pm2_1b,1.511,,2.549,1.526,,2.551,-3.969,-4.724,,-5.48,-21.922,0.0,0.0,ABCD,1.645
AgGeF6,0.0,-2.047,1,p-1,0.575,,2.553,0.773,,2.72,-8.231,-8.518,,-8.806,-33.248,-0.403,-0.527,ABC6,1.166
Ni2Se2O6,0.0,-0.737,0,c2/m11,0.31,,2.554,0.31,,2.554,-4.224,-4.379,,-4.534,-59.572,0.0,0.0,ABC3,1.456
Cu2Se3Br2P4,0.04,-0.148,0,pm11,0.96,,2.556,0.964,,2.556,-4.347,-4.827,,-5.307,-44.054,0.0,0.0,A2B2C3D4,1.539
In2S5,0.072,-0.342,0,c211,1.671,,2.557,1.707,,2.558,-3.93,-4.766,,-5.601,-28.308,0.0,0.0,A2B5,1.506
As8Se8O4,0.053,-0.431,0,p1,1.711,,2.557,1.718,,2.575,-3.777,-4.633,,-5.488,-94.29,0.0,0.0,AB2C2,1.404
CrSeBr,0.0,-0.706,1,p3m1,1.392,,2.559,1.57,,3.002,-4.339,-5.034,,-5.73,-16.595,0.065,0.065,ABC,1.847
ZrI6Mn,0.0,-0.756,1,p312,1.052,,2.559,1.052,,2.559,-4.531,-5.057,,-5.583,-32.04,-0.142,-0.142,ABC6,3.201
ZrI6Ni,0.0,-0.628,1,p312,0.851,,2.561,0.899,,2.632,-4.832,-5.258,,-5.683,-28.548,0.39,0.387,ABC6,3.267
Pb2I2Br2,0.0,-0.831,0,p3m1,1.749,,2.565,1.87,,2.708,-4.808,-5.682,,-6.557,-18.628,0.0,0.0,ABC,2.97
Te2Zn2N4H8,0.131,-0.233,0,p2_111,1.822,,2.567,1.822,,2.567,-1.035,-1.946,,-2.857,-72.513,0.0,0.0,ABC2D4,1.072
InGaS2,0.024,-0.586,0,p3m1,1.769,,2.57,1.875,,2.67,-4.574,-5.458,,-6.342,-16.167,0.0,0.0,ABC2,3.973
Ag2As4Se3Br2,0.018,-0.167,0,pm11,1.437,,2.572,1.437,,2.572,-4.115,-4.833,,-5.552,-39.786,0.0,0.0,A2B2C3D4,1.444
Cd2Cu2Br2S2,0.06,-0.51,0,pm2_1b,0.944,,2.573,0.944,,2.575,-4.182,-4.654,,-5.126,-24.613,0.0,0.0,ABCD,1.589
Ga4S6,0.044,-0.619,0,pm2_1n,1.783,,2.574,1.796,,2.591,-4.875,-5.767,,-6.659,-42.274,0.0,0.0,A2B3,2.621
FeAl2S4,0.097,-0.809,0,p-3m1,0.848,,2.579,0.878,,2.883,-3.071,-3.495,,-3.919,-38.494,0.0,0.0,AB2C4,3.169
Cs2Ru2S2N2F10,0.027,-1.751,1,p2_1/m11,0.936,,2.579,1.014,,2.585,-4.788,-5.256,,-5.724,-92.846,0.036,-0.737,ABCDE5,1.786
In4S6,0.002,-0.577,0,pm2_1n,1.74,,2.581,1.809,,2.613,-4.999,-5.869,,-6.739,-41.287,0.0,0.0,A2B3,2.678
Cr2Si2S6,0.047,-0.633,1,p-31m,1.022,,2.584,1.132,,2.628,-4.903,-5.414,,-5.925,-60.413,0.049,0.05,ABC3,2.049
Cd2Cu2S2Cl2,0.071,-0.58,0,pm2_1b,0.876,,2.584,0.876,,2.589,-4.285,-4.723,,-5.162,-25.572,0.0,0.0,ABCD,1.56
AuInS2Cl2,0.012,-0.605,0,p2/m11,1.793,,2.584,2.024,,2.886,-5.164,-6.06,,-6.957,-21.252,0.0,0.0,ABC2D2,3.004
I2Cu2As4S3,0.043,-0.141,0,pm11,1.086,,2.585,1.087,,2.585,-3.916,-4.459,,-5.003,-42.75,0.0,0.0,A2B2C3D4,1.673
Te4K4Cu4,0.064,-0.553,0,pmma,1.412,,2.585,1.412,,2.585,-2.103,-2.809,,-3.515,-39.037,0.0,0.0,ABC,2.527
Au2I2,0.0,-0.098,0,cmme,1.808,,2.585,1.808,,2.585,-2.982,-3.886,,-4.79,-9.61,0.0,0.0,AB,1.491
Sb4Se4Si4,0.044,-0.181,0,p2_122,1.884,,2.586,1.944,,2.615,-3.436,-4.378,,-5.32,-55.324,0.0,0.0,ABC,1.719
Sn2I2Br2,0.083,-0.585,0,pm11,1.958,,2.586,2.227,,2.866,-3.877,-4.856,,-5.835,-17.748,0.0,0.0,ABC,2.724
Ag2I2As4S3,0.04,-0.137,0,pm11,1.458,,2.587,1.458,,2.587,-3.948,-4.677,,-5.406,-41.034,0.0,0.0,A2B2C3D4,1.592
Tl2IBr,0.036,-0.742,0,cm11,1.946,,2.587,1.952,,2.588,-3.021,-3.994,,-4.967,-11.026,0.0,0.0,ABC2,2.679
BiCuP2S6,0.0,-0.289,0,p3,1.417,,2.588,1.554,,2.856,-4.619,-5.327,,-6.036,-46.435,0.0,0.0,ABC2D6,1.964
HgSn2I2S2,0.023,-0.398,0,c2/m11,1.837,,2.589,2.04,,2.802,-3.772,-4.69,,-5.609,-22.899,0.0,0.0,AB2C2D2,1.917
I2V2BrClO2,0.0,-1.341,1,cm11,0.749,,2.59,0.827,,2.59,-5.023,-5.398,,-5.773,-44.354,0.104,0.121,ABC2D2E2,3.156
Ge2As2S6C2H6,0.076,-0.143,0,p11a,1.726,,2.592,1.731,,2.598,-3.327,-4.19,,-5.053,-83.791,0.0,0.0,ABCD3E3,1.403
I2Zn,0.124,-0.491,0,p-3m1,1.749,3.584,2.595,2.11,3.996,2.994,-4.077,-4.951,,-5.826,-5.615,0.0,0.0,AB2,3.335
Co2O4H2,0.051,-1.035,0,p2_1/m11,0.391,,2.596,0.391,,2.596,-4.295,-4.491,,-4.686,-51.881,0.0,0.0,ABC2,2.94
Bi2Cd2I2O4,0.0,-1.029,0,p2_1/m11,1.597,,2.598,1.725,,2.702,-4.108,-4.906,,-5.705,-44.949,0.0,0.0,ABCD2,2.037
ZrI6Fe,0.09,-0.535,0,p312,0.661,,2.598,0.679,,2.598,-4.248,-4.578,,-4.909,-29.598,0.0,0.0,ABC6,3.399
Te2Al2,0.003,-0.373,0,p-3m1,1.955,,2.598,2.173,,2.904,-3.293,-4.271,,-5.248,-15.378,0.0,0.0,AB,3.604
Cr2Br4,0.063,-0.691,1,p2_1/b11,0.495,,2.6,0.701,,2.838,-4.458,-4.705,,-4.953,-29.3,-0.34,-0.378,AB2,2.877
Ba4Bi4S8Cl4,0.065,-1.329,0,p2_1/b11,1.54,,2.601,1.693,,2.706,-3.665,-4.435,,-5.205,-92.351,0.0,0.0,ABCD2,3.009
In4I4Se4,0.0,-0.559,0,p2_1/b11,1.763,,2.602,1.763,,2.602,-4.382,-5.264,,-6.145,-37.605,0.0,0.0,ABC,1.839
Pd2F4,0.0,-1.285,0,pman,0.782,,2.606,0.9,,2.767,-6.187,-6.578,,-6.969,-21.699,0.0,0.0,AB2,1.124
Cr2Cu2P4S12,0.0,-0.374,1,p2_111,1.078,,2.607,1.09,,2.607,-4.787,-5.326,,-5.865,-104.039,0.119,0.123,ABC2D6,2.01
Mo2F6,0.095,-2.31,0,p-62m,1.745,,2.609,1.745,,2.609,-4.961,-5.834,,-6.706,-50.406,0.0,0.0,AB3,3.333
InSe6NaP2,0.0,-0.403,0,c211,1.776,,2.61,1.859,,2.698,-4.153,-5.041,,-5.929,-39.729,0.0,0.0,ABC2D6,1.668
Sn4O4,0.045,-1.258,0,pm2_1b,1.938,,2.611,2.414,,3.139,-2.897,-3.866,,-4.835,-46.79,0.0,0.0,AB,3.246
Pb2Ag2I6,0.012,-0.511,0,p-31m,1.701,,2.613,1.701,,2.735,-4.378,-5.229,,-6.079,-27.176,0.0,0.0,ABC3,3.171
MoCu2S4,0.03,-0.486,0,p-42m,1.17,,2.617,1.549,,2.871,-4.534,-5.119,,-5.704,-38.27,0.0,0.0,AB2C4,2.811
CdSn2I2S2,0.045,-0.507,0,c2/m11,1.906,,2.617,2.024,,2.718,-3.45,-4.403,,-5.356,-23.704,0.0,0.0,AB2C2D2,1.824
Ag4S2,0.0,-0.075,0,p4/nmm,1.686,,2.619,1.686,,2.619,-4.016,-4.859,,-5.702,-19.967,0.0,0.0,AB2,2.194
Ga8Se12,0.001,-0.592,0,p2_1/b11,1.776,,2.621,1.776,,2.621,-3.674,-4.562,,-5.45,-76.86,0.0,0.0,A2B3,1.663
Rb2Ru2S2N2F10,0.037,-1.738,1,p2_1/m11,0.92,,2.622,1.032,,2.643,-4.632,-5.092,,-5.551,-92.764,-0.082,-0.653,ABCDE5,1.655
In2Te2Cl2,0.007,-0.698,0,pm2_1n,1.858,,2.622,1.885,,2.622,-4.794,-5.723,,-6.652,-19.691,0.0,0.0,ABC,1.901
Ru2K2S2N2F10,0.03,-1.736,1,p2_1/m11,0.881,,2.625,1.046,,2.653,-4.581,-5.022,,-5.462,-93.342,-0.099,-0.616,ABCDE5,1.627
I6As2,0.002,-0.21,0,p-31m,1.911,,2.625,2.013,,2.749,-4.118,-5.073,,-6.029,-19.876,0.0,0.0,AB3,3.089
Cs2C2O6,0.007,-1.473,1,p2_1/m11,1.065,,2.628,1.085,,2.693,-5.673,-6.206,,-6.738,-65.585,-0.007,0.0,ABC3,1.49
I6Sc2,0.047,-1.242,0,pmma,1.073,,2.628,1.073,,2.628,-4.458,-4.994,,-5.531,-28.123,0.0,0.0,AB3,3.1
HgPb2I2S2,0.028,-0.487,0,c2/m11,1.81,,2.633,1.873,,2.696,-3.985,-4.89,,-5.796,-22.926,0.0,0.0,AB2C2D2,1.907
Zn2Se2,0.108,-0.61,0,p-3m1,1.621,,2.634,1.621,,2.634,-4.105,-4.916,,-5.727,-11.776,0.0,0.0,AB,3.199
Sb4S6,0.046,-0.229,0,p2_111,1.882,,2.635,1.902,,2.638,-3.824,-4.765,,-5.705,-44.387,0.0,0.0,A2B3,1.44
NiCl2C6N2H4,0.181,-0.081,1,pm2m,0.858,,2.638,1.013,,2.882,-4.289,-4.717,,-5.146,-97.36,0.071,0.437,AB2C2D4E6,1.165
SbCuP2S6,0.0,-0.247,0,p3,1.672,,2.639,1.922,,2.993,-4.148,-4.984,,-5.82,-45.749,0.0,0.0,ABC2D6,1.949
W2V2O10,0.033,-2.246,1,p4/n,0.386,,2.642,0.386,,2.642,-5.242,-5.435,,-5.628,-122.7,-0.212,-0.212,ABC5,1.335
Cd2I2,0.017,-0.456,0,p-3m1,1.936,,2.642,2.013,,2.739,-3.813,-4.781,,-5.749,-6.635,0.0,0.0,AB,3.956
P8S12,0.047,-0.117,0,p-1,1.832,,2.644,1.892,,2.777,-3.876,-4.792,,-5.708,-94.184,0.0,0.0,A2B3,1.19
In2Te2F2,0.078,-1.266,0,pm2_1n,1.864,,2.647,1.903,,2.647,-4.344,-5.276,,-6.208,-22.705,0.0,0.0,ABC,1.722
In2S2Cl2,0.019,-0.81,0,pmmn,1.797,,2.649,1.797,,2.649,-4.935,-5.833,,-6.732,-22.115,0.0,0.0,ABC,3.462
Ag2Se3Br2P4,0.037,-0.135,0,pm11,1.449,,2.651,1.452,,2.651,-4.427,-5.151,,-5.876,-42.245,0.0,0.0,A2B2C3D4,1.429
Pt4P4S4,0.0,-0.558,0,p2/b11,1.702,,2.654,1.873,,2.892,-4.079,-4.93,,-5.781,-69.888,0.0,0.0,ABC,2.503
Tl2Na2S2,0.047,-0.677,0,pmmn,1.924,,2.658,2.005,,2.769,-2.747,-3.709,,-4.671,-19.83,0.0,0.0,ABC,2.525
Cd2TeI2,0.084,-0.48,0,p1,1.906,,2.659,1.906,,2.659,-3.778,-4.731,,-5.684,-10.414,0.0,0.0,AB2C2,2.487
In2Si2S6,0.031,-0.593,0,p-31m,1.848,,2.659,2.071,,2.871,-4.535,-5.459,,-6.383,-46.724,0.0,0.0,ABC3,2.038
Hg2Bi2I2O4,0.012,-0.787,0,p2_1/m11,1.68,,2.659,1.681,,2.662,-4.035,-4.875,,-5.715,-42.44,0.0,0.0,ABCD2,1.928
Pd2Se2O6,0.0,-0.646,0,p2_1/m11,1.12,,2.663,1.243,,2.847,-4.271,-4.831,,-5.392,-51.809,0.0,0.0,ABC3,1.51
Hf2I2N2,0.0,-1.459,0,pmmn,1.585,,2.664,1.585,,2.664,-4.067,-4.859,,-5.651,-43.43,0.0,0.0,ABC,4.684
In2S2,0.036,-0.52,0,c2/m11,1.973,,2.664,2.099,,2.826,-3.779,-4.766,,-5.752,-15.762,0.0,0.0,AB,1.456
Cs2C2O6,0.0,-1.481,1,p2_1/m11,1.048,,2.664,1.1,,2.737,-5.427,-5.951,,-6.475,-65.659,-0.005,0.002,ABC3,1.372
CoCl2,0.01,-0.613,1,p-4m2,0.168,,2.667,0.168,,2.676,-5.882,-5.966,,-6.05,-13.638,-0.146,-0.146,AB2,2.456
I2Ge,0.003,-0.36,0,p-3m1,1.954,3.348,2.668,2.359,3.764,3.096,-3.906,-4.883,,-5.859,-8.553,0.0,0.0,AB2,3.248
CoSCl,0.013,-0.554,0,p3m1,1.065,,2.669,1.313,,2.882,-4.858,-5.39,,-5.923,-15.753,0.0,0.0,ABC,1.966
I4Ni2As4O6,0.095,-0.716,1,p-1,0.594,,2.672,0.643,,2.672,-5.033,-5.33,,-5.627,-81.27,-1.264,-1.107,AB2C2D3,2.134
CdBrOH,0.053,-0.968,0,p3m1,1.645,,2.673,1.645,,2.673,-3.531,-4.354,,-5.176,-14.831,0.0,0.0,ABCD,1.308
Rb2C2O6,0.017,-1.469,1,p2_1/m11,1.017,,2.673,1.08,,2.747,-5.684,-6.192,,-6.701,-65.693,-0.002,0.003,ABC3,1.244
Sb4Cu2Br2S3,0.098,-0.212,0,pm11,1.041,,2.676,1.041,,2.676,-3.733,-4.254,,-4.774,-42.711,0.0,0.0,A2B2C3D4,1.65
CrSeCl,0.0,-0.859,1,p3m1,1.604,,2.676,1.688,,3.207,-4.4,-5.202,,-6.004,-17.254,0.096,0.096,ABC,1.876
Hg2Cu2Cl6,0.006,-0.569,0,p-31m,0.676,,2.677,0.676,,2.677,-5.203,-5.542,,-5.88,-25.524,0.0,0.0,ABC3,2.935
Cu2Se3P4Cl2,0.067,-0.197,0,pm11,1.012,,2.68,1.013,,2.68,-4.368,-4.874,,-5.38,-44.998,0.0,0.0,A2B2C3D4,1.493
Mo2Br4O4,0.0,-1.384,0,pb2_1m,1.424,,2.682,1.433,,2.713,-5.499,-6.211,,-6.923,-63.082,0.0,0.0,AB2C2,1.753
Cu4F8,0.0,-1.606,1,pmma,0.383,,2.682,0.603,,2.703,-6.965,-7.157,,-7.348,-46.67,-0.258,-0.614,AB2,2.979
Ag2Br4Cl2,0.011,-0.227,0,p-1,1.456,,2.684,1.505,,2.772,-5.094,-5.822,,-6.55,-17.406,0.0,0.0,ABC2,2.345
In2BrS2Cl,0.013,-0.761,0,pmm2,1.849,,2.685,1.849,,2.685,-4.836,-5.761,,-6.685,-21.618,0.0,0.0,ABC2D2,3.565
In4S6,0.053,-0.526,0,pmmn,1.659,,2.686,1.659,,2.686,-4.207,-5.036,,-5.865,-40.784,0.0,0.0,A2B3,2.867
In8S12,0.062,-0.517,0,p2_1/b11,1.703,,2.69,1.703,,2.691,-4.369,-5.22,,-6.071,-81.387,0.0,0.0,A2B3,1.636
I2Cu2P4S3,0.038,-0.141,0,pm11,1.131,,2.692,1.135,,2.694,-4.142,-4.707,,-5.273,-45.555,0.0,0.0,A2B2C3D4,1.707
K2C2O6,0.032,-1.473,1,p2_1/m11,0.987,,2.692,1.04,,2.758,-5.937,-6.431,,-6.924,-66.353,-0.002,0.003,ABC3,1.266
CrBrS,0.044,-0.766,1,p3m1,1.155,,2.693,1.54,,3.007,-4.548,-5.125,,-5.703,-17.368,-0.05,-0.051,ABC,1.876
ZrCoBr6,0.0,-0.993,1,c211,0.388,,2.696,0.412,,2.71,-5.182,-5.376,,-5.57,-33.085,-0.025,-0.156,ABC6,2.952
Cd2S2,0.134,-0.532,0,p-3m1,1.786,,2.696,1.786,,2.696,-4.332,-5.224,,-6.117,-12.14,0.0,0.0,AB,3.085
P4S6,0.096,-0.067,0,p11a,1.793,,2.696,1.842,,2.715,-4.057,-4.954,,-5.85,-46.6,0.0,0.0,A2B3,1.762
Ge2Se2BrCl,0.051,-0.434,0,cm11,1.719,,2.697,1.885,,2.868,-4.311,-5.171,,-6.03,-21.968,0.0,0.0,ABC2D2,2.351
Se6P4,0.028,-0.038,0,pb11,1.794,,2.7,1.815,,2.723,-3.528,-4.424,,-5.321,-42.735,0.0,0.0,A2B3,1.297
As2Si2Cl2,0.045,-0.524,0,p3m1,2.003,,2.701,2.005,,2.702,-3.871,-4.872,,-5.873,-26.837,0.0,0.0,ABC,2.985
I2Sc2Se2,0.0,-1.543,0,pmmn,1.393,,2.701,1.431,,2.759,-4.401,-5.098,,-5.795,-28.501,0.0,0.0,ABC,3.823
Mo2Cd4O8,0.037,-1.505,0,p112/a,1.649,,2.701,1.75,,2.742,-4.507,-5.332,,-6.156,-88.18,0.0,0.0,AB2C4,1.715
Sc2Se2Cl2,0.0,-1.911,0,pmmn,1.409,,2.702,1.51,,2.864,-4.635,-5.34,,-6.044,-31.323,0.0,0.0,ABC,3.393
Pt2F6,0.059,-1.243,1,p312,0.758,,2.703,0.813,,2.766,-6.062,-6.441,,-6.819,-32.175,-1.136,-1.136,AB3,2.12
In2Se2Br2,0.013,-0.695,0,pm2_1n,1.736,,2.704,1.736,,2.704,-5.173,-6.041,,-6.909,-19.829,0.0,0.0,ABC,1.97
HgPb2I2O2,0.01,-0.808,0,c2/m11,1.821,,2.706,2.128,,3.053,-3.888,-4.798,,-5.708,-27.262,0.0,0.0,AB2C2D2,2.178
Sn6O6,0.036,-1.268,0,pm2_1n,1.952,,2.707,2.326,,3.083,-2.797,-3.773,,-4.749,-70.297,0.0,0.0,AB,2.767
Sr4As4S8F4,0.0,-1.76,0,p2_1/b11,1.965,,2.707,1.965,,2.707,-4.141,-5.124,,-6.107,-99.517,0.0,0.0,ABCD2,3.193
Al2S2,0.047,-0.845,0,c2/m11,1.927,,2.709,3.004,,3.887,-3.535,-4.498,,-5.462,-19.013,0.0,0.0,AB,1.403
PdNa2S6H6,0.033,-0.384,0,p-3,1.715,,2.71,1.744,,2.794,-3.616,-4.474,,-5.331,-56.614,0.0,0.0,AB2C6D6,1.106
IrInI3Br3,0.028,-0.486,0,p1,1.651,,2.715,1.655,,2.715,-4.075,-4.901,,-5.727,-25.116,0.0,0.0,ABC3D3,3.017
Ag2Cr2P4S12,0.0,-0.363,1,p2/b11,0.997,,2.715,1.012,,2.715,-5.043,-5.541,,-6.04,-102.151,-0.09,0.012,ABC2D6,2.01
Hg2I6Na2,0.025,-0.707,0,p-31m,1.847,,2.716,1.847,,2.716,-4.177,-5.1,,-6.024,-20.328,0.0,0.0,ABC3,2.876
In2S4H2,0.0,-0.437,0,p2_1/m11,1.881,,2.717,1.881,,2.717,-4.037,-4.978,,-5.918,-31.98,0.0,0.0,ABC2,3.426
Se2Al2,0.0,-0.717,0,p-6m2,1.997,3.537,2.721,2.645,4.206,3.435,-3.828,-4.827,,-5.826,-17.311,0.0,0.0,AB,3.82
Cd2I2Cu2S2,0.055,-0.413,0,pm2_1b,1.182,,2.722,1.186,,2.732,-3.771,-4.362,,-4.954,-23.622,0.0,0.0,ABCD,1.717
Sn2As2S6C2H6,0.052,-0.186,0,p11a,1.881,,2.724,1.897,,2.75,-3.317,-4.258,,-5.198,-83.632,0.0,0.0,ABCD3E3,1.487
Rh2As2O6,0.089,-0.904,0,p-31m,0.857,,2.726,0.934,,2.77,-3.829,-4.258,,-4.686,-63.402,0.0,0.0,ABC3,3.334
In2Br2S2,0.016,-0.703,0,pmmn,1.908,,2.729,1.908,,2.729,-4.718,-5.672,,-6.626,-21.069,0.0,0.0,ABC,3.503
Ga2Se6Al2,0.012,-0.713,0,pm2_1n,1.97,,2.729,2.034,,2.808,-4.093,-5.078,,-6.063,-41.311,0.0,0.0,ABC3,2.705
Sb8S8O4,0.014,-0.624,0,p-1,1.879,,2.729,1.879,,2.729,-3.508,-4.448,,-5.387,-100.85,0.0,0.0,AB2C2,1.561
Zr2Br4S4,0.0,-1.24,0,c2/m11,1.575,,2.73,1.62,,2.774,-4.619,-5.406,,-6.193,-49.854,0.0,0.0,AB2C2,3.153
Pt2Se2O6,0.02,-0.59,0,p2_1/m11,1.305,,2.732,1.408,,2.831,-3.487,-4.139,,-4.791,-56.321,0.0,0.0,ABC3,1.525
Pd2I4O12,0.026,-0.157,0,p2_1/b11,1.034,,2.732,1.18,,2.901,-4.753,-5.27,,-5.787,-77.862,0.0,0.0,AB2C6,1.798
P2,0.04,0.04,0,p-3m1,1.929,,2.734,2.108,,2.988,-4.242,-5.206,,-6.171,-10.649,0.0,0.0,A,1.496
InGaBr2S2,0.017,-0.734,0,pm11,1.639,,2.736,1.639,,2.736,-4.732,-5.552,,-6.371,-21.397,0.0,0.0,ABC2D2,3.044
Rh2Br6,0.0,-0.495,0,p-31m,1.344,,2.737,1.364,,2.776,-4.691,-5.363,,-6.035,-27.761,0.0,0.0,AB3,2.969
Te2Ga2Br2,0.0,-0.609,0,pm2_1n,1.936,,2.737,1.936,,2.737,-4.367,-5.335,,-6.303,-19.041,0.0,0.0,ABC,1.889
SeBr2Al2S,0.058,-1.003,0,pmm2,1.893,,2.737,1.893,,2.737,-3.851,-4.797,,-5.744,-24.224,0.0,0.0,ABC2D2,3.612
Ga2S5,0.05,-0.424,0,c211,1.803,,2.743,1.803,,2.743,-3.856,-4.758,,-5.659,-29.167,0.0,0.0,A2B5,1.502
Sb4S8Li4,0.011,-0.671,0,pb2_1a,1.855,,2.746,2.1,,2.952,-3.46,-4.387,,-5.314,-68.546,0.0,0.0,ABC2,2.159
Te4Ga4Br4,0.002,-0.607,0,p2_1/b11,2.029,,2.747,2.029,,2.747,-4.203,-5.218,,-6.232,-38.054,0.0,0.0,ABC,1.63
Ba4Sb4S8F4,0.0,-1.823,0,p2_1/b11,1.974,,2.749,2.032,,2.81,-3.772,-4.759,,-5.746,-100.368,0.0,0.0,ABCD2,3.304
K4Se4O8,0.0,-1.263,0,p112/a,1.929,,2.751,1.932,,2.753,-2.385,-3.35,,-4.315,-80.007,0.0,0.0,ABC2,1.343
Cr2Br2O2,0.027,-1.438,1,pmmn,0.501,,2.752,0.708,,2.951,-4.931,-5.181,,-5.432,-40.86,0.123,0.048,ABC,2.284
Sn4I4F4,0.009,-1.44,0,cm2e,2.015,,2.754,2.554,,3.339,-3.942,-4.95,,-5.958,-45.771,0.0,0.0,ABC,3.861
CdSn2Br2S2,0.036,-0.627,0,c2/m11,2.038,,2.755,2.106,,2.826,-3.364,-4.383,,-5.401,-24.752,0.0,0.0,AB2C2D2,1.669
Cr2Se2Cl2,0.013,-0.846,1,p3m1,1.604,,2.758,1.63,,3.229,-4.335,-5.137,,-5.939,-34.429,0.179,0.18,ABC,3.545
Zr2Br2N2,0.0,-1.714,0,p-3m1,1.618,,2.759,2.009,,3.199,-4.677,-5.486,,-6.295,-44.967,0.0,0.0,ABC,3.169
Zn2P4S8,0.092,-0.261,0,p2_111,1.891,,2.759,1.9,,2.759,-4.057,-5.003,,-5.948,-60.111,0.0,0.0,AB2C4,2.627
Ga2S2,0.048,-0.616,0,c2/m11,2.021,,2.759,2.573,,3.396,-3.68,-4.691,,-5.701,-16.427,0.0,0.0,AB,1.432
In4Te4Br4,0.0,-0.596,0,p2_1/b11,2.024,,2.764,2.024,,2.764,-4.297,-5.309,,-6.321,-37.364,0.0,0.0,ABC,1.646
CdSn2I2O2,0.06,-0.954,0,c2/m11,1.968,,2.764,1.968,,2.764,-3.378,-4.362,,-5.345,-28.925,0.0,0.0,AB2C2D2,2.03
GaSe2Al,0.022,-0.664,0,p3m1,2.049,,2.765,2.306,,3.105,-3.738,-4.763,,-5.787,-16.264,0.0,0.0,ABC2,3.813
I2Sc2SeS,0.007,-1.604,0,pmm2,1.449,,2.768,1.562,,2.928,-4.475,-5.199,,-5.923,-29.463,0.0,0.0,ABC2D2,3.846
AgScSe6P2,0.0,-0.534,0,p312,1.634,,2.775,1.68,,2.778,-4.047,-4.864,,-5.681,-44.469,0.0,0.0,ABC2D6,2.021
Re2PdO8,0.0,-1.42,1,p-3,0.88,,2.78,0.955,,2.816,-6.658,-7.098,,-7.538,-83.752,-1.355,-1.379,AB2C8,1.69
Pt2F4,0.084,-1.075,0,pman,1.099,,2.781,1.141,,2.92,-5.159,-5.708,,-6.258,-25.504,0.0,0.0,AB2,1.182
Ag2I2,0.01,-0.259,0,p-3m1,1.768,,2.782,1.768,,2.782,-3.646,-4.531,,-5.415,-9.672,0.0,0.0,AB,3.342
Pt2S4,0.05,-0.345,0,p2_1/b11,1.802,,2.787,1.857,,2.895,-3.791,-4.692,,-5.593,-31.089,0.0,0.0,AB2,2.791
HfI6Mn,0.0,-0.743,1,p312,1.359,,2.788,1.359,,2.788,-4.207,-4.887,,-5.566,-32.04,-0.098,-0.094,ABC6,3.218
SnSe,0.098,-0.333,0,p3m1,2.177,3.665,2.788,2.39,3.885,3.045,-3.565,-4.653,,-5.742,-8.206,0.0,0.0,AB,2.655
Ge4P4S4,0.0,-0.194,0,p2_122,1.974,,2.789,1.98,,2.789,-4.097,-5.084,,-6.071,-58.166,0.0,0.0,ABC,1.676
In4I4S4,0.0,-0.561,0,p2_1/b11,1.875,,2.789,1.875,,2.789,-4.329,-5.266,,-6.204,-40.016,0.0,0.0,ABC,1.856
SiS2,0.086,-0.584,0,p-4m2,1.695,,2.792,2.195,,3.297,-3.921,-4.769,,-5.616,-15.307,0.0,0.0,AB2,2.946
Zr2S4Cl4,0.0,-1.433,0,c2/m11,1.6,,2.793,1.672,,2.852,-4.634,-5.434,,-6.234,-52.584,0.0,0.0,AB2C2,3.184
Cd2Br2S2,0.096,-0.578,0,p-1,1.874,,2.793,1.898,,2.812,-4.618,-5.555,,-6.491,-16.646,0.0,0.0,ABC,4.16
HfI6Fe,0.103,-0.521,0,p312,0.781,,2.795,0.803,,2.795,-4.068,-4.458,,-4.849,-29.587,0.0,0.0,ABC6,3.422
PdK2S6H6,0.026,-0.428,0,p-3,1.783,,2.798,1.786,,2.852,-3.502,-4.393,,-5.285,-57.097,0.0,0.0,AB2C6D6,1.1
CrS2H,0.078,-0.447,1,p3m1,1.115,,2.8,1.397,,2.929,-3.555,-4.112,,-4.669,-22.679,0.001,0.001,ABC2,1.712
Rh2Sb2O6,0.095,-0.991,0,p-31m,1.007,,2.804,1.034,,2.83,-3.072,-3.576,,-4.08,-63.767,0.0,0.0,ABC3,3.416
Bi4I4Co2O6,0.102,-0.879,1,p2_1/m11,0.62,,2.811,0.62,,2.811,-4.394,-4.704,,-5.014,-85.88,3.472,1.194,AB2C2D3,2.339
PdCdCl4,0.016,-0.8,0,p-1,1.183,,2.813,1.379,,3.04,-5.324,-5.916,,-6.507,-16.687,0.0,0.0,ABC4,2.733
Ni2Se2O6,0.002,-0.734,0,p2_1/m11,0.555,,2.815,0.703,,3.04,-4.224,-4.501,,-4.779,-59.548,0.0,0.0,ABC3,1.523
Ag2Cd2I6,0.028,-0.458,0,p-31m,1.834,,2.816,1.834,,2.816,-3.893,-4.81,,-5.727,-20.984,0.0,0.0,ABC3,3.265
Pb2P2S6H2,0.034,-0.335,0,p11a,1.884,,2.817,1.943,,2.896,-4.173,-5.115,,-6.057,-53.382,0.0,0.0,ABCD3,1.751
HgPb2Br2S2,0.032,-0.6,0,c2/m11,1.962,,2.817,2.052,,2.924,-3.936,-4.917,,-5.898,-23.926,0.0,0.0,AB2C2D2,1.722
Sc2Se2Br2,0.0,-1.752,0,pmmn,1.51,,2.82,1.531,,2.888,-4.547,-5.302,,-6.058,-29.965,0.0,0.0,ABC,3.483
I4Ga4Se4,0.0,-0.574,0,p2_1/b11,1.932,,2.821,1.932,,2.821,-3.971,-4.937,,-5.903,-38.348,0.0,0.0,ABC,1.832
CdSn2S2Cl2,0.047,-0.708,0,c2/m11,2.093,,2.822,2.147,,2.89,-3.329,-4.376,,-5.422,-25.721,0.0,0.0,AB2C2D2,1.628
Bi2Br6,0.0,-0.791,0,p-31m,1.954,,2.822,2.07,,2.93,-5.237,-6.214,,-7.191,-25.187,0.0,0.0,AB3,2.627
CoBr2,0.009,-0.352,1,p-4m2,0.174,,2.827,0.235,,2.905,-5.595,-5.682,,-5.768,-12.454,-0.068,-0.068,AB2,2.421
Te2Ga2F2,0.051,-1.336,0,pm2_1n,2.095,,2.827,2.24,,2.981,-4.222,-5.27,,-6.317,-23.408,0.0,0.0,ABC,1.661
InCuP2S6,0.0,-0.346,0,p3,1.546,,2.828,1.546,,3.033,-4.497,-5.27,,-6.043,-45.097,0.0,0.0,ABC2D6,1.989
Ga4Se4Br4,0.047,-0.697,0,pb2_1a,1.782,,2.829,1.782,,2.829,-4.814,-5.704,,-6.595,-40.245,0.0,0.0,ABC,2.81
Se4Si4P4,0.013,-0.277,0,p2_122,1.992,,2.829,2.14,,2.972,-3.622,-4.618,,-5.614,-60.309,0.0,0.0,ABC,1.729
Cu2As4Br2S3,0.038,-0.207,0,pm11,1.17,,2.83,1.17,,2.83,-3.924,-4.509,,-5.094,-43.683,0.0,0.0,A2B2C3D4,1.552
In2Ga2S6,0.003,-0.638,0,pm2_1n,1.981,,2.831,2.003,,2.866,-4.822,-5.813,,-6.803,-42.183,0.0,0.0,ABC3,2.686
I2Se2Al2,0.007,-0.778,0,pm2_1n,1.905,,2.831,1.906,,2.831,-3.764,-4.717,,-5.669,-22.068,0.0,0.0,ABC,2.111
Pb2IBr3,0.08,-0.818,0,pm11,1.955,,2.832,2.123,,3.061,-4.738,-5.716,,-6.694,-18.66,0.0,0.0,AB2C3,3.088
Zr2Br2N2,0.094,-1.62,0,p4/nmm,1.458,,2.833,1.458,,2.833,-5.577,-6.306,,-7.035,-44.403,0.0,0.0,ABC,4.013
Os2K2N2O2F10,0.0,-1.964,1,p2_1/m11,0.858,,2.833,0.993,,2.949,-5.554,-5.983,,-6.412,-102.987,-1.357,-3.284,ABCDE5,1.925
In2Br2S2,0.021,-0.698,0,pm2_1n,1.749,,2.834,1.749,,2.834,-5.24,-6.115,,-6.989,-21.037,0.0,0.0,ABC,2.001
Y2I2O2,0.061,-2.72,0,p-3m1,1.816,,2.834,2.117,,2.984,-3.544,-4.452,,-5.36,-38.908,0.0,0.0,ABC,3.24
Cu4O4F4H4,0.078,-1.069,1,p2_1/b11,0.46,,2.835,0.46,,2.845,-6.416,-6.646,,-6.877,-71.943,-0.314,-0.266,ABCD,1.369
InAs2NaS6,0.084,-0.346,0,c211,1.914,,2.836,1.94,,2.862,-4.645,-5.602,,-6.56,-41.329,0.0,0.0,ABC2D6,1.591
In4Te4Cl4,0.006,-0.699,0,pb2_1a,2.006,,2.839,2.006,,2.839,-4.665,-5.668,,-6.671,-39.395,0.0,0.0,ABC,3.302
Ag5I5,0.034,-0.235,0,p31m,1.804,,2.844,1.804,,2.844,-3.592,-4.494,,-5.396,-23.945,0.0,0.0,AB,2.69
Ge4As4S4,0.0,-0.224,0,p2_122,2.041,,2.844,2.085,,2.907,-3.899,-4.92,,-5.94,-55.717,0.0,0.0,ABC,1.644
Ag2As4Se3Cl2,0.034,-0.202,0,pm11,1.666,,2.844,1.667,,2.844,-4.081,-4.914,,-5.747,-40.575,0.0,0.0,A2B2C3D4,1.368
CuLi2O2,0.152,-1.215,1,c2/m11,0.323,,2.847,1.095,,3.518,-2.407,-2.569,,-2.73,-23.778,-0.171,-0.165,AB2C2,0.671
Pd2S2O6,0.06,-0.845,0,p2_1/m11,1.253,,2.851,1.299,,2.962,-4.867,-5.494,,-6.12,-54.987,0.0,0.0,ABC3,1.489
CdISH,0.06,-0.411,0,p3m1,1.984,,2.851,1.984,,2.851,-3.104,-4.096,,-5.088,-11.451,0.0,0.0,ABCD,1.531
Pb2Br4,0.037,-0.928,0,pmmn,1.938,,2.852,2.305,,3.339,-4.818,-5.787,,-6.756,-19.425,0.0,0.0,AB2,2.756
Mo2Br6,0.03,-0.578,1,p-31m,1.199,,2.853,1.199,,2.853,-4.353,-4.953,,-5.552,-36.539,-1.332,-1.332,AB3,2.886
Hg2I8Na4,0.043,-0.85,0,p2_1/m11,1.968,,2.857,1.969,,2.857,-4.281,-5.265,,-6.249,-30.731,0.0,0.0,AB2C4,1.525
Si2H2,0.005,0.005,0,p-3m1,2.171,3.833,2.862,2.299,3.976,3.028,-3.009,-4.095,,-5.18,-17.425,0.0,0.0,AB,1.886
Sr4Sb4S8Cl4,0.045,-1.28,0,p2_1/b11,1.989,,2.862,2.124,,2.963,-3.548,-4.542,,-5.537,-89.694,0.0,0.0,ABCD2,2.913
Os2Rb2N2O2F10,0.0,-1.966,1,p2_1/m11,0.895,,2.864,0.993,,2.945,-5.56,-6.007,,-6.455,-102.405,-1.207,-3.274,ABCDE5,1.941
W2O6,0.066,-2.18,0,p2_1/m11,1.267,,2.865,2.165,,3.754,-7.336,-7.97,,-8.604,-71.154,0.0,0.0,AB3,2.502
Se2Al2,0.006,-0.711,0,p-3m1,2.138,3.738,2.866,2.71,4.349,3.515,-3.654,-4.723,,-5.792,-17.287,0.0,0.0,AB,3.8
Te4Ga4Cl4,0.023,-0.707,0,pb2_1a,2.102,,2.868,2.142,,2.951,-4.422,-5.473,,-6.524,-40.062,0.0,0.0,ABC,2.858
Cr2Br2Cl2,0.063,-0.833,1,pb11,0.645,,2.869,0.843,,3.106,-4.476,-4.798,,-5.12,-30.555,-0.288,-0.14,ABC,2.599
Tl8Cl12,0.052,-0.864,0,p1,1.915,,2.87,1.943,,2.906,-4.496,-5.454,,-6.411,-58.691,0.0,0.0,A2B3,2.143
PdO2,0.0,-0.399,0,p-3m1,1.379,2.903,2.875,1.784,3.298,3.282,-6.14,-6.83,,-7.519,-15.267,0.0,0.0,AB2,3.038
Pd3P2S8,0.0,-0.348,0,p-3m1,1.75,,2.876,1.845,,2.902,-4.704,-5.579,,-6.455,-59.336,0.0,0.0,A2B3C8,1.708
Tl6Br6,0.021,-0.858,0,p4/mmm,2.092,,2.88,2.098,,2.887,-3.267,-4.313,,-5.359,-34.793,0.0,0.0,AB,3.309
Hf2Br4S4,0.0,-1.192,0,c2/m11,1.786,,2.88,1.824,,2.918,-4.333,-5.226,,-6.119,-49.587,0.0,0.0,AB2C2,3.192
Al2S2,0.006,-0.886,0,p-6m2,2.085,3.774,2.881,2.728,4.388,3.555,-4.121,-5.164,,-6.206,-19.175,0.0,0.0,AB,3.869
In4Cl8,0.059,-0.981,0,p-1,2.067,,2.881,2.123,,2.954,-4.846,-5.88,,-6.914,-37.107,0.0,0.0,AB2,2.384
I2Zn2,0.09,-0.372,0,p-3m1,2.091,,2.882,2.17,,2.968,-3.402,-4.448,,-5.493,-6.813,0.0,0.0,AB,3.694
Hf2I4SeS,0.037,-1.094,0,cm11,1.889,,2.883,2.074,,3.14,-4.123,-5.067,,-6.012,-37.239,0.0,0.0,ABC2D4,3.18
As4S6,0.018,-0.122,0,p2_111,1.988,,2.889,2.065,,2.961,-3.903,-4.897,,-5.891,-44.343,0.0,0.0,A2B3,1.362
Pb2Sb2S6C2H6,0.086,-0.202,0,p11a,1.973,,2.889,1.973,,2.889,-3.462,-4.448,,-5.435,-82.823,0.0,0.0,ABCD3E3,1.613
Te4Ga4Cl4,0.002,-0.728,0,p2_1/b11,2.172,,2.89,2.172,,2.89,-4.236,-5.322,,-6.408,-40.305,0.0,0.0,ABC,1.582
Ni3P2S8,0.0,-0.295,0,p-3m1,1.053,,2.89,1.141,,2.89,-4.865,-5.391,,-5.917,-68.928,0.0,0.0,A2B3C8,1.728
Cs2Os2N2O2F10,0.0,-1.975,1,p2_1/m11,0.929,,2.891,0.983,,2.93,-5.552,-6.016,,-6.48,-102.412,-1.103,-3.286,ABCDE5,2.057
Ir2Br6,0.0,-0.339,0,p-31m,1.567,,2.893,1.567,,2.9,-3.946,-4.73,,-5.513,-30.769,0.0,0.0,AB3,3.07
Te2Ga2Cl2,0.0,-0.73,0,pm2_1n,2.163,,2.893,2.166,,2.931,-4.412,-5.494,,-6.575,-20.167,0.0,0.0,ABC,1.847
I4Cu2O12,0.03,-0.19,1,p2_111,0.735,,2.895,0.835,,2.954,-5.024,-5.391,,-5.758,-78.182,0.235,-0.076,AB2C6,1.705
Se6P4,0.012,-0.054,0,pm2_1n,1.992,,2.896,2.04,,2.952,-3.63,-4.626,,-5.622,-42.896,0.0,0.0,A2B3,1.317
In3SeBr5S,0.061,-0.715,0,p1,1.919,,2.898,1.932,,2.919,-4.959,-5.918,,-6.877,-30.924,0.0,0.0,ABC3D5,2.823
In2Te2S8H2,0.08,-0.17,0,p2_1/m11,1.96,,2.9,1.987,,2.96,-3.922,-4.902,,-5.882,-53.589,0.0,0.0,ABCD4,1.838
As4Se4Si4,0.0,-0.266,0,p2_122,2.109,,2.901,2.214,,3.006,-3.5,-4.554,,-5.609,-57.375,0.0,0.0,ABC,1.699
Ag4S2,0.034,-0.041,0,pmma,1.999,,2.906,2.004,,2.925,-3.7,-4.699,,-5.699,-19.763,0.0,0.0,AB2,2.345
V2Se2O7F2,0.083,-1.684,1,p1,0.907,,2.907,0.943,,2.945,-4.714,-5.168,,-5.621,-84.953,-0.033,-0.039,A2B2C2D7,1.44
Ag2I6Ge2,0.021,-0.304,0,p-31m,2.064,,2.907,2.14,,3.142,-3.761,-4.793,,-5.825,-26.626,0.0,0.0,ABC3,3.259
Ge2Al2S6,0.045,-0.65,0,p-31m,2.014,,2.909,2.343,,3.214,-4.091,-5.098,,-6.105,-47.474,0.0,0.0,ABC3,2.004
Cu2As4S3Cl2,0.051,-0.257,0,pm11,1.198,,2.91,1.198,,2.91,-3.906,-4.505,,-5.104,-44.64,0.0,0.0,A2B2C3D4,1.511
Nb2Br12Na2,0.0,-1.092,0,p2_111,1.485,,2.912,1.485,,2.912,-5.259,-6.001,,-6.744,-59.749,0.0,0.0,ABC6,1.832
GeSe,0.04,-0.19,0,p3m1,2.218,3.72,2.915,2.423,4.036,3.145,-3.543,-4.652,,-5.76,-8.379,0.0,0.0,AB,2.627
In4Te4Cl4,0.0,-0.705,0,p2_1/b11,2.175,,2.916,2.175,,2.916,-4.266,-5.353,,-6.44,-39.468,0.0,0.0,ABC,1.6
Sc2SeSCl2,0.007,-1.975,0,pmm2,1.614,,2.918,1.744,,3.142,-4.737,-5.544,,-6.351,-32.302,0.0,0.0,ABC2D2,3.535
Se6AlP2Li,0.0,-0.494,0,c211,2.036,,2.919,2.106,,3.019,-3.874,-4.892,,-5.91,-42.196,0.0,0.0,ABC2D6,1.755
Cd2P2S6,0.0,-0.416,0,p-31m,1.887,,2.921,2.315,,3.341,-4.319,-5.262,,-6.205,-41.216,0.0,0.0,ABC3,3.62
Ba4As4S8Cl4,0.013,-1.268,0,p2_1/b11,2.068,,2.921,2.218,,3.098,-3.903,-4.937,,-5.971,-91.081,0.0,0.0,ABCD2,2.995
Sb4Si4S4,0.057,-0.278,0,p2_122,2.168,,2.922,2.238,,2.959,-3.354,-4.438,,-5.522,-58.874,0.0,0.0,ABC,1.703
PbBr2,0.0,-0.965,0,p-3m1,2.004,4.207,2.926,2.401,4.633,3.378,-4.972,-5.974,,-6.976,-9.823,0.0,0.0,AB2,2.797
Au2Br2,0.0,-0.159,0,cmme,1.985,,2.926,1.985,,2.926,-3.372,-4.365,,-5.357,-10.067,0.0,0.0,AB,1.515
Cs4Cu4Se4,0.0,-0.716,0,pmma,1.546,,2.928,1.546,,2.928,-1.221,-1.994,,-2.767,-40.562,0.0,0.0,ABC,2.531
Al2S4H2,0.0,-0.74,0,p2_1/m11,2.002,,2.93,2.002,,2.93,-3.445,-4.446,,-5.447,-36.355,0.0,0.0,ABC2,3.478
Tl2Na2S2,0.088,-0.636,0,p3m1,2.178,,2.934,2.383,,3.14,-1.933,-3.023,,-4.112,-19.584,0.0,0.0,ABC,1.843
Sr4P4S8F4,0.061,-1.754,0,p2_1/b11,2.07,,2.936,2.07,,2.936,-3.984,-5.019,,-6.054,-102.201,0.0,0.0,ABCD2,3.217
NbBr6Li,0.0,-1.079,0,p312,1.552,,2.937,1.558,,2.956,-5.466,-6.242,,-7.018,-30.358,0.0,0.0,ABC6,2.579
Te2I2Al2,0.0,-0.569,0,pm2_1n,2.093,,2.938,2.093,,2.938,-3.703,-4.75,,-5.796,-20.258,0.0,0.0,ABC,2.039
Al2S2,0.015,-0.877,0,p-3m1,2.142,3.923,2.945,2.722,4.475,3.554,-4.023,-5.094,,-6.165,-19.14,0.0,0.0,AB,3.849
Hf2S4Cl4,0.01,-1.393,0,c2/m11,1.823,,2.95,1.89,,3.007,-4.34,-5.251,,-6.163,-52.392,0.0,0.0,AB2C2,3.229
W2Sb4O12,0.038,-1.722,0,p2_111,1.745,,2.951,1.773,,2.988,-5.216,-6.088,,-6.961,-133.084,0.0,0.0,AB2C6,2.861
I6Al2,0.053,-0.63,0,p-31m,2.093,,2.955,2.093,,2.955,-3.772,-4.819,,-5.866,-21.383,0.0,0.0,AB3,3.183
Pb5O5,0.056,-1.107,0,p31m,1.886,,2.957,1.886,,2.957,-2.875,-3.818,,-4.761,-55.48,0.0,0.0,AB,2.849
K2Cu2Se2,0.027,-0.677,0,pmma,1.574,,2.957,1.574,,2.957,-1.602,-2.389,,-3.176,-20.819,0.0,0.0,ABC,2.28
Ba4P4S8F4,0.087,-1.746,0,p2_1/b11,2.056,,2.96,2.11,,2.987,-3.996,-5.024,,-6.052,-102.667,0.0,0.0,ABCD2,3.293
Ag2Br2,0.009,-0.338,0,p-3m1,1.724,,2.962,1.724,,2.962,-4.513,-5.375,,-6.237,-10.202,0.0,0.0,AB,2.918
Se6Mg2P2,0.0,-0.616,0,p-31m,2.049,,2.964,2.049,,2.964,-3.894,-4.919,,-5.943,-41.017,0.0,0.0,ABC3,1.976
Pb2As2S6C2H6,0.044,-0.213,0,p11a,1.994,,2.964,2.104,,3.102,-3.458,-4.456,,-5.453,-83.524,0.0,0.0,ABCD3E3,1.614
K2Se2MgS8H4,0.084,-0.404,0,p-1,1.957,,2.966,1.957,,2.966,-3.269,-4.247,,-5.226,-63.81,0.0,0.0,AB2C2D4E8,1.522
Ba4Sb4S8Cl4,0.019,-1.335,0,p2_1/b11,2.08,,2.967,2.187,,3.027,-3.591,-4.631,,-5.671,-91.393,0.0,0.0,ABCD2,3.075
Sr2I4O8,0.0,-0.909,0,p4/nbm,1.64,,2.968,1.64,,2.968,-2.348,-3.168,,-3.988,-62.977,0.0,0.0,AB2C4,1.662
Pb2P2S6F2,0.011,-0.853,0,p11a,1.996,,2.969,2.175,,3.178,-4.467,-5.465,,-6.463,-56.124,0.0,0.0,ABCD3,1.838
I4Ga4S4,0.0,-0.597,0,p2_1/b11,2.006,,2.97,2.006,,2.97,-3.847,-4.85,,-5.853,-41.007,0.0,0.0,ABC,1.855
Ag8S4,0.002,-0.073,0,pbma,2.028,,2.973,2.028,,2.973,-3.726,-4.74,,-5.754,-39.913,0.0,0.0,AB2,2.45
Pt2S2O6,0.072,-0.765,0,p2_1/m11,1.456,,2.976,1.509,,3.047,-3.896,-4.624,,-5.352,-59.259,0.0,0.0,ABC3,1.538
Sr4As4S8Cl4,0.042,-1.215,0,p2_1/b11,2.071,,2.976,2.183,,3.084,-3.89,-4.926,,-5.961,-89.42,0.0,0.0,ABCD2,2.852
SnS,0.118,-0.34,0,p3m1,2.289,3.912,2.978,2.541,4.196,3.263,-3.793,-4.937,,-6.081,-8.814,0.0,0.0,AB,2.678
Cu2Br2P4S3,0.03,-0.206,0,pm11,1.231,,2.985,1.231,,2.985,-4.197,-4.813,,-5.428,-46.475,0.0,0.0,A2B2C3D4,1.577
Ag2Se3P4Cl2,0.062,-0.171,0,pm11,1.732,,2.987,1.733,,2.987,-4.392,-5.258,,-6.123,-43.04,0.0,0.0,A2B2C3D4,1.35
Se6Al2Si2,0.002,-0.629,0,p-31m,2.144,,2.99,2.208,,3.044,-3.824,-4.896,,-5.968,-45.462,0.0,0.0,ABC3,2.045
Te2S8Li6H2,0.044,-0.694,0,p2_1/m11,2.093,,2.992,2.22,,3.148,-3.21,-4.257,,-5.303,-69.517,0.0,0.0,ABC3D4,1.274
CdI2,0.03,-0.6,0,p-3m1,2.136,4.037,2.992,2.409,4.332,3.298,-3.892,-4.96,,-6.028,-5.683,0.0,0.0,AB2,3.285
I6Fe2Cu2,0.141,0.003,0,p-31m,0.754,,2.994,0.792,,3.033,-3.774,-4.151,,-4.527,-34.281,0.0,0.0,ABC3,3.621
Ba4As4S8F4,0.0,-1.758,0,p2_1/b11,2.095,,2.995,2.176,,3.038,-3.953,-5.0,,-6.048,-100.1,0.0,0.0,ABCD2,3.211
GaP2S6Li,0.0,-0.53,0,c211,2.045,,2.997,2.195,,3.17,-4.441,-5.464,,-6.487,-45.29,0.0,0.0,ABC2D6,1.683
In4F4,0.0,-1.763,0,pmmn,2.465,,3.003,2.465,,3.003,-2.697,-3.929,,-5.161,-31.501,0.0,0.0,AB,2.663
InAs2S6Li,0.087,-0.344,0,c211,2.02,,3.006,2.11,,3.07,-4.542,-5.552,,-6.562,-41.885,0.0,0.0,ABC2D6,1.644
Se6Al4,0.017,-0.839,0,pm2_1n,2.204,,3.01,2.217,,3.034,-4.0,-5.102,,-6.204,-44.243,0.0,0.0,A2B3,2.717
VBr2O,0.0,-1.426,1,pm2m,0.77,,3.019,0.811,,3.109,-5.163,-5.548,,-5.933,-22.52,0.037,-0.026,ABC2,1.646
Te2MgS8Li2H4,0.052,-0.433,0,p-1,2.083,,3.019,2.083,,3.019,-3.573,-4.615,,-5.656,-65.084,0.0,0.0,AB2C2D4E8,1.765
Mo2P2O10,0.0,-2.064,1,p4/n,1.04,,3.024,1.11,,3.047,-4.853,-5.373,,-5.893,-113.273,-0.174,-0.174,ABC5,1.465
Se6NaAlP2,0.0,-0.482,0,c211,2.133,,3.024,2.142,,3.036,-3.804,-4.87,,-5.936,-41.495,0.0,0.0,ABC2D6,1.701
K4O12,0.0,-0.689,1,pmmn,0.898,,3.024,1.089,,3.218,-3.978,-4.427,,-4.875,-77.399,0.007,-0.001,AB3,1.016
Sc2S2F2,0.07,-2.839,0,pmmn,1.613,,3.027,2.128,,3.841,-4.019,-4.826,,-5.632,-37.68,0.0,0.0,ABC,2.804
Cr2Cl2O2,0.0,-1.607,1,pmmn,0.647,,3.028,0.769,,3.12,-5.223,-5.547,,-5.871,-42.279,-0.006,-0.155,ABC,3.711
Pb4I4Cl4,0.052,-0.883,0,pb2_1a,2.101,,3.029,2.102,,3.029,-4.255,-5.306,,-6.357,-38.688,0.0,0.0,ABC,3.252
As2Si2S6,0.052,-0.408,0,p-1,2.181,,3.035,2.182,,3.086,-3.561,-4.651,,-5.742,-48.671,0.0,0.0,ABC3,2.916
Sb4I4Ni2O6,0.05,-0.85,1,p-1,0.647,,3.036,0.669,,3.106,-4.882,-5.205,,-5.529,-82.37,-2.114,-2.171,AB2C2D3,2.175
In2Se2F2,0.038,-1.426,0,p11a,2.237,,3.036,2.237,,3.036,-4.427,-5.546,,-6.664,-24.22,0.0,0.0,ABC,2.838
In2Br2,0.02,-0.675,0,p4/nmm,2.371,,3.038,2.374,,3.06,-2.675,-3.861,,-5.046,-11.394,0.0,0.0,AB,2.488
As4P2S12H2,0.027,-0.125,0,p2_111,2.041,,3.042,2.044,,3.042,-3.882,-4.903,,-5.923,-87.473,0.0,0.0,ABC2D6,1.408
Ni2Cu2Br6,0.007,-0.359,1,p-31m,0.478,,3.043,0.647,,3.154,-4.94,-5.179,,-5.418,-34.943,-0.296,-0.292,ABC3,3.078
Ga2S2,0.004,-0.66,0,p-3m1,2.18,4.09,3.045,2.279,4.196,3.139,-4.052,-5.142,,-6.232,-16.601,0.0,0.0,AB,3.621
As8S8O4,0.042,-0.458,0,p1,2.078,,3.045,2.078,,3.045,-3.772,-4.811,,-5.85,-99.589,0.0,0.0,AB2C2,1.315
Ag2Cl2,0.018,-0.421,0,p-3m1,1.569,,3.05,1.569,,3.05,-4.252,-5.036,,-5.821,-10.934,0.0,0.0,AB,2.633
In2F2,0.0,-1.763,0,pmmn,2.513,,3.051,2.918,,3.561,-2.671,-3.927,,-5.183,-15.751,0.0,0.0,AB,2.508
Nb2K2Br12,0.0,-1.159,0,p2_111,1.619,,3.052,1.623,,3.057,-5.302,-6.112,,-6.922,-60.657,0.0,0.0,ABC6,1.762
Hf2Br2N2,0.007,-1.688,0,p-3m1,1.955,,3.053,2.314,,3.484,-4.271,-5.248,,-6.225,-45.014,0.0,0.0,ABC,3.192
CdIBr,0.024,-0.743,0,p3m1,2.179,,3.053,2.179,,3.053,-3.888,-4.977,,-6.067,-6.218,0.0,0.0,ABC,3.112
Zn2Se2,0.157,-0.562,0,p4/nmm,2.042,,3.054,2.042,,3.054,-3.829,-4.85,,-5.871,-11.58,0.0,0.0,AB,1.587
I2Sc2S2,0.0,-1.679,0,pmmn,1.662,,3.06,1.662,,3.187,-4.413,-5.245,,-6.076,-30.508,0.0,0.0,ABC,3.859
HgBr2,0.019,-0.512,0,p-4m2,2.007,,3.062,2.009,,3.062,-4.916,-5.92,,-6.924,-5.59,0.0,0.0,AB2,2.311
Se2S8Li6H2,0.083,-0.637,0,p2_1/m11,2.124,,3.065,2.145,,3.144,-3.276,-4.338,,-5.4,-69.041,0.0,0.0,ABC3D4,1.285
P2S5,0.047,-0.11,0,p31m,2.018,,3.07,2.131,,3.16,-3.906,-4.915,,-5.923,-31.892,0.0,0.0,A2B5,2.588
Pb2P2S6Cl2,0.072,-0.453,0,p11a,2.103,,3.072,2.202,,3.209,-4.179,-5.231,,-6.283,-51.717,0.0,0.0,ABCD3,1.889
VBrClO,0.002,-1.534,1,pm11,0.784,,3.075,0.815,,3.148,-5.289,-5.681,,-6.073,-23.153,0.008,-0.036,ABCD,1.616
In2Se2Cl2,0.016,-0.799,0,pm2_1n,2.127,,3.076,2.134,,3.076,-5.34,-6.404,,-7.467,-20.859,0.0,0.0,ABC,1.933
Pb2P2S6C2H6,0.0,-0.338,0,p11a,2.11,,3.079,2.246,,3.221,-3.407,-4.462,,-5.517,-87.181,0.0,0.0,ABCD3E3,1.631
As2Mg2S6,0.074,-0.576,0,p-31m,2.029,,3.081,2.029,,3.081,-4.633,-5.647,,-6.662,-42.786,0.0,0.0,ABC3,1.933
Zr2Cl2N2,0.0,-1.885,0,p-3m1,1.923,,3.081,2.125,,3.315,-4.81,-5.771,,-6.733,-46.393,0.0,0.0,ABC,3.12
Pb2I6Cu2,0.021,-0.461,0,c2/m11,1.456,,3.085,1.478,,3.215,-4.189,-4.917,,-5.645,-28.347,0.0,0.0,ABC3,3.126
GaNaP2S6,0.0,-0.512,0,c211,2.17,,3.089,2.295,,3.223,-4.338,-5.423,,-6.508,-44.525,0.0,0.0,ABC2D6,1.634
Ru2K2N2O2F10,0.0,-1.914,1,p2_1/m11,0.902,,3.089,1.05,,3.169,-5.667,-6.118,,-6.569,-98.646,-0.087,-0.297,ABCDE5,1.758
I2Sc4Br2S4,0.0,-1.786,0,pmm2,1.726,,3.091,1.768,,3.178,-4.455,-5.318,,-6.181,-62.511,0.0,0.0,ABC2D2,3.73
Ag2Br2,0.017,-0.331,0,p4/nmm,1.834,,3.092,1.834,,3.092,-4.494,-5.411,,-6.328,-10.172,0.0,0.0,AB,2.59
Ag2Sn2Br6,0.0,-0.622,0,p-31m,2.207,,3.095,2.467,,3.283,-4.005,-5.109,,-6.212,-29.522,0.0,0.0,ABC3,2.841
P4S6,0.031,-0.132,0,p2_111,2.156,,3.097,2.156,,3.097,-3.769,-4.847,,-5.925,-47.25,0.0,0.0,A2B3,1.376
Ag6S6,0.086,0.029,0,p112,2.096,,3.097,2.098,,3.098,-3.417,-4.465,,-5.513,-41.154,0.0,0.0,AB,2.151
Co2Br6,0.0,-0.406,0,p-31m,0.962,,3.098,0.997,,3.143,-5.047,-5.528,,-6.009,-29.211,0.0,0.0,AB3,3.009
Ag2I6V2,0.03,-0.381,1,p-31m,1.286,,3.1,1.309,,3.131,-3.321,-3.964,,-4.607,-35.41,-0.316,-0.317,ABC3,3.393
I4Ni2O12,0.076,-0.209,0,p2_1/b11,0.545,,3.103,0.641,,3.213,-4.92,-5.193,,-5.465,-85.658,0.0,0.0,AB2C6,1.851
Pb2CdI2O2,0.0,-0.973,0,c2/m11,2.153,,3.104,2.153,,3.14,-3.334,-4.411,,-5.487,-28.462,0.0,0.0,AB2C2D2,2.066
Bi2Cl6,0.059,-0.956,0,pm2_1n,2.184,,3.106,2.184,,3.106,-5.365,-6.457,,-7.549,-27.705,0.0,0.0,AB3,2.228
Ta2Br2O4,0.0,-2.332,0,pmma,1.644,,3.107,1.719,,3.207,-5.376,-6.198,,-7.019,-61.955,0.0,0.0,ABC2,2.783
Ga2Se2Br2,0.002,-0.742,0,pm2_1n,2.076,,3.109,2.076,,3.109,-4.658,-5.696,,-6.734,-20.395,0.0,0.0,ABC,1.917
Zr2Br2N2,0.011,-1.703,0,pmmn,1.816,,3.111,1.816,,3.111,-4.648,-5.556,,-6.464,-44.899,0.0,0.0,ABC,4.257
K2MgS10H4,0.092,-0.395,0,p-1,2.059,,3.111,2.077,,3.141,-2.942,-3.972,,-5.001,-64.855,0.0,0.0,AB2C4D10,1.469
V2F8,0.0,-2.928,1,p2_1/b11,0.597,,3.112,0.634,,3.12,-6.981,-7.28,,-7.578,-59.016,0.126,0.119,AB4,1.28
Zr3PdBr6N2,0.1,-1.297,0,p1,1.622,,3.116,1.657,,3.179,-4.521,-5.332,,-6.143,-67.8,0.0,0.0,AB2C3D6,3.64
Pt3P2S8,0.008,-0.346,0,p-3m1,1.888,,3.118,1.888,,3.14,-4.023,-4.967,,-5.911,-66.909,0.0,0.0,A2B3C8,1.69
Rb2Ru2N2O2F10,0.0,-1.916,1,p2_1/m11,0.944,,3.12,1.05,,3.173,-5.689,-6.161,,-6.633,-98.059,-0.08,-0.299,ABCDE5,1.776
Ag2SeO4,0.052,-0.414,0,c222,1.62,,3.121,1.982,,3.565,-4.632,-5.442,,-6.251,-32.554,0.0,0.0,AB2C4,1.058
Ag2As4S3Cl2,0.037,-0.217,0,pm11,1.81,,3.122,1.81,,3.122,-3.97,-4.875,,-5.78,-42.525,0.0,0.0,A2B2C3D4,1.399
Se2Na2MgS8H4,0.08,-0.374,0,p-1,2.104,,3.123,2.111,,3.128,-3.449,-4.501,,-5.553,-63.479,0.0,0.0,AB2C2D4E8,1.579
Cu2P4S3Cl2,0.069,-0.257,0,pm11,1.274,,3.123,1.274,,3.123,-4.21,-4.847,,-5.484,-47.44,0.0,0.0,A2B2C3D4,1.533
Mg2Al2S5,0.022,-1.243,0,p-3m1,2.081,,3.124,2.081,,3.166,-3.25,-4.291,,-5.332,-42.289,0.0,0.0,A2B2C5,3.379
Pb4O4,0.064,-1.099,0,pm2_1b,2.269,,3.125,2.334,,3.317,-2.575,-3.71,,-4.844,-44.321,0.0,0.0,AB,3.011
K2Cu2S2,0.076,-0.712,0,pmma,1.623,,3.13,1.623,,3.13,-1.286,-2.097,,-2.909,-22.219,0.0,0.0,ABC,2.116
AgAlP2S6,0.0,-0.433,0,p312,1.933,,3.132,2.102,,3.325,-3.958,-4.925,,-5.891,-46.108,0.0,0.0,ABC2D6,2.003
Tl2I2,0.076,-0.601,0,c2/m11,2.399,,3.136,2.507,,3.262,-2.742,-3.942,,-5.141,-10.358,0.0,0.0,AB,2.228
W2As4O12,0.038,-1.638,0,pm2_1n,1.811,,3.138,1.841,,3.16,-5.64,-6.545,,-7.451,-132.595,0.0,0.0,AB2C6,2.579
Cs2Ru2N2O2F10,0.0,-1.925,1,p2_1/m11,0.981,,3.138,1.032,,3.154,-5.709,-6.2,,-6.69,-98.057,-0.071,-0.305,ABCDE5,1.901
MgAl2S4,0.03,-1.181,0,p-3m1,2.048,,3.143,2.048,,3.143,-3.321,-4.345,,-5.368,-33.676,0.0,0.0,AB2C4,2.945
VCl2O,0.0,-1.647,1,pm2m,0.806,,3.144,0.81,,3.179,-5.415,-5.817,,-6.22,-23.805,0.01,-0.002,ABC2,1.59
In4Se4Br4,0.0,-0.707,0,p2_1/b11,2.253,,3.146,2.253,,3.146,-4.633,-5.759,,-6.886,-39.807,0.0,0.0,ABC,1.676
Zr2Cl2N2,0.025,-1.86,0,pmmn,1.849,,3.148,1.849,,3.148,-4.712,-5.636,,-6.561,-46.244,0.0,0.0,ABC,4.149
PtO2,0.006,-0.549,0,p-3m1,1.674,3.593,3.15,2.1,3.966,3.612,-5.196,-6.033,,-6.87,-18.25,0.0,0.0,AB2,3.191
Cd2I6Cu2,0.027,-0.418,0,p-31m,1.507,,3.151,1.507,,3.151,-3.841,-4.595,,-5.348,-22.254,0.0,0.0,ABC3,3.316
Cr2Cl4,0.053,-0.986,1,p2_1/b11,0.753,,3.151,0.944,,3.372,-4.491,-4.868,,-5.244,-31.873,0.113,-0.344,AB2,1.594
Sn2P2S6F2,0.0,-0.8,0,p11a,2.338,,3.154,2.495,,3.316,-3.958,-5.127,,-6.295,-56.08,0.0,0.0,ABCD3,1.771
Au2Cl2,0.0,-0.237,0,cmme,2.118,,3.161,2.178,,3.203,-3.513,-4.572,,-5.631,-10.777,0.0,0.0,AB,1.407
Si4P4S4,0.015,-0.384,0,p2_122,2.252,,3.162,2.418,,3.299,-3.729,-4.855,,-5.981,-63.975,0.0,0.0,ABC,1.698
Rb2Se2O6H2,0.132,-1.064,0,p1,1.677,,3.163,1.976,,3.42,-3.081,-3.919,,-4.757,-58.95,0.0,0.0,ABCD3,1.543
ZrFeBr6,0.0,-0.961,0,p312,0.871,,3.164,0.891,,3.197,-4.379,-4.815,,-5.25,-33.638,0.0,0.0,ABC6,3.062
Se2Al2P2S4,0.066,-0.529,0,p1,2.236,,3.164,2.384,,3.366,-3.838,-4.956,,-6.074,-46.772,0.0,0.0,ABCD2,3.152
Rh2F6,0.0,-1.65,0,pmma,1.13,,3.167,1.171,,3.234,-6.075,-6.64,,-7.205,-37.012,0.0,0.0,AB3,2.514
Ag8Br8,0.024,-0.323,0,p11a,2.006,,3.167,2.006,,3.167,-4.121,-5.124,,-6.128,-40.565,0.0,0.0,AB,2.333
SnNaSCl3,0.056,-1.071,0,p1,2.023,,3.168,2.083,,3.22,-5.184,-6.196,,-7.207,-21.224,0.0,0.0,ABCD3,2.637
Pb2Br2Cl2,0.035,-1.036,0,pm2_1n,2.203,,3.168,2.447,,3.458,-4.666,-5.767,,-6.869,-20.474,0.0,0.0,ABC,2.663
Si2P2Cl2,0.025,-0.575,0,p3m1,2.33,,3.172,2.33,,3.172,-4.141,-5.305,,-6.47,-28.547,0.0,0.0,ABC,3.119
Cd2I4,0.0,-0.63,0,pm2_1b,2.239,,3.172,2.239,,3.172,-3.831,-4.95,,-6.07,-11.548,0.0,0.0,AB2,2.801
ZrFeH6,0.098,-0.137,0,p3m1,1.61,,3.173,1.61,,3.173,-3.599,-4.404,,-5.209,-37.489,0.0,0.0,ABC6,1.92
I4Co2As4O6,0.077,-0.741,1,p2_1/m11,0.762,,3.183,0.817,,3.342,-4.705,-5.086,,-5.467,-83.624,-0.688,-1.32,AB2C2D3,2.222
HgI2,0.027,-0.33,0,c2/m11,2.224,,3.185,2.37,,3.343,-3.977,-5.089,,-6.201,-4.832,0.0,0.0,AB2,2.702
In2Se2Cl2,0.021,-0.794,0,p2_111,2.23,,3.19,2.235,,3.19,-5.269,-6.384,,-7.499,-20.824,0.0,0.0,ABC,2.973
Rh2Cl6,0.0,-0.682,0,p-31m,1.59,,3.19,1.59,,3.207,-4.956,-5.751,,-6.546,-30.462,0.0,0.0,AB3,2.994
Hg2Br6Li2,0.065,-0.879,0,p-31m,2.19,,3.191,2.19,,3.191,-4.388,-5.483,,-6.578,-23.852,0.0,0.0,ABC3,2.626
Te4I4Al4,0.0,-0.569,0,p2_1/b11,2.397,,3.191,2.409,,3.241,-3.461,-4.659,,-5.857,-40.517,0.0,0.0,ABC,1.786
PdF2,0.134,-1.151,1,p-3m1,0.714,,3.194,0.806,,3.298,-6.437,-6.794,,-7.151,-10.447,0.098,0.098,AB2,2.311
Zn2P2S6,0.02,-0.414,0,p-31m,2.086,,3.197,2.484,,3.59,-4.017,-5.06,,-6.103,-41.703,0.0,0.0,ABC3,3.616
Ga2S2,0.0,-0.664,0,p-6m2,2.321,4.084,3.197,2.426,4.324,3.298,-3.946,-5.107,,-6.267,-16.619,0.0,0.0,AB,3.849
CrSCl,0.009,-0.938,1,p3m1,1.524,,3.198,1.761,,3.372,-4.542,-5.304,,-6.066,-18.084,-0.063,-0.063,ABC,1.862
Sc2P2S8,0.0,-0.949,0,p-1,1.896,,3.2,2.0,,3.322,-4.616,-5.563,,-6.511,-64.063,0.0,0.0,ABC4,1.896
Hg2I2S,0.035,-0.269,0,cm2m,2.264,,3.203,2.279,,3.203,-3.908,-5.04,,-6.173,-10.149,0.0,0.0,AB2C2,3.493
Pb2Ag2Br6,0.0,-0.723,0,p-31m,2.136,,3.204,2.344,,3.419,-4.463,-5.531,,-6.598,-29.93,0.0,0.0,ABC3,2.849
P6S12H2,0.048,-0.12,0,p2_111,2.241,,3.205,2.295,,3.237,-3.828,-4.948,,-6.069,-90.167,0.0,0.0,AB3C6,1.432
Cd2Mn3O8,0.196,-1.369,1,p2/m11,1.102,,3.208,1.144,,3.321,-3.684,-4.235,,-4.787,-89.79,-0.391,-0.537,A2B3C8,1.378
Ag3Cl3,0.0,-0.439,0,pm2m,1.937,,3.209,1.937,,3.209,-4.493,-5.461,,-6.43,-16.506,0.0,0.0,AB,2.731
Br2Al2S2,0.026,-1.092,0,pmmn,2.263,,3.21,2.263,,3.21,-3.897,-5.029,,-6.16,-25.351,0.0,0.0,ABC,3.532
I4Cu4,0.031,-0.135,0,pbma,1.566,,3.21,1.566,,3.21,-3.223,-4.006,,-4.789,-21.698,0.0,0.0,AB,3.392
HfZrBrClN2,0.009,-1.783,0,pmm2,1.93,,3.213,1.93,,3.213,-4.407,-5.372,,-6.337,-45.682,0.0,0.0,ABCDE2,4.303
Sr4Te4S12,0.055,-0.812,0,p2_1/b11,2.244,,3.213,2.244,,3.213,-3.479,-4.601,,-5.723,-84.697,0.0,0.0,ABC3,1.69
Mo2Sb4O12,0.038,-1.627,0,p2_111,1.913,,3.217,2.03,,3.31,-5.035,-5.992,,-6.949,-130.806,0.0,0.0,AB2C6,2.712
GeS,0.053,-0.224,0,p3m1,2.45,4.183,3.231,2.67,4.412,3.492,-3.716,-4.941,,-6.166,-9.042,0.0,0.0,AB,2.663
Tl3Cl3,0.027,-0.997,0,p4/mmm,2.443,,3.232,2.449,,3.238,-3.045,-4.266,,-5.488,-18.833,0.0,0.0,AB,3.302
Zn2Br2,0.09,-0.602,0,p-3m1,2.372,,3.234,2.662,,3.585,-3.771,-4.957,,-6.143,-7.947,0.0,0.0,AB,3.462
Bi4I4Ni2O6,0.069,-0.812,1,p-1,0.605,,3.236,0.605,,3.263,-4.64,-4.943,,-5.245,-82.842,-3.825,-3.095,AB2C2D3,2.175
As4S6,0.0,-0.14,0,pm2_1n,2.272,,3.236,2.439,,3.37,-3.737,-4.873,,-6.009,-44.518,0.0,0.0,A2B3,1.293
NbScSeBr4O,0.064,-1.591,0,p1,2.043,,3.242,2.143,,3.345,-4.644,-5.666,,-6.687,-42.662,0.0,0.0,ABCDE4,2.795
Cu3Cl3,0.001,-0.451,0,pm2m,1.449,,3.243,1.579,,3.332,-3.895,-4.619,,-5.343,-19.088,0.0,0.0,AB,2.823
As4S6,0.021,-0.119,0,p-4,2.253,,3.247,2.313,,3.313,-3.737,-4.864,,-5.99,-44.31,0.0,0.0,A2B3,1.154
PbBr2,0.082,-0.883,0,p-6m2,2.275,4.436,3.248,2.591,4.638,3.424,-4.845,-5.982,,-7.12,-9.578,0.0,0.0,AB2,3.033
As4Si4S4,0.006,-0.37,0,p2_122,2.39,,3.254,2.517,,3.356,-3.512,-4.707,,-5.901,-61.007,0.0,0.0,ABC,1.671
Sn2O2,0.047,-1.256,0,pm2_1n,2.493,,3.259,2.613,,3.356,-2.705,-3.951,,-5.198,-23.386,0.0,0.0,AB,1.403
Al2S5,0.077,-0.688,0,c211,2.211,,3.268,2.211,,3.268,-3.428,-4.534,,-5.639,-32.681,0.0,0.0,A2B5,1.566
Ga2Br2,0.035,-0.56,0,p4/nmm,2.484,,3.271,2.488,,3.275,-2.771,-4.013,,-5.255,-11.217,0.0,0.0,AB,2.367
Ag2P4S3Cl2,0.06,-0.217,0,pm11,1.878,,3.271,1.909,,3.3,-4.275,-5.214,,-6.153,-45.325,0.0,0.0,A2B2C3D4,1.38
NiO2H2,0.038,-0.844,1,p-3m1,1.078,,3.272,1.078,,3.272,-1.447,-1.986,,-2.525,-28.364,0.011,0.006,AB2C2,1.511
P4S6,0.021,-0.142,0,pb11,2.261,,3.272,2.297,,3.333,-3.503,-4.634,,-5.764,-47.347,0.0,0.0,A2B3,1.285
Hf4IBr3N4,0.0,-1.644,0,cmm2,2.042,,3.272,2.042,,3.272,-4.041,-5.062,,-6.083,-89.396,0.0,0.0,AB3C4D4,4.392
Ta2Br12Na2,0.0,-1.136,0,p2_111,1.929,,3.277,1.929,,3.277,-4.922,-5.886,,-6.851,-59.431,0.0,0.0,ABC6,1.839
Pd2N4O12,0.0,-0.387,0,p2_1/b11,1.431,,3.277,1.431,,3.277,-5.569,-6.284,,-6.999,-109.502,0.0,0.0,AB2C6,1.268
Ag2Cl2C6N2H8,0.089,-0.175,0,p-1,1.671,,3.278,1.867,,3.525,-3.591,-4.427,,-5.263,-111.368,0.0,0.0,ABCD3E4,1.172
In2Al2S6,0.054,-0.771,0,pm2_1n,2.372,,3.283,2.412,,3.336,-4.086,-5.272,,-6.458,-45.179,0.0,0.0,ABC3,2.655
Cu3Cl3,0.058,-0.394,0,p31m,1.296,,3.284,1.585,,3.609,-3.859,-4.507,,-5.155,-18.745,0.0,0.0,AB,2.058
Ga2Br2S2,0.002,-0.772,0,pm2_1n,2.118,,3.284,2.118,,3.284,-4.598,-5.657,,-6.716,-21.767,0.0,0.0,ABC,1.936
InP2S6Li,0.0,-0.539,0,c211,2.293,,3.289,2.433,,3.456,-4.221,-5.367,,-6.514,-45.237,0.0,0.0,ABC2D6,1.666
CdI2,0.003,-0.627,0,p-4m2,2.335,,3.29,2.335,,3.29,-3.723,-4.891,,-6.059,-5.765,0.0,0.0,AB2,2.565
Hf3ZrCl4N4,0.004,-1.863,0,cmm2,2.02,,3.291,2.02,,3.291,-4.256,-5.266,,-6.276,-92.829,0.0,0.0,AB3C4D4,4.273
Zr4N4F4,0.0,-2.585,0,pmmn,1.934,,3.293,1.934,,3.293,-3.697,-4.664,,-5.631,-100.39,0.0,0.0,ABC,3.661
HfFeH6,0.055,-0.139,0,p3m1,1.741,,3.294,1.741,,3.294,-3.502,-4.372,,-5.242,-37.605,0.0,0.0,ABC6,1.948
Hf2Br2N2,0.0,-1.695,0,pmmn,2.064,,3.3,2.064,,3.3,-4.051,-5.083,,-6.115,-45.058,0.0,0.0,ABC,4.231
S10Li6H2,0.093,-0.627,0,p2_1/m11,2.254,,3.3,2.263,,3.32,-3.178,-4.305,,-5.432,-70.049,0.0,0.0,AB3C5,1.295
Ge2P2S6Cl2,0.057,-0.335,0,p11a,2.328,,3.301,2.414,,3.393,-3.758,-4.922,,-6.086,-51.825,0.0,0.0,ABCD3,1.77
Sn2P2S6C2H6,0.0,-0.308,0,p11a,2.463,,3.301,2.534,,3.374,-2.85,-4.081,,-5.313,-87.231,0.0,0.0,ABCD3E3,1.529
Ir2Cl6,0.0,-0.55,0,p-31m,1.823,,3.302,1.823,,3.318,-4.093,-5.004,,-5.915,-33.658,0.0,0.0,AB3,3.106
Al2S2Cl2,0.03,-1.261,0,pmmn,2.334,,3.303,2.334,,3.303,-3.647,-4.815,,-5.982,-26.768,0.0,0.0,ABC,3.458
V2Se2O10H4,0.074,-1.351,1,p-1,0.892,,3.305,1.034,,3.442,-3.304,-3.75,,-4.196,-112.881,-0.039,-0.051,ABC2D5,1.176
I2Mn,0.0,-0.419,1,p-3m1,0.877,,3.311,1.142,,3.791,-4.276,-4.715,,-5.153,-13.932,-0.047,-0.047,AB2,3.391
VOF2,0.001,-2.707,1,pm2m,0.759,,3.311,0.79,,3.311,-5.786,-6.166,,-6.545,-27.649,0.025,0.019,ABC2,1.217
NiO2,0.0,-0.709,0,p-3m1,1.281,2.346,3.311,1.485,2.521,3.38,-6.815,-7.456,,-8.096,-19.622,0.0,0.0,AB2,2.95
Sn2P2S6Cl2,0.055,-0.406,0,p11a,2.393,,3.312,2.517,,3.372,-3.746,-4.942,,-6.139,-51.752,0.0,0.0,ABCD3,1.814
TlI4NaO12,0.006,-0.388,0,p-1,2.078,,3.313,2.108,,3.364,-5.364,-6.403,,-7.442,-78.198,0.0,0.0,ABC4D12,2.174
Hf4Br3ClN4,0.0,-1.742,0,cmm2,2.076,,3.315,2.076,,3.315,-4.05,-5.088,,-6.126,-90.876,0.0,0.0,AB3C4D4,4.287
NiBr2,0.0,-0.407,1,p-3m1,0.876,2.611,3.317,1.034,2.613,3.434,-5.134,-5.572,,-6.009,-11.636,0.051,0.049,AB2,3.066
Bi2Cl6,0.0,-1.014,0,p-31m,2.36,,3.317,2.381,,3.321,-5.423,-6.603,,-7.783,-28.175,0.0,0.0,AB3,2.597
GeNa2S6H6,0.058,-0.398,0,p-3,2.274,,3.318,2.284,,3.327,-3.31,-4.447,,-5.584,-57.509,0.0,0.0,AB2C6D6,1.091
CdSn2Br2O2,0.022,-1.11,0,c2/m11,2.48,,3.318,2.488,,3.337,-3.381,-4.621,,-5.861,-30.226,0.0,0.0,AB2C2D2,1.864
HgS2H2,0.0,-0.189,0,c211,2.352,,3.319,2.352,,3.319,-3.834,-5.011,,-6.187,-16.636,0.0,0.0,AB2C2,2.257
Ag4Cl4,0.008,-0.431,0,p2_1/b11,1.996,,3.321,1.996,,3.321,-3.948,-4.946,,-5.944,-21.946,0.0,0.0,AB,2.891
Sb4I4Co2O6,0.025,-0.9,1,p2_1/m11,0.801,,3.324,0.832,,3.414,-4.457,-4.857,,-5.257,-85.148,0.688,0.133,AB2C2D3,2.319
In2Br2O2,0.0,-1.295,0,pmmn,2.29,,3.324,2.309,,3.324,-4.863,-6.008,,-7.154,-26.715,0.0,0.0,ABC,3.846
Te2K2MgS8H4,0.046,-0.462,0,p-1,2.345,,3.338,2.345,,3.338,-3.093,-4.265,,-5.437,-64.251,0.0,0.0,AB2C2D4E8,1.618
Cr2Br2Cl2,0.091,-0.805,1,pm11,1.064,,3.34,1.157,,3.416,-4.282,-4.814,,-5.346,-30.389,-0.087,-0.546,ABC,2.845
Hg2Bi2O4F2,0.085,-1.176,0,p2_1/m11,2.221,,3.344,2.368,,3.464,-3.67,-4.78,,-5.891,-46.549,0.0,0.0,ABCD2,1.414
Te2Na2MgS8H4,0.024,-0.43,0,p-1,2.339,,3.344,2.34,,3.351,-3.274,-4.444,,-5.613,-63.881,0.0,0.0,AB2C2D4E8,1.663
Cs2S6C4H6,0.067,-0.276,0,p-1,2.243,,3.345,2.246,,3.351,-2.65,-3.772,,-4.893,-87.929,0.0,0.0,AB2C3D3,1.675
Rb2S6C4H6,0.069,-0.263,0,p-1,2.231,,3.348,2.249,,3.362,-2.651,-3.767,,-4.883,-87.853,0.0,0.0,AB2C3D3,1.602
Sb4I4Zn2O6,0.001,-1.081,0,pm2_1n,2.319,,3.35,2.335,,3.378,-4.165,-5.325,,-6.484,-73.953,0.0,0.0,AB2C2D3,2.461
I4Sc4O4,0.0,-2.597,0,p2_1/m11,1.792,,3.35,1.81,,3.565,-3.794,-4.69,,-5.586,-76.211,0.0,0.0,ABC,2.705
Hf2Cl2N2,0.004,-1.857,0,pmmn,2.101,,3.352,2.101,,3.352,-4.081,-5.132,,-6.183,-46.427,0.0,0.0,ABC,4.122
I2Co2F2,0.04,-0.922,1,pm2_1b,0.339,,3.356,0.347,,3.4,-5.01,-5.179,,-5.349,-28.118,-0.856,-0.604,ABC,2.815
HgPb2Br2O2,0.0,-0.936,0,c2/m11,2.329,,3.357,2.576,,3.602,-3.721,-4.886,,-6.051,-28.371,0.0,0.0,AB2C2D2,1.966
Na2MgS10H4,0.089,-0.366,0,p-1,2.297,,3.357,2.311,,3.366,-3.161,-4.309,,-5.457,-64.528,0.0,0.0,AB2C4D10,1.535
Hg2Br6Na2,0.037,-0.923,0,p-31m,2.291,,3.358,2.291,,3.358,-4.544,-5.689,,-6.835,-23.127,0.0,0.0,ABC3,2.522
I2Cu2,0.0,-0.166,0,p-3m1,1.787,,3.359,1.787,,3.359,-2.753,-3.646,,-4.54,-10.974,0.0,0.0,AB,3.466
In4Se4Cl4,0.0,-0.815,0,p2_1/b11,2.487,,3.359,2.487,,3.359,-4.692,-5.936,,-7.179,-41.905,0.0,0.0,ABC,1.628
In2I2Cl2,0.019,-0.774,0,p1,2.473,,3.359,2.496,,3.394,-3.755,-4.991,,-6.228,-16.7,0.0,0.0,ABC,2.221
I8Zn4,0.0,-0.616,0,pm2_1b,2.392,,3.369,2.392,,3.369,-3.454,-4.65,,-5.846,-23.954,0.0,0.0,AB2,2.867
MnCoBr4,0.024,-0.548,1,pmm2,0.476,,3.371,0.476,,3.526,-5.435,-5.673,,-5.911,-27.57,-0.24,-0.084,ABC4,2.423
K2GeS6H6,0.045,-0.443,0,p-3,2.31,,3.373,2.336,,3.388,-3.249,-4.404,,-5.559,-58.021,0.0,0.0,AB2C6D6,1.067
AgI2Cu,0.02,-0.198,0,p1,1.911,,3.375,1.912,,3.375,-3.239,-4.195,,-5.15,-10.264,0.0,0.0,ABC2,2.97
Na6S10H2,0.08,-0.56,0,p2_1/m11,2.353,,3.375,2.353,,3.376,-2.816,-3.993,,-5.169,-65.354,0.0,0.0,AB3C5,1.175
Cd2I6Li2,0.069,-0.811,0,p-31m,2.482,,3.376,2.482,,3.386,-3.437,-4.678,,-5.919,-22.613,0.0,0.0,ABC3,2.988
Ge2P2S6F2,0.014,-0.725,0,p11a,2.508,,3.376,2.605,,3.478,-3.832,-5.086,,-6.34,-56.1,0.0,0.0,ABCD3,1.698
Ta2K2Br12,0.0,-1.205,0,p2_111,2.038,,3.385,2.04,,3.387,-4.954,-5.973,,-6.992,-60.372,0.0,0.0,ABC6,1.758
InNaP2S6,0.0,-0.529,0,c211,2.384,,3.386,2.45,,3.46,-4.158,-5.35,,-6.542,-44.557,0.0,0.0,ABC2D6,1.614
PtNa2S6H6,0.004,-0.432,0,p-3,2.273,,3.386,2.292,,3.411,-2.942,-4.078,,-5.214,-59.867,0.0,0.0,AB2C6D6,1.127
Se9Al6,0.083,-0.774,0,p1,2.475,,3.386,2.492,,3.386,-3.529,-4.767,,-6.004,-65.38,0.0,0.0,A2B3,2.553
Ge2P2S6H2,0.042,-0.204,0,p11a,2.464,,3.389,2.638,,3.556,-3.291,-4.523,,-5.755,-53.322,0.0,0.0,ABCD3,1.477
Pb2Cu2Br6,0.01,-0.691,0,p-31m,1.283,,3.395,1.283,,3.423,-4.512,-5.154,,-5.795,-31.286,0.0,0.0,ABC3,2.902
I2V,0.0,-0.49,1,p-3m1,1.202,,3.395,1.221,,3.416,-3.345,-3.947,,-4.548,-12.952,0.015,0.015,AB2,3.425
Sc2Se2Cl2,0.046,-1.865,0,p3m1,2.079,,3.395,2.079,,3.396,-4.245,-5.284,,-6.324,-31.044,0.0,0.0,ABC,3.243
HfFeBr6,0.0,-0.957,0,p312,0.938,,3.395,0.948,,3.428,-4.235,-4.705,,-5.174,-33.713,0.0,0.0,ABC6,3.06
Mo2As4O12,0.031,-1.538,0,p2_111,1.978,,3.396,2.086,,3.495,-5.472,-6.461,,-7.45,-130.226,0.0,0.0,AB2C6,2.471
Sr2P4S12,0.072,-0.623,0,p-1,2.344,,3.398,2.412,,3.494,-4.169,-5.341,,-6.513,-84.95,0.0,0.0,AB2C6,1.881
Te2K2H2,0.087,-0.477,0,p4/nmm,2.637,,3.4,2.637,,3.4,-1.715,-3.033,,-4.352,-18.362,0.0,0.0,ABC,1.247
PbCl2,0.01,-1.168,0,p-3m1,2.367,4.928,3.406,2.972,5.608,4.113,-4.966,-6.149,,-7.332,-10.832,0.0,0.0,AB2,2.721
Hg4Mo2O8,0.045,-1.311,0,p112/a,2.278,,3.407,2.354,,3.709,-4.591,-5.73,,-6.87,-85.291,0.0,0.0,AB2C4,1.731
K4As4S8,0.0,-0.648,0,p2_1/b11,2.472,,3.407,2.472,,3.408,-2.794,-4.03,,-5.266,-66.526,0.0,0.0,ABC2,1.593
I2Zn,0.003,-0.613,0,p-4m2,2.431,5.193,3.419,2.431,5.193,3.419,-3.409,-4.625,,-5.84,-5.979,0.0,0.0,AB2,2.619
PtK2S6H6,0.0,-0.476,0,p-3,2.284,,3.419,2.286,,3.423,-2.842,-3.984,,-5.126,-60.352,0.0,0.0,AB2C6D6,1.111
TlI4LiO12,0.0,-0.395,0,p-1,2.17,,3.421,2.198,,3.459,-5.239,-6.324,,-7.409,-78.906,0.0,0.0,ABC4D12,2.258
Cu2Br2,0.024,-0.281,0,p-3m1,1.522,3.253,3.423,1.523,3.347,3.423,-3.739,-4.5,,-5.261,-11.644,0.0,0.0,AB,3.062
Hf2BrS2Cl3,0.0,-1.644,0,cm11,2.254,,3.424,2.256,,3.424,-5.032,-6.159,,-7.286,-43.261,0.0,0.0,AB2C2D3,3.179
I6Sc2,0.0,-1.289,0,p-31m,1.851,,3.428,2.05,,3.724,-4.077,-5.002,,-5.928,-28.499,0.0,0.0,AB3,3.066
HgF2,0.032,-1.543,0,p-3m1,1.728,,3.431,1.728,,3.431,-6.259,-7.123,,-7.987,-8.689,0.0,0.0,AB2,2.124
Cr2Br6,0.0,-0.848,1,p-31m,1.51,,3.431,1.518,,3.48,-4.829,-5.583,,-6.338,-35.111,-0.419,-0.419,AB3,2.881
Sb4Co2Br4O6,0.02,-1.018,1,p2_1/m11,0.831,,3.435,0.867,,3.435,-4.442,-4.858,,-5.273,-87.461,1.148,0.593,AB2C2D3,2.075
Ca2P4S12,0.069,-0.588,0,p-1,2.355,,3.435,2.448,,3.527,-4.181,-5.358,,-6.536,-84.995,0.0,0.0,AB2C6,1.858
Ga8S12,0.011,-0.652,0,p2_1/b11,2.384,,3.44,2.384,,3.44,-3.721,-4.913,,-6.106,-85.204,0.0,0.0,A2B3,1.599
Hf2Cl2N2,0.0,-1.861,0,p-3m1,2.33,,3.446,2.445,,3.622,-4.378,-5.544,,-6.709,-46.453,0.0,0.0,ABC,3.147
TiNiBr3Cl3,0.047,-1.055,1,p1,1.042,,3.451,1.042,,3.451,-5.491,-6.011,,-6.532,-32.487,-0.112,0.066,ABC3D3,2.775
AgScP2S6,0.0,-0.669,0,p312,2.017,,3.453,2.033,,3.453,-4.152,-5.16,,-6.168,-49.387,0.0,0.0,ABC2D6,1.992
Ag2Cd2Br6,0.0,-0.682,0,p-31m,2.24,,3.456,2.24,,3.456,-4.232,-5.352,,-6.472,-23.859,0.0,0.0,ABC3,2.933
BiScCl2O2,0.061,-2.103,0,pmm2,2.371,,3.46,2.867,,4.174,-5.316,-6.501,,-7.687,-35.77,0.0,0.0,ABC2D2,4.284
K4P4S8,0.014,-0.651,0,p2_1/b11,2.494,,3.462,2.504,,3.466,-2.982,-4.229,,-5.476,-69.382,0.0,0.0,ABC2,1.693
Pb2O2,0.0,-1.163,0,p4/nmm,2.406,,3.463,2.406,,3.463,-2.199,-3.402,,-4.605,-22.418,0.0,0.0,AB,1.483
Nb2Br2O4,0.0,-2.229,0,p2_1/m11,2.007,,3.469,2.136,,3.652,-5.095,-6.098,,-7.101,-62.147,0.0,0.0,ABC2,2.709
Cu2Br2,0.03,-0.274,0,p4/nmm,1.496,3.318,3.475,1.496,3.318,3.475,-3.722,-4.47,,-5.218,-11.619,0.0,0.0,AB,2.827
W2Cd4O8,0.055,-1.606,0,p112/a,2.469,,3.477,2.645,,3.681,-3.637,-4.872,,-6.106,-90.154,0.0,0.0,AB2C4,1.71
P4S6,0.035,-0.128,0,p-4,2.47,,3.478,2.481,,3.498,-3.63,-4.865,,-6.1,-47.206,0.0,0.0,A2B3,1.137
Te2Na2H2,0.097,-0.382,0,p4/nmm,2.703,,3.492,2.703,,3.492,-2.083,-3.434,,-4.785,-17.968,0.0,0.0,ABC,1.371
Te2Mg2,0.083,-0.797,0,p4/nmm,2.703,,3.498,2.703,,3.498,-3.152,-4.504,,-5.855,-12.832,0.0,0.0,AB,2.678
Ge2P2S6C2H6,0.0,-0.262,0,p11a,2.586,,3.499,2.614,,3.515,-2.628,-3.92,,-5.213,-87.33,0.0,0.0,ABCD3E3,1.454
IVBr,0.02,-0.657,1,p3m1,1.188,,3.5,1.231,,3.533,-3.369,-3.964,,-4.558,-13.558,-0.047,-0.047,ABC,3.0
Te2Na6S8H2,0.0,-0.633,0,p2_1/m11,2.41,,3.502,2.481,,3.59,-2.836,-4.041,,-5.246,-64.917,0.0,0.0,ABC3D4,1.263
Cr2O2F2,0.0,-2.316,1,pmmn,0.884,,3.502,0.884,,3.502,-5.634,-6.076,,-6.518,-46.133,-0.266,-0.056,ABC,1.866
In4Br4S4,0.0,-0.719,0,p2_1/b11,2.571,,3.507,2.572,,3.507,-4.445,-5.73,,-7.016,-42.332,0.0,0.0,ABC,1.692
NiBrCl,0.006,-0.517,1,p3m1,0.951,,3.508,1.155,,3.69,-5.283,-5.758,,-6.233,-12.169,0.107,0.104,ABC,3.078
Cd2Sb2O4F2,0.072,-1.517,0,p2_1/m11,2.459,,3.513,2.581,,3.669,-3.728,-4.958,,-6.188,-49.512,0.0,0.0,ABCD2,1.513
Cd2Sb2Br2O4,0.018,-1.146,0,p2_1/m11,2.365,,3.518,2.374,,3.541,-4.319,-5.502,,-6.684,-45.795,0.0,0.0,ABCD2,1.959
Hg2Bi2Br2O4,0.018,-0.849,0,p2_1/m11,2.395,,3.519,2.395,,3.519,-4.006,-5.204,,-6.401,-43.276,0.0,0.0,ABCD2,1.757
I6Mn2Cu2,0.014,-0.304,1,p-31m,0.947,,3.52,1.168,,3.783,-4.159,-4.632,,-5.106,-38.693,0.624,0.625,ABC3,3.369
Sb4Co2Cl4O6,0.016,-1.108,1,p2_1/m11,0.861,,3.522,0.906,,3.522,-4.361,-4.792,,-5.222,-89.69,1.147,0.479,AB2C2D3,1.995
In2S2Cl2,0.028,-0.801,0,pm2_1n,2.329,,3.523,2.329,,3.523,-5.5,-6.664,,-7.829,-22.06,0.0,0.0,ABC,1.958
Tl2I6Mg2,0.071,-0.849,0,p-31m,2.652,,3.525,2.652,,3.525,-2.427,-3.753,,-5.079,-25.589,0.0,0.0,ABC3,2.511
Sc2S2Cl2,0.0,-2.053,0,pmmn,2.109,,3.528,2.144,,3.616,-4.651,-5.705,,-6.76,-33.361,0.0,0.0,ABC,3.412
CoBr2,0.023,-0.338,1,p-3m1,0.348,1.401,3.528,0.389,1.504,3.594,-5.608,-5.782,,-5.956,-12.412,0.561,0.565,AB2,3.14
Al4S6,0.024,-1.046,0,pm2_1b,2.525,,3.531,2.525,,3.531,-4.038,-5.3,,-6.563,-49.886,0.0,0.0,A2B3,3.083
AuCuBr2,0.018,-0.238,0,c2/m11,2.084,,3.533,2.084,,3.533,-3.319,-4.361,,-5.403,-10.929,0.0,0.0,ABC2,2.697
In4S4Cl4,0.0,-0.83,0,p2_1/b11,2.588,,3.536,2.588,,3.536,-4.557,-5.851,,-7.145,-44.461,0.0,0.0,ABC,1.655
Ag2Mn2Br6,0.006,-0.603,1,p-31m,1.74,,3.536,1.825,,3.536,-3.974,-4.844,,-5.714,-40.649,0.202,0.206,ABC3,2.959
IVCl,0.057,-0.775,1,p3m1,1.1,,3.537,1.141,,3.605,-3.428,-3.977,,-4.527,-14.114,-0.048,-0.049,ABC,2.992
Tl2Cl6,0.0,-0.703,0,p-31m,2.425,,3.537,2.425,,3.537,-5.724,-6.937,,-8.15,-21.33,0.0,0.0,AB3,2.704
Ni2Cu2Cl6,0.001,-0.563,1,p-31m,0.614,,3.542,0.792,,3.634,-5.031,-5.339,,-5.646,-38.191,-0.116,-0.111,ABC3,3.089
ZrFeCl6,0.108,-1.32,0,p312,1.048,,3.545,1.065,,3.564,-4.582,-5.106,,-5.631,-37.715,0.0,0.0,ABC6,3.093
Te2Br2Al2,0.0,-0.777,0,pm2_1n,2.729,,3.547,2.729,,3.547,-3.73,-5.095,,-6.459,-21.718,0.0,0.0,ABC,1.862
NiOFH,0.023,-1.182,1,p3m1,1.274,,3.548,1.274,,3.548,-3.691,-4.328,,-4.965,-22.011,-0.024,-0.029,ABCD,1.11
Hf2N2F2,0.0,-2.579,0,pmmn,2.308,,3.55,2.308,,3.55,-3.155,-4.309,,-5.463,-50.367,0.0,0.0,ABC,3.375
Cu2F6,0.0,-1.448,1,p-31m,0.907,,3.55,0.907,,3.55,-8.626,-9.079,,-9.532,-28.458,-0.06,-0.06,AB3,2.146
AuAgBr2,0.0,-0.271,0,c2/m11,2.391,,3.55,2.391,,3.55,-3.507,-4.702,,-5.898,-10.224,0.0,0.0,ABC2,2.643
Sc2BrS2Cl,0.0,-1.974,0,pmm2,2.12,,3.553,2.145,,3.621,-4.596,-5.656,,-6.716,-32.692,0.0,0.0,ABC2D2,3.562
Te6O14,0.093,-0.926,0,pm2_1n,2.29,,3.556,2.509,,3.795,-5.706,-6.851,,-7.996,-109.483,0.0,0.0,A3B7,2.31
Co2Cl6,0.0,-0.654,0,p-31m,1.13,,3.558,1.137,,3.602,-5.427,-5.992,,-6.557,-32.4,0.0,0.0,AB3,3.048
Sc2Br2S2,0.0,-1.892,0,pmmn,2.13,,3.561,2.147,,3.624,-4.551,-5.616,,-6.681,-31.995,0.0,0.0,ABC,3.503
Sc4Br3S4Cl,0.0,-1.935,0,pmm2,2.136,,3.562,2.15,,3.605,-4.57,-5.638,,-6.706,-64.711,0.0,0.0,AB3C4D4,3.556
Zr2N2F2,0.02,-2.566,0,p-3m1,2.342,,3.566,2.342,,3.566,-3.861,-5.032,,-6.203,-50.078,0.0,0.0,ABC,2.501
Pb2Cu2Cl6,0.011,-0.876,0,p-31m,1.34,,3.567,1.343,,3.631,-4.463,-5.133,,-5.803,-34.343,0.0,0.0,ABC3,2.892
I2K2Cl8,0.002,-0.815,0,p4/mbm,2.455,,3.571,2.455,,3.571,-5.033,-6.26,,-7.488,-29.459,0.0,0.0,ABC4,1.472
In4Cl6,0.063,-0.898,0,p31m,2.646,,3.574,2.658,,3.586,-3.892,-5.215,,-6.538,-30.739,0.0,0.0,A2B3,2.158
CdSn2O2F2,0.059,-1.685,0,c2/m11,2.693,,3.578,2.724,,3.688,-3.239,-4.585,,-5.931,-34.259,0.0,0.0,AB2C2D2,1.58
Ga2S2Cl2,0.021,-0.881,0,p3m1,2.243,,3.578,2.243,,3.578,-4.704,-5.826,,-6.947,-22.818,0.0,0.0,ABC,2.946
Ag4Br4,0.005,-0.342,0,p2_12_12,2.33,,3.583,2.4,,3.671,-4.036,-5.201,,-6.366,-20.434,0.0,0.0,AB,2.65
ZrMnBr6,0.0,-1.209,1,p312,1.643,,3.584,1.643,,3.584,-4.535,-5.356,,-6.178,-36.295,-0.042,-0.042,ABC6,2.795
I4Mg2,0.089,-0.992,0,pmma,2.639,,3.593,2.639,,3.593,-3.118,-4.437,,-5.757,-15.103,0.0,0.0,AB2,1.748
Mn2Br2F2,0.105,-1.474,1,p3m1,1.728,,3.594,1.728,,3.594,-3.71,-4.574,,-5.438,-34.619,0.233,0.232,ABC,2.642
Tl4Cl4,0.091,-0.934,0,pbma,2.74,,3.596,2.74,,3.596,-2.862,-4.232,,-5.602,-24.601,0.0,0.0,AB,1.823
Y4S6,0.069,-2.065,0,p-3m1,2.574,,3.598,2.652,,3.699,-4.552,-5.84,,-7.127,-63.885,0.0,0.0,A2B3,4.819
Se12Al8,0.0,-0.857,0,p2_1/b11,2.654,,3.6,2.654,,3.6,-3.065,-4.392,,-5.719,-88.833,0.0,0.0,A2B3,1.659
CdSn2Cl2O2,0.015,-1.209,0,c2/m11,2.714,,3.6,2.725,,3.625,-3.413,-4.77,,-6.126,-31.322,0.0,0.0,AB2C2D2,1.816
Ga2Br2O2,0.019,-1.365,0,pmmn,2.515,,3.601,2.578,,3.616,-4.268,-5.525,,-6.782,-27.415,0.0,0.0,ABC,3.742
Ir2F6,0.033,-1.409,0,p-31m,1.632,,3.601,1.681,,3.672,-4.699,-5.515,,-6.331,-39.347,0.0,0.0,AB3,2.373
Cd2Cu2Br6,0.006,-0.657,0,p-31m,1.57,,3.601,1.57,,3.601,-4.134,-4.919,,-5.704,-25.285,0.0,0.0,ABC3,2.976
Rb2I2Cl8,0.0,-0.832,0,p4/mbm,2.476,,3.604,2.476,,3.604,-4.947,-6.185,,-7.423,-29.042,0.0,0.0,ABC4,1.43
Cr2Cl2F2,0.159,-1.584,1,pmmn,0.911,,3.604,1.045,,3.705,-4.402,-4.857,,-5.313,-35.062,0.237,0.862,ABC,2.745
Se8Si4,0.004,-0.446,0,p2_1/b11,2.64,,3.613,2.724,,3.647,-3.291,-4.611,,-5.931,-54.81,0.0,0.0,AB2,1.624
W2Cl4O4,0.0,-1.691,0,pb2_1m,2.187,,3.613,2.235,,3.655,-5.861,-6.954,,-8.047,-67.515,0.0,0.0,AB2C2,1.748
Sb6O12H2,0.086,-1.254,0,p2_111,2.489,,3.614,2.49,,3.614,-3.949,-5.193,,-6.438,-119.654,0.0,0.0,AB3C6,1.415
Y2I2S2,0.0,-1.845,0,p-3m1,2.543,,3.616,2.84,,4.038,-3.616,-4.887,,-6.159,-31.567,0.0,0.0,ABC,2.975
Ag2Br2,0.01,-0.337,0,cmme,2.444,,3.617,2.444,,3.617,-3.728,-4.95,,-6.172,-10.198,0.0,0.0,AB,1.299
CdCl2C4N2H4,0.141,-0.27,0,p2/m11,2.176,,3.619,2.318,,3.798,-4.154,-5.242,,-6.33,-74.89,0.0,0.0,AB2C2D4E4,1.316
Cs2I2Cl8,0.0,-0.86,0,p4/mbm,2.481,,3.62,2.481,,3.62,-4.834,-6.075,,-7.316,-29.221,0.0,0.0,ABC4,1.436
In4Br4,0.05,-0.645,0,pmm2,2.922,,3.624,2.966,,3.647,-2.508,-3.969,,-5.43,-22.551,0.0,0.0,AB,1.999
Ga4Se4Br4,0.0,-0.744,0,p2_1/b11,2.647,,3.625,2.647,,3.625,-4.154,-5.477,,-6.801,-40.81,0.0,0.0,ABC,1.66
Ga2Se2Cl2,0.001,-0.868,0,pm2_1n,2.612,,3.625,2.612,,3.625,-4.788,-6.095,,-7.401,-21.549,0.0,0.0,ABC,1.882
Ge2O2,0.051,-1.185,0,pm2_1n,2.686,,3.628,2.877,,3.784,-2.898,-4.241,,-5.584,-24.021,0.0,0.0,AB,1.387
Te4Br4Al4,0.003,-0.774,0,p2_1/b11,2.817,,3.629,2.817,,3.629,-3.519,-4.928,,-6.336,-43.398,0.0,0.0,ABC,1.617
I2Mn,0.012,-0.408,1,p-4m2,1.224,,3.636,1.278,,3.871,-4.181,-4.793,,-5.405,-13.897,-0.364,-0.364,AB2,2.559
Ag2I6Mg2,0.02,-0.737,0,p-31m,2.621,,3.636,2.621,,3.636,-3.212,-4.522,,-5.832,-25.155,0.0,0.0,ABC3,3.223
Ga2Br6,0.066,-0.782,0,p-31m,2.594,,3.641,2.626,,3.689,-4.434,-5.731,,-7.027,-21.571,0.0,0.0,AB3,2.787
Sb2Co2O6,0.051,-1.179,0,p-31m,0.932,,3.643,0.932,,3.707,-3.211,-3.677,,-4.143,-67.807,0.0,0.0,ABC3,3.495
In2S2Cl2,0.045,-0.785,0,p11a,2.643,,3.649,2.644,,3.657,-4.915,-6.236,,-7.558,-21.96,0.0,0.0,ABC,3.105
Pb2Cl4,0.032,-1.146,0,pmmn,2.607,,3.649,2.963,,3.997,-4.533,-5.836,,-7.14,-21.533,0.0,0.0,AB2,2.667
In2Br2,0.05,-0.645,0,pmmn,2.949,,3.651,2.992,,3.674,-2.498,-3.973,,-5.447,-11.276,0.0,0.0,AB,2.02
Al2Si2S6,0.039,-0.798,0,p-31m,2.67,,3.652,2.903,,3.824,-3.509,-4.844,,-6.179,-50.719,0.0,0.0,ABC3,2.012
SnNa2S6H6,0.008,-0.442,0,p-3,2.587,,3.652,2.593,,3.659,-3.091,-4.385,,-5.679,-57.722,0.0,0.0,AB2C6D6,1.095
Ni2N4O12,0.011,-0.428,0,p2_1/b11,0.825,,3.653,0.825,,3.697,-5.804,-6.216,,-6.628,-117.093,0.0,0.0,AB2C6,1.263
Fe2Cu2Cl6,0.184,-0.442,0,p-31m,0.856,,3.656,0.88,,3.656,-3.87,-4.298,,-4.726,-40.564,0.0,0.0,ABC3,3.216
Pb2CdBr2O2,0.0,-1.12,0,c2/m11,2.646,,3.656,2.646,,3.656,-3.251,-4.574,,-5.898,-29.703,0.0,0.0,AB2C2D2,1.869
Te2Al2Cl2,0.0,-0.939,0,pm2_1n,2.886,,3.659,2.886,,3.659,-3.801,-5.244,,-6.687,-23.09,0.0,0.0,ABC,1.815
Rb2Br2Cl8,0.0,-0.672,0,p4/mbm,2.415,,3.661,2.415,,3.661,-5.236,-6.444,,-7.651,-27.335,0.0,0.0,ABC4,1.346
VBr2,0.0,-0.863,1,p-3m1,1.252,3.35,3.665,1.302,3.514,3.708,-3.347,-3.973,,-4.598,-14.283,-0.042,-0.042,AB2,3.062
In2Ga2O6,0.056,-1.66,0,pm2_1n,2.183,,3.665,2.245,,3.669,-5.348,-6.44,,-7.531,-58.675,0.0,0.0,ABC3,2.284
Bi2Cd2Br2O4,0.004,-1.111,0,p2_1/m11,2.445,,3.667,2.538,,3.697,-4.119,-5.341,,-6.564,-45.977,0.0,0.0,ABCD2,1.852
I4Se4Al4,0.0,-0.786,0,p2_1/b11,2.699,,3.667,2.699,,3.667,-3.215,-4.564,,-5.913,-44.224,0.0,0.0,ABC,1.848
K2Br2Cl8,0.002,-0.66,0,p4/mbm,2.441,,3.673,2.442,,3.684,-5.307,-6.527,,-7.748,-27.803,0.0,0.0,ABC4,1.393
Ag2I6Ca2,0.016,-1.091,0,p-31m,2.641,,3.677,2.641,,3.677,-3.36,-4.68,,-6.001,-29.483,0.0,0.0,ABC3,3.147
In2O2F2,0.057,-2.035,0,pmmn,2.236,,3.685,2.311,,3.807,-5.695,-6.812,,-7.93,-31.157,0.0,0.0,ABC,3.137
Rh2F6,0.018,-1.632,0,p-31m,1.488,,3.691,1.522,,3.743,-5.943,-6.687,,-7.43,-36.87,0.0,0.0,AB3,2.305
I2Mn2Cl2,0.036,-0.704,1,pmm2,1.412,,3.692,1.552,,3.937,-4.299,-5.005,,-5.711,-30.183,0.11,-1.118,ABC,2.482
AuICuCl,0.05,-0.225,0,cm11,1.939,,3.695,1.986,,3.826,-3.516,-4.486,,-5.455,-10.97,0.0,0.0,ABCD,2.662
Bi4Ni2Br4O6,0.057,-0.941,1,p-1,0.825,,3.696,0.851,,3.726,-4.55,-4.963,,-5.375,-85.333,-0.12,0.778,AB2C2D3,1.985
SnK2S6H6,0.0,-0.491,0,p-3,2.626,,3.698,2.626,,3.698,-3.072,-4.385,,-5.698,-58.281,0.0,0.0,AB2C6D6,1.085
Ag6Cl6,0.019,-0.42,0,pmmn,2.398,,3.705,2.497,,3.825,-4.253,-5.452,,-6.651,-32.79,0.0,0.0,AB,2.209
Sr2Ag2I6,0.019,-1.134,0,p-31m,2.677,,3.707,2.677,,3.707,-3.452,-4.79,,-6.128,-29.24,0.0,0.0,ABC3,3.082
Cu6Br6,0.018,-0.286,0,p1,1.975,,3.708,1.975,,3.708,-3.591,-4.578,,-5.566,-34.998,0.0,0.0,AB,2.348
HgCl2,0.033,-0.624,0,p-4m2,2.468,,3.708,2.468,,3.708,-5.224,-6.458,,-7.691,-6.326,0.0,0.0,AB2,2.29
Pb2Ag2Cl6,0.0,-0.888,0,p-31m,2.439,,3.708,2.653,,3.93,-4.345,-5.564,,-6.784,-32.789,0.0,0.0,ABC3,2.806
Sb4Ni2Br4O6,0.031,-0.985,1,p-1,1.018,,3.717,1.064,,3.769,-4.71,-5.219,,-5.728,-84.956,-0.654,-0.404,AB2C2D3,1.979
SrIVCl3,0.066,-1.607,1,pm11,1.219,,3.719,1.356,,3.861,-3.479,-4.089,,-4.698,-26.671,0.039,-0.121,ABCD3,2.884
Sn4O4,0.002,-1.301,0,pb2_1a,2.836,,3.719,3.084,,3.989,-2.576,-3.994,,-5.413,-47.13,0.0,0.0,AB,1.567
TlInCl6,0.0,-0.924,0,p312,2.553,,3.724,2.56,,3.724,-5.594,-6.87,,-8.146,-23.363,0.0,0.0,ABC6,2.732
Se2MgH2,0.03,-0.475,0,p-3m1,2.75,,3.727,2.75,,3.727,-2.09,-3.465,,-4.84,-17.609,0.0,0.0,AB2C2,2.175
Pb4O4,0.007,-1.156,0,pb2_1a,2.614,,3.731,2.893,,4.081,-2.288,-3.595,,-4.902,-44.78,0.0,0.0,AB,1.587
Cr2Cl2F2,0.13,-1.612,1,pm2_1n,1.057,,3.731,1.216,,3.822,-4.25,-4.778,,-5.307,-35.233,0.325,-0.434,ABC,3.463
Pb2Cl4,0.045,-1.132,0,c2/m11,2.776,,3.736,2.776,,3.749,-3.953,-5.341,,-6.729,-21.452,0.0,0.0,AB2,1.139
Mo2O6,0.0,-2.003,0,p2_1/m11,2.067,,3.738,2.899,,4.644,-6.476,-7.51,,-8.544,-69.176,0.0,0.0,AB3,2.335
V2Br2Cl2,0.0,-1.02,1,p2_1/m11,1.28,,3.74,1.287,,3.759,-3.323,-3.962,,-4.602,-29.909,-0.067,-0.081,ABC,3.021
Hg2Bi2Cl2O4,0.026,-0.897,0,p2_1/m11,2.556,,3.745,2.556,,3.745,-3.882,-5.16,,-6.438,-44.158,0.0,0.0,ABCD2,1.691
VBrCl,0.011,-1.009,1,p3m1,1.289,,3.751,1.342,,3.814,-3.336,-3.981,,-4.625,-14.92,-0.035,-0.035,ABC,2.78
Y2I2Se2,0.0,-1.686,0,p3m1,2.724,,3.753,2.732,,3.755,-3.463,-4.825,,-6.186,-29.419,0.0,0.0,ABC,3.433
I4Al4S4,0.01,-0.888,0,p2_1/b11,2.769,,3.757,2.788,,3.779,-3.087,-4.471,,-5.856,-47.837,0.0,0.0,ABC,1.886
Ga2Se2Cl2,0.011,-0.858,0,pm2_1n,2.759,,3.759,2.759,,3.759,-4.722,-6.101,,-7.481,-21.492,0.0,0.0,ABC,2.918
HgPb2Cl2O2,0.0,-1.02,0,c2/m11,2.623,,3.761,2.878,,4.014,-3.559,-4.87,,-6.182,-29.363,0.0,0.0,AB2C2D2,1.888
Bi4O6,0.034,-1.207,0,p2/b11,2.467,,3.769,2.703,,3.898,-2.288,-3.522,,-4.755,-61.509,0.0,0.0,A2B3,2.92
Zn2S2,0.137,-0.692,0,p-3m1,2.557,4.691,3.771,2.557,4.691,3.771,-3.738,-5.017,,-6.295,-13.293,0.0,0.0,AB,3.073
V2S2O10H4,0.076,-1.456,1,p-1,1.179,,3.771,1.267,,3.898,-3.58,-4.17,,-4.759,-115.959,-0.028,-0.028,ABC2D5,1.201
CdClOH,0.033,-1.071,0,p3m1,2.517,,3.774,2.517,,3.774,-3.613,-4.871,,-6.13,-15.445,0.0,0.0,ABCD,1.29
Co2As4Br4O6,0.046,-0.858,1,p2_1/m11,0.801,,3.781,0.854,,3.781,-4.837,-5.238,,-5.638,-85.927,0.003,-0.595,AB2C2D3,1.975
Bi4Li4O8,0.0,-1.525,0,pb2_1a,2.375,,3.784,2.439,,3.824,-2.245,-3.433,,-4.62,-91.655,0.0,0.0,ABC2,2.02
Se4Be4,0.092,-0.709,0,p4/nmm,2.905,,3.784,2.905,,3.784,-2.854,-4.307,,-5.76,-34.408,0.0,0.0,AB,3.083
BiS2O6H,0.0,-1.184,0,p1,2.494,,3.784,2.574,,3.888,-4.197,-5.444,,-6.691,-58.741,0.0,0.0,ABC2D6,1.789
Te4Al4Cl4,0.004,-0.935,0,p2_1/b11,2.985,,3.786,2.985,,3.786,-3.502,-4.995,,-6.487,-46.133,0.0,0.0,ABC,1.569
Zn2Cl2O,0.044,-1.243,0,p-4m2,2.442,,3.793,2.442,,3.868,-5.104,-6.326,,-7.547,-17.277,0.0,0.0,AB2C2,3.468
CoCl2,0.021,-0.603,1,p-3m1,0.351,,3.799,0.354,,3.808,-5.891,-6.067,,-6.242,-13.606,-0.063,-0.048,AB2,3.166
AgCuBr2,0.005,-0.32,0,c2/m11,2.314,,3.799,2.321,,3.799,-3.439,-4.596,,-5.753,-10.967,0.0,0.0,ABC2,2.489
Y2S2F2,0.07,-3.024,0,pmmn,2.693,,3.8,3.318,,4.495,-2.842,-4.189,,-5.535,-38.858,0.0,0.0,ABC,3.055
BiS2O6F,0.0,-1.384,0,p1,2.496,,3.805,2.581,,3.936,-5.254,-6.502,,-7.751,-59.002,0.0,0.0,ABC2D6,1.928
Ag2Cl2,0.0,-0.439,0,cmme,2.521,,3.807,2.521,,3.807,-3.897,-5.158,,-6.418,-11.004,0.0,0.0,AB,1.225
Sn2Cl2F2,0.079,-1.635,0,pm2_1b,2.852,,3.808,2.927,,3.862,-2.558,-3.984,,-5.41,-24.665,0.0,0.0,ABC,2.219
Pb6O6,0.026,-1.137,0,p-3,2.634,,3.808,2.797,,3.964,-2.179,-3.496,,-4.813,-66.937,0.0,0.0,AB,2.787
CdBrSH,0.051,-0.522,0,p3m1,2.762,,3.809,2.775,,3.829,-3.316,-4.697,,-6.078,-12.003,0.0,0.0,ABCD,1.41
Ca2BrS2Cl,0.089,-1.768,0,cm11,2.607,,3.81,2.629,,3.83,-3.707,-5.011,,-6.314,-26.156,0.0,0.0,ABC2D2,4.025
Ga2Al2S6,0.0,-0.874,0,pm2_1n,2.835,,3.811,2.924,,3.879,-3.92,-5.337,,-6.755,-46.488,0.0,0.0,ABC3,2.648
Te4O8,0.0,-1.087,0,p2_1/b11,2.667,,3.812,2.667,,3.812,-3.394,-4.728,,-6.061,-66.858,0.0,0.0,AB2,1.843
Ga2Se2F2,0.065,-1.468,0,pm2_1n,2.871,,3.814,2.871,,3.814,-4.742,-6.178,,-7.614,-24.755,0.0,0.0,ABC,1.659
IMgCl,0.058,-1.426,0,p3m1,2.896,,3.815,2.896,,3.815,-2.712,-4.16,,-5.608,-9.16,0.0,0.0,ABC,3.024
Sb2Cr2O6,0.0,-1.665,1,p-31m,1.345,,3.832,1.345,,3.833,-2.609,-3.282,,-3.954,-75.022,-0.01,-0.007,ABC3,3.367
Tl2Br2,0.067,-0.812,0,pmmn,2.979,,3.833,2.996,,3.872,-2.637,-4.126,,-5.615,-11.414,0.0,0.0,AB,1.912
I6Mn3,0.005,-0.415,1,c211,1.294,,3.839,1.319,,3.852,-4.338,-4.985,,-5.632,-41.753,-0.161,0.511,AB2,2.319
In2Br6,0.0,-0.871,0,p-31m,2.745,,3.84,2.745,,3.84,-4.48,-5.852,,-7.224,-21.999,0.0,0.0,AB3,2.744
Cu2SO4,0.023,-0.877,0,c222,2.053,,3.842,2.324,,4.25,-3.424,-4.45,,-5.477,-38.065,0.0,0.0,AB2C4,1.067
Sb2Te2O10H2,0.084,-1.09,0,p2_111,2.555,,3.844,2.638,,3.889,-5.1,-6.378,,-7.655,-90.554,0.0,0.0,ABCD5,2.113
CdSClH,0.065,-0.588,0,p3m1,2.774,,3.853,2.774,,3.853,-3.411,-4.798,,-6.185,-12.468,0.0,0.0,ABCD,1.383
Cr2Cl2F2,0.15,-1.592,1,cm11,1.131,,3.853,1.255,,3.942,-4.068,-4.634,,-5.199,-35.113,-0.449,0.331,ABC,2.549
PbCl2,0.105,-1.073,0,p-6m2,2.775,5.249,3.856,2.914,5.263,3.856,-4.928,-6.315,,-7.703,-10.549,0.0,0.0,AB2,3.023
In2Cl2,0.036,-0.806,0,pmmn,3.174,,3.859,3.174,,3.859,-2.379,-3.966,,-5.553,-12.321,0.0,0.0,AB,2.067
Pt2N4O12,0.013,-0.348,0,p2_1/b11,2.206,,3.864,2.24,,3.896,-4.596,-5.699,,-6.802,-113.866,0.0,0.0,AB2C6,1.339
Ag2Cl2,0.028,-0.41,0,pmam,2.506,,3.865,2.564,,3.865,-3.477,-4.73,,-5.983,-10.891,0.0,0.0,AB,1.725
K2Se2H2,0.0,-0.668,0,p4/nmm,2.947,,3.865,2.947,,3.865,-1.696,-3.169,,-4.643,-20.059,0.0,0.0,ABC,1.187
W2Hg4O8,0.011,-1.429,0,p112/a,2.506,,3.867,2.567,,3.968,-3.803,-5.056,,-6.309,-87.518,0.0,0.0,AB2C4,1.772
Hg2Te2O8H4,0.022,-0.897,0,pm2_1n,2.52,,3.869,2.52,,3.869,-3.101,-4.361,,-5.621,-76.821,0.0,0.0,ABC2D4,1.622
AlP2S6Li,0.0,-0.661,0,c211,2.824,,3.873,2.974,,4.036,-3.7,-5.112,,-6.524,-47.434,0.0,0.0,ABC2D6,1.699
V4O10,0.017,-2.261,0,p2_1/m11,1.564,,3.877,1.776,,4.089,-7.197,-7.979,,-8.761,-116.991,0.0,0.0,A2B5,2.175
Mo2Cl4O4,0.0,-1.545,0,pb2_1m,2.369,,3.881,2.392,,3.902,-5.736,-6.921,,-8.105,-65.487,0.0,0.0,AB2C2,1.649
Y2I6,0.001,-1.471,0,p-31m,2.756,,3.889,2.962,,4.122,-3.469,-4.847,,-6.225,-30.02,0.0,0.0,AB3,3.009
Cd2Cu2Cl6,0.004,-0.847,0,p-31m,1.645,,3.891,1.645,,3.891,-4.1,-4.923,,-5.745,-28.384,0.0,0.0,ABC3,2.99
I2Mn2Cl2,0.037,-0.703,1,pm2_1b,1.393,,3.891,1.393,,3.891,-4.293,-4.99,,-5.686,-30.178,-0.182,0.762,ABC,2.738
VCl2,0.0,-1.174,1,p-3m1,1.354,3.459,3.894,1.413,3.561,3.946,-3.33,-4.007,,-4.684,-15.615,-0.033,-0.034,AB2,3.055
Hf2N2F2,0.048,-2.531,0,p-3m1,2.683,,3.903,2.683,,3.903,-3.496,-4.837,,-6.178,-50.077,0.0,0.0,ABC,2.524
Co2As4Cl4O6,0.05,-0.946,1,p2_1/m11,0.82,,3.906,0.869,,3.906,-4.858,-5.267,,-5.677,-88.138,0.286,-0.474,AB2C2D3,1.882
Hg2Se2O8H4,0.006,-0.825,0,pm2_1n,2.535,,3.908,2.535,,3.908,-3.597,-4.864,,-6.131,-76.222,0.0,0.0,ABC2D4,1.616
Bi2Sb2O6,0.0,-1.312,0,p11a,2.73,,3.92,2.76,,3.963,-2.522,-3.887,,-5.252,-62.022,0.0,0.0,ABC3,1.998
Ni2As4Br4O6,0.077,-0.838,1,p-1,1.044,,3.921,1.088,,3.963,-5.019,-5.541,,-6.063,-83.646,-0.819,-0.553,AB2C2D3,1.881
Mg2P2S6,0.0,-0.773,0,p-31m,2.796,,3.922,2.796,,3.922,-3.756,-5.154,,-6.552,-46.164,0.0,0.0,ABC3,1.95
Tl2Br2,0.063,-0.816,0,c2/m11,3.06,,3.922,3.115,,4.004,-2.396,-3.926,,-5.455,-11.429,0.0,0.0,AB,2.023
Bi4Ca2O8,0.0,-1.757,0,p2_1/m11,2.568,,3.923,2.747,,4.003,-2.143,-3.427,,-4.711,-88.307,0.0,0.0,AB2C4,2.308
Tl2Cl2,0.021,-1.003,0,p4/nmm,3.029,,3.923,3.029,,3.923,-2.5,-4.014,,-5.529,-12.579,0.0,0.0,AB,2.512
Pb2CdCl2O2,0.0,-1.212,0,c2/m11,2.869,,3.928,2.869,,3.928,-3.144,-4.578,,-6.012,-30.75,0.0,0.0,AB2C2D2,1.802
HgBr2,0.0,-0.531,0,c2/m11,2.791,,3.928,2.791,,3.928,-4.321,-5.717,,-7.113,-5.648,0.0,0.0,AB2,2.471
Cr2As2O6,0.006,-1.582,1,p-31m,1.295,,3.931,1.324,,3.931,-3.334,-3.981,,-4.629,-74.71,-0.026,-0.024,ABC3,3.25
Nb2Na2Cl12,0.0,-1.453,0,p2_111,2.287,,3.936,2.287,,3.936,-5.375,-6.518,,-7.662,-67.935,0.0,0.0,ABC6,1.811
Bi4Na4O8,0.0,-1.41,0,pbma,2.602,,3.947,2.614,,3.947,-2.244,-3.545,,-4.846,-87.48,0.0,0.0,ABC2,1.973
Ag2Mn2Cl6,0.0,-0.814,1,p-31m,1.991,,3.95,2.121,,3.95,-3.828,-4.824,,-5.82,-43.963,0.167,0.166,ABC3,2.944
Cd2Sb2Cl2O4,0.035,-1.201,0,p2_1/m11,2.882,,3.951,2.882,,3.951,-4.365,-5.806,,-7.247,-46.742,0.0,0.0,ABCD2,1.898
ZrPdF6,0.085,-2.815,1,p312,1.375,,3.952,1.441,,3.999,-6.575,-7.263,,-7.951,-43.263,-0.131,-0.142,ABC6,2.148
Se2Na2H2,0.0,-0.593,0,p4/nmm,3.022,,3.958,3.022,,3.958,-1.993,-3.504,,-5.015,-19.79,0.0,0.0,ABC,1.205
HfPdF6,0.075,-2.811,1,p312,1.38,,3.959,1.442,,4.004,-6.584,-7.274,,-7.964,-43.338,-0.131,-0.142,ABC6,2.16
NaAlP2S6,0.0,-0.642,0,c211,2.952,,3.965,3.05,,4.107,-3.559,-5.035,,-6.511,-46.663,0.0,0.0,ABC2D6,1.651
Ga4Se4Cl4,0.0,-0.869,0,p2_1/b11,3.011,,3.966,3.011,,3.966,-4.218,-5.724,,-7.229,-43.113,0.0,0.0,ABC,1.615
W2O4F4,0.0,-2.59,0,pb2_1m,2.36,,3.972,3.257,,4.936,-6.43,-7.61,,-8.789,-75.711,0.0,0.0,AB2C2,1.361
SbTe2O6H,0.041,-1.116,0,cm11,2.798,,3.975,2.882,,4.102,-2.898,-4.297,,-5.696,-56.041,0.0,0.0,ABC2D6,1.944
Se4O8,0.023,-0.679,0,p2_1/b11,2.822,,3.98,2.822,,3.98,-4.268,-5.679,,-7.09,-63.076,0.0,0.0,AB2,1.487
Sb4Zn2O8,0.028,-1.363,0,p2_111,2.81,,3.983,2.878,,4.025,-2.614,-4.019,,-5.424,-80.075,0.0,0.0,AB2C4,2.362
YIS,0.048,-1.797,0,p3m1,2.89,,3.985,3.241,,4.493,-3.296,-4.741,,-6.186,-15.64,0.0,0.0,ABC,3.41
Se4Mg4,0.082,-1.181,0,p-3m1,3.089,,3.986,3.195,,4.089,-3.168,-4.713,,-6.258,-29.849,0.0,0.0,AB,2.884
Sb2S2F2,0.071,-1.178,0,pb11,2.887,,3.987,3.052,,4.121,-3.356,-4.799,,-6.243,-27.207,0.0,0.0,ABC,2.238
Nb2Cl12Li2,0.0,-1.444,0,p2_111,2.359,,4.007,2.359,,4.007,-5.267,-6.446,,-7.625,-68.954,0.0,0.0,ABC6,1.936
Sb2As4O12H2,0.094,-1.151,0,p2_111,2.765,,4.011,2.772,,4.025,-4.148,-5.531,,-6.914,-118.622,0.0,0.0,ABC2D6,1.291
I6Cu2Mg2,0.021,-0.695,0,p-31m,2.339,,4.018,2.513,,4.246,-3.061,-4.23,,-5.399,-26.407,0.0,0.0,ABC3,3.265
I2Mg2Cl2,0.08,-1.404,0,pmm2,3.073,,4.018,3.073,,4.018,-2.787,-4.323,,-5.859,-18.186,0.0,0.0,ABC,2.369
In2Cl2O2,0.0,-1.42,0,pmmn,2.607,,4.019,2.828,,4.27,-5.1,-6.404,,-7.707,-27.866,0.0,0.0,ABC,3.772
Hg4Rb2Br6S2O6,0.034,-1.053,0,pm2_1n,2.864,,4.024,2.951,,4.145,-4.304,-5.736,,-7.168,-74.833,0.0,0.0,ABC2D3E3,2.489
Cu2F4,0.011,-1.595,1,p2_1/b11,0.825,,4.028,0.842,,4.028,-6.913,-7.325,,-7.738,-23.268,-0.224,-0.125,AB2,1.174
Re2MnO8,0.0,-1.73,1,p-3,1.565,,4.03,1.653,,4.097,-5.205,-5.988,,-6.77,-93.057,2.251,2.254,AB2C8,1.607
V2P2O10,0.0,-2.218,0,p4/nmm,1.566,,4.032,1.785,,4.38,-6.12,-6.903,,-7.687,-110.067,0.0,0.0,ABC5,1.341
Bi4Sr2O8,0.0,-1.766,0,p2_1/m11,2.704,,4.038,2.794,,4.068,-2.072,-3.424,,-4.776,-87.759,0.0,0.0,AB2C4,2.253
Ta2Cl2O4,0.0,-2.431,0,pmma,2.367,,4.04,2.367,,4.04,-5.712,-6.895,,-8.079,-63.151,0.0,0.0,ABC2,2.751
Cr2Cl6,0.0,-1.169,1,p-31m,1.735,,4.047,1.736,,4.048,-5.034,-5.902,,-6.769,-38.876,-0.065,-0.065,AB3,2.916
I4GaLiO12,0.02,-0.532,0,p-1,2.69,,4.051,2.769,,4.197,-4.732,-6.077,,-7.422,-81.777,0.0,0.0,ABC4D12,2.301
Nb2K2Cl12,0.0,-1.519,0,p2_111,2.41,,4.055,2.418,,4.064,-5.425,-6.63,,-7.835,-68.818,0.0,0.0,ABC6,1.717
Ag2Cd2Cl6,0.0,-0.852,0,p-31m,2.611,,4.056,2.611,,4.056,-4.187,-5.493,,-6.798,-26.769,0.0,0.0,ABC3,2.923
Br2Al2S2,0.002,-1.115,0,pm2_1n,2.865,,4.056,2.865,,4.056,-3.953,-5.386,,-6.819,-25.494,0.0,0.0,ABC,1.939
MoSbClO5,0.083,-1.468,0,p1,2.36,,4.057,2.503,,4.226,-5.351,-6.531,,-7.711,-54.761,0.0,0.0,ABCD5,2.349
Bi2Cd2O4F2,0.039,-1.495,0,p2_1/m11,2.816,,4.057,2.949,,4.245,-3.342,-4.75,,-6.158,-49.821,0.0,0.0,ABCD2,1.431
Sb2MnF12,0.0,-2.456,1,p-1,1.742,,4.06,1.756,,4.074,-6.229,-7.1,,-7.971,-74.403,-0.019,-0.031,AB2C12,2.185
I2Ca,0.108,-1.559,0,p-6m2,2.946,5.912,4.063,3.281,6.173,4.443,-3.409,-4.882,,-6.355,-9.645,0.0,0.0,AB2,3.284
Tl3F5,0.0,-1.927,0,c2/m11,2.88,,4.064,2.956,,4.191,-3.839,-5.279,,-6.719,-30.839,0.0,0.0,A3B5,2.49
Bi2Cd2Cl2O4,0.027,-1.168,0,p2_1/m11,2.845,,4.073,2.947,,4.145,-4.094,-5.516,,-6.939,-46.954,0.0,0.0,ABCD2,1.78
Pb2CdO2F2,0.04,-1.664,0,c2/m11,2.892,,4.074,2.892,,4.074,-2.679,-4.125,,-5.571,-33.514,0.0,0.0,AB2C2D2,1.532
Ga4Br4S4,0.0,-0.774,0,p2_1/b11,2.909,,4.074,2.909,,4.074,-4.073,-5.528,,-6.982,-43.557,0.0,0.0,ABC,1.673
IBrMg,0.019,-1.288,0,p3m1,3.155,,4.08,3.155,,4.08,-2.73,-4.308,,-5.885,-8.545,0.0,0.0,ABC,3.033
NiCl2,0.0,-0.641,1,p-3m1,1.219,3.413,4.082,1.403,3.414,4.222,-5.394,-6.004,,-6.613,-12.739,0.005,0.001,AB2,3.094
Sb4Ca2O8,0.0,-1.926,0,p2_1/m11,3.004,,4.083,3.245,,4.316,-2.129,-3.631,,-5.133,-89.606,0.0,0.0,AB2C4,2.404
Pb4Sr2Cl12,0.076,-1.547,0,p-1,2.998,,4.087,3.026,,4.132,-3.289,-4.788,,-6.287,-67.654,0.0,0.0,AB2C6,2.058
CdBr2,0.02,-0.883,0,p-4m2,2.925,6.198,4.087,2.925,6.198,4.087,-4.164,-5.627,,-7.089,-6.746,0.0,0.0,AB2,2.29
Bi2As2O6,0.0,-1.266,0,p11a,2.835,,4.092,2.956,,4.221,-2.996,-4.413,,-5.831,-62.079,0.0,0.0,ABC3,1.898
Bi4O6,0.063,-1.178,0,p2_1/m11,2.876,,4.095,2.901,,4.18,-2.421,-3.859,,-5.297,-61.22,0.0,0.0,A2B3,1.225
HfNa2S6H6,0.015,-0.661,0,p-3,2.783,,4.097,2.783,,4.097,-2.718,-4.11,,-5.502,-64.448,0.0,0.0,AB2C6D6,1.104
I4GaNaO12,0.019,-0.522,0,p-1,2.731,,4.098,2.776,,4.133,-4.695,-6.06,,-7.426,-81.02,0.0,0.0,ABC4D12,2.206
I2Br2Mg2,0.062,-1.245,0,pm2_1b,3.152,,4.108,3.152,,4.108,-2.958,-4.534,,-6.11,-16.833,0.0,0.0,ABC,2.575
Au2MoO4,0.109,-1.04,0,cm11,2.64,,4.11,2.699,,4.227,-3.949,-5.269,,-6.589,-45.24,0.0,0.0,AB2C4,1.455
I4AlLiO12,0.029,-0.685,0,p-1,2.704,,4.112,2.76,,4.272,-4.719,-6.071,,-7.423,-85.364,0.0,0.0,ABC4D12,2.323
Y2Br2S2,0.0,-2.087,0,pmmn,2.969,,4.114,2.969,,4.114,-3.868,-5.353,,-6.837,-33.231,0.0,0.0,ABC,3.586
ZrK2S6H6,0.006,-0.706,0,p-3,2.689,,4.118,2.689,,4.118,-2.899,-4.243,,-5.588,-64.85,0.0,0.0,AB2C6D6,1.07
YSeBr,0.0,-1.886,0,p3m1,3.045,,4.122,3.266,,4.382,-3.568,-5.09,,-6.613,-15.416,0.0,0.0,ABC,3.24
I2Br2Mg2,0.06,-1.247,0,pmm2,3.17,,4.122,3.17,,4.122,-2.892,-4.477,,-6.062,-16.842,0.0,0.0,ABC,2.396
V4S4F12,0.082,-2.267,0,p2_1/b11,2.06,,4.129,2.06,,4.129,-5.431,-6.461,,-7.49,-114.793,0.0,0.0,ABC3,1.55
InI4LiO12,0.0,-0.548,0,p-1,2.788,,4.136,2.86,,4.311,-4.238,-5.632,,-7.026,-81.915,0.0,0.0,ABC4D12,2.31
MnO2,0.018,-1.642,1,p-3m1,1.132,3.192,4.137,1.186,3.241,4.383,-6.6,-7.166,,-7.732,-24.892,-0.325,-0.325,AB2,3.05
I6Ca2Cu2,0.028,-1.038,0,p-31m,2.245,,4.14,2.336,,4.149,-3.298,-4.42,,-5.543,-30.626,0.0,0.0,ABC3,3.199
SrSe2H2,0.031,-0.797,0,p-3m1,3.192,,4.146,3.192,,4.146,-1.857,-3.453,,-5.049,-19.273,0.0,0.0,AB2C2,2.045
Ba2Bi4O8,0.0,-1.75,0,p2_1/m11,2.868,,4.146,2.887,,4.235,-1.956,-3.391,,-4.825,-87.845,0.0,0.0,AB2C4,2.275
Y2S2Cl2,0.0,-2.248,0,pmmn,3.023,,4.146,3.03,,4.195,-3.798,-5.309,,-6.821,-34.596,0.0,0.0,ABC,3.531
Hf3ScBr4N3O,0.027,-1.953,0,cm11,2.677,,4.148,2.677,,4.148,-3.92,-5.259,,-6.597,-87.138,0.0,0.0,ABC3D3E4,4.227
Tl6Cl6,0.061,-0.964,0,p4bm,3.139,,4.153,3.139,,4.172,-2.684,-4.254,,-5.824,-37.26,0.0,0.0,AB,2.281
BaSe2H2,0.03,-0.82,0,p-3m1,3.22,,4.158,3.22,,4.158,-1.786,-3.397,,-5.007,-19.543,0.0,0.0,AB2C2,2.142
CdBr2,0.0,-0.903,0,p-3m1,3.069,5.484,4.159,3.069,5.484,4.159,-4.059,-5.593,,-7.128,-6.805,0.0,0.0,AB2,2.943
MnAs2F12,0.0,-2.258,1,p-1,1.846,,4.161,1.862,,4.176,-6.254,-7.177,,-8.1,-71.959,-0.012,-0.017,AB2C12,2.072
Al4S6,0.0,-1.071,0,pm2_1n,3.133,,4.164,3.242,,4.295,-3.761,-5.327,,-6.894,-50.127,0.0,0.0,A2B3,2.658
Hg2Br2Cl2,0.0,-0.603,0,cm11,2.984,,4.169,2.998,,4.198,-4.352,-5.844,,-7.336,-12.126,0.0,0.0,ABC,2.423
CaSe2H2,0.043,-0.771,0,p-3m1,3.177,,4.172,3.177,,4.172,-1.794,-3.382,,-4.971,-19.479,0.0,0.0,AB2C2,2.081
Tl2Sb2O6,0.126,-1.192,0,p312,2.828,,4.173,3.0,,4.374,-2.422,-3.836,,-5.25,-56.478,0.0,0.0,ABC3,1.648
Cd2Br2Cl2,0.029,-0.981,0,pmm2,2.977,,4.186,3.032,,4.242,-4.237,-5.726,,-7.214,-14.479,0.0,0.0,ABC,2.344
W2Nb2O11,0.027,-2.461,0,p-3m1,2.345,,4.195,2.345,,4.202,-6.567,-7.74,,-8.912,-136.911,0.0,0.0,A2B2C11,2.292
InI4NaO12,0.0,-0.517,0,p-1,2.81,,4.2,2.839,,4.234,-4.652,-6.057,,-7.462,-80.775,0.0,0.0,ABC4D12,2.204
I2Mg,0.001,-1.08,0,p-3m1,3.273,5.744,4.201,3.602,6.06,4.554,-2.801,-4.437,,-6.074,-7.815,0.0,0.0,AB2,3.194
Y2Br6,0.056,-1.907,0,pmmn,2.911,,4.203,2.911,,4.203,-3.811,-5.267,,-6.722,-34.149,0.0,0.0,AB3,3.191
SnO2,0.151,-1.548,0,p-3m1,2.683,5.444,4.204,3.239,6.013,4.727,-5.647,-6.989,,-8.33,-18.948,0.0,0.0,AB2,3.254
Ag2P2O6,0.053,-1.462,0,p-1,2.568,,4.204,2.999,,4.737,-3.835,-5.12,,-6.404,-61.772,0.0,0.0,ABC3,1.748
CdS2H2,0.001,-0.374,0,c211,3.156,,4.206,3.156,,4.206,-3.253,-4.831,,-6.409,-17.601,0.0,0.0,AB2C2,2.242
Ga2S2Cl2,0.002,-0.901,0,pm2_1n,2.92,,4.207,2.92,,4.207,-4.799,-6.259,,-7.719,-22.937,0.0,0.0,ABC,1.9
I6Mn2Li2,0.054,-0.699,1,p-31m,1.623,,4.21,1.631,,4.228,-3.704,-4.516,,-5.327,-39.072,0.192,0.189,ABC3,2.977
Y2Br2S2,0.071,-2.016,0,p-3m1,3.076,,4.219,3.245,,4.512,-3.514,-5.051,,-6.589,-32.806,0.0,0.0,ABC,2.704
Ba2I2H2,0.016,-1.25,0,p4/nmm,3.246,,4.219,3.32,,4.286,-2.773,-4.396,,-6.019,-20.76,0.0,0.0,ABC,2.423
Te4Se2O14,0.036,-0.875,0,pm2_1n,2.888,,4.219,3.123,,4.531,-5.229,-6.672,,-8.116,-109.031,0.0,0.0,AB2C7,2.173
BiTe2O6H,0.024,-1.129,0,cm11,2.979,,4.226,3.207,,4.43,-3.32,-4.81,,-6.299,-56.441,0.0,0.0,ABC2D6,2.013
Bi4B4O12,0.039,-1.861,0,p2_1/b11,2.865,,4.227,2.919,,4.321,-2.98,-4.412,,-5.845,-144.235,0.0,0.0,ABC3,1.868
Ga4O6,0.05,-1.763,0,pm2_1n,2.642,,4.238,2.644,,4.239,-4.959,-6.281,,-7.602,-59.989,0.0,0.0,A2B3,2.204
HgPb2O2F2,0.012,-1.496,0,c2/m11,2.966,,4.239,3.087,,4.439,-2.83,-4.313,,-5.796,-32.299,0.0,0.0,AB2C2D2,1.573
SrCa2Br2S2,0.042,-2.134,0,p-3m1,3.106,,4.244,3.63,,4.806,-3.872,-5.425,,-6.978,-31.96,0.0,0.0,AB2C2D2,4.947
In2Sb2O6,0.025,-1.464,0,p-31m,3.123,,4.247,3.326,,4.477,-2.377,-3.939,,-5.5,-59.729,0.0,0.0,ABC3,3.328
NiC4N2O4H8,0.135,-0.557,1,p112/m,1.326,,4.256,1.326,,4.409,-3.567,-4.23,,-4.892,-118.513,-0.084,0.064,AB2C4D4E8,0.976
Se2Br2Al2,0.003,-1.002,0,pm2_1n,3.126,,4.26,3.126,,4.26,-3.782,-5.345,,-6.908,-23.622,0.0,0.0,ABC,1.91
ZnO2H2,0.086,-1.161,0,p-3m1,2.333,,4.267,2.333,,4.292,-1.643,-2.81,,-3.976,-23.886,0.0,0.0,AB2C2,1.449
I2Mn2Cl2,0.013,-0.727,1,pm2_1b,1.531,,4.269,1.594,,4.288,-4.177,-4.942,,-5.708,-30.323,-0.626,-0.466,ABC,2.684
I4NaAlO12,0.029,-0.676,0,p-1,2.813,,4.269,2.819,,4.369,-4.604,-6.011,,-7.418,-84.623,0.0,0.0,ABC4D12,2.23
Ag2Br6Mg2,0.011,-1.047,0,p-31m,2.989,,4.269,2.989,,4.269,-3.585,-5.079,,-6.574,-28.896,0.0,0.0,ABC3,2.896
BaI2,0.105,-1.732,0,p-6m2,3.332,,4.274,3.397,,4.345,-3.302,-4.968,,-6.635,-9.98,0.0,0.0,AB2,3.266
Cr2F4,0.117,-2.329,1,p2_1/b11,1.396,,4.28,1.407,,4.28,-3.69,-4.389,,-5.087,-39.14,-0.155,-0.588,AB2,1.122
Sb2Se2O10H2,0.09,-0.94,0,p2_111,2.86,,4.28,3.012,,4.468,-5.368,-6.798,,-8.228,-88.704,0.0,0.0,ABCD5,2.186
MnBr2,0.0,-0.783,1,p-3m1,1.477,3.797,4.289,1.695,3.977,4.556,-4.389,-5.128,,-5.866,-15.233,-0.056,-0.056,AB2,2.965
Sb4Ni2Cl4O6,0.024,-1.079,1,p-1,1.23,,4.289,1.244,,4.289,-4.534,-5.149,,-5.763,-87.267,-0.28,-0.105,AB2C2D3,1.893
PdLi2O6H6,0.053,-1.134,0,p-3,2.434,,4.306,2.434,,4.306,-2.803,-4.02,,-5.238,-75.302,0.0,0.0,AB2C6D6,0.933
Ta2Cl12Li2,0.0,-1.505,0,p2_12_12,2.756,,4.317,2.756,,4.317,-4.93,-6.308,,-7.686,-68.91,0.0,0.0,ABC6,2.122
Mn2Br2F2,0.086,-1.493,1,pmmn,1.738,,4.317,1.806,,4.404,-4.16,-5.03,,-5.899,-34.734,0.041,-0.326,ABC,2.797
Br2Li2O4,0.092,-0.691,0,p-42_1m,2.625,,4.326,2.625,,4.326,-2.323,-3.636,,-4.948,-32.972,0.0,0.0,ABC2,0.98
HfS6Li2H6,0.059,-0.652,0,p-3,3.008,,4.329,3.054,,4.379,-2.982,-4.486,,-5.99,-65.477,0.0,0.0,AB2C6D6,1.015
Se2Li2H2,0.001,-0.635,0,p4/nmm,3.4,,4.334,3.4,,4.334,-1.729,-3.429,,-5.13,-21.202,0.0,0.0,ABC,1.474
HfK2S6H6,0.001,-0.713,0,p-3,3.014,,4.336,3.014,,4.343,-2.533,-4.04,,-5.547,-65.055,0.0,0.0,AB2C6D6,1.073
I6Na6,0.032,-1.264,0,p4/mmm,3.451,,4.339,3.451,,4.339,-2.222,-3.947,,-5.673,-31.886,0.0,0.0,AB,3.058
Ta2Mo2O11,0.001,-2.471,0,p-3m1,2.566,,4.349,2.566,,4.349,-6.039,-7.321,,-8.604,-135.465,0.0,0.0,A2B2C11,2.21
SrI2,0.096,-1.646,0,p-6m2,3.418,6.198,4.355,3.517,6.31,4.477,-3.216,-4.925,,-6.634,-9.569,0.0,0.0,AB2,3.203
PdNa2O6H6,0.004,-1.103,0,p-3,2.468,,4.355,2.468,,4.355,-2.896,-4.13,,-5.364,-73.669,0.0,0.0,AB2C6D6,0.86
Sr2Sb4O8,0.0,-1.927,0,p2_1/m11,3.237,,4.358,3.424,,4.559,-2.056,-3.674,,-5.293,-88.943,0.0,0.0,AB2C4,2.342
K2S2H2,0.042,-0.766,0,p4/nmm,3.359,,4.369,3.359,,4.369,-1.47,-3.149,,-4.829,-21.837,0.0,0.0,ABC,1.123
PdK2O6H6,0.0,-1.111,0,p-3,2.493,,4.384,2.495,,4.384,-2.747,-3.993,,-5.239,-73.617,0.0,0.0,AB2C6D6,0.887
Ag2Ca2Br6,0.001,-1.394,0,p-31m,3.109,,4.387,3.109,,4.387,-3.65,-5.205,,-6.759,-33.151,0.0,0.0,ABC3,2.822
Al8S12,0.022,-1.049,0,p2_1/b11,3.317,,4.387,3.443,,4.508,-3.046,-4.704,,-6.363,-99.812,0.0,0.0,A2B3,1.593
CdOFH,0.046,-1.505,0,p3m1,2.702,,4.389,2.702,,4.389,-3.682,-5.033,,-6.384,-16.981,0.0,0.0,ABCD,1.057
Cu2Cl2,0.0,-0.451,0,cmme,2.612,,4.391,2.612,,4.391,-3.197,-4.503,,-5.809,-12.728,0.0,0.0,AB,1.351
In2Al2O6,0.096,-2.21,0,pm2_1n,2.838,,4.392,2.912,,4.43,-4.658,-6.077,,-7.496,-65.852,0.0,0.0,ABC3,2.297
I4KGaO12,0.026,-0.526,0,p-1,2.984,,4.402,2.994,,4.405,-4.143,-5.635,,-7.127,-80.999,0.0,0.0,ABC4D12,2.038
Pb2As2Cl2O6,0.067,-1.187,0,p11a,3.017,,4.402,3.116,,4.543,-3.998,-5.507,,-7.015,-65.397,0.0,0.0,ABCD3,1.991
Cd2Br6Li2,0.039,-1.129,0,p-31m,3.286,,4.402,3.286,,4.402,-3.472,-5.115,,-6.759,-26.435,0.0,0.0,ABC3,2.606
PbNa2O6H6,0.0,-1.187,0,p-3,2.904,,4.41,2.911,,4.417,-3.006,-4.458,,-5.91,-74.863,0.0,0.0,AB2C6D6,0.86
Sr2Ag2Br6,0.015,-1.427,0,p-31m,3.123,,4.414,3.123,,4.414,-3.694,-5.255,,-6.817,-32.808,0.0,0.0,ABC3,2.769
C2H2,0.004,-0.134,0,p-3m1,3.46,6.416,4.421,3.46,6.416,4.421,-1.27,-3.0,,-4.73,-25.623,0.0,0.0,AB,2.165
MnBr2,0.033,-0.75,1,p-4m2,1.775,,4.424,1.879,,4.424,-4.254,-5.142,,-6.03,-15.136,-0.176,-0.176,AB2,2.269
Sn4Ca2Cl12,0.045,-1.44,0,p-1,3.519,,4.426,3.519,,4.426,-2.738,-4.498,,-6.258,-67.585,0.0,0.0,AB2C6,2.024
SbSe2O6H,0.0,-0.955,0,cm11,3.173,,4.431,3.314,,4.607,-2.971,-4.558,,-6.144,-54.994,0.0,0.0,ABC2D6,1.822
Sb4Li4O8,0.0,-1.681,0,pb2_1a,3.248,,4.432,3.486,,4.677,-2.201,-3.825,,-5.449,-93.08,0.0,0.0,ABC2,1.958
WAu2O4,0.192,-1.096,0,cm11,2.962,,4.436,2.992,,4.491,-3.681,-5.162,,-6.643,-45.916,0.0,0.0,AB2C4,1.478
Mn2Cl2F2,0.06,-1.657,1,p3m1,2.02,,4.436,2.02,,4.436,-3.87,-4.88,,-5.89,-36.122,0.014,0.013,ABC,2.629
Tl2As2O6,0.033,-1.031,0,p312,2.854,,4.438,3.055,,4.564,-2.169,-3.596,,-5.023,-55.379,0.0,0.0,ABC3,1.785
I2Mg,0.04,-1.042,0,p-4m2,3.456,,4.438,3.458,,4.44,-2.812,-4.54,,-6.268,-7.701,0.0,0.0,AB2,1.462
Tl2Cl2,0.062,-0.963,0,pmmn,3.493,,4.44,3.523,,4.511,-2.292,-4.039,,-5.785,-12.416,0.0,0.0,AB,1.869
Ta2K2Cl12,0.0,-1.584,0,p2_111,2.886,,4.44,2.894,,4.447,-5.013,-6.456,,-7.899,-68.84,0.0,0.0,ABC6,1.719
Sb2O3,0.029,-1.333,0,cm11,3.436,,4.44,3.848,,4.897,-1.806,-3.524,,-5.242,-30.85,0.0,0.0,A2B3,2.368
Cd2Br2Cl2,0.022,-0.988,0,pm2_1b,3.226,,4.446,3.226,,4.446,-4.188,-5.801,,-7.414,-14.52,0.0,0.0,ABC,2.497
Zn2Ge2O6,0.119,-1.491,0,p-31m,2.745,,4.446,2.81,,4.531,-3.738,-5.111,,-6.483,-57.059,0.0,0.0,ABC3,1.54
Ni2As4Cl4O6,0.075,-0.928,1,p-1,1.208,,4.449,1.225,,4.449,-4.966,-5.57,,-6.174,-85.879,-0.419,-0.15,AB2C2D3,1.797
Nb2Cl2O4,0.012,-2.322,0,p2_1/m11,2.754,,4.453,2.821,,4.535,-5.421,-6.798,,-8.174,-63.292,0.0,0.0,ABC2,2.69
Se2Al2Cl2,0.013,-1.16,0,p3m1,3.268,,4.455,3.268,,4.455,-3.87,-5.504,,-7.138,-24.973,0.0,0.0,ABC,2.921
Na2O2H2,0.0,-1.365,0,p4/nmm,2.802,,4.458,2.802,,4.458,-1.34,-2.742,,-4.143,-27.7,0.0,0.0,ABC,0.603
Ge2Cl2O3,0.064,-1.329,0,cm11,3.006,,4.462,3.006,,4.462,-4.801,-6.304,,-7.807,-37.28,0.0,0.0,A2B2C3,2.94
Sr2Sn4Cl12,0.022,-1.491,0,p-1,3.575,,4.466,3.577,,4.466,-2.706,-4.494,,-6.281,-67.835,0.0,0.0,AB2C6,2.004
Sb4Li4O8,0.003,-1.678,0,p2_1/b11,3.297,,4.47,3.523,,4.749,-2.155,-3.804,,-5.452,-93.029,0.0,0.0,ABC2,1.949
V4O10,0.0,-2.277,0,pmmn,2.062,,4.472,2.339,,4.746,-6.722,-7.753,,-8.784,-117.223,0.0,0.0,A2B5,1.331
Tl4F4,0.017,-1.807,0,p2_1/m11,3.362,,4.474,3.545,,4.645,-2.204,-3.885,,-5.566,-30.79,0.0,0.0,AB,2.502
ZrNiCl6,0.003,-1.386,1,p312,1.598,,4.484,1.598,,4.539,-5.509,-6.308,,-7.107,-36.451,-0.035,-0.032,ABC6,2.869
I2Na2,0.042,-1.254,0,p4/nmm,3.592,,4.486,3.592,,4.486,-2.267,-4.063,,-5.859,-10.588,0.0,0.0,AB,2.481
NiClF,0.063,-1.129,1,p3m1,1.223,,4.493,1.311,,4.826,-5.653,-6.265,,-6.877,-14.007,-0.035,-0.039,ABC,1.469
Y2S2Cl2,0.111,-2.137,0,p-3m1,3.328,,4.498,3.383,,4.604,-3.271,-4.935,,-6.599,-33.93,0.0,0.0,ABC,2.613
K2O2H2,0.013,-1.356,0,p4/nmm,2.867,,4.501,2.867,,4.501,-1.146,-2.58,,-4.013,-27.469,0.0,0.0,ABC,0.817
ZnBr2,0.0,-0.924,0,p-4m2,3.272,6.366,4.507,3.272,6.366,4.507,-3.622,-5.258,,-6.894,-7.124,0.0,0.0,AB2,2.324
I6Mg2Li2,0.053,-1.097,0,p-31m,3.565,,4.514,3.565,,4.514,-2.37,-4.153,,-5.935,-26.856,0.0,0.0,ABC3,2.903
Zn2Br2Cl2,0.011,-1.044,0,pmm2,3.279,,4.521,3.279,,4.521,-3.6,-5.24,,-6.879,-15.37,0.0,0.0,ABC,2.394
HfNiCl6,0.0,-1.395,1,p312,1.62,,4.523,1.62,,4.576,-5.488,-6.298,,-7.108,-36.627,-0.035,-0.032,ABC6,2.885
PbK2O6H6,0.005,-1.201,0,p-3,3.076,,4.535,3.087,,4.535,-2.801,-4.339,,-5.877,-74.903,0.0,0.0,AB2C6D6,0.878
Hg4Rb2S2Cl6O6,0.029,-1.123,0,pm2_1n,3.315,,4.545,3.39,,4.611,-4.345,-6.003,,-7.66,-77.435,0.0,0.0,ABC2D3E3,2.46
Mo2Te2Zn2O12,0.007,-1.621,0,p2_12_12,3.118,,4.549,3.161,,4.761,-4.854,-6.413,,-7.972,-121.855,0.0,0.0,ABCD6,2.818
Ta2W2O11,0.0,-2.539,0,p-3m1,2.748,,4.549,2.752,,4.554,-6.108,-7.482,,-8.856,-137.061,0.0,0.0,A2B2C11,2.293
MgS2H2,0.033,-0.656,0,p-3m1,3.508,,4.552,3.508,,4.552,-1.448,-3.202,,-4.956,-19.701,0.0,0.0,AB2C2,1.994
Si4S8,0.01,-0.661,0,p2_1/b11,3.428,,4.553,3.585,,4.715,-3.179,-4.893,,-6.607,-62.149,0.0,0.0,AB2,1.575
Li2N2O6H4,0.07,-1.024,0,p11a,2.637,,4.555,2.684,,4.616,-3.377,-4.695,,-6.014,-78.867,0.0,0.0,ABC2D3,1.233
Te5Sc2O13,0.044,-1.694,0,p1,3.167,,4.559,3.169,,4.564,-2.829,-4.413,,-5.997,-125.836,0.0,0.0,A2B5C13,1.46
Ba2Sb4O8,0.0,-1.9,0,p2_1/m11,3.414,,4.562,3.521,,4.692,-1.959,-3.666,,-5.373,-88.873,0.0,0.0,AB2C4,2.376
ZnBr2,0.08,-0.843,0,p-3m1,3.353,5.864,4.563,3.381,5.864,4.583,-3.587,-5.263,,-6.939,-6.883,0.0,0.0,AB2,2.966
I4KAlO12,0.031,-0.683,0,p-1,3.107,,4.572,3.107,,4.61,-3.996,-5.55,,-7.103,-84.661,0.0,0.0,ABC4D12,2.051
Ga2BrCl5,0.022,-1.038,0,cm11,3.333,,4.579,3.38,,4.624,-4.243,-5.91,,-7.577,-24.618,0.0,0.0,AB2C5,2.804
Co2F6,0.0,-1.89,0,p-31m,1.246,,4.58,1.289,,4.58,-6.657,-7.28,,-7.903,-41.101,0.0,0.0,AB3,2.376
Na2S2H2,0.004,-0.709,0,p4/nmm,3.56,,4.588,3.56,,4.588,-1.654,-3.434,,-5.214,-21.675,0.0,0.0,ABC,1.096
I2Na2S4H8,0.014,-0.445,0,c2/m11,3.615,,4.591,3.615,,4.591,-1.801,-3.609,,-5.416,-55.6,0.0,0.0,ABC2D4,1.043
I2K2,0.063,-1.456,0,p4/nmm,3.709,,4.592,3.709,,4.592,-1.742,-3.597,,-5.451,-11.221,0.0,0.0,AB,2.405
Cu2Br6Mg2,0.018,-1.023,0,p-31m,2.476,,4.596,2.476,,4.596,-3.196,-4.434,,-5.673,-30.326,0.0,0.0,ABC3,2.935
I2Na2O4H8,0.023,-1.121,0,p-1,3.591,,4.596,3.602,,4.608,-2.338,-4.133,,-5.929,-70.605,0.0,0.0,ABC2D4,1.156
Tl2Cl2,0.059,-0.965,0,c2/m11,3.629,,4.598,3.699,,4.698,-2.057,-3.872,,-5.687,-12.427,0.0,0.0,AB,2.0
Bi2As2O8,0.06,-1.247,0,p2_1/m11,3.07,,4.6,3.08,,4.6,-3.572,-5.107,,-6.642,-74.639,0.0,0.0,ABC4,1.459
Cd4Cl8,0.038,-1.079,0,pmmn,3.359,,4.606,3.359,,4.606,-4.742,-6.422,,-8.101,-30.942,0.0,0.0,AB2,3.244
Ba2I4,0.043,-1.794,0,pmmn,3.633,,4.607,3.678,,4.661,-2.565,-4.382,,-6.199,-20.335,0.0,0.0,AB2,2.995
Te4S2O14,0.026,-1.169,0,pm2_1n,3.194,,4.609,3.207,,4.647,-5.013,-6.61,,-8.207,-116.085,0.0,0.0,AB2C7,2.085
Mo2Te2Mg2O12,0.004,-1.951,0,p2_12_12,3.167,,4.611,3.257,,4.756,-4.837,-6.421,,-8.004,-128.662,0.0,0.0,ABCD6,2.797
Rb2I2,0.137,-1.397,0,p4/nmm,3.714,,4.613,3.714,,4.613,-1.842,-3.699,,-5.556,-10.364,0.0,0.0,AB,1.287
ZnBrCl,0.088,-0.967,0,p3m1,3.418,,4.615,3.418,,4.615,-3.518,-5.227,,-6.936,-7.455,0.0,0.0,ABC,2.972
Ca2Cl4O8,0.181,-0.861,0,p4/nbm,2.819,,4.623,2.864,,4.669,-2.114,-3.523,,-4.932,-64.215,0.0,0.0,AB2C4,1.528
Sb4O6,0.053,-1.308,0,p-4,3.414,,4.624,3.416,,4.627,-2.478,-4.185,,-5.892,-61.453,0.0,0.0,A2B3,0.976
I4Ca2,0.071,-1.595,0,pmmn,3.45,,4.652,3.528,,4.721,-2.793,-4.518,,-6.243,-19.508,0.0,0.0,AB2,3.048
PtLi2O6H6,0.042,-1.172,0,p-3,2.833,,4.67,2.837,,4.67,-1.662,-3.079,,-4.495,-78.4,0.0,0.0,AB2C6D6,0.949
PtNa2O6H6,0.0,-1.142,0,p-3,2.835,,4.674,2.838,,4.675,-1.775,-3.192,,-4.61,-76.794,0.0,0.0,AB2C6D6,0.884
Sb4O6,0.0,-1.362,0,pm2_1n,3.528,,4.675,3.576,,4.726,-1.808,-3.572,,-5.336,-61.988,0.0,0.0,A2B3,1.895
Pb2As2O6F2,0.059,-1.526,0,p11a,3.334,,4.677,3.342,,4.677,-3.951,-5.618,,-7.285,-69.075,0.0,0.0,ABCD3,1.891
I6Ca2Na2,0.059,-1.459,0,p-31m,3.782,,4.679,3.782,,4.679,-2.062,-3.953,,-5.844,-30.097,0.0,0.0,ABC3,2.551
PtK2O6H6,0.0,-1.152,0,p-3,2.843,,4.68,2.849,,4.681,-1.642,-3.064,,-4.485,-76.763,0.0,0.0,AB2C6D6,0.912
MnClF,0.088,-1.63,1,pmm2,2.261,,4.68,2.415,,4.68,-3.816,-4.946,,-6.076,-17.978,0.015,-0.044,ABC,1.085
Cu2Cl2C2O2,0.119,-0.613,0,pm2_1n,2.508,,4.689,2.769,,5.038,-3.252,-4.506,,-5.76,-44.514,0.0,0.0,ABCD,1.553
Se2Al2Cl2,0.009,-1.164,0,pm2_1n,3.662,,4.701,3.662,,4.701,-3.999,-5.83,,-7.662,-24.994,0.0,0.0,ABC,2.904
Mn2Cl2F2,0.075,-1.643,1,pm2_1n,2.012,,4.702,2.241,,4.702,-3.943,-4.949,,-5.955,-36.035,0.113,0.013,ABC,2.638
Ga4S4Cl4,0.0,-0.902,0,p2_1/b11,3.512,,4.705,3.546,,4.72,-4.194,-5.95,,-7.706,-45.894,0.0,0.0,ABC,1.633
Pb2Cl2F2,0.081,-1.786,0,pm2_1n,3.548,,4.706,3.572,,4.716,-3.422,-5.196,,-6.97,-24.977,0.0,0.0,ABC,2.516
Ga2S2F2,0.079,-1.493,0,pm2_1n,3.546,,4.706,3.546,,4.706,-5.066,-6.839,,-8.612,-26.094,0.0,0.0,ABC,1.665
Ba2I2Cl2,0.034,-2.19,0,p4/nmm,3.69,,4.709,3.693,,4.709,-2.695,-4.54,,-6.385,-23.322,0.0,0.0,ABC,2.532
I2Ca2H2,0.0,-1.154,0,p4/nmm,3.628,,4.709,3.628,,4.933,-2.654,-4.468,,-6.282,-20.554,0.0,0.0,ABC,2.35
Tl4F4,0.0,-1.824,0,pbma,3.571,,4.709,3.606,,4.807,-2.227,-4.013,,-5.798,-30.928,0.0,0.0,AB,2.598
Sr2I6Na2,0.055,-1.509,0,p-31m,3.815,,4.712,3.815,,4.712,-2.199,-4.106,,-6.014,-29.921,0.0,0.0,ABC3,2.523
Se4Br4Al4,0.0,-1.005,0,p2_1/b11,3.639,,4.724,3.639,,4.724,-3.3,-5.119,,-6.939,-47.281,0.0,0.0,ABC,1.668
I2Li2O4H8,0.0,-1.137,0,p-1,3.719,,4.725,3.747,,4.755,-2.384,-4.243,,-6.103,-72.029,0.0,0.0,ABC2D4,1.303
Sb4Na4O8,0.0,-1.561,0,p2_1/b11,3.522,,4.726,3.669,,4.903,-1.953,-3.714,,-5.475,-88.827,0.0,0.0,ABC2,1.898
Na2N2O6H4,0.066,-0.978,0,p11a,2.794,,4.733,2.873,,4.816,-2.563,-3.96,,-5.357,-77.059,0.0,0.0,ABC2D3,1.06
Tl2F6,0.005,-1.904,0,p-31m,3.046,,4.74,3.101,,4.836,-6.776,-8.299,,-9.822,-29.745,0.0,0.0,AB3,2.145
Mn2Br6Li2,0.04,-1.056,1,p-31m,2.03,,4.745,2.033,,4.81,-3.544,-4.559,,-5.574,-43.284,0.048,0.049,ABC3,2.579
Sb4Na4O8,0.0,-1.561,0,pb2_1a,3.541,,4.747,3.68,,4.919,-1.937,-3.708,,-5.478,-88.83,0.0,0.0,ABC2,1.85
Ga2O2F2,0.0,-2.229,0,pmmn,3.152,,4.755,3.152,,4.755,-5.175,-6.751,,-8.327,-32.605,0.0,0.0,ABC,3.03
Cs2I2F8,0.0,-1.978,0,p4/mbm,3.294,,4.762,3.294,,4.762,-4.18,-5.827,,-7.474,-41.057,0.0,0.0,ABC4,1.24
Sb4As2O12H2,0.024,-1.281,0,p2_111,3.522,,4.765,3.525,,4.768,-3.002,-4.763,,-6.523,-120.708,0.0,0.0,ABC2D6,1.395
Y2Br2O2,0.003,-2.995,0,p-3m1,3.492,,4.776,4.072,,5.218,-3.612,-5.358,,-7.104,-40.773,0.0,0.0,ABC,2.946
BaS2H2,0.015,-0.966,0,p-3m1,3.774,,4.778,3.774,,4.778,-1.436,-3.323,,-5.21,-21.465,0.0,0.0,AB2C2,2.041
Ba2Br2H2,0.041,-1.439,0,p4/nmm,3.677,,4.78,3.849,,4.947,-2.559,-4.397,,-6.236,-22.111,0.0,0.0,ABC,2.227
I2K2,0.134,-1.385,0,p4/nmm,3.885,,4.784,3.885,,4.784,-1.904,-3.847,,-5.789,-10.937,0.0,0.0,AB,1.336
W2Te2Zn2O12,0.032,-1.673,0,p2_12_12,3.405,,4.792,3.452,,4.95,-4.741,-6.443,,-8.146,-123.346,0.0,0.0,ABCD6,2.907
Sr2S6H8,0.004,-0.673,0,pm2_1b,3.721,,4.8,3.727,,4.8,-2.14,-4.001,,-5.861,-65.188,0.0,0.0,AB3C4,1.549
I2Ca,0.0,-1.666,0,p-3m1,3.537,6.92,4.812,4.111,7.189,5.274,-2.821,-4.589,,-6.358,-9.967,0.0,0.0,AB2,3.062
YCuCl4,0.03,-1.683,0,p-1,2.322,,4.813,2.433,,4.903,-3.692,-4.853,,-6.014,-25.609,0.0,0.0,ABC4,2.574
Sc2Br6,0.0,-1.779,0,p-31m,2.975,,4.822,3.117,,4.988,-4.172,-5.659,,-7.147,-33.061,0.0,0.0,AB3,2.713
Ba2Cl2H2,0.056,-1.574,0,p4/nmm,3.747,,4.823,3.801,,4.845,-2.363,-4.237,,-6.11,-23.317,0.0,0.0,ABC,2.189
Sr2Ge4Cl12,0.0,-1.371,0,p-1,3.829,,4.825,3.829,,4.825,-2.785,-4.699,,-6.613,-67.51,0.0,0.0,AB2C6,1.95
Cd4Cl8,0.039,-1.078,0,pbma,3.474,,4.827,3.474,,4.827,-4.411,-6.148,,-7.884,-30.93,0.0,0.0,AB2,2.54
Se2Al2Cl2,0.002,-1.171,0,pm2_1n,3.767,,4.835,3.767,,4.835,-3.846,-5.73,,-7.613,-25.039,0.0,0.0,ABC,1.865
MnCl2,0.0,-1.06,1,p-3m1,1.797,5.398,4.836,1.887,5.564,4.966,-4.501,-5.4,,-6.299,-16.467,-0.018,-0.018,AB2,2.987
As2Se2O10H2,0.023,-0.916,0,p2_111,3.224,,4.841,3.253,,4.95,-5.06,-6.672,,-8.284,-88.84,0.0,0.0,ABCD5,1.915
Mo2Zn2O8,0.054,-1.845,0,p112/a,2.915,,4.853,3.062,,4.948,-4.693,-6.151,,-7.608,-87.906,0.0,0.0,ABC4,2.059
Sb4K4O8,0.001,-1.564,0,p2_1/b11,3.569,,4.853,3.671,,4.897,-1.629,-3.414,,-5.198,-88.514,0.0,0.0,ABC2,1.684
Te2As2O10H2,0.0,-1.114,0,p2_111,3.389,,4.857,3.44,,4.89,-4.483,-6.178,,-7.872,-91.45,0.0,0.0,ABCD5,2.058
GeO2,0.152,-1.496,0,p-4m2,3.006,6.731,4.863,3.182,6.874,4.971,-5.388,-6.891,,-8.395,-19.252,0.0,0.0,AB2,2.663
W2Te2Mg2O12,0.028,-2.003,0,p2_12_12,3.464,,4.867,3.524,,4.982,-4.71,-6.442,,-8.174,-130.159,0.0,0.0,ABCD6,2.888
SiCH2,0.062,-0.148,0,p3m1,3.781,6.355,4.871,3.781,6.355,4.871,-1.598,-3.489,,-5.38,-21.859,0.0,0.0,ABC2,2.163
BaI2,0.021,-1.816,0,p-3m1,3.873,,4.874,4.082,,5.101,-2.668,-4.604,,-6.541,-10.232,0.0,0.0,AB2,2.945
I2Na2,0.085,-1.212,0,p4/nmm,3.961,,4.881,4.001,,4.922,-2.457,-4.437,,-6.418,-10.418,0.0,0.0,AB,1.761
Sr2I2H2,0.0,-1.207,0,p4/nmm,3.827,,4.888,3.891,,4.953,-2.505,-4.419,,-6.332,-20.198,0.0,0.0,ABC,2.337
K2O2H2,0.04,-1.329,0,p4/nmm,3.26,,4.89,3.26,,4.89,-1.355,-2.985,,-4.615,-27.31,0.0,0.0,ABC,1.014
Ag2Mg2Cl6,0.006,-1.302,0,p-31m,3.396,,4.903,3.396,,4.903,-3.475,-5.173,,-6.871,-32.645,0.0,0.0,ABC3,2.884
Ba2I2F2,0.001,-2.962,0,p4/nmm,3.9,,4.907,3.9,,4.907,-2.578,-4.528,,-6.478,-27.557,0.0,0.0,ABC,2.732
Ca2S6H8,0.034,-0.646,0,pm2_1b,3.591,,4.911,3.591,,4.911,-2.206,-4.001,,-5.797,-65.429,0.0,0.0,AB3C4,1.575
Cr3Se6,0.054,-0.432,0,p31m,0.478,,1.158,0.478,,1.162,-4.76,-4.999,,-5.238,-53.011,0.0,0.0,AB2,4.363
Te6Cr3,0.029,-0.185,1,p31m,0.0,,,0.0,,,,-5.042,,,-49.123,2.148,2.161,AB2,4.143
PdZnSe6P2,0.075,-0.208,1,p312,0.065,,0.796,0.126,,0.925,-4.804,-4.836,,-4.868,-38.706,0.484,0.486,ABC2D6,3.77
Fe3Se6,0.068,-0.292,0,p31m,0.312,,1.362,0.368,,1.436,-4.991,-5.147,,-5.303,-50.652,0.0,0.0,AB2,4.028
Te6Fe3,0.094,-0.1,0,p31m,0.083,,0.687,0.134,,0.949,-4.714,-4.755,,-4.797,-47.249,0.0,0.0,AB2,4.289
Mn3Cl6,0.039,-1.021,1,c211,1.91,,4.962,1.932,,4.971,-4.377,-5.332,,-6.287,-49.05,-0.118,-0.097,AB2,1.973
Ag2Cr2P4S12,0.0,-0.363,1,p2/b11,0.997,,2.715,1.012,,2.715,-5.043,-5.541,,-6.04,-102.151,-0.09,0.012,ABC2D6,2.01
I6Mn3,0.005,-0.415,1,c211,1.294,,3.839,1.319,,3.852,-4.338,-4.985,,-5.632,-41.753,-0.161,0.511,AB2,2.319
Nb3Te6,0.0,-0.46,0,c2/m11,0.0,,,0.0,,,,-4.711,,,-54.35,0.0,0.0,AB2,2.466
Pt3Bi6,0.102,-0.174,0,p31m,0.0,,,0.0,,,,-3.832,,,-48.672,0.0,0.0,AB2,2.194
Ta3Te6,0.015,-0.37,0,c2/m11,0.0,,,0.0,,,,-4.694,,,-52.012,0.0,0.0,AB2,2.497
Ag4Cl8,0.004,-0.36,0,p2/b11,0.168,,0.971,0.278,,1.043,-6.72,-6.804,,-6.888,-29.959,0.0,0.0,AB2,1.38
Ag4Cl8,0.08,-0.284,0,p11a,0.255,,0.778,0.318,,0.778,-7.257,-7.385,,-7.512,-29.047,0.0,0.0,AB2,2.446
Sb4As2O12H2,0.024,-1.281,0,p2_111,3.522,,4.765,3.525,,4.768,-3.002,-4.763,,-6.523,-120.708,0.0,0.0,ABC2D6,1.395
Ag4F8,0.017,-1.229,0,p2/b11,0.325,,1.637,0.325,,1.637,-6.978,-7.14,,-7.303,-38.801,0.0,0.0,AB2,1.023
Au4F8,0.014,-0.92,0,p2/b11,0.235,,1.286,0.424,,1.482,-6.736,-6.853,,-6.97,-36.258,0.0,0.0,AB2,1.214
Au4I8,0.034,-0.032,0,p2/b11,0.358,,0.88,0.394,,0.901,-5.204,-5.383,,-5.562,-24.731,0.0,0.0,AB2,1.58
Cd4Cl8,0.038,-1.079,0,pmmn,3.359,,4.606,3.359,,4.606,-4.742,-6.422,,-8.101,-30.942,0.0,0.0,AB2,3.244
Cd4Cl8,0.039,-1.078,0,pbma,3.474,,4.827,3.474,,4.827,-4.411,-6.148,,-7.884,-30.93,0.0,0.0,AB2,2.54
Cr2Cu2P4S12,0.0,-0.374,1,p2_111,1.078,,2.607,1.09,,2.607,-4.787,-5.326,,-5.865,-104.039,0.119,0.123,ABC2D6,2.01
Co4S8,0.071,-0.317,0,p-1,0.322,,0.618,0.383,,0.781,-5.61,-5.771,,-5.932,-69.34,0.0,0.0,AB2,3.685
Cu4F8,0.0,-1.606,1,pmma,0.383,,2.682,0.603,,2.703,-6.965,-7.157,,-7.348,-46.67,-0.258,-0.614,AB2,2.979
Ge4As8,0.006,-0.047,0,pm2_1b,1.186,,1.729,1.201,,1.751,-3.967,-4.56,,-5.153,-55.927,0.0,0.0,AB2,1.981
Ge4P8,0.002,0.002,0,pm2_1b,1.333,,2.044,1.336,,2.068,-4.289,-4.955,,-5.622,-60.954,0.0,0.0,AB2,1.997
Sb8Ge4,0.051,0.051,0,pm2_1b,0.942,,1.333,0.983,,1.393,-3.718,-4.189,,-4.66,-52.697,0.0,0.0,AB2,2.087
Hg4I8,0.0,-0.357,0,p-4m2,1.664,,2.49,1.664,,2.49,-4.501,-5.333,,-6.165,-19.648,0.0,0.0,AB2,1.329
As4P2O12H2,0.0,-1.531,0,p2_111,4.556,,5.999,4.556,,6.004,-2.452,-4.73,,-7.008,-128.137,0.0,0.0,ABC2D6,1.244
In4Cl8,0.059,-0.981,0,p-1,2.067,,2.881,2.123,,2.954,-4.846,-5.88,,-6.914,-37.107,0.0,0.0,AB2,2.384
As4P2S12H2,0.027,-0.125,0,p2_111,2.041,,3.042,2.044,,3.042,-3.882,-4.903,,-5.923,-87.473,0.0,0.0,ABC2D6,1.408
Ir4Bi8,0.036,-0.024,0,p-1,0.0,,,0.0,,,,-3.607,,,-74.787,0.0,0.0,AB2,2.257
Ir4S8,0.076,-0.381,0,p-1,0.692,,1.52,0.889,,1.695,-4.995,-5.342,,-5.688,-74.297,0.0,0.0,AB2,3.934
Sb4P2O12H2,0.0,-1.631,0,p2_111,4.217,,5.463,4.363,,5.611,-2.253,-4.362,,-6.47,-129.118,0.0,0.0,ABC2D6,1.393
Ir4Se8,0.036,-0.336,0,p-1,0.824,,1.568,0.913,,1.638,-4.41,-4.823,,-5.235,-68.996,0.0,0.0,AB2,3.988
Ir4Te8,0.066,-0.268,0,p-1,0.551,,0.898,0.591,,0.934,-4.174,-4.45,,-4.725,-65.956,0.0,0.0,AB2,4.013
Mg4Cl8,0.066,-1.821,0,pmmn,5.339,,6.753,5.358,,6.802,-3.158,-5.827,,-8.496,-42.606,0.0,0.0,AB2,3.261
Sb2As4O12H2,0.094,-1.151,0,p2_111,2.765,,4.011,2.772,,4.025,-4.148,-5.531,,-6.914,-118.622,0.0,0.0,ABC2D6,1.291
I8Mn4,0.035,-0.384,1,pmmn,0.828,,,0.828,,,-4.572,-4.986,,-5.4,-55.304,3.377,0.136,AB2,3.106
Na4O8,0.0,-0.793,1,p2_1/b11,0.0,,,0.0,,,,-4.522,,,-55.744,-0.077,-0.083,AB2,1.108
Au4V2Li2O12,0.059,-1.118,0,pm2_1n,0.525,,2.302,0.527,,2.354,-5.69,-5.952,,-6.214,-117.201,0.0,0.0,ABC2D6,1.168
Ni4Br8,0.098,-0.308,0,p2_1/b11,0.634,,2.174,0.636,,2.183,-5.086,-5.403,,-5.72,-45.366,0.0,0.0,AB2,1.383
I8Ni4,0.039,-0.091,0,p2_1/b11,0.633,,1.905,0.641,,1.965,-4.684,-5.001,,-5.317,-41.909,0.0,0.0,AB2,1.643
Re2RhCoS8,0.074,-0.43,0,p1,0.29,,0.73,0.345,,0.778,-4.942,-5.087,,-5.232,-76.482,0.0,0.0,ABC2D8,3.878
Pd4Br8,0.0,-0.375,0,p2_1/b11,1.148,,2.37,1.204,,2.468,-5.085,-5.659,,-6.233,-32.453,0.0,0.0,AB2,1.322
Pd4I8,0.0,-0.254,0,p2_1/b11,1.069,,2.017,1.104,,2.061,-4.722,-5.257,,-5.792,-30.155,0.0,0.0,AB2,1.561
Pt4Br8,0.0,-0.269,0,p2_1/b11,1.302,,2.538,1.303,,2.542,-4.435,-5.086,,-5.737,-41.316,0.0,0.0,AB2,1.336
Pt4I8,0.0,-0.168,0,p2_1/b11,1.225,,2.212,1.264,,2.274,-4.14,-4.752,,-5.364,-39.259,0.0,0.0,AB2,1.595
Re4O8,0.092,-1.434,0,p-1,1.304,,2.098,1.403,,2.244,-5.38,-6.032,,-6.684,-104.835,0.0,0.0,AB2,3.843
Re4S8,0.0,-0.593,0,p-1,1.272,,1.854,1.272,,1.854,-4.45,-5.086,,-5.722,-86.371,0.0,0.0,AB2,4.29
Re4S8,0.122,-0.471,0,p-1,0.977,,1.57,1.023,,1.591,-4.644,-5.133,,-5.621,-84.901,0.0,0.0,AB2,4.385
IrPd2NiCl8,0.071,-0.468,1,p2/m11,0.0,,,0.0,,,,-5.672,,,-44.065,0.256,0.075,ABC2D8,2.795
Re4Se8,0.0,-0.403,0,p-1,1.115,,1.621,1.116,,1.621,-3.929,-4.487,,-5.045,-79.325,0.0,0.0,AB2,4.402
Re4Te8,0.0,-0.092,0,p-1,0.817,,1.331,0.992,,1.515,-3.694,-4.103,,-4.512,-73.375,0.0,0.0,AB2,4.665
Bi8Rh4,0.023,-0.225,0,p-1,0.014,,0.01,0.091,,0.143,-3.74,-3.747,,-3.754,-68.678,0.0,0.0,AB2,2.176
Rh4S8,0.066,-0.379,0,p-1,0.597,,1.402,0.701,,1.498,-5.395,-5.694,,-5.992,-65.763,0.0,0.0,AB2,3.736
Ir2PdNiSe8,0.039,-0.285,0,p1,0.444,,1.033,0.453,,1.057,-4.708,-4.93,,-5.152,-60.895,0.0,0.0,ABC2D8,3.739
Rh4Se8,0.034,-0.404,0,p-1,0.583,,1.046,0.637,,1.105,-4.908,-5.199,,-5.49,-61.302,0.0,0.0,AB2,3.771
Ag8S4,0.002,-0.073,0,pbma,2.028,,2.973,2.028,,2.973,-3.726,-4.74,,-5.754,-39.913,0.0,0.0,AB2,2.45
PbSrS2O8,0.025,-1.827,0,cm11,3.675,,5.262,3.682,,5.285,-3.344,-5.181,,-7.019,-76.502,0.0,0.0,ABC2D8,3.454
ReIr2RhSe8,0.083,-0.313,0,p1,0.192,,0.504,0.318,,0.701,-4.529,-4.625,,-4.721,-68.98,0.0,0.0,ABC2D8,3.923
Hf2ZrTiBr8,0.001,-1.21,0,p1,0.624,,1.155,0.659,,1.227,-3.66,-3.972,,-4.284,-56.297,0.0,0.0,ABC2D8,3.695
Se4O8,0.023,-0.679,0,p2_1/b11,2.822,,3.98,2.822,,3.98,-4.268,-5.679,,-7.09,-63.076,0.0,0.0,AB2,1.487
As8Si4,0.003,-0.08,0,pm2_1b,1.422,,2.023,1.427,,2.023,-3.865,-4.576,,-5.287,-59.857,0.0,0.0,AB2,1.963
Si4P8,0.0,-0.129,0,pm2_1b,1.539,,2.298,1.539,,2.298,-4.207,-4.977,,-5.746,-66.056,0.0,0.0,AB2,1.989
Si4S8,0.01,-0.661,0,p2_1/b11,3.428,,4.553,3.585,,4.715,-3.179,-4.893,,-6.607,-62.149,0.0,0.0,AB2,1.575
Se8Si4,0.004,-0.446,0,p2_1/b11,2.64,,3.613,2.724,,3.647,-3.291,-4.611,,-5.931,-54.81,0.0,0.0,AB2,1.624
Se8Si4,0.064,-0.387,0,pm2_1b,1.023,,1.956,1.023,,1.956,-3.884,-4.395,,-4.907,-54.099,0.0,0.0,AB2,3.0
Te8Si4,0.0,-0.05,0,p2_1/b11,1.293,,1.94,1.31,,1.968,-3.71,-4.357,,-5.003,-47.837,0.0,0.0,AB2,1.719
Sn4As8,0.011,-0.03,0,pm2_1b,0.75,,1.229,0.867,,1.346,-4.253,-4.629,,-5.004,-53.884,0.0,0.0,AB2,2.046
Sn4Sb8,0.02,0.02,0,pm2_1b,0.735,,1.104,0.814,,1.232,-3.858,-4.225,,-4.593,-51.229,0.0,0.0,AB2,2.123
Te4O8,0.0,-1.087,0,p2_1/b11,2.667,,3.812,2.667,,3.812,-3.394,-4.728,,-6.061,-66.858,0.0,0.0,AB2,1.843
Ti4Se8,0.0,-1.131,0,p321,0.044,,0.036,0.067,,0.036,-5.352,-5.374,,-5.396,-68.197,0.0,0.0,AB2,3.85
V4O8,0.083,-2.239,0,c2/m11,0.304,,1.552,0.503,,1.639,-6.587,-6.739,,-6.892,-101.961,0.0,0.0,AB2,2.136
I8Zn4,0.0,-0.616,0,pm2_1b,2.392,,3.369,2.392,,3.369,-3.454,-4.65,,-5.846,-23.954,0.0,0.0,AB2,2.867
Ir5Te10,0.077,-0.256,0,c211,0.0,,,0.0,,,,-4.601,,,-82.27,0.0,0.0,AB2,2.215
Rh5Te10,0.073,-0.377,0,c211,0.0,,,0.0,,,,-4.701,,,-73.441,0.0,0.0,AB2,2.163
Ag6Br12,0.008,-0.234,0,p1,0.12,,0.429,0.146,,0.436,-6.209,-6.269,,-6.329,-40.261,0.0,0.0,AB2,2.561
Ag6I12,0.023,-0.157,0,p1,1.123,,1.956,1.164,,1.981,-4.691,-5.253,,-5.814,-37.6,0.0,0.0,AB2,2.422
As6O12,0.159,-0.976,1,p2_12_12,0.369,,1.241,0.586,,1.581,-6.633,-6.817,,-7.002,-107.041,-0.003,-0.007,AB2,1.322
Pb6I12,0.037,-0.655,0,c2/m11,1.255,,2.02,1.464,,2.257,-4.848,-5.475,,-6.102,-52.084,0.0,0.0,AB2,2.999
Cu12S6,0.068,-0.105,0,p1,0.627,,1.597,0.95,,1.987,-4.268,-4.582,,-4.895,-70.469,0.0,0.0,AB2,3.881
Tl12S6,0.064,-0.288,0,p1,1.11,,1.799,1.138,,1.823,-3.268,-3.823,,-4.378,-59.622,0.0,0.0,AB2,2.592
I16Be8,0.032,-0.563,0,pb2n,4.348,,,4.348,,,-1.685,-3.859,,-6.033,-66.785,0.0,0.0,AB2,2.546
Ag2Ca2Br6,0.001,-1.394,0,p-31m,3.109,,4.387,3.109,,4.387,-3.65,-5.205,,-6.759,-33.151,0.0,0.0,ABC3,2.822
Ag2Ca2Cl6,0.0,-1.634,0,p-31m,3.472,,4.978,3.472,,4.978,-3.532,-5.268,,-7.004,-36.755,0.0,0.0,ABC3,2.786
Ag2I6Ca2,0.016,-1.091,0,p-31m,2.641,,3.677,2.641,,3.677,-3.36,-4.68,,-6.001,-29.483,0.0,0.0,ABC3,3.147
Ag2Cd2Br6,0.0,-0.682,0,p-31m,2.24,,3.456,2.24,,3.456,-4.232,-5.352,,-6.472,-23.859,0.0,0.0,ABC3,2.933
Ag2Cd2Cl6,0.0,-0.852,0,p-31m,2.611,,4.056,2.611,,4.056,-4.187,-5.493,,-6.798,-26.769,0.0,0.0,ABC3,2.923
Ag2Cd2I6,0.028,-0.458,0,p-31m,1.834,,2.816,1.834,,2.816,-3.893,-4.81,,-5.727,-20.984,0.0,0.0,ABC3,3.265
BaAs2F12,0.0,-2.641,0,p-1,4.852,,7.286,4.852,,7.286,-5.724,-8.15,,-10.575,-69.812,0.0,0.0,AB2C12,2.535
BaBi2F12,0.0,-2.469,0,p-1,2.904,,4.979,2.912,,4.981,-7.638,-9.09,,-10.542,-67.248,0.0,0.0,AB2C12,2.671
BaP2F12,0.0,-3.007,0,p-1,7.041,,9.582,7.041,,9.582,-3.369,-6.889,,-10.41,-76.695,0.0,0.0,AB2C12,2.52
Ag2Cu2Br6,0.017,-0.316,0,c2/m11,0.0,,,0.0,,,,-6.276,,,-25.704,0.0,0.0,ABC3,2.936
BaSb2F12,0.0,-2.827,0,p-1,4.966,,7.344,4.966,,7.344,-5.693,-8.176,,-10.659,-72.091,0.0,0.0,AB2C12,2.66
Ag2Cu2Cl6,0.014,-0.467,1,c2/m11,0.0,,,0.0,,,,-6.501,,,-28.409,0.819,0.805,ABC3,2.834
Ag2I6Cu2,0.036,-0.149,0,p-31m,0.0,,,0.0,,,,-5.753,,,-23.396,0.0,0.0,ABC3,3.378
Ag2I6Ge2,0.021,-0.304,0,p-31m,2.064,,2.907,2.14,,3.142,-3.761,-4.793,,-5.825,-26.626,0.0,0.0,ABC3,3.259
Ag2Ge2S6,0.062,-0.188,0,pmma,0.0,,,0.0,,,,-5.351,,,-41.057,0.0,0.0,ABC3,1.394
Hg2Ag2Br6,0.017,-0.441,0,p-31m,1.419,,2.502,1.419,,2.502,-4.956,-5.665,,-6.375,-21.364,0.0,0.0,ABC3,2.899
Ag2Br6Mg2,0.011,-1.047,0,p-31m,2.989,,4.269,2.989,,4.269,-3.585,-5.079,,-6.574,-28.896,0.0,0.0,ABC3,2.896
Ag2Mg2Cl6,0.006,-1.302,0,p-31m,3.396,,4.903,3.396,,4.903,-3.475,-5.173,,-6.871,-32.645,0.0,0.0,ABC3,2.884
Ag2I6Mg2,0.02,-0.737,0,p-31m,2.621,,3.636,2.621,,3.636,-3.212,-4.522,,-5.832,-25.155,0.0,0.0,ABC3,3.223
MnAs2F12,0.0,-2.258,1,p-1,1.846,,4.161,1.862,,4.176,-6.254,-7.177,,-8.1,-71.959,-0.012,-0.017,AB2C12,2.072
Ag2Mn2Br6,0.006,-0.603,1,p-31m,1.74,,3.536,1.825,,3.536,-3.974,-4.844,,-5.714,-40.649,0.202,0.206,ABC3,2.959
Ag2Mn2Cl6,0.0,-0.814,1,p-31m,1.991,,3.95,2.121,,3.95,-3.828,-4.824,,-5.82,-43.963,0.167,0.166,ABC3,2.944
MnP2F12,0.0,-2.614,1,p-1,3.162,,6.441,3.165,,6.468,-5.045,-6.626,,-8.207,-78.697,-0.005,-0.008,AB2C12,2.073
Ag2I6Ni2,0.036,-0.149,1,p-31m,0.263,,2.047,0.401,,2.172,-4.746,-4.878,,-5.009,-30.537,-1.66,-1.661,ABC3,3.443
Sb2MnF12,0.0,-2.456,1,p-1,1.742,,4.06,1.756,,4.074,-6.229,-7.1,,-7.971,-74.403,-0.019,-0.031,AB2C12,2.185
Ag2P2O6,0.053,-1.462,0,p-1,2.568,,4.204,2.999,,4.737,-3.835,-5.12,,-6.404,-61.772,0.0,0.0,ABC3,1.748
Ag2Se6P2,0.005,-0.08,0,c2/m11,0.026,,,0.095,,,-5.553,-5.566,,-5.579,-38.108,0.0,0.0,ABC3,3.608
Pb2Ag2Br6,0.0,-0.723,0,p-31m,2.136,,3.204,2.344,,3.419,-4.463,-5.531,,-6.598,-29.93,0.0,0.0,ABC3,2.849
Pb2Ag2Cl6,0.0,-0.888,0,p-31m,2.439,,3.708,2.653,,3.93,-4.345,-5.564,,-6.784,-32.789,0.0,0.0,ABC3,2.806
Pb2Ag2I6,0.012,-0.511,0,p-31m,1.701,,2.613,1.701,,2.735,-4.378,-5.229,,-6.079,-27.176,0.0,0.0,ABC3,3.171
SrAs2F12,0.0,-2.614,0,p-1,4.689,,7.119,4.689,,7.119,-5.818,-8.162,,-10.507,-69.247,0.0,0.0,AB2C12,2.458
Ag2Sb2S6,0.065,-0.11,0,p-31m,0.518,,1.298,0.518,,1.298,-5.406,-5.665,,-5.924,-40.056,0.0,0.0,ABC3,3.635
Ag2Sb2Se6,0.068,-0.091,0,p-31m,0.093,,,0.093,,,-5.406,-5.453,,-5.499,-36.295,0.0,0.0,ABC3,3.643
SrP2F12,0.0,-2.982,0,p-1,6.876,,9.426,6.876,,9.426,-3.456,-6.894,,-10.332,-76.173,0.0,0.0,AB2C12,2.447
SrSb2F12,0.0,-2.799,0,p-1,4.846,,7.22,4.846,,7.22,-5.787,-8.21,,-10.633,-71.508,0.0,0.0,AB2C12,2.578
Ag2Sn2Br6,0.0,-0.622,0,p-31m,2.207,,3.095,2.467,,3.283,-4.005,-5.109,,-6.212,-29.522,0.0,0.0,ABC3,2.841
Sr2Ag2Br6,0.015,-1.427,0,p-31m,3.123,,4.414,3.123,,4.414,-3.694,-5.255,,-6.817,-32.808,0.0,0.0,ABC3,2.769
Sr2Ag2I6,0.019,-1.134,0,p-31m,2.677,,3.707,2.677,,3.707,-3.452,-4.79,,-6.128,-29.24,0.0,0.0,ABC3,3.082
Ag2Te2S6,0.135,0.103,0,p-31m,0.0,,,0.0,,,,-5.622,,,-35.523,0.0,0.0,ABC3,3.643
Ag2I6V2,0.03,-0.381,1,p-31m,1.286,,3.1,1.309,,3.131,-3.321,-3.964,,-4.607,-35.41,-0.316,-0.317,ABC3,3.393
As2Al2O6,0.0,-2.117,0,p-31m,4.596,,5.969,4.653,,5.995,-1.215,-3.514,,-5.812,-68.72,0.0,0.0,ABC3,3.304
As2Al2S6,0.087,-0.518,0,p31m,1.139,,1.783,1.392,,2.033,-4.379,-4.948,,-5.518,-46.454,0.0,0.0,ABC3,3.556
Al2S6B2,0.079,-0.672,0,p-31m,0.728,,1.703,0.803,,1.785,-5.571,-5.935,,-6.299,-52.075,0.0,0.0,ABC3,3.71
Ga2Al2S6,0.0,-0.874,0,pm2_1n,2.835,,3.811,2.924,,3.879,-3.92,-5.337,,-6.755,-46.488,0.0,0.0,ABC3,2.648
Ga2Se6Al2,0.012,-0.713,0,pm2_1n,1.97,,2.729,2.034,,2.808,-4.093,-5.078,,-6.063,-41.311,0.0,0.0,ABC3,2.705
Te2Co2As,0.019,-0.235,0,p-6m2,0.0,,,0.0,,,,-4.575,,,-28.706,0.0,0.0,AB2C2,3.103
Te6Ga2Al2,0.036,-0.355,0,pm2_1n,0.875,,1.391,0.93,,1.452,-4.325,-4.762,,-5.2,-36.063,0.0,0.0,ABC3,2.789
Ge2Se6Al2,0.007,-0.547,0,p-31m,1.645,,2.408,1.67,,2.445,-4.243,-5.065,,-5.888,-42.879,0.0,0.0,ABC3,2.041
Te6Ge2Al2,0.014,-0.25,0,p-31m,0.943,,1.476,0.943,,1.516,-4.098,-4.569,,-5.041,-38.239,0.0,0.0,ABC3,2.079
Ge2Al2S6,0.045,-0.65,0,p-31m,2.014,,2.909,2.343,,3.214,-4.091,-5.098,,-6.105,-47.474,0.0,0.0,ABC3,2.004
Hf2AsS2,0.045,-1.309,0,p-3m1,0.0,,,0.0,,,,-4.972,,,-34.378,0.0,0.0,AB2C2,3.152
In2Al2O6,0.096,-2.21,0,pm2_1n,2.838,,4.392,2.912,,4.43,-4.658,-6.077,,-7.496,-65.852,0.0,0.0,ABC3,2.297
In2Al2S6,0.054,-0.771,0,pm2_1n,2.372,,3.283,2.412,,3.336,-4.086,-5.272,,-6.458,-45.179,0.0,0.0,ABC3,2.655
In2Se6Al2,0.055,-0.648,0,pm2_1n,1.685,,2.424,1.685,,2.424,-4.3,-5.143,,-5.986,-40.379,0.0,0.0,ABC3,2.712
In2Te6Al2,0.06,-0.324,0,pm2_1n,0.744,,1.238,0.803,,1.287,-4.484,-4.856,,-5.228,-35.476,0.0,0.0,ABC3,2.795
Hf2AsSe2,0.016,-1.193,0,p-3m1,0.0,,,0.0,,,,-4.896,,,-32.604,0.0,0.0,AB2C2,3.21
Hf2Te2As,0.0,-0.912,0,p-3m1,0.0,,,0.0,,,,-4.705,,,-30.647,0.0,0.0,AB2C2,3.322
Ni2AsS2,0.086,-0.275,0,p-6m2,0.0,,,0.0,,,,-5.767,,,-28.687,0.0,0.0,AB2C2,2.593
Ni2AsSe2,0.002,-0.295,0,p-6m2,0.0,,,0.0,,,,-5.162,,,-27.597,0.0,0.0,AB2C2,2.662
Te2Ni2As,0.005,-0.257,0,p-6m2,0.0,,,0.0,,,,-4.52,,,-26.852,0.0,0.0,AB2C2,2.851
Pd2Te2As,0.08,-0.275,0,p-6m2,0.0,,,0.0,,,,-4.618,,,-20.087,0.0,0.0,AB2C2,2.867
Ti2AsS2,0.044,-1.117,0,p-3m1,0.0,,,0.0,,,,-5.331,,,-31.782,0.0,0.0,AB2C2,3.021
Zr2AsS2,0.041,-1.381,0,p-3m1,0.0,,,0.0,,,,-5.231,,,-34.528,0.0,0.0,AB2C2,3.116
Ti2AsSe2,0.023,-1.025,0,p-3m1,0.0,,,0.0,,,,-5.159,,,-30.135,0.0,0.0,AB2C2,3.087
Zr2AsSe2,0.012,-1.279,0,p-3m1,0.0,,,0.0,,,,-5.119,,,-32.828,0.0,0.0,AB2C2,3.183
Te2Ti2As,0.0,-0.803,0,p-3m1,0.0,,,0.0,,,,-4.854,,,-28.468,0.0,0.0,AB2C2,3.222
Zr2Te2As,0.0,-1.028,0,p-3m1,0.0,,,0.0,,,,-4.887,,,-31.02,0.0,0.0,AB2C2,3.311
AuAg2Se2,0.055,-0.048,0,p-3m1,0.0,,,0.0,,,,-5.292,,,-16.016,0.0,0.0,AB2C2,3.625
Al2Si2S6,0.039,-0.798,0,p-31m,2.67,,3.652,2.903,,3.824,-3.509,-4.844,,-6.179,-50.719,0.0,0.0,ABC3,2.012
Se6Al2Si2,0.002,-0.629,0,p-31m,2.144,,2.99,2.208,,3.044,-3.824,-4.896,,-5.968,-45.462,0.0,0.0,ABC3,2.045
Te6Al2Si2,0.002,-0.27,0,p-31m,1.115,,1.673,1.339,,1.926,-3.992,-4.549,,-5.106,-40.2,0.0,0.0,ABC3,2.094
Bi2As2O6,0.0,-1.266,0,p11a,2.835,,4.092,2.956,,4.221,-2.996,-4.413,,-5.831,-62.079,0.0,0.0,ABC3,1.898
Hf2Cl2B,0.0,-1.38,0,p-3m1,0.0,,,0.0,,,,-4.22,,,-32.186,0.0,0.0,AB2C2,5.347
Nb2Cl2B,0.009,-1.074,0,p-3m1,0.0,,,0.0,,,,-4.408,,,-36.3,0.0,0.0,AB2C2,5.597
Ta2Cl2B,0.0,-1.028,0,p-3m1,0.0,,,0.0,,,,-4.14,,,-35.048,0.0,0.0,AB2C2,5.631
Ti2Cl2B,0.0,-1.267,0,p-3m1,0.0,,,0.0,,,,-4.733,,,-29.989,0.0,0.0,AB2C2,5.119
Y2Cl2B,0.067,-1.371,0,p-3m1,0.0,,,0.0,,,,-4.878,,,-26.515,0.0,0.0,AB2C2,4.873
Zr2Cl2B,0.0,-1.434,0,p-3m1,0.0,,,0.0,,,,-4.51,,,-32.253,0.0,0.0,AB2C2,5.302
Co2As2Se6,0.033,-0.212,0,p-31m,0.166,,0.005,0.166,,0.008,-4.729,-4.812,,-4.895,-48.798,0.0,0.0,ABC3,3.73
Te6Co2As2,0.068,-0.105,0,p-31m,0.015,,,0.328,,,-4.415,-4.423,,-4.43,-46.058,0.0,0.0,ABC3,3.923
Cr2As2O6,0.006,-1.582,1,p-31m,1.295,,3.931,1.324,,3.931,-3.334,-3.981,,-4.629,-74.71,-0.026,-0.024,ABC3,3.25
Cr2As2S6,0.074,-0.387,1,p31m,0.798,,1.683,0.954,,1.983,-4.444,-4.843,,-5.242,-56.483,-0.1,-0.1,ABC3,3.595
Cr2As2Se6,0.025,-0.315,1,p31m,0.338,,0.85,0.63,,1.184,-4.547,-4.716,,-4.885,-52.193,0.145,0.145,ABC3,3.665
Hf2BF2,0.072,-2.155,0,p-3m1,0.0,,,0.0,,,,-3.785,,,-35.663,0.0,0.0,AB2C2,4.469
Te6Cr2As2,0.035,-0.101,1,p-31m,0.0,,,0.0,,,,-4.689,,,-48.381,2.331,2.33,ABC3,3.902
Ti2BF2,0.063,-2.112,0,p-3m1,0.0,,,0.0,,,,-4.763,,,-33.819,0.0,0.0,AB2C2,4.337
Y2BF2,0.141,-2.251,0,p-3m1,0.0,,,0.0,,,,-3.366,,,-30.514,0.0,0.0,AB2C2,3.832
Zr2BF2,0.016,-2.227,0,p-3m1,0.0,,,0.0,,,,-3.988,,,-35.82,0.0,0.0,AB2C2,4.397
Mo2Se2B,0.188,-0.455,0,p-3m1,0.0,,,0.0,,,,-4.757,,,-38.349,0.0,0.0,AB2C2,6.557
Nb2S2B,0.121,-0.932,0,p-3m1,0.0,,,0.0,,,,-5.714,,,-40.174,0.0,0.0,AB2C2,6.143
Nb2Se2B,0.055,-0.819,0,p-3m1,0.0,,,0.0,,,,-5.232,,,-38.417,0.0,0.0,AB2C2,6.291
Nb2Te2B,0.059,-0.547,0,c2/m11,0.0,,,0.0,,,,-4.569,,,-36.5,0.0,0.0,AB2C2,6.699
Ir2As2S6,0.04,-0.294,0,p-31m,0.251,,0.125,0.251,,0.125,-5.243,-5.368,,-5.494,-55.282,0.0,0.0,ABC3,3.713
Ir2As2Se6,0.005,-0.276,0,p-31m,0.28,,0.222,0.28,,0.222,-4.85,-4.99,,-5.13,-51.538,0.0,0.0,ABC3,3.758
Ta2S2B,0.037,-0.976,0,p-3m1,0.0,,,0.0,,,,-5.537,,,-39.372,0.0,0.0,AB2C2,6.225
Ir2Te6As2,0.045,-0.207,0,p-31m,0.336,,0.336,0.336,,0.336,-4.328,-4.496,,-4.664,-49.173,0.0,0.0,ABC3,3.942
As2Mg2S6,0.074,-0.576,0,p-31m,2.029,,3.081,2.029,,3.081,-4.633,-5.647,,-6.662,-42.786,0.0,0.0,ABC3,1.933
As2Se6Mg2,0.052,-0.512,0,p-31m,1.312,,2.135,1.312,,2.137,-4.738,-5.394,,-6.05,-38.576,0.0,0.0,ABC3,1.978
Ta2Se2B,0.005,-0.836,0,p-3m1,0.0,,,0.0,,,,-5.078,,,-37.481,0.0,0.0,AB2C2,6.354
V2Se2B,0.168,-0.59,0,p-3m1,0.0,,,0.0,,,,-5.119,,,-33.667,0.0,0.0,AB2C2,5.92
Ta2Te2B,0.047,-0.523,0,c2/m11,0.0,,,0.0,,,,-4.48,,,-35.362,0.0,0.0,AB2C2,6.737
BaO2H2,0.028,-1.814,0,p-3m1,3.659,,5.261,3.659,,5.285,-1.279,-3.108,,-4.938,-27.796,0.0,0.0,AB2C2,1.798
BaS2H2,0.015,-0.966,0,p-3m1,3.774,,4.778,3.774,,4.778,-1.436,-3.323,,-5.21,-21.465,0.0,0.0,AB2C2,2.041
BaSe2H2,0.03,-0.82,0,p-3m1,3.22,,4.158,3.22,,4.158,-1.786,-3.397,,-5.007,-19.543,0.0,0.0,AB2C2,2.142
BiNi2Se2,0.096,-0.188,0,p-6m2,0.0,,,0.0,,,,-5.202,,,-27.074,0.0,0.0,AB2C2,2.635
BiTe2Ni2,0.0,-0.176,0,p-6m2,0.0,,,0.0,,,,-4.751,,,-26.46,0.0,0.0,AB2C2,2.766
BiPd2Te2,0.049,-0.319,0,p-6m2,0.0,,,0.0,,,,-4.917,,,-20.318,0.0,0.0,AB2C2,2.707
Sc2Br2C,0.0,-1.327,0,p-3m1,0.663,,1.736,1.174,,2.262,-4.849,-5.181,,-5.512,-28.346,0.0,0.0,AB2C2,2.733
Hf2Cl2C,0.0,-1.466,0,p-3m1,0.0,,,0.0,,,,-3.859,,,-35.133,0.0,0.0,AB2C2,5.601
Rh2As2O6,0.089,-0.904,0,p-31m,0.857,,2.726,0.934,,2.77,-3.829,-4.258,,-4.686,-63.402,0.0,0.0,ABC3,3.334
Nb2Cl2C,0.0,-1.051,0,p-3m1,0.0,,,0.0,,,,-4.241,,,-38.698,0.0,0.0,AB2C2,5.761
Sc2Cl2C,0.0,-1.585,0,p-3m1,0.883,,1.907,1.178,,2.256,-5.069,-5.51,,-5.952,-30.033,0.0,0.0,AB2C2,2.683
Ta2Cl2C,0.032,-0.947,0,p-3m1,0.0,,,0.0,,,,-3.793,,,-37.156,0.0,0.0,AB2C2,5.778
Ti2Cl2C,0.0,-1.397,0,p-3m1,0.0,,,0.0,,,,-4.593,,,-33.154,0.0,0.0,AB2C2,5.127
V2Cl2C,0.023,-0.895,0,p-3m1,0.0,,,0.0,,,,-4.657,,,-34.311,0.0,0.0,AB2C2,5.241
Rh2As2Se6,0.028,-0.321,0,p-31m,0.127,,0.089,0.127,,0.089,-4.898,-4.962,,-5.025,-47.726,0.0,0.0,ABC3,3.694
Y2Cl2C,0.0,-1.587,0,p-3m1,0.961,,1.763,0.982,,1.806,-4.815,-5.295,,-5.775,-30.108,0.0,0.0,AB2C2,4.954
Zr2Cl2C,0.0,-1.548,0,p-3m1,0.0,,,0.0,,,,-4.253,,,-35.337,0.0,0.0,AB2C2,5.337
Rh2Te6As2,0.053,-0.264,0,p-31m,0.262,,0.201,0.262,,0.279,-4.319,-4.45,,-4.581,-45.493,0.0,0.0,ABC3,3.886
Sb2As2O6,0.0,-1.301,0,p11a,3.974,,5.103,4.041,,5.295,-2.051,-4.038,,-6.025,-61.894,0.0,0.0,ABC3,1.701
Sc2As2S6,0.091,-0.957,0,p31m,1.423,,2.05,1.512,,2.144,-4.311,-5.022,,-5.734,-52.68,0.0,0.0,ABC3,3.423
Hf2CF2,0.04,-2.26,0,p-3m1,0.0,,,0.0,,,,-3.63,,,-38.707,0.0,0.0,AB2C2,4.754
Sc2As2Se6,0.0,-0.851,0,p31m,0.839,,1.299,0.951,,1.451,-4.424,-4.843,,-5.263,-48.057,0.0,0.0,ABC3,3.534
Te6Sc2As2,0.077,-0.549,0,p31m,0.1,,0.332,0.35,,0.618,-4.499,-4.549,,-4.599,-43.362,0.0,0.0,ABC3,3.681
Sc2CF2,0.0,-2.541,0,p-3m1,1.02,,2.067,1.425,,2.547,-4.006,-4.516,,-5.026,-34.419,0.0,0.0,AB2C2,3.807
As2Si2S6,0.052,-0.408,0,p-1,2.181,,3.035,2.182,,3.086,-3.561,-4.651,,-5.742,-48.671,0.0,0.0,ABC3,2.916
Ti2CF2,0.0,-2.274,0,p-3m1,0.0,,,0.0,,,,-4.804,,,-37.143,0.0,0.0,AB2C2,4.525
V2CF2,0.079,-1.724,0,p-3m1,0.0,,,0.0,,,,-5.383,,,-38.059,0.0,0.0,AB2C2,4.581
As2Se6Si2,0.033,-0.276,0,p-1,1.79,,2.538,1.863,,2.665,-3.586,-4.48,,-5.375,-43.78,0.0,0.0,ABC3,2.987
Y2CF2,0.0,-2.497,0,p-3m1,1.117,,1.966,1.289,,2.162,-3.131,-3.69,,-4.248,-34.261,0.0,0.0,AB2C2,3.851
Zr2CF2,0.0,-2.363,0,p-3m1,0.0,,,0.0,,,,-3.906,,,-39.012,0.0,0.0,AB2C2,4.698
Hf2CH2,0.082,-0.588,0,p-3m1,0.0,,,0.0,,,,-3.426,,,-33.82,0.0,0.0,AB2C2,3.976
Sn2Te6As2,0.081,-0.039,0,p-3,0.455,,0.722,0.53,,0.813,-4.393,-4.62,,-4.848,-37.058,0.0,0.0,ABC3,3.652
Sc2CH2,0.071,-0.546,0,p-3m1,1.01,,2.009,1.16,,2.185,-4.068,-4.573,,-5.078,-27.917,0.0,0.0,AB2C2,3.091
Ti2CH2,0.053,-0.586,0,p-3m1,0.0,,,0.0,,,,-4.077,,,-32.176,0.0,0.0,AB2C2,3.597
Zr2CH2,0.095,-0.627,0,p-3m1,0.0,,,0.0,,,,-3.652,,,-33.807,0.0,0.0,AB2C2,3.88
Hf2CO2,0.168,-2.307,0,p-3m1,0.938,,1.681,2.036,,2.911,-4.41,-4.879,,-5.348,-46.017,0.0,0.0,AB2C2,4.979
Hf2Se2C,0.098,-1.076,0,p-3m1,0.0,,,0.0,,,,-5.696,,,-36.578,0.0,0.0,AB2C2,6.299
Hf2Te2C,0.092,-0.771,0,p-3m1,0.0,,,0.0,,,,-4.534,,,-34.497,0.0,0.0,AB2C2,6.859
I2Sc2C,0.0,-0.931,0,p-3m1,0.0,,0.759,0.0,,2.191,,-4.512,,,-26.149,0.0,0.0,AB2C2,3.02
Zr2I2C,0.0,-0.933,0,p-3m1,0.0,,,0.0,,,,-3.722,,,-31.646,0.0,0.0,AB2C2,5.682
Tl2As2O6,0.033,-1.031,0,p312,2.854,,4.438,3.055,,4.564,-2.169,-3.596,,-5.023,-55.379,0.0,0.0,ABC3,1.785
Mo2Se2C,0.153,-0.333,0,p-3m1,0.0,,,0.0,,,,-4.811,,,-40.254,0.0,0.0,AB2C2,6.46
Nb2CO2,0.11,-1.728,0,p-3m1,0.0,,,0.0,,,,-5.76,,,-48.758,0.0,0.0,AB2C2,5.545
Nb2S2C,0.003,-0.946,0,p-3m1,0.0,,,0.0,,,,-5.635,,,-42.76,0.0,0.0,AB2C2,6.369
Nb2Se2C,0.0,-0.837,0,p-3m1,0.0,,,0.0,,,,-5.018,,,-41.021,0.0,0.0,AB2C2,6.545
Nb2Te2C,0.0,-0.558,0,p-3m1,0.0,,,0.0,,,,-4.431,,,-39.07,0.0,0.0,AB2C2,6.913
Ta2CO2,0.113,-1.766,0,p-3m1,0.0,,,0.0,,,,-5.522,,,-47.93,0.0,0.0,AB2C2,5.65
Ti2CO2,0.112,-2.061,0,p-3m1,0.325,,1.295,0.64,,1.991,-5.499,-5.662,,-5.824,-43.153,0.0,0.0,AB2C2,4.799
V2CO2,0.185,-1.437,0,p-3m1,0.0,,,0.0,,,,-6.645,,,-43.701,0.0,0.0,AB2C2,5.113
Zr2CO2,0.172,-2.288,0,p-3m1,0.95,,1.729,1.812,,2.873,-4.341,-4.817,,-5.292,-45.712,0.0,0.0,AB2C2,4.867
Ta2S2C,0.0,-0.975,0,p-3m1,0.0,,,0.0,,,,-5.405,,,-41.881,0.0,0.0,AB2C2,6.438
Ti2S2C,0.145,-1.06,0,p-3m1,0.0,,,0.0,,,,-6.168,,,-36.055,0.0,0.0,AB2C2,5.781
V2S2C,0.073,-0.739,0,p-3m1,0.0,,,0.0,,,,-5.564,,,-38.12,0.0,0.0,AB2C2,5.962
Au2Cd2I6,0.05,-0.367,0,p-31m,1.421,,2.278,1.421,,2.278,-4.11,-4.82,,-5.531,-20.655,0.0,0.0,ABC3,3.373
Zr2S2C,0.171,-1.219,0,p-3m1,0.0,,,0.0,,,,-6.239,,,-38.278,0.0,0.0,AB2C2,5.938
Ta2Se2C,0.0,-0.832,0,p-3m1,0.0,,,0.0,,,,-4.855,,,-39.977,0.0,0.0,AB2C2,6.601
Ti2Se2C,0.077,-0.94,0,p-3m1,0.0,,,0.0,,,,-5.422,,,-34.266,0.0,0.0,AB2C2,6.051
V2Se2C,0.0,-0.639,0,p-3m1,0.0,,,0.0,,,,-4.932,,,-36.426,0.0,0.0,AB2C2,6.138
Au2I6Ni2,0.045,-0.072,1,p-31m,0.098,,1.69,0.3,,1.877,-4.822,-4.871,,-4.919,-30.342,-3.807,-3.808,ABC3,3.578
Zr2Se2C,0.089,-1.081,0,p-3m1,0.0,,,0.0,,,,-5.748,,,-36.398,0.0,0.0,AB2C2,6.229
Ta2Te2C,0.0,-0.507,0,p-3m1,0.0,,,0.0,,,,-4.206,,,-37.799,0.0,0.0,AB2C2,6.942
Te2Ti2C,0.067,-0.678,0,c2/m11,0.0,,,0.0,,,,-4.399,,,-32.396,0.0,0.0,AB2C2,6.571
Te2V2C,0.035,-0.35,0,p-3m1,0.0,,,0.0,,,,-4.309,,,-34.428,0.0,0.0,AB2C2,6.497
Au2Pb2I6,0.041,-0.414,0,p-31m,1.256,,2.135,1.256,,2.135,-4.549,-5.177,,-5.805,-26.79,0.0,0.0,ABC3,3.265
Au2Sb2S6,0.092,-0.082,0,p-1,1.226,,2.046,1.382,,2.237,-4.807,-5.42,,-6.034,-40.362,0.0,0.0,ABC3,2.743
CaSe2H2,0.043,-0.771,0,p-3m1,3.177,,4.172,3.177,,4.172,-1.794,-3.382,,-4.971,-19.479,0.0,0.0,AB2C2,2.081
Bi2P2S6,0.084,-0.213,0,p1,0.655,,1.316,0.689,,1.35,-4.97,-5.297,,-5.625,-46.672,0.0,0.0,ABC3,3.32
CdS2H2,0.001,-0.374,0,c211,3.156,,4.206,3.156,,4.206,-3.253,-4.831,,-6.409,-17.601,0.0,0.0,AB2C2,2.242
Bi2Sb2O6,0.0,-1.312,0,p11a,2.73,,3.92,2.76,,3.963,-2.522,-3.887,,-5.252,-62.022,0.0,0.0,ABC3,1.998
Bi2Sb2Se6,0.092,-0.234,0,p31m,0.937,,1.474,0.938,,1.482,-4.551,-5.019,,-5.488,-41.396,0.0,0.0,ABC3,3.562
CuLi2O2,0.152,-1.215,1,c2/m11,0.323,,2.847,1.095,,3.518,-2.407,-2.569,,-2.73,-23.778,-0.171,-0.165,AB2C2,0.671
Cs2C2O6,0.0,-1.481,1,p2_1/m11,1.048,,2.664,1.1,,2.737,-5.427,-5.951,,-6.475,-65.659,-0.005,0.002,ABC3,1.372
Cs2C2O6,0.007,-1.473,1,p2_1/m11,1.065,,2.628,1.085,,2.693,-5.673,-6.206,,-6.738,-65.585,-0.007,0.0,ABC3,1.49
K2C2O6,0.032,-1.473,1,p2_1/m11,0.987,,2.692,1.04,,2.758,-5.937,-6.431,,-6.924,-66.353,-0.002,0.003,ABC3,1.266
Rb2C2O6,0.017,-1.469,1,p2_1/m11,1.017,,2.673,1.08,,2.747,-5.684,-6.192,,-6.701,-65.693,-0.002,0.003,ABC3,1.244
Ca2Cu2Cl6,0.022,-1.617,0,p-31m,2.718,,5.028,2.718,,5.028,-3.093,-4.452,,-5.811,-38.26,0.0,0.0,ABC3,2.872
I6Ca2Cu2,0.028,-1.038,0,p-31m,2.245,,4.14,2.336,,4.149,-3.298,-4.42,,-5.543,-30.626,0.0,0.0,ABC3,3.199
I6Ca2Na2,0.059,-1.459,0,p-31m,3.782,,4.679,3.782,,4.679,-2.062,-3.953,,-5.844,-30.097,0.0,0.0,ABC3,2.551
Cd2Cu2Br6,0.006,-0.657,0,p-31m,1.57,,3.601,1.57,,3.601,-4.134,-4.919,,-5.704,-25.285,0.0,0.0,ABC3,2.976
Cd2Cu2Cl6,0.004,-0.847,0,p-31m,1.645,,3.891,1.645,,3.891,-4.1,-4.923,,-5.745,-28.384,0.0,0.0,ABC3,2.99
Cd2I6Cu2,0.027,-0.418,0,p-31m,1.507,,3.151,1.507,,3.151,-3.841,-4.595,,-5.348,-22.254,0.0,0.0,ABC3,3.316
HgS2H2,0.0,-0.189,0,c211,2.352,,3.319,2.352,,3.319,-3.834,-5.011,,-6.187,-16.636,0.0,0.0,AB2C2,2.257
Cd2Br6Li2,0.039,-1.129,0,p-31m,3.286,,4.402,3.286,,4.402,-3.472,-5.115,,-6.759,-26.435,0.0,0.0,ABC3,2.606
Cd2Cl6Li2,0.035,-1.369,0,p-31m,4.108,,5.423,4.159,,5.486,-3.207,-5.261,,-7.315,-30.038,0.0,0.0,ABC3,2.543
Cd2I6Li2,0.069,-0.811,0,p-31m,2.482,,3.376,2.482,,3.386,-3.437,-4.678,,-5.919,-22.613,0.0,0.0,ABC3,2.988
Cd2P2S6,0.0,-0.416,0,p-31m,1.887,,2.921,2.315,,3.341,-4.319,-5.262,,-6.205,-41.216,0.0,0.0,ABC3,3.62
Cd2Se6P2,0.001,-0.315,0,p-31m,1.271,,2.15,1.508,,2.369,-4.34,-4.976,,-5.611,-36.636,0.0,0.0,ABC3,3.664
Cs2Cl2O6,0.06,-0.738,0,p2_1/m11,5.291,,6.616,5.399,,6.725,-0.793,-3.438,,-6.084,-43.36,0.0,0.0,ABC3,1.536
K2Cl2O6,0.066,-0.727,0,p2_1/m11,5.441,,7.004,5.46,,7.153,-1.084,-3.805,,-6.525,-44.023,0.0,0.0,ABC3,1.47
MgO2H2,0.009,-1.768,0,p-3m1,3.352,,5.028,3.352,,5.028,-1.212,-2.888,,-4.564,-27.354,0.0,0.0,AB2C2,1.4
MgS2H2,0.033,-0.656,0,p-3m1,3.508,,4.552,3.508,,4.552,-1.448,-3.202,,-4.956,-19.701,0.0,0.0,AB2C2,1.994
Se2MgH2,0.03,-0.475,0,p-3m1,2.75,,3.727,2.75,,3.727,-2.09,-3.465,,-4.84,-17.609,0.0,0.0,AB2C2,2.175
Rb2Cl2O6,0.062,-0.726,0,p2_1/m11,5.432,,6.795,5.5,,6.974,-0.875,-3.591,,-6.307,-43.391,0.0,0.0,ABC3,1.428
I2Se2Al2,0.007,-0.778,0,pm2_1n,1.905,,2.831,1.906,,2.831,-3.764,-4.717,,-5.669,-22.068,0.0,0.0,ABC,2.111
Nb2Co2Se6,0.016,-0.643,1,p2_1/m11,0.0,,,0.0,,,,-5.161,,,-64.441,1.194,0.446,ABC3,2.151
Nb2Te6Co2,0.038,-0.329,1,p2_1/m11,0.0,,,0.0,,,,-4.667,,,-59.634,-1.163,-1.131,ABC3,2.341
Co2P2S6,0.073,-0.247,1,p-31m,0.006,,,0.058,,,-4.759,-4.762,,-4.765,-54.126,0.125,0.127,ABC3,2.157
Sc2Br2N,0.0,-1.752,0,p-3m1,0.0,,,0.0,,,,-4.187,,,-29.599,0.0,0.0,AB2C2,2.837
I2Se2Al2,0.061,-0.725,0,pmmn,1.493,,2.239,1.493,,2.239,-4.159,-4.906,,-5.652,-21.748,0.0,0.0,ABC,3.818
Ti2Br2N,0.0,-1.387,0,p-3m1,0.0,,,0.0,,,,-4.099,,,-31.839,0.0,0.0,AB2C2,5.122
Sb2Co2O6,0.051,-1.179,0,p-31m,0.932,,3.643,0.932,,3.707,-3.211,-3.677,,-4.143,-67.807,0.0,0.0,ABC3,3.495
Sb2Co2Se6,0.076,-0.211,0,p-31m,0.235,,0.022,0.235,,0.022,-4.694,-4.811,,-4.929,-48.273,0.0,0.0,ABC3,3.799
Hf2Cl2N,0.0,-1.606,0,p-3m1,0.0,,,0.0,,,,-3.452,,,-34.964,0.0,0.0,AB2C2,5.625
Sb2Te6Co2,0.09,-0.093,0,p-31m,0.133,,,0.406,,,-4.388,-4.455,,-4.522,-45.433,0.0,0.0,ABC3,3.961
Ta2Co2S6,0.038,-0.827,1,p2_1/m11,0.0,,,0.0,,,,-5.499,,,-68.83,0.372,-0.498,ABC3,2.053
Ta2Co2Se6,0.012,-0.64,1,p2_1/m11,0.0,,,0.0,,,,-5.094,,,-63.39,1.547,0.2,ABC3,2.158
Ta2Te6Co2,0.036,-0.294,1,p2_1/m11,0.0,,,0.0,,,,-4.593,,,-58.26,0.598,-2.11,ABC3,2.326
Sc2Cl2N,0.0,-2.028,0,p-3m1,0.0,,,0.0,,,,-4.426,,,-31.38,0.0,0.0,AB2C2,2.812
Te2I2Al2,0.101,-0.468,0,pmmn,0.389,,0.87,0.69,,1.162,-4.43,-4.624,,-4.819,-19.651,0.0,0.0,ABC,3.731
Cr2Ge2S6,0.034,-0.491,1,p-31m,0.775,,2.227,0.96,,2.286,-5.003,-5.391,,-5.778,-57.23,0.027,0.029,ABC3,2.039
Cr2Ge2Se6,0.0,-0.421,1,p-31m,0.703,,1.736,1.126,,2.228,-4.765,-5.116,,-5.468,-52.958,-0.009,-0.009,ABC3,2.083
Y2Cl2N,0.0,-2.026,0,p-3m1,0.0,,,0.0,,,,-4.293,,,-31.435,0.0,0.0,AB2C2,5.26
Te6Cr2Ge2,0.002,-0.184,1,p-31m,0.125,,0.874,0.817,,1.474,-4.57,-4.633,,-4.695,-48.919,0.463,0.463,ABC3,2.144
Zr2Cl2N,0.0,-1.772,0,p-3m1,0.0,,,0.0,,,,-3.923,,,-35.589,0.0,0.0,AB2C2,5.405
Cr2NF2,0.156,-1.504,1,p-3m1,0.0,,,0.0,,,,-5.301,,,-37.863,-0.118,-0.119,AB2C2,4.386
Cr2P2S6,0.05,-0.43,1,p31m,0.622,,1.234,0.763,,1.609,-4.553,-4.864,,-5.176,-58.311,-0.107,-0.107,ABC3,3.629
Cr2Se6P2,0.013,-0.312,1,p31m,0.431,,0.824,0.634,,1.297,-4.344,-4.56,,-4.775,-53.563,0.115,0.116,ABC3,3.681
Sb2Cr2O6,0.0,-1.665,1,p-31m,1.345,,3.832,1.345,,3.833,-2.609,-3.282,,-3.954,-75.022,-0.01,-0.007,ABC3,3.367
Sb2Cr2Se6,0.093,-0.334,1,p31m,0.529,,1.123,0.653,,1.292,-4.238,-4.502,,-4.767,-51.868,0.178,0.178,ABC3,3.756
Sb2Te6Cr2,0.083,-0.103,1,p31m,0.007,,0.248,0.355,,0.62,-4.352,-4.356,,-4.359,-47.891,1.803,1.809,ABC3,3.883
Mn2NF2,0.144,-1.349,1,p-3m1,0.0,,,0.0,,,,-5.624,,,-37.704,-0.109,-0.109,AB2C2,4.244
Cr2Si2S6,0.047,-0.633,1,p-31m,1.022,,2.584,1.132,,2.628,-4.903,-5.414,,-5.925,-60.413,0.049,0.05,ABC3,2.049
Cr2Se6Si2,0.0,-0.499,1,p-31m,0.916,,1.945,1.227,,2.423,-4.605,-5.063,,-5.521,-55.503,-0.073,-0.072,ABC3,2.087
Sc2NF2,0.016,-2.984,0,p-3m1,0.0,,,0.0,,,,-3.768,,,-35.766,0.0,0.0,AB2C2,4.114
Te6Cr2Si2,0.002,-0.202,1,p-31m,0.272,,1.021,0.662,,1.335,-4.433,-4.569,,-4.704,-50.861,-0.099,-0.099,ABC3,2.144
Ti2NF2,0.0,-2.562,0,p-3m1,0.0,,,0.0,,,,-4.45,,,-37.714,0.0,0.0,AB2C2,4.571
Sn2Te6Cr2,0.078,-0.161,1,p-31m,0.086,,0.716,0.739,,1.284,-4.568,-4.611,,-4.654,-47.773,1.047,1.047,ABC3,2.139
Y2NF2,0.032,-2.919,0,p-3m1,0.0,,,0.0,,,,-3.065,,,-35.505,0.0,0.0,AB2C2,4.254
Zr2NF2,0.082,-2.592,0,p-3m1,0.0,,,0.0,,,,-3.54,,,-39.29,0.0,0.0,AB2C2,4.764
Cs2N2O6,0.0,-1.067,0,p2_1/m11,3.249,,5.324,3.249,,5.324,-2.341,-3.965,,-5.589,-59.784,0.0,0.0,ABC3,1.395
Fe2Cu2Cl6,0.184,-0.442,0,p-31m,0.856,,3.656,0.88,,3.656,-3.87,-4.298,,-4.726,-40.564,0.0,0.0,ABC3,3.216
I6Fe2Cu2,0.141,0.003,0,p-31m,0.754,,2.994,0.792,,3.033,-3.774,-4.151,,-4.527,-34.281,0.0,0.0,ABC3,3.621
Cu2Ge2S6,0.061,-0.251,0,pmma,0.0,,,0.0,,,,-5.23,,,-43.366,0.0,0.0,ABC3,1.321
Hg2Cu2Br6,0.015,-0.425,0,p-31m,0.737,,2.512,0.737,,2.512,-5.069,-5.438,,-5.806,-22.885,0.0,0.0,ABC3,2.933
Hg2Cu2Cl6,0.006,-0.569,0,p-31m,0.676,,2.677,0.676,,2.677,-5.203,-5.542,,-5.88,-25.524,0.0,0.0,ABC3,2.935
Hg2I6Cu2,0.048,-0.238,0,p-31m,0.658,,2.016,0.658,,2.016,-4.695,-5.024,,-5.353,-20.378,0.0,0.0,ABC3,3.279
Ti2NH2,0.077,-0.903,0,p-3m1,0.0,,,0.0,,,,-4.078,,,-32.894,0.0,0.0,AB2C2,3.837
Cu2Br6Mg2,0.018,-1.023,0,p-31m,2.476,,4.596,2.476,,4.596,-3.196,-4.434,,-5.673,-30.326,0.0,0.0,ABC3,2.935
I6Cu2Mg2,0.021,-0.695,0,p-31m,2.339,,4.018,2.513,,4.246,-3.061,-4.23,,-5.399,-26.407,0.0,0.0,ABC3,3.265
I6Mn2Cu2,0.014,-0.304,1,p-31m,0.947,,3.52,1.168,,3.783,-4.159,-4.632,,-5.106,-38.693,0.624,0.625,ABC3,3.369
Ni2Cu2Br6,0.007,-0.359,1,p-31m,0.478,,3.043,0.647,,3.154,-4.94,-5.179,,-5.418,-34.943,-0.296,-0.292,ABC3,3.078
Hf2S2N,0.056,-1.576,0,p-3m1,0.0,,,0.0,,,,-5.609,,,-39.402,0.0,0.0,AB2C2,6.185
Hf2Se2N,0.098,-1.388,0,p-3m1,0.0,,,0.0,,,,-5.278,,,-37.269,0.0,0.0,AB2C2,6.347
Ni2Cu2Cl6,0.001,-0.563,1,p-31m,0.614,,3.542,0.792,,3.634,-5.031,-5.339,,-5.646,-38.191,-0.116,-0.111,ABC3,3.089
I6Ni2Cu2,0.011,-0.133,0,p-31m,0.0,,,0.0,,,,-4.942,,,-32.047,0.0,0.0,ABC3,3.504
Mn2NO2,0.12,-1.005,1,p-3m1,0.0,,,0.0,,,,-6.523,,,-43.058,-0.452,-0.453,AB2C2,4.926
Mn2S2N,0.051,-0.357,1,p-3m1,0.0,,,0.0,,,,-5.15,,,-37.727,0.291,0.291,AB2C2,5.6
Pb2Cu2Br6,0.01,-0.691,0,p-31m,1.283,,3.395,1.283,,3.423,-4.512,-5.154,,-5.795,-31.286,0.0,0.0,ABC3,2.902
Pb2Cu2Cl6,0.011,-0.876,0,p-31m,1.34,,3.567,1.343,,3.631,-4.463,-5.133,,-5.803,-34.343,0.0,0.0,ABC3,2.892
Pb2I6Cu2,0.021,-0.461,0,c2/m11,1.456,,3.085,1.478,,3.215,-4.189,-4.917,,-5.645,-28.347,0.0,0.0,ABC3,3.126
Pd2Cu2Br6,0.077,-0.276,1,p-31m,0.0,,1.286,0.0,,1.517,,-5.325,,,-27.259,-0.855,-0.861,ABC3,3.062
Nb2S2N,0.059,-1.119,0,p-3m1,0.0,,,0.0,,,,-5.433,,,-42.755,0.0,0.0,AB2C2,6.315
Nb2Se2N,0.042,-0.973,0,p-3m1,0.0,,,0.0,,,,-4.794,,,-40.835,0.0,0.0,AB2C2,6.486
Nb2Te2N,0.076,-0.687,0,p-3m1,0.0,,,0.0,,,,-4.095,,,-38.851,0.0,0.0,AB2C2,6.919
Pd2I6Cu2,0.088,-0.131,1,p-31m,0.0,,,0.0,,,,-4.959,,,-25.17,-11.799,-11.887,ABC3,3.485
Sb2Cu2S6,0.048,-0.179,0,p-31m,0.273,,1.358,0.273,,1.363,-5.482,-5.618,,-5.754,-42.426,0.0,0.0,ABC3,3.658
Ta2S2N,0.067,-1.08,0,p-3m1,0.0,,,0.0,,,,-5.117,,,-41.541,0.0,0.0,AB2C2,6.359
Ti2S2N,0.019,-1.437,0,p-3m1,0.0,,,0.0,,,,-5.79,,,-37.071,0.0,0.0,AB2C2,5.888
V2S2N,0.047,-0.942,0,p-3m1,0.0,,,0.0,,,,-5.373,,,-38.268,0.0,0.0,AB2C2,5.947
Te2Cu2S6,0.114,0.029,0,p-31m,0.0,,,0.0,,,,-5.684,,,-37.939,0.0,0.0,ABC3,3.655
Zr2S2N,0.062,-1.6,0,p-3m1,0.0,,,0.0,,,,-5.795,,,-39.314,0.0,0.0,AB2C2,6.114
Ta2Se2N,0.092,-0.9,0,p-3m1,0.0,,,0.0,,,,-4.607,,,-39.452,0.0,0.0,AB2C2,6.48
Ti2Se2N,0.0,-1.29,0,p-3m1,0.0,,,0.0,,,,-5.299,,,-35.148,0.0,0.0,AB2C2,6.102
V2Se2N,0.048,-0.836,0,p-3m1,0.0,,,0.0,,,,-4.693,,,-36.547,0.0,0.0,AB2C2,6.15
Nb2Fe2Se6,0.02,-0.625,1,p2_1/m11,0.0,,,0.0,,,,-5.214,,,-65.878,0.066,-1.162,ABC3,2.188
Nb2Te6Fe2,0.018,-0.321,1,p2_1/m11,0.0,,,0.0,,,,-4.775,,,-61.171,1.336,-2.002,ABC3,2.417
Zr2Se2N,0.094,-1.437,0,p-3m1,0.0,,,0.0,,,,-5.47,,,-37.308,0.0,0.0,AB2C2,6.302
Fe2Se6P2,0.147,-0.121,1,p-31m,0.0,,,0.0,,,,-4.956,,,-50.919,-1.406,-1.406,ABC3,2.117
Te2Ti2N,0.0,-1.003,0,p-3m1,0.0,,,0.0,,,,-4.364,,,-33.158,0.0,0.0,AB2C2,6.601
Ta2Fe2Se6,0.02,-0.613,1,p2_1/m11,0.0,,,0.0,,,,-5.173,,,-64.743,-0.998,-2.706,ABC3,2.194
Ta2Te6Fe2,0.024,-0.276,1,p2_1/m11,0.0,,,0.0,,,,-4.698,,,-59.706,1.545,-2.25,ABC3,2.421
Ga2Ge2S6,0.082,-0.409,0,p-31m,1.551,,2.331,1.833,,2.658,-4.608,-5.384,,-6.159,-43.4,0.0,0.0,ABC3,1.995
Ga2Ge2Se6,0.056,-0.367,0,p-31m,1.009,,1.629,1.009,,1.629,-4.722,-5.227,,-5.731,-39.403,0.0,0.0,ABC3,2.026
Te6Ga2Ge2,0.074,-0.132,0,p-31m,0.338,,0.743,0.338,,0.75,-4.523,-4.692,,-4.861,-35.385,0.0,0.0,ABC3,2.068
In2Ga2O6,0.056,-1.66,0,pm2_1n,2.183,,3.665,2.245,,3.669,-5.348,-6.44,,-7.531,-58.675,0.0,0.0,ABC3,2.284
In2Ga2S6,0.003,-0.638,0,pm2_1n,1.981,,2.831,2.003,,2.866,-4.822,-5.813,,-6.803,-42.183,0.0,0.0,ABC3,2.686
NiO2H2,0.038,-0.844,1,p-3m1,1.078,,3.272,1.078,,3.272,-1.447,-1.986,,-2.525,-28.364,0.011,0.006,AB2C2,1.511
Sb2Ga2O6,0.0,-1.612,0,p-31m,3.759,,4.973,3.759,,4.985,-1.76,-3.639,,-5.519,-61.48,0.0,0.0,ABC3,3.326
Ga2Se6Si2,0.062,-0.448,0,p-31m,1.36,,2.028,1.368,,2.035,-4.483,-5.163,,-5.843,-41.985,0.0,0.0,ABC3,2.026
Te6Ga2Si2,0.035,-0.153,0,p-31m,0.317,,0.726,0.489,,0.916,-4.603,-4.761,,-4.92,-37.36,0.0,0.0,ABC3,2.065
Tl2Ga2O6,0.08,-1.188,0,pm2_1n,1.047,,2.03,1.047,,2.03,-6.363,-6.887,,-7.41,-53.428,0.0,0.0,ABC3,2.317
In2Ge2S6,0.004,-0.445,0,p-31m,1.641,,2.429,1.909,,2.767,-4.723,-5.543,,-6.363,-43.472,0.0,0.0,ABC3,2.039
In2Ge2Se6,0.0,-0.419,0,p-31m,1.202,,1.879,1.202,,1.879,-4.693,-5.294,,-5.895,-39.641,0.0,0.0,ABC3,2.061
Zn2Cl2O,0.044,-1.243,0,p-4m2,2.442,,3.793,2.442,,3.868,-5.104,-6.326,,-7.547,-17.277,0.0,0.0,AB2C2,3.468
In2Te6Ge2,0.005,-0.194,0,p-31m,0.65,,1.149,0.65,,1.149,-4.366,-4.691,,-5.015,-35.723,0.0,0.0,ABC3,2.101
Ge2P2S6,0.028,-0.241,0,p-31m,1.406,,2.096,1.697,,2.528,-4.362,-5.065,,-5.768,-46.636,0.0,0.0,ABC3,3.481
Te6Ge2P2,0.067,0.029,0,p-3,0.819,,1.249,1.038,,1.5,-4.091,-4.5,,-4.91,-38.695,0.0,0.0,ABC3,3.679
Sb2Te6Ge2,0.003,-0.097,0,p-31m,0.536,,0.941,0.865,,1.352,-4.43,-4.698,,-4.966,-38.039,0.0,0.0,ABC3,3.714
Te2Co2P,0.075,-0.298,0,p-6m2,0.0,,,0.0,,,,-4.483,,,-29.722,0.0,0.0,AB2C2,3.268
Hf2PS2,0.027,-1.448,0,p-3m1,0.0,,,0.0,,,,-5.249,,,-35.775,0.0,0.0,AB2C2,3.164
Hf2Se2P,0.003,-1.326,0,p-3m1,0.0,,,0.0,,,,-5.081,,,-33.974,0.0,0.0,AB2C2,3.228
Hf2Te2P,0.0,-1.039,0,p-3m1,0.0,,,0.0,,,,-4.814,,,-31.98,0.0,0.0,AB2C2,3.359
Ni2PS2,0.076,-0.321,0,p-6m2,0.0,,,0.0,,,,-5.738,,,-29.62,0.0,0.0,AB2C2,2.664
Ni2Se2P,0.011,-0.327,0,p-6m2,0.0,,,0.0,,,,-5.057,,,-28.458,0.0,0.0,AB2C2,2.758
Te2Ni2P,0.065,-0.262,0,p-6m2,0.0,,,0.0,,,,-4.349,,,-27.579,0.0,0.0,AB2C2,2.967
Zn2Ge2O6,0.119,-1.491,0,p-31m,2.745,,4.446,2.81,,4.531,-3.738,-5.111,,-6.483,-57.059,0.0,0.0,ABC3,1.54
Hf2Se6P2,0.196,-0.646,0,p-1,0.469,,1.099,0.724,,1.408,-4.637,-4.872,,-5.106,-53.101,0.0,0.0,ABC3,3.609
Ti2PS2,0.028,-1.236,0,p-3m1,0.0,,,0.0,,,,-5.581,,,-33.082,0.0,0.0,AB2C2,3.029
Zr2PS2,0.022,-1.501,0,p-3m1,0.0,,,0.0,,,,-5.481,,,-35.832,0.0,0.0,AB2C2,3.126
Ti2Se2P,0.006,-1.151,0,p-3m1,0.0,,,0.0,,,,-5.305,,,-31.466,0.0,0.0,AB2C2,3.101
Zr2Se2P,0.0,-1.396,0,p-3m1,0.0,,,0.0,,,,-5.285,,,-34.115,0.0,0.0,AB2C2,3.198
Te2Ti2P,0.0,-0.925,0,p-3m1,0.0,,,0.0,,,,-4.883,,,-29.779,0.0,0.0,AB2C2,3.257
Zr2Te2P,0.002,-1.141,0,p-3m1,0.0,,,0.0,,,,-4.971,,,-32.284,0.0,0.0,AB2C2,3.342
Hg2Br6Li2,0.065,-0.879,0,p-31m,2.19,,3.191,2.19,,3.191,-4.388,-5.483,,-6.578,-23.852,0.0,0.0,ABC3,2.626
Hg2Br6Na2,0.037,-0.923,0,p-31m,2.291,,3.358,2.291,,3.358,-4.544,-5.689,,-6.835,-23.127,0.0,0.0,ABC3,2.522
Hg2I6Na2,0.025,-0.707,0,p-31m,1.847,,2.716,1.847,,2.716,-4.177,-5.1,,-6.024,-20.328,0.0,0.0,ABC3,2.876
PdLi2H2,0.064,-0.402,0,p4/mmm,0.0,,,0.0,,,,-1.984,,,-16.257,0.0,0.0,AB2C2,0.965
PdNa2H2,0.044,-0.257,0,p4/mmm,0.0,,,0.0,,,,-1.726,,,-14.37,0.0,0.0,AB2C2,0.781
PtLi2H2,0.046,-0.48,0,p4/mmm,0.0,,,0.0,,,,-1.789,,,-19.185,0.0,0.0,AB2C2,1.012
PtNa2H2,0.046,-0.3,0,p4/mmm,0.0,,,0.0,,,,-1.708,,,-17.118,0.0,0.0,AB2C2,0.801
Hg2Sn2Se6,0.041,-0.273,0,p-31m,0.397,,0.953,0.397,,0.953,-5.094,-5.292,,-5.491,-33.513,0.0,0.0,ABC3,3.598
Te2As2S,0.02,-0.046,0,p-3m1,0.709,,1.149,0.962,,1.481,-4.229,-4.583,,-4.938,-20.046,0.0,0.0,AB2C2,4.658
In2P2S6,0.072,-0.318,0,p312,0.839,,1.395,0.861,,1.431,-4.629,-5.048,,-5.468,-43.908,0.0,0.0,ABC3,3.444
Bi2Se2S,0.0,-0.391,0,p-3m1,0.354,,0.857,0.636,,1.126,-5.65,-5.827,,-6.004,-22.346,0.0,0.0,AB2C2,4.707
Bi2Te2S,0.003,-0.289,0,p-3m1,0.158,,0.584,0.206,,0.702,-5.172,-5.251,,-5.33,-21.279,0.0,0.0,AB2C2,4.741
In2Sb2O6,0.025,-1.464,0,p-31m,3.123,,4.247,3.326,,4.477,-2.377,-3.939,,-5.5,-59.729,0.0,0.0,ABC3,3.328
Pb2Br2S,0.006,-0.8,0,p-3m1,1.111,,1.765,1.111,,1.765,-5.42,-5.976,,-6.532,-18.763,0.0,0.0,AB2C2,4.226
In2Si2S6,0.031,-0.593,0,p-31m,1.848,,2.659,2.071,,2.871,-4.535,-5.459,,-6.383,-46.724,0.0,0.0,ABC3,2.038
Y2SCl2,0.0,-2.101,0,p-3m1,0.0,,,0.0,,,,-3.84,,,-27.535,0.0,0.0,AB2C2,4.771
In2Se6Si2,0.0,-0.502,0,p-31m,1.41,,2.114,1.475,,2.18,-4.51,-5.215,,-5.921,-42.236,0.0,0.0,ABC3,2.058
Hg2I2S,0.035,-0.269,0,cm2m,2.264,,3.203,2.279,,3.203,-3.908,-5.04,,-6.173,-10.149,0.0,0.0,AB2C2,3.493
I2Mn2S,0.079,-0.368,1,p-3m1,0.037,,2.219,0.222,,2.503,-4.801,-4.819,,-4.838,-28.308,0.551,0.54,AB2C2,4.622
Pb2I2S,0.048,-0.594,0,p-6m2,0.929,,1.567,0.974,,1.585,-4.889,-5.353,,-5.817,-17.524,0.0,0.0,AB2C2,4.532
In2Te6Si2,0.005,-0.215,0,p-31m,0.682,,1.183,0.872,,1.393,-4.385,-4.726,,-5.067,-37.7,0.0,0.0,ABC3,2.08
Ta2Te2S,0.088,-0.533,0,p-3m1,0.388,,0.151,0.388,,0.151,-4.278,-4.472,,-4.666,-32.788,0.0,0.0,AB2C2,4.667
Ir2Sb2S6,0.098,-0.294,0,p-31m,0.275,,0.235,0.4,,0.235,-5.008,-5.146,,-5.283,-54.774,0.0,0.0,ABC3,3.798
Ir2Sb2Se6,0.058,-0.272,0,p-31m,0.292,,0.171,0.292,,0.171,-4.786,-4.932,,-5.078,-50.983,0.0,0.0,ABC3,3.842
Ir2Sb2Te6,0.061,-0.194,0,p-31m,0.325,,0.291,0.325,,0.291,-4.314,-4.477,,-4.639,-48.531,0.0,0.0,ABC3,3.995
SbTe2Co2,0.029,-0.175,0,p-6m2,0.0,,,0.0,,,,-4.771,,,-28.147,0.0,0.0,AB2C2,3.086
K2N2O6,0.008,-1.059,0,p2_1/m11,3.166,,5.261,3.166,,5.261,-2.907,-4.49,,-6.074,-60.475,0.0,0.0,ABC3,1.298
Br6Mg2Li2,0.041,-1.506,0,p-31m,4.541,,5.674,4.541,,5.674,-2.207,-4.478,,-6.748,-31.579,0.0,0.0,ABC3,2.509
Mg2Cl6Li2,0.034,-1.832,0,p-31m,5.719,,7.012,5.719,,7.012,-1.669,-4.529,,-7.388,-36.048,0.0,0.0,ABC3,2.449
I6Mg2Li2,0.053,-1.097,0,p-31m,3.565,,4.514,3.565,,4.514,-2.37,-4.153,,-5.935,-26.856,0.0,0.0,ABC3,2.903
Mn2Br6Li2,0.04,-1.056,1,p-31m,2.03,,4.745,2.033,,4.81,-3.544,-4.559,,-5.574,-43.284,0.048,0.049,ABC3,2.579
Mn2Cl6Li2,0.033,-1.337,1,p-31m,2.219,,5.384,2.225,,5.417,-3.367,-4.476,,-5.586,-47.298,-0.007,-0.007,ABC3,2.514
Hf2SbTe2,0.068,-0.652,0,p-3m1,0.0,,,0.0,,,,-4.474,,,-29.086,0.0,0.0,AB2C2,3.31
I6Mn2Li2,0.054,-0.699,1,p-31m,1.623,,4.21,1.631,,4.228,-3.704,-4.516,,-5.327,-39.072,0.192,0.189,ABC3,2.977
SbNi2Se2,0.02,-0.283,0,p-6m2,0.0,,,0.0,,,,-5.356,,,-27.28,0.0,0.0,AB2C2,2.704
SbTe2Ni2,0.015,-0.274,0,p-6m2,0.0,,,0.0,,,,-4.696,,,-26.68,0.0,0.0,AB2C2,2.847
Mg2P2S6,0.0,-0.773,0,p-31m,2.796,,3.922,2.796,,3.922,-3.756,-5.154,,-6.552,-46.164,0.0,0.0,ABC3,1.95
Pd2SbSe2,0.093,-0.305,0,p-6m2,0.0,,,0.0,,,,-5.451,,,-20.536,0.0,0.0,AB2C2,2.728
Pd2SbTe2,0.029,-0.36,0,p-6m2,0.0,,,0.0,,,,-4.788,,,-20.254,0.0,0.0,AB2C2,2.853
Se6Mg2P2,0.0,-0.616,0,p-31m,2.049,,2.964,2.049,,2.964,-3.894,-4.919,,-5.943,-41.017,0.0,0.0,ABC3,1.976
Zr2SbSe2,0.111,-1.019,0,p-3m1,0.0,,,0.0,,,,-4.747,,,-31.27,0.0,0.0,AB2C2,3.22
SbTe2Ti2,0.07,-0.557,0,p-3m1,0.0,,,0.0,,,,-4.714,,,-26.979,0.0,0.0,AB2C2,3.231
Zr2SbTe2,0.051,-0.781,0,p-3m1,0.0,,,0.0,,,,-4.701,,,-29.526,0.0,0.0,AB2C2,3.308
Tl2I6Mg2,0.071,-0.849,0,p-31m,2.652,,3.525,2.652,,3.525,-2.427,-3.753,,-5.079,-25.589,0.0,0.0,ABC3,2.511
Nb2Mn2Se6,0.031,-0.639,1,p2_1/m11,0.0,,,0.0,,,,-5.059,,,-67.371,-0.259,-0.582,ABC3,2.183
Nb2Te6Mn2,0.049,-0.288,1,p2_1/m11,0.0,,,0.0,,,,-4.714,,,-62.194,1.086,0.212,ABC3,2.393
Te2As2Se,0.0,-0.059,0,p-3m1,0.583,,0.993,0.829,,1.344,-4.347,-4.638,,-4.93,-19.516,0.0,0.0,AB2C2,4.713
Mn2P2S6,0.031,-0.372,1,p-31m,0.108,,,0.108,,,-5.167,-5.221,,-5.275,-58.356,0.306,0.306,ABC3,2.013
Bi2SeS2,0.003,-0.376,0,p3m1,0.389,,0.923,0.659,,1.164,-5.813,-6.008,,-6.202,-22.87,0.0,0.0,AB2C2,4.794
Bi2SeS2,0.024,-0.355,0,p-3m1,0.412,,0.972,0.831,,1.416,-5.996,-6.202,,-6.408,-22.763,0.0,0.0,AB2C2,4.744
Bi2Te2Se,0.0,-0.297,0,p-3m1,0.121,,0.518,0.237,,0.73,-5.239,-5.299,,-5.36,-20.727,0.0,0.0,AB2C2,4.784
Mn2Se6P2,0.074,-0.241,1,p-31m,0.1,,,0.102,,,-4.845,-4.895,,-4.945,-53.467,6.02,6.02,ABC3,2.053
Mn2SeCl2,0.048,-0.729,1,p-3m1,0.098,,2.366,0.446,,2.883,-4.868,-4.917,,-4.966,-30.13,0.064,0.064,AB2C2,4.244
I2Cu2Se,0.068,-0.089,0,c211,0.0,,,0.0,,,,-4.971,,,-14.239,0.0,0.0,AB2C2,4.412
I2Mn2Se,0.052,-0.341,1,p-3m1,0.156,,2.354,0.256,,2.519,-4.677,-4.755,,-4.833,-27.577,0.464,0.476,AB2C2,4.576
Ta2Mn2S6,0.065,-0.833,1,p2_1/m11,0.0,,,0.0,,,,-5.441,,,-71.862,-1.204,-0.667,ABC3,2.101
Ta2Mn2Se6,0.022,-0.621,1,p2_1/m11,0.0,,,0.0,,,,-4.977,,,-66.178,-1.033,-1.007,ABC3,2.198
Ta2Te6Mn2,0.055,-0.243,1,p2_1/m11,0.0,,,0.0,,,,-4.629,,,-60.723,1.639,3.611,ABC3,2.407
Sb2Te2Se,0.006,-0.184,0,p-3m1,0.4,,0.776,0.629,,0.961,-4.611,-4.811,,-5.011,-19.625,0.0,0.0,AB2C2,4.78
SnBr2S2,0.086,-0.393,0,p2/m11,0.829,,1.49,1.206,,2.095,-5.589,-6.004,,-6.418,-17.345,0.0,0.0,AB2C2,3.283
Rb2N2O6,0.0,-1.055,0,p2_1/m11,3.199,,5.286,3.199,,5.286,-2.549,-4.148,,-5.747,-59.817,0.0,0.0,ABC3,1.246
Sr2I6Na2,0.055,-1.509,0,p-31m,3.815,,4.712,3.815,,4.712,-2.199,-4.106,,-6.014,-29.921,0.0,0.0,ABC3,2.523
Nb2Te6Ni2,0.043,-0.375,0,p2_1/m11,0.0,,,0.0,,,,-4.704,,,-58.129,0.0,0.0,ABC3,2.352
Nb2P2S6,0.192,-0.519,0,p-31m,0.508,,0.679,0.508,,0.679,-3.806,-4.059,,-4.313,-61.038,0.0,0.0,ABC3,4.292
SrSe2H2,0.031,-0.797,0,p-3m1,3.192,,4.146,3.192,,4.146,-1.857,-3.453,,-5.049,-19.273,0.0,0.0,AB2C2,2.045
Bi2TeS2,0.062,-0.267,0,p-3m1,0.021,,0.528,0.021,,0.528,-5.88,-5.891,,-5.901,-22.046,0.0,0.0,AB2C2,4.828
Bi2TeSe2,0.034,-0.31,0,p-3m1,0.111,,,0.111,,,-5.643,-5.698,,-5.754,-21.066,0.0,0.0,AB2C2,4.844
TeSc2Br2,0.053,-1.375,0,p-3m1,0.0,,,0.0,,,,-3.742,,,-22.57,0.0,0.0,AB2C2,4.478
Cd2TeI2,0.084,-0.48,0,p1,1.906,,2.659,1.906,,2.659,-3.778,-4.731,,-5.684,-10.414,0.0,0.0,AB2C2,2.487
TeI2Sc2,0.0,-1.167,0,p-3m1,0.0,,,0.0,,,,-3.687,,,-21.315,0.0,0.0,AB2C2,4.753
Ni2P2S6,0.054,-0.227,1,p-31m,0.028,,,0.139,,,-5.209,-5.223,,-5.237,-51.958,0.201,0.206,ABC3,3.755
Ni2Se6P2,0.065,-0.133,1,p-31m,0.0,,,0.0,,,,-4.882,,,-47.449,-1.178,-1.179,ABC3,3.81
Sb2TeSe2,0.035,-0.191,0,p-3m1,0.573,,1.022,0.829,,1.296,-4.931,-5.218,,-5.504,-19.938,0.0,0.0,AB2C2,4.865
Ni2Se2O6,0.0,-0.737,0,c2/m11,0.31,,2.554,0.31,,2.554,-4.224,-4.379,,-4.534,-59.572,0.0,0.0,ABC3,1.456
Ni2Se2O6,0.002,-0.734,0,p2_1/m11,0.555,,2.815,0.703,,3.04,-4.224,-4.501,,-4.779,-59.548,0.0,0.0,ABC3,1.523
Ta2Ni2Se6,0.028,-0.648,0,p2_1/m11,0.0,,,0.0,,,,-5.246,,,-61.507,0.0,0.0,ABC3,2.1
Ta2Te6Ni2,0.034,-0.341,0,p2_1/m11,0.0,,,0.0,,,,-4.732,,,-56.771,0.0,0.0,ABC3,2.285
Te2Ni2O6,0.057,-0.863,0,c2/m11,0.217,,2.222,0.217,,2.222,-3.645,-3.753,,-3.862,-60.281,0.0,0.0,ABC3,1.553
Te2Ni2S6,0.063,-0.118,0,p2_1/m11,0.61,,1.567,0.647,,1.632,-3.784,-4.089,,-4.394,-46.55,0.0,0.0,ABC3,2.33
ZnO2H2,0.086,-1.161,0,p-3m1,2.333,,4.267,2.333,,4.292,-1.643,-2.81,,-3.976,-23.886,0.0,0.0,AB2C2,1.449
Hf2Br4S4,0.0,-1.192,0,c2/m11,1.786,,2.88,1.824,,2.918,-4.333,-5.226,,-6.119,-49.587,0.0,0.0,AB2C2,3.192
Hf2Se4Br4,0.0,-1.113,0,c2/m11,1.572,,2.523,1.596,,2.542,-4.189,-4.975,,-5.761,-46.411,0.0,0.0,AB2C2,3.244
Hf2Te4Br4,0.0,-0.909,0,c2/m11,1.043,,1.723,1.064,,1.735,-4.165,-4.687,,-5.208,-43.262,0.0,0.0,AB2C2,3.325
Hf2S4Cl4,0.01,-1.393,0,c2/m11,1.823,,2.95,1.89,,3.007,-4.34,-5.251,,-6.163,-52.392,0.0,0.0,AB2C2,3.229
Hf2Se4Cl4,0.021,-1.309,0,c2/m11,1.623,,2.539,1.64,,2.561,-4.192,-5.004,,-5.815,-49.175,0.0,0.0,AB2C2,3.282
Hf2I4Se4,0.004,-0.87,0,c2/m11,1.386,,2.345,1.386,,2.349,-4.226,-4.92,,-5.613,-43.559,0.0,0.0,AB2C2,3.421
Hf2Te4I4,0.051,-0.677,0,c2/m11,0.947,,1.66,0.983,,1.701,-4.147,-4.62,,-5.094,-40.519,0.0,0.0,AB2C2,3.489
Mo2Br4O4,0.0,-1.384,0,pb2_1m,1.424,,2.682,1.433,,2.713,-5.499,-6.211,,-6.923,-63.082,0.0,0.0,AB2C2,1.753
Mo2Cl4O4,0.0,-1.545,0,pb2_1m,2.369,,3.881,2.392,,3.902,-5.736,-6.921,,-8.105,-65.487,0.0,0.0,AB2C2,1.649
Mo2I4O4,0.005,-1.2,0,pmam,0.0,,,0.0,,,,-5.098,,,-60.812,0.0,0.0,AB2C2,2.144
Nb2Br4S4,0.0,-0.903,0,c2/m11,1.556,,2.465,1.564,,2.466,-4.058,-4.836,,-5.613,-52.334,0.0,0.0,AB2C2,1.851
Nb2Se4Br4,0.0,-0.804,0,c2/m11,1.096,,1.866,1.101,,1.868,-4.144,-4.692,,-5.24,-48.958,0.0,0.0,AB2C2,1.885
Nb2Te4Br4,0.046,-0.601,0,c2/m11,0.645,,1.221,0.645,,1.221,-4.178,-4.5,,-4.823,-45.824,0.0,0.0,AB2C2,1.972
Pd2P2S6,0.122,-0.204,0,p-31m,0.014,,0.013,0.014,,0.013,-5.155,-5.162,,-5.169,-44.874,0.0,0.0,ABC3,3.79
Nb2S4Cl4,0.0,-1.075,0,c2/m11,1.61,,2.526,1.61,,2.526,-4.048,-4.853,,-5.658,-54.858,0.0,0.0,AB2C2,1.87
Nb2Se4Cl4,0.0,-0.97,0,c2/m11,1.08,,1.824,1.08,,1.824,-4.159,-4.699,,-5.239,-51.422,0.0,0.0,AB2C2,1.909
Nb2Te4Cl4,0.087,-0.758,0,c2/m11,0.596,,1.02,0.662,,1.172,-4.204,-4.502,,-4.8,-48.194,0.0,0.0,AB2C2,2.025
Pd2Se6P2,0.091,-0.154,0,p-31m,0.0,,,0.0,,,,-4.778,,,-40.808,0.0,0.0,ABC3,3.826
Nb2Co4Se4,0.046,-0.497,0,pmma,0.0,,,0.0,,,,-4.771,,,-72.472,0.0,0.0,AB2C2,2.964
Rh2P2S6,0.02,-0.346,0,p31m,0.787,,1.348,0.862,,1.468,-4.591,-4.985,,-5.378,-52.95,0.0,0.0,ABC3,3.707
Nb2S4F4,0.0,-1.951,0,c2/m11,1.617,,2.495,1.659,,2.519,-3.876,-4.684,,-5.493,-62.818,0.0,0.0,AB2C2,1.807
Nb2Se4F4,0.055,-1.833,0,c2/m11,1.119,,1.836,1.18,,1.897,-3.962,-4.521,,-5.08,-59.258,0.0,0.0,AB2C2,1.905
Nb2I4S4,0.0,-0.697,0,c2/m11,1.432,,2.284,1.485,,2.332,-4.025,-4.741,,-5.456,-49.852,0.0,0.0,AB2C2,1.956
Nb2I4Se4,0.0,-0.605,0,c2/m11,1.06,,1.81,1.106,,1.855,-4.099,-4.629,,-5.158,-46.549,0.0,0.0,AB2C2,2.001
Nb2Te4I4,0.023,-0.414,0,c2/m11,0.649,,1.284,0.688,,1.308,-4.141,-4.466,,-4.79,-43.526,0.0,0.0,AB2C2,2.077
Nb2Se4S4,0.089,-0.561,0,c2/m11,0.0,,,0.0,,,,-5.345,,,-56.51,0.0,0.0,AB2C2,3.885
Sc2Br4S4,0.073,-1.206,0,c2/m11,1.533,,2.394,1.598,,2.468,-4.885,-5.652,,-6.419,-44.031,0.0,0.0,AB2C2,2.813
Sc2Se4Br4,0.07,-1.167,0,c2/m11,1.277,,2.021,1.4,,2.138,-4.725,-5.364,,-6.003,-41.261,0.0,0.0,AB2C2,2.861
Sc2S4Cl4,0.074,-1.407,0,c2/m11,1.531,,2.388,1.639,,2.487,-4.873,-5.639,,-6.404,-46.843,0.0,0.0,AB2C2,2.825
Sc2P2S6,0.096,-0.979,0,p31m,0.827,,1.762,1.235,,2.267,-4.42,-4.834,,-5.247,-54.311,0.0,0.0,ABC3,3.444
I4Sc2S4,0.069,-0.951,0,c2/m11,0.981,,1.868,1.012,,1.889,-4.907,-5.398,,-5.888,-41.051,0.0,0.0,AB2C2,2.98
I4Sc2Se4,0.064,-0.914,0,c2/m11,0.984,,1.809,1.013,,1.831,-4.763,-5.256,,-5.748,-38.309,0.0,0.0,AB2C2,3.057
Ta2Br4S4,0.034,-0.851,0,c2/m11,1.529,,2.404,1.537,,2.406,-3.83,-4.595,,-5.36,-50.791,0.0,0.0,AB2C2,1.874
Ta2Se4Br4,0.041,-0.745,0,c2/m11,0.99,,1.725,0.996,,1.727,-4.034,-4.529,,-5.024,-47.349,0.0,0.0,AB2C2,1.927
Ta2Te4Br4,0.075,-0.529,0,c2/m11,0.552,,1.083,0.553,,1.083,-4.111,-4.387,,-4.663,-44.081,0.0,0.0,AB2C2,2.005
Sc2Se6P2,0.003,-0.833,0,p31m,0.684,,1.214,0.96,,1.546,-4.178,-4.52,,-4.861,-49.276,0.0,0.0,ABC3,3.544
Ta2S4Cl4,0.017,-1.033,0,c2/m11,1.55,,2.422,1.55,,2.422,-3.848,-4.623,,-5.398,-53.415,0.0,0.0,AB2C2,1.898
Ta2Se4Cl4,0.051,-0.921,0,c2/m11,0.939,,1.647,0.939,,1.647,-4.079,-4.548,,-5.018,-49.911,0.0,0.0,AB2C2,1.939
Ta2Co4Se4,0.011,-0.512,0,pmma,0.0,,,0.0,,,,-4.702,,,-71.599,0.0,0.0,AB2C2,3.011
Ta2S4F4,0.058,-1.925,0,c2/m11,1.42,,2.327,1.457,,2.348,-3.826,-4.536,,-5.245,-61.543,0.0,0.0,AB2C2,1.84
Ta2I4S4,0.02,-0.633,0,c2/m11,1.429,,2.257,1.475,,2.302,-3.812,-4.526,,-5.241,-48.185,0.0,0.0,AB2C2,1.978
Ta2I4Se4,0.029,-0.534,0,c2/m11,0.993,,1.708,1.042,,1.756,-3.971,-4.467,,-4.963,-44.815,0.0,0.0,AB2C2,2.025
Ta2Te4I4,0.055,-0.331,0,c2/m11,0.569,,1.177,0.622,,1.214,-4.061,-4.345,,-4.63,-41.674,0.0,0.0,AB2C2,2.105
Ta2Ni4Se4,0.02,-0.549,0,pmma,0.0,,,0.0,,,,-4.888,,,-68.042,0.0,0.0,AB2C2,2.839
Ta2Te4Ni4,0.0,-0.405,0,pmma,0.0,,,0.0,,,,-4.32,,,-65.494,0.0,0.0,AB2C2,3.106
Ti2P2S6,0.155,-0.704,1,p-31m,0.0,,,0.0,,,,-4.296,,,-55.619,0.018,0.019,ABC3,3.874
Ti2Br4S4,0.021,-0.998,0,c2/m11,1.031,,2.482,1.055,,2.513,-5.114,-5.629,,-6.144,-46.009,0.0,0.0,AB2C2,3.138
Ti2Se4Br4,0.038,-0.924,0,c2/m11,0.883,,2.268,0.918,,2.303,-4.871,-5.312,,-5.754,-42.885,0.0,0.0,AB2C2,3.177
Ti2S4Cl4,0.027,-1.175,0,c2/m11,1.018,,2.523,1.084,,2.576,-5.155,-5.664,,-6.173,-48.578,0.0,0.0,AB2C2,3.157
Ti2Se4Cl4,0.048,-1.096,0,c2/m11,0.894,,2.325,0.958,,2.376,-4.875,-5.322,,-5.769,-45.416,0.0,0.0,AB2C2,3.195
I4Ti2Se4,0.0,-0.711,0,c2/m11,0.684,,2.029,0.684,,2.035,-4.847,-5.189,,-5.531,-40.337,0.0,0.0,AB2C2,3.398
Te4I4Ti2,0.047,-0.535,0,c2/m11,0.476,,1.626,0.49,,1.643,-4.581,-4.819,,-5.057,-37.461,0.0,0.0,AB2C2,3.449
V2Br4S4,0.002,-0.689,0,c2/m11,0.979,,2.173,0.982,,2.175,-4.637,-5.127,,-5.617,-46.588,0.0,0.0,AB2C2,3.218
V2Se4Br4,0.052,-0.592,0,c2/m11,0.68,,1.81,0.682,,1.814,-4.539,-4.879,,-5.219,-43.237,0.0,0.0,AB2C2,3.247
V2S4Cl4,0.021,-0.84,0,c2/m11,0.989,,2.232,0.989,,2.232,-4.667,-5.162,,-5.657,-48.904,0.0,0.0,AB2C2,3.239
V2Se4Cl4,0.089,-0.739,0,c2/m11,0.647,,1.692,0.647,,1.772,-4.545,-4.868,,-5.192,-45.508,0.0,0.0,AB2C2,3.271
W2Br4O4,0.0,-1.516,0,pb2_1m,1.149,,2.348,1.174,,2.386,-5.682,-6.257,,-6.831,-64.971,0.0,0.0,AB2C2,1.846
W2Cl4O4,0.0,-1.691,0,pb2_1m,2.187,,3.613,2.235,,3.655,-5.861,-6.954,,-8.047,-67.515,0.0,0.0,AB2C2,1.748
W2O4F4,0.0,-2.59,0,pb2_1m,2.36,,3.972,3.257,,4.936,-6.43,-7.61,,-8.789,-75.711,0.0,0.0,AB2C2,1.361
Y2Br4S4,0.044,-1.367,0,c2/m11,1.606,,2.442,1.664,,2.503,-4.867,-5.67,,-6.473,-45.704,0.0,0.0,AB2C2,2.748
Y2Se4Br4,0.035,-1.336,0,c2/m11,1.337,,2.04,1.444,,2.157,-4.749,-5.417,,-6.086,-43.015,0.0,0.0,AB2C2,2.825
Zn2P2S6,0.02,-0.414,0,p-31m,2.086,,3.197,2.484,,3.59,-4.017,-5.06,,-6.103,-41.703,0.0,0.0,ABC3,3.616
Y2S4Cl4,0.044,-1.568,0,c2/m11,1.586,,2.425,1.669,,2.516,-4.881,-5.673,,-6.466,-48.518,0.0,0.0,AB2C2,2.77
Zn2Se6P2,0.023,-0.297,0,p-31m,1.307,,2.222,1.496,,2.392,-4.223,-4.877,,-5.53,-36.966,0.0,0.0,ABC3,3.676
Zr2P2S6,0.199,-0.822,0,p-1,0.759,,1.498,0.933,,1.657,-4.801,-5.181,,-5.56,-58.221,0.0,0.0,ABC3,3.409
Zr2Br4S4,0.0,-1.24,0,c2/m11,1.575,,2.73,1.62,,2.774,-4.619,-5.406,,-6.193,-49.854,0.0,0.0,AB2C2,3.153
Zr2Se4Br4,0.0,-1.167,0,c2/m11,1.381,,2.451,1.439,,2.498,-4.457,-5.147,,-5.837,-46.743,0.0,0.0,AB2C2,3.203
Zr2Se6P2,0.191,-0.672,0,p-1,0.394,,1.074,0.623,,1.344,-4.719,-4.916,,-5.113,-53.151,0.0,0.0,ABC3,3.577
Zr2Te4Br4,0.0,-0.975,0,c2/m11,0.972,,1.795,1.022,,1.821,-4.308,-4.794,,-5.28,-43.714,0.0,0.0,AB2C2,3.281
Zr2S4Cl4,0.0,-1.433,0,c2/m11,1.6,,2.793,1.672,,2.852,-4.634,-5.434,,-6.234,-52.584,0.0,0.0,AB2C2,3.184
Zr2Se4Cl4,0.0,-1.356,0,c2/m11,1.437,,2.54,1.501,,2.571,-4.444,-5.163,,-5.881,-49.433,0.0,0.0,AB2C2,3.235
Zr2Te4Cl4,0.061,-1.154,0,c2/m11,1.028,,1.701,1.049,,1.701,-4.266,-4.78,,-5.294,-46.307,0.0,0.0,AB2C2,3.329
Zr2I4S4,0.0,-1.001,0,c2/m11,1.386,,2.514,1.398,,2.514,-4.617,-5.31,,-6.003,-47.046,0.0,0.0,AB2C2,3.354
Zr2I4Se4,0.0,-0.933,0,c2/m11,1.209,,2.243,1.22,,2.253,-4.47,-5.075,,-5.68,-43.985,0.0,0.0,AB2C2,3.388
Zr2Te4I4,0.007,-0.752,0,c2/m11,0.821,,1.681,0.856,,1.715,-4.34,-4.75,,-5.16,-41.061,0.0,0.0,AB2C2,3.452
Au2Se2Li2,0.074,-0.603,0,cm2e,1.614,,2.363,1.614,,2.363,-3.894,-4.701,,-5.508,-20.624,0.0,0.0,ABC,2.05
Ti6Cl6N3,0.0,-1.674,0,p-3m1,0.0,,,0.0,,,,-4.349,,,-101.01,0.0,0.0,AB2C2,5.176
Au2Rb2S2,0.096,-0.691,0,pmma,1.211,,1.778,1.211,,1.778,-1.622,-2.227,,-2.833,-20.381,0.0,0.0,ABC,2.246
Nb4Co8Se8,0.052,-0.491,0,pmmn,0.0,,,0.0,,,,-4.731,,,-144.824,0.0,0.0,AB2C2,3.066
Nb4Te8Co8,0.0,-0.346,0,pmmn,0.0,,,0.0,,,,-4.098,,,-139.703,0.0,0.0,AB2C2,3.337
Tl2Pb2I6,0.055,-0.632,0,p-31m,1.862,,2.542,1.903,,2.58,-3.163,-4.095,,-5.026,-27.7,0.0,0.0,ABC3,2.506
Pd2S2O6,0.06,-0.845,0,p2_1/m11,1.253,,2.851,1.299,,2.962,-4.867,-5.494,,-6.12,-54.987,0.0,0.0,ABC3,1.489
Pd2S2O6,0.064,-0.841,0,c2/m11,0.681,,2.294,0.681,,2.294,-5.2,-5.541,,-5.881,-54.947,0.0,0.0,ABC3,1.622
Nb4Ni8S8,0.076,-0.624,0,pmma,0.0,,,0.0,,,,-5.252,,,-144.384,0.0,0.0,AB2C2,2.603
Nb4Ni8Se8,0.033,-0.544,0,pmma,0.0,,,0.0,,,,-4.88,,,-138.025,0.0,0.0,AB2C2,2.747
Nb4Te8Ni8,0.012,-0.409,0,pmma,0.0,,,0.0,,,,-4.392,,,-133.11,0.0,0.0,AB2C2,3.015
As8S8O4,0.042,-0.458,0,p1,2.078,,3.045,2.078,,3.045,-3.772,-4.811,,-5.85,-99.589,0.0,0.0,AB2C2,1.315
As8Se8O4,0.053,-0.431,0,p1,1.711,,2.557,1.718,,2.575,-3.777,-4.633,,-5.488,-94.29,0.0,0.0,AB2C2,1.404
Pd2Se2O6,0.0,-0.646,0,p2_1/m11,1.12,,2.663,1.243,,2.847,-4.271,-4.831,,-5.392,-51.809,0.0,0.0,ABC3,1.51
Bi8S8O4,0.048,-0.626,0,p2_1/m11,1.356,,2.212,1.385,,2.313,-4.019,-4.696,,-5.374,-103.041,0.0,0.0,AB2C2,1.557
Bi8Se8O4,0.067,-0.624,0,p2_1/m11,1.034,,1.736,1.149,,1.943,-4.142,-4.658,,-5.175,-98.239,0.0,0.0,AB2C2,1.613
Pd2Se2O6,0.002,-0.644,0,c2/m11,0.636,,2.182,0.636,,2.182,-4.393,-4.711,,-5.029,-51.788,0.0,0.0,ABC3,1.538
Pd2Te2O6,0.08,-0.764,0,c2/m11,0.369,,1.8,0.369,,1.8,-3.817,-4.001,,-4.186,-52.433,0.0,0.0,ABC3,1.632
Pd2Te2O6,0.08,-0.764,0,p2_1/m11,1.001,,2.509,1.227,,2.774,-3.798,-4.299,,-4.799,-52.431,0.0,0.0,ABC3,1.623
Pd2Te2S6,0.056,-0.137,0,p2_1/m11,1.006,,1.818,1.008,,1.839,-3.825,-4.328,,-4.831,-39.891,0.0,0.0,ABC3,2.308
Sb8S8O4,0.014,-0.624,0,p-1,1.879,,2.729,1.879,,2.729,-3.508,-4.448,,-5.387,-100.85,0.0,0.0,AB2C2,1.561
Sb8Se8O4,0.027,-0.602,0,p2_1/m11,1.431,,2.083,1.549,,2.279,-3.666,-4.381,,-5.096,-95.649,0.0,0.0,AB2C2,1.627
Pt2S2O6,0.072,-0.765,0,p2_1/m11,1.456,,2.976,1.509,,3.047,-3.896,-4.624,,-5.352,-59.259,0.0,0.0,ABC3,1.538
As8Se8S4,0.035,-0.089,0,p-1,1.395,,2.167,1.412,,2.179,-4.051,-4.749,,-5.446,-83.266,0.0,0.0,AB2C2,1.27
Ba2Cl2F2,0.053,-3.291,0,p4/nmm,5.533,,6.969,5.56,,6.979,-2.025,-4.791,,-7.558,-30.148,0.0,0.0,ABC,2.406
Pt2S2O6,0.087,-0.75,0,c2/m11,0.86,,2.324,0.86,,2.324,-4.11,-4.54,,-4.97,-59.113,0.0,0.0,ABC3,1.69
Pt2Se2O6,0.02,-0.59,0,p2_1/m11,1.305,,2.732,1.408,,2.831,-3.487,-4.139,,-4.791,-56.321,0.0,0.0,ABC3,1.525
Pt2Se2O6,0.035,-0.575,0,c2/m11,0.828,,2.187,0.828,,2.187,-3.485,-3.899,,-4.313,-56.171,0.0,0.0,ABC3,1.558
Mn8S4Cl8,0.036,-0.795,1,p-3m1,0.221,,,0.221,,,-5.084,-5.195,,-5.305,-124.237,-0.079,-0.078,AB2C2,4.276
Ba2Cl2H2,0.056,-1.574,0,p4/nmm,3.747,,4.823,3.801,,4.845,-2.363,-4.237,,-6.11,-23.317,0.0,0.0,ABC,2.189
Pt2Te2S6,0.091,-0.153,0,p2_1/m11,0.724,,1.731,0.907,,1.743,-3.858,-4.219,,-4.581,-45.114,0.0,0.0,ABC3,2.323
Rh2Sb2O6,0.095,-0.991,0,p-31m,1.007,,2.804,1.034,,2.83,-3.072,-3.576,,-4.08,-63.767,0.0,0.0,ABC3,3.416
Rh2Sb2S6,0.098,-0.307,0,p-31m,0.152,,0.059,0.152,,0.059,-5.168,-5.244,,-5.32,-50.643,0.0,0.0,ABC3,3.698
Ta4Co8S8,0.071,-0.601,0,pmmn,0.0,,,0.0,,,,-5.191,,,-149.742,0.0,0.0,AB2C2,2.963
Ta4Co8Se8,0.011,-0.511,0,pmmn,0.0,,,0.0,,,,-4.69,,,-143.185,0.0,0.0,AB2C2,3.095
Ta4Te8Co8,0.0,-0.361,0,pmmn,0.0,,,0.0,,,,-4.026,,,-137.954,0.0,0.0,AB2C2,3.387
Ba2I2Cl2,0.034,-2.19,0,p4/nmm,3.69,,4.709,3.693,,4.709,-2.695,-4.54,,-6.385,-23.322,0.0,0.0,ABC,2.532
Rh2Sb2Se6,0.061,-0.324,0,p-31m,0.117,,0.022,0.117,,0.022,-4.892,-4.95,,-5.009,-47.242,0.0,0.0,ABC3,3.762
Ta4Ni8S8,0.057,-0.627,0,pmma,0.0,,,0.0,,,,-5.29,,,-142.414,0.0,0.0,AB2C2,2.66
Ba2I2Cl2,0.084,-2.14,0,pm2_1n,4.108,,5.159,4.149,,5.209,-2.242,-4.296,,-6.35,-23.022,0.0,0.0,ABC,2.79
Rh2Sb2Te6,0.072,-0.259,0,p-31m,0.249,,0.208,0.249,,0.221,-4.34,-4.464,,-4.589,-44.926,0.0,0.0,ABC3,3.924
Sb2Sc2O6,0.018,-2.471,0,p-31m,3.376,,5.077,3.948,,5.622,-2.049,-3.737,,-5.425,-73.59,0.0,0.0,ABC3,3.227
Au2AgSe2Br2,0.083,-0.13,0,p-1,0.0,,,0.0,,,,-6.484,,,-20.141,0.0,0.0,AB2C2D2,3.118
Ba2AgBr2O2,0.0,-1.84,0,p4/mmm,0.0,,,0.0,,,,-5.666,,,-32.796,0.0,0.0,AB2C2D2,4.726
Ba2Co2Ge2,0.094,-0.317,0,p4/nmm,0.0,,,0.0,,,,-2.324,,,-31.049,0.0,0.0,ABC,4.745
Sb2Sc2Se6,0.0,-0.897,0,p31m,1.115,,1.596,1.233,,1.773,-4.143,-4.7,,-5.257,-48.002,0.0,0.0,ABC3,3.62
Sb2Se6Si2,0.01,-0.348,0,p-31m,1.01,,1.572,1.396,,1.984,-4.455,-4.96,,-5.466,-43.988,0.0,0.0,ABC3,3.66
Ba2AgCl2O2,0.0,-1.953,0,p4/mmm,0.0,,,0.0,,,,-5.236,,,-33.989,0.0,0.0,AB2C2D2,4.522
Sb2Te6Si2,0.0,-0.122,0,p-31m,0.832,,1.286,1.161,,1.673,-4.172,-4.588,,-5.004,-40.055,0.0,0.0,ABC3,3.707
Ba2AgI2O2,0.0,-1.667,0,p4/mmm,0.0,,,0.0,,,,-6.024,,,-31.372,0.0,0.0,AB2C2D2,5.214
Ba2I2F2,0.001,-2.962,0,p4/nmm,3.9,,4.907,3.9,,4.907,-2.578,-4.528,,-6.478,-27.557,0.0,0.0,ABC,2.732
Tl2Sb2O6,0.126,-1.192,0,p312,2.828,,4.173,3.0,,4.374,-2.422,-3.836,,-5.25,-56.478,0.0,0.0,ABC3,1.648
Tl2Te6Si2,0.091,-0.055,0,p-31m,0.043,,0.353,0.258,,0.574,-4.964,-4.986,,-5.008,-35.574,0.0,0.0,ABC3,2.064
Ba2AuBr2O2,0.094,-1.773,0,p4/mmm,0.0,,,0.0,,,,-5.406,,,-32.614,0.0,0.0,AB2C2D2,4.844
Ag4Se4O12,0.014,-0.522,0,p2_1/b11,0.121,,0.477,0.121,,0.477,-5.585,-5.645,,-5.705,-97.229,0.0,0.0,ABC3,1.072
Ba2AuI2O2,0.08,-1.61,0,p4/mmm,0.0,,,0.0,,,,-5.781,,,-31.262,0.0,0.0,AB2C2D2,5.332
Au4Se4O12,0.064,-0.399,0,p2_1/b11,0.268,,0.685,0.268,,0.685,-4.96,-5.094,,-5.228,-95.929,0.0,0.0,ABC3,1.118
Bi4B4O12,0.039,-1.861,0,p2_1/b11,2.865,,4.227,2.919,,4.321,-2.98,-4.412,,-5.845,-144.235,0.0,0.0,ABC3,1.868
Bi4S12B4,0.085,-0.315,0,p2_1/b11,1.486,,2.378,1.489,,2.378,-4.191,-4.934,,-5.677,-100.753,0.0,0.0,ABC3,1.935
Sb4B4O12,0.006,-1.877,0,p2_1/b11,3.856,,5.051,3.856,,5.051,-2.478,-4.405,,-6.333,-143.469,0.0,0.0,ABC3,1.727
Ca4Se4O12,0.01,-1.907,0,p2_1/b11,4.533,,6.045,4.54,,6.077,-1.61,-3.877,,-6.143,-121.605,0.0,0.0,ABC3,1.535
Te4Ca4O12,0.01,-2.02,0,p2_1/b11,3.969,,5.348,4.029,,5.441,-1.807,-3.792,,-5.776,-122.75,0.0,0.0,ABC3,1.608
V4O4F12,0.0,-2.756,0,p2_1/b11,3.465,,6.247,3.465,,6.247,-6.356,-8.088,,-9.821,-128.758,0.0,0.0,ABC3,1.439
Na2Be2N2,0.07,-0.532,0,p4/nmm,0.005,,,0.013,,,-2.042,-2.045,,-2.047,-29.915,0.0,0.0,ABC,2.214
V4S4F12,0.082,-2.267,0,p2_1/b11,2.06,,4.129,2.06,,4.129,-5.431,-6.461,,-7.49,-114.793,0.0,0.0,ABC3,1.55
Sr4Se4O12,0.029,-1.895,0,p2_1/b11,4.547,,6.001,4.58,,6.049,-1.354,-3.628,,-5.901,-120.025,0.0,0.0,ABC3,1.487
Na2P2Be2,0.0,-0.404,0,p4/nmm,0.597,,1.061,0.597,,1.061,-1.289,-1.587,,-1.886,-23.171,0.0,0.0,ABC,2.179
Sr4Te4O12,0.011,-2.004,0,p2_1/b11,4.028,,5.384,4.089,,5.466,-1.604,-3.618,,-5.632,-121.087,0.0,0.0,ABC3,1.541
Sr4Te4S12,0.055,-0.812,0,p2_1/b11,2.244,,3.213,2.244,,3.213,-3.479,-4.601,,-5.723,-84.697,0.0,0.0,ABC3,1.69
IrInI3Br3,0.028,-0.486,0,p1,1.651,,2.715,1.655,,2.715,-4.075,-4.901,,-5.727,-25.116,0.0,0.0,ABC3D3,3.017
ZrMoI3Br3,0.092,-0.808,1,p1,0.704,,1.642,0.791,,1.75,-4.349,-4.701,,-5.053,-34.26,0.553,-0.561,ABC3D3,3.239
TiNiBr3Cl3,0.047,-1.055,1,p1,1.042,,3.451,1.042,,3.451,-5.491,-6.011,,-6.532,-32.487,-0.112,0.066,ABC3D3,2.775
Pd3ZnBr3ClO4,0.082,-0.478,0,p1,0.0,,,0.0,,,,-5.776,,,-45.413,0.0,0.0,ABC3D3E4,3.66
Ir3I4CoSeS3,0.064,-0.252,0,cm11,0.0,,,0.0,,,,-4.813,,,-60.71,0.0,0.0,ABC3D3E4,4.479
HfMn3SeS4Cl3,0.059,-0.949,1,p1,0.777,,1.828,0.821,,1.861,-5.233,-5.621,,-6.01,-73.198,-0.336,-0.056,ABC3D3E4,3.303
Au3InIBr3O4,0.077,-0.378,0,p1,0.738,,1.63,0.748,,1.645,-5.565,-5.934,,-6.303,-43.42,0.0,0.0,ABC3D3E4,3.198
Hf4ISeBr3S3,0.0,-1.402,0,p112,0.0,,,0.0,,,,-4.631,,,-68.799,0.0,0.0,ABC3D3E4,4.19
Hf3ScBr4N3O,0.027,-1.953,0,cm11,2.677,,4.148,2.677,,4.148,-3.92,-5.259,,-6.597,-87.138,0.0,0.0,ABC3D3E4,4.227
Hf3TiSeBr4S3,0.001,-1.432,1,cm11,0.0,,,0.0,,,,-4.794,,,-68.453,0.082,0.041,ABC3D3E4,4.092
Mn2CO2H2,0.193,-0.679,1,p-3m1,0.0,,,0.0,,,,-1.606,,,-50.305,-0.415,-0.413,AB2C2D2,3.039
Ti2CO2H2,0.162,-1.43,0,p-3m1,0.0,,,0.0,,,,-1.912,,,-49.506,0.0,0.0,AB2C2D2,3.608
V2CO2H2,0.133,-1.06,0,p-3m1,0.0,,,0.0,,,,-1.793,,,-50.588,0.0,0.0,AB2C2D2,3.516
Pb2CdBr2O2,0.0,-1.12,0,c2/m11,2.646,,3.656,2.646,,3.656,-3.251,-4.574,,-5.898,-29.703,0.0,0.0,AB2C2D2,1.869
CdSn2Br2O2,0.022,-1.11,0,c2/m11,2.48,,3.318,2.488,,3.337,-3.381,-4.621,,-5.861,-30.226,0.0,0.0,AB2C2D2,1.864
CdSn2Br2S2,0.036,-0.627,0,c2/m11,2.038,,2.755,2.106,,2.826,-3.364,-4.383,,-5.401,-24.752,0.0,0.0,AB2C2D2,1.669
Pb2CdCl2O2,0.0,-1.212,0,c2/m11,2.869,,3.928,2.869,,3.928,-3.144,-4.578,,-6.012,-30.75,0.0,0.0,AB2C2D2,1.802
CdSn2Cl2O2,0.015,-1.209,0,c2/m11,2.714,,3.6,2.725,,3.625,-3.413,-4.77,,-6.126,-31.322,0.0,0.0,AB2C2D2,1.816
CdSn2S2Cl2,0.047,-0.708,0,c2/m11,2.093,,2.822,2.147,,2.89,-3.329,-4.376,,-5.422,-25.721,0.0,0.0,AB2C2D2,1.628
Pb2CdO2F2,0.04,-1.664,0,c2/m11,2.892,,4.074,2.892,,4.074,-2.679,-4.125,,-5.571,-33.514,0.0,0.0,AB2C2D2,1.532
CdSn2O2F2,0.059,-1.685,0,c2/m11,2.693,,3.578,2.724,,3.688,-3.239,-4.585,,-5.931,-34.259,0.0,0.0,AB2C2D2,1.58
S2Li6O8H2,0.024,-1.741,0,p2_1/m11,4.475,,5.694,4.475,,5.694,-0.963,-3.2,,-5.438,-98.476,0.0,0.0,ABC3D4,1.127
Na6S2O8H2,0.064,-1.557,0,p2_1/m11,3.857,,5.084,3.857,,5.084,-1.286,-3.214,,-5.142,-91.662,0.0,0.0,ABC3D4,1.031
Pb2CdI2O2,0.0,-0.973,0,c2/m11,2.153,,3.104,2.153,,3.14,-3.334,-4.411,,-5.487,-28.462,0.0,0.0,AB2C2D2,2.066
CdSn2I2O2,0.06,-0.954,0,c2/m11,1.968,,2.764,1.968,,2.764,-3.378,-4.362,,-5.345,-28.925,0.0,0.0,AB2C2D2,2.03
Se2Li6O8H2,0.0,-1.619,0,p2_1/m11,4.572,,5.856,4.615,,5.856,-0.916,-3.202,,-5.488,-95.084,0.0,0.0,ABC3D4,1.085
CdSn2I2S2,0.045,-0.507,0,c2/m11,1.906,,2.617,2.024,,2.718,-3.45,-4.403,,-5.356,-23.704,0.0,0.0,AB2C2D2,1.824
Se2S8Li6H2,0.083,-0.637,0,p2_1/m11,2.124,,3.065,2.145,,3.144,-3.276,-4.338,,-5.4,-69.041,0.0,0.0,ABC3D4,1.285
Ba2CuBr2O2,0.014,-1.92,0,p4/mmm,0.0,,,0.0,,,,-6.109,,,-34.19,0.0,0.0,AB2C2D2,4.98
Ba2CuBr2S2,0.051,-1.591,0,p4/mmm,0.0,,,0.0,,,,-4.714,,,-29.795,0.0,0.0,AB2C2D2,4.45
Se2Na6O8H2,0.014,-1.428,0,p2_1/m11,4.264,,5.631,4.264,,5.631,-1.158,-3.29,,-5.422,-88.149,0.0,0.0,ABC3D4,1.001
Te2Li6O8H2,0.0,-1.682,0,p2_1/m11,4.037,,5.347,4.206,,5.564,-1.231,-3.249,,-5.268,-95.662,0.0,0.0,ABC3D4,1.119
Ba2CuCl2O2,0.01,-2.057,0,p4/mmm,0.0,,,0.0,,,,-5.652,,,-35.549,0.0,0.0,AB2C2D2,4.748
Te2S8Li6H2,0.044,-0.694,0,p2_1/m11,2.093,,2.992,2.22,,3.148,-3.21,-4.257,,-5.303,-69.517,0.0,0.0,ABC3D4,1.274
Te2Na6O8H2,0.007,-1.487,0,p2_1/m11,3.936,,5.379,3.956,,5.463,-1.317,-3.285,,-5.253,-88.664,0.0,0.0,ABC3D4,1.028
Te2Na6S8H2,0.0,-0.633,0,p2_1/m11,2.41,,3.502,2.481,,3.59,-2.836,-4.041,,-5.246,-64.917,0.0,0.0,ABC3D4,1.263
Ba2CuO2F2,0.082,-2.571,0,p4/mmm,0.0,,,0.0,,,,-3.359,,,-38.75,0.0,0.0,AB2C2D2,3.829
INi3Se5Cl,0.087,-0.206,0,p1,0.002,,,0.241,,,-5.457,-5.458,,-5.459,-44.475,0.0,0.0,ABC3D5,3.369
Ba2I2CuO2,0.038,-1.719,0,p4/mmm,0.0,,,0.0,,,,-6.322,,,-32.574,0.0,0.0,AB2C2D2,5.512
Ba2I2CuS2,0.007,-1.451,0,p4/mmm,0.0,,,0.0,,,,-5.205,,,-28.602,0.0,0.0,AB2C2D2,4.95
Cu3SeBr5S,0.049,-0.236,0,p1,0.261,,0.853,0.288,,0.886,-5.903,-6.033,,-6.164,-28.876,0.0,0.0,ABC3D5,2.474
In3SeBr5S,0.061,-0.715,0,p1,1.919,,2.898,1.932,,2.919,-4.959,-5.918,,-6.877,-30.924,0.0,0.0,ABC3D5,2.823
Sr2CuBr2O2,0.0,-1.958,0,p4/mmm,0.0,,,0.0,,,,-5.764,,,-34.148,0.0,0.0,AB2C2D2,4.42
IrI3Ni5BrS6,0.096,-0.235,0,p1,0.0,,,0.0,,,,-5.136,,,-79.764,0.0,0.0,ABC3D5E6,3.514
HfZr3BrCl7,0.031,-1.589,0,p1,0.616,,1.18,0.63,,1.185,-3.864,-4.172,,-4.48,-62.86,0.0,0.0,ABC3D7,3.796
AuAgBr4,0.0,-0.263,0,p1,0.547,,1.735,0.806,,2.032,-5.662,-5.936,,-6.21,-13.887,0.0,0.0,ABC4,2.41
AgMnBr4,0.0,-0.566,1,p-1,0.258,,1.38,0.446,,1.507,-5.801,-5.93,,-6.059,-22.293,-0.074,0.113,ABC4,2.764
MoAgBr4,0.04,-0.482,1,p2/m11,0.443,,2.166,0.447,,2.171,-4.779,-5.001,,-5.223,-23.272,-1.103,-0.024,ABC4,2.82
AuInF4,0.079,-1.911,0,p2/m11,1.053,,2.106,1.972,,3.441,-5.241,-5.767,,-6.294,-23.704,0.0,0.0,ABC4,2.171
Sr2I2CuO2,0.0,-1.759,0,p4/mmm,0.0,,,0.0,,,,-6.065,,,-32.54,0.0,0.0,AB2C2D2,4.949
PdCdCl4,0.016,-0.8,0,p-1,1.183,,2.813,1.379,,3.04,-5.324,-5.916,,-6.507,-16.687,0.0,0.0,ABC4,2.733
MnCoBr4,0.024,-0.548,1,pmm2,0.476,,3.371,0.476,,3.526,-5.435,-5.673,,-5.911,-27.57,-0.24,-0.084,ABC4,2.423
HgPb2Br2O2,0.0,-0.936,0,c2/m11,2.329,,3.357,2.576,,3.602,-3.721,-4.886,,-6.051,-28.371,0.0,0.0,AB2C2D2,1.966
Au2Ge2S6,0.074,-0.17,0,pmma,0.0,,,0.0,,,,-4.756,,,-41.464,0.0,0.0,ABC3,1.389
HgPb2Br2S2,0.032,-0.6,0,c2/m11,1.962,,2.817,2.052,,2.924,-3.936,-4.917,,-5.898,-23.926,0.0,0.0,AB2C2D2,1.722
YCuCl4,0.03,-1.683,0,p-1,2.322,,4.813,2.433,,4.903,-3.692,-4.853,,-6.014,-25.609,0.0,0.0,ABC4,2.574
HgPb2Cl2O2,0.0,-1.02,0,c2/m11,2.623,,3.761,2.878,,4.014,-3.559,-4.87,,-6.182,-29.363,0.0,0.0,AB2C2D2,1.888
SbTe4Ge,0.097,0.014,0,pm2m,0.0,,,0.0,,,,-4.711,,,-21.657,0.0,0.0,ABC4,4.117
HgPb2O2F2,0.012,-1.496,0,c2/m11,2.966,,4.239,3.087,,4.439,-2.83,-4.313,,-5.796,-32.299,0.0,0.0,AB2C2D2,1.573
HgPb2I2O2,0.01,-0.808,0,c2/m11,1.821,,2.706,2.128,,3.053,-3.888,-4.798,,-5.708,-27.262,0.0,0.0,AB2C2D2,2.178
HgPb2I2S2,0.028,-0.487,0,c2/m11,1.81,,2.633,1.873,,2.696,-3.985,-4.89,,-5.796,-22.926,0.0,0.0,AB2C2D2,1.907
HgSn2I2S2,0.023,-0.398,0,c2/m11,1.837,,2.589,2.04,,2.802,-3.772,-4.69,,-5.609,-22.899,0.0,0.0,AB2C2D2,1.917
NbMnSe4,0.027,-0.647,0,pm2m,0.211,,0.598,0.407,,0.906,-5.146,-5.252,,-5.357,-37.854,0.0,0.0,ABC4,4.321
Au2Hg2Br6,0.079,-0.303,0,p-31m,0.782,,1.647,0.782,,1.647,-5.237,-5.628,,-6.019,-20.572,0.0,0.0,ABC3,3.013
PdNiS4,0.079,-0.219,0,p2/m11,0.711,,1.153,0.977,,1.492,-5.311,-5.667,,-6.023,-28.695,0.0,0.0,ABC4,3.465
Mn2NO2H2,0.165,-0.778,1,p-3m1,0.0,,,0.0,,,,-1.549,,,-50.131,-0.204,-0.204,AB2C2D2,2.972
TaNiSe4,0.097,-0.502,1,pm11,0.0,,,0.0,,,,-4.909,,,-34.006,-0.126,0.169,ABC4,3.885
PtSnS4,0.0,-0.422,0,p2/m11,1.302,,2.122,1.769,,2.574,-4.845,-5.496,,-6.147,-29.254,0.0,0.0,ABC4,3.602
Ti2NO2H2,0.147,-1.645,0,p-3m1,0.0,,,0.0,,,,-2.173,,,-50.141,0.0,0.0,AB2C2D2,3.92
SnSO4,0.063,-1.317,0,cm11,4.199,,5.411,4.398,,5.578,-3.026,-5.126,,-7.225,-36.533,0.0,0.0,ABC4,2.318
Au2Ag2Cl8,0.0,-0.389,0,p2/b11,0.909,,2.332,0.979,,2.375,-5.898,-6.352,,-6.807,-30.882,0.0,0.0,ABC4,1.357
Ag2I8Cu2,0.043,-0.111,1,p-1,0.118,,0.303,0.149,,0.303,-5.474,-5.533,,-5.592,-26.186,0.797,-9.056,ABC4,1.655
SrCa2Br2S2,0.042,-2.134,0,p-3m1,3.106,,4.244,3.63,,4.806,-3.872,-5.425,,-6.978,-31.96,0.0,0.0,AB2C2D2,4.947
Bi2As2O8,0.06,-1.247,0,p2_1/m11,3.07,,4.6,3.08,,4.6,-3.572,-5.107,,-6.642,-74.639,0.0,0.0,ABC4,1.459
Zr4Se4S2Cl4,0.073,-1.51,0,c2/m11,0.594,,1.317,0.842,,1.787,-6.15,-6.447,,-6.743,-79.986,0.0,0.0,AB2C2D2,3.895
Hf2Zr2ISe2Br2S3,0.091,-1.366,0,p1,0.0,,,0.0,,,,-4.846,,,-70.059,0.0,0.0,AB2C2D2E2F3,3.941
Au2I8Mn2,0.022,-0.229,1,p-1,0.259,,0.787,0.259,,0.795,-5.069,-5.198,,-5.328,-40.264,-0.158,1.005,ABC4,2.372
Bi2P2O8,0.081,-1.849,0,p2_1/m11,3.332,,4.969,3.336,,4.982,-3.002,-4.668,,-6.334,-83.26,0.0,0.0,ABC4,1.398
Hf2BrS2Cl3,0.0,-1.644,0,cm11,2.254,,3.424,2.256,,3.424,-5.032,-6.159,,-7.286,-43.261,0.0,0.0,AB2C2D3,3.179
K2Br2Cl8,0.002,-0.66,0,p4/mbm,2.441,,3.673,2.442,,3.684,-5.307,-6.527,,-7.748,-27.803,0.0,0.0,ABC4,1.393
V2Br3ClO2,0.029,-1.452,0,cm11,0.901,,1.976,0.995,,1.983,-4.819,-5.27,,-5.721,-45.452,0.0,0.0,AB2C2D3,3.042
K2Br2F8,0.063,-1.699,0,p4/mbm,3.383,,5.161,3.383,,5.161,-4.987,-6.679,,-8.37,-38.687,0.0,0.0,ABC4,1.148
Rb2Br2Cl8,0.0,-0.672,0,p4/mbm,2.415,,3.661,2.415,,3.661,-5.236,-6.444,,-7.651,-27.335,0.0,0.0,ABC4,1.346
HfZr2I2S3,0.078,-1.294,0,cm11,0.0,,,0.0,,,,-4.274,,,-47.859,0.0,0.0,AB2C2D3,3.929
K2Cl2F8,0.0,-1.528,0,p4/mbm,3.656,,5.658,3.656,,5.658,-4.931,-6.759,,-8.587,-37.034,0.0,0.0,ABC4,1.122
Mo2Cr2S8,0.017,-0.779,0,pm2m,1.014,,,1.021,,,-4.846,-5.353,,-5.86,-83.199,0.0,0.0,ABC4,4.394
Mo2Cr2Se8,0.016,-0.581,0,pm2m,0.819,,,0.819,,,-4.404,-4.814,,-5.223,-76.058,0.0,0.0,ABC4,4.45
IV2Br3O2,0.035,-1.319,0,cm11,0.83,,1.857,0.918,,1.868,-4.654,-5.069,,-5.485,-44.083,0.0,0.0,AB2C2D3,3.172
Mo2Te8Cr2,0.067,-0.19,0,pm2m,0.556,,0.98,0.556,,0.98,-4.199,-4.477,,-4.755,-69.139,0.0,0.0,ABC4,4.621
Cr2P2S8,0.0,-0.458,1,c2/m11,0.819,,2.404,0.819,,2.404,-4.966,-5.376,,-5.786,-67.666,-0.091,-0.097,ABC4,3.252
W2Cr2S8,0.014,-0.759,0,pm2m,0.941,,1.442,0.953,,1.442,-4.776,-5.246,,-5.717,-83.52,0.0,0.0,ABC4,4.443
W2Cr2Se8,0.015,-0.525,0,pm2m,0.759,,1.203,0.759,,1.203,-4.327,-4.706,,-5.086,-75.952,0.0,0.0,ABC4,4.494
W2Te8Cr2,0.082,-0.093,0,pm2m,0.497,,0.876,0.497,,0.876,-4.143,-4.391,,-4.639,-68.544,0.0,0.0,ABC4,4.651
Cs2I2Cl8,0.0,-0.86,0,p4/mbm,2.481,,3.62,2.481,,3.62,-4.834,-6.075,,-7.316,-29.221,0.0,0.0,ABC4,1.436
Cs2I2F8,0.0,-1.978,0,p4/mbm,3.294,,4.762,3.294,,4.762,-4.18,-5.827,,-7.474,-41.057,0.0,0.0,ABC4,1.24
Fe2Se2O8,0.073,-0.846,1,pm2_1n,0.4,,2.323,0.4,,2.323,-5.132,-5.332,,-5.532,-76.2,1.844,2.38,ABC4,1.562
I2Cu2SeCl3,0.035,-0.293,0,p1,0.0,,,0.0,,,,-5.831,,,-21.488,0.0,0.0,AB2C2D3,2.605
Hf2Ge2S8,0.061,-0.909,0,pm2_1n,1.21,,2.006,1.274,,2.068,-4.289,-4.893,,-5.498,-67.571,0.0,0.0,ABC4,2.074
Hf2Ge2Se8,0.022,-0.785,0,pm2_1n,1.072,,1.759,1.154,,1.784,-4.059,-4.594,,-5.13,-61.327,0.0,0.0,ABC4,2.167
Hf2Te8Ge2,0.008,-0.464,0,pm2_1n,0.565,,1.067,0.578,,1.067,-3.96,-4.243,,-4.525,-55.247,0.0,0.0,ABC4,2.303
Co2As4Br4O6,0.046,-0.858,1,p2_1/m11,0.801,,3.781,0.854,,3.781,-4.837,-5.238,,-5.638,-85.927,0.003,-0.595,AB2C2D3,1.975
Co2As4Cl4O6,0.05,-0.946,1,p2_1/m11,0.82,,3.906,0.869,,3.906,-4.858,-5.267,,-5.677,-88.138,0.286,-0.474,AB2C2D3,1.882
I4Co2As4O6,0.077,-0.741,1,p2_1/m11,0.762,,3.183,0.817,,3.342,-4.705,-5.086,,-5.467,-83.624,-0.688,-1.32,AB2C2D3,2.222
Zr2Ge2S8,0.026,-0.94,0,pm2_1n,1.088,,1.954,1.128,,1.995,-4.446,-4.99,,-5.535,-67.74,0.0,0.0,ABC4,2.056
Zr2Ge2Se8,0.0,-0.828,0,pm2_1n,0.999,,1.776,1.086,,1.835,-4.177,-4.676,,-5.176,-61.63,0.0,0.0,ABC4,2.15
Zr2Te8Ge2,0.007,-0.522,0,pm2_1n,0.522,,1.116,0.553,,1.116,-4.032,-4.293,,-4.554,-55.739,0.0,0.0,ABC4,2.286
Hf2Mn2Br8,0.161,-0.949,1,p-1,0.442,,1.091,0.495,,1.109,-3.914,-4.135,,-4.356,-58.511,0.368,0.695,ABC4,3.218
Bi4I4Co2O6,0.102,-0.879,1,p2_1/m11,0.62,,2.811,0.62,,2.811,-4.394,-4.704,,-5.014,-85.88,3.472,1.194,AB2C2D3,2.339
Hf2Te8Si2,0.012,-0.43,0,pm2_1n,0.611,,1.157,0.611,,1.157,-3.922,-4.228,,-4.533,-56.612,0.0,0.0,ABC4,2.31
Hf2Sn2S8,0.078,-0.919,0,pm2_1n,1.183,,1.977,1.256,,2.037,-4.29,-4.882,,-5.473,-66.779,0.0,0.0,ABC4,2.045
Sb4Co2Br4O6,0.02,-1.018,1,p2_1/m11,0.831,,3.435,0.867,,3.435,-4.442,-4.858,,-5.273,-87.461,1.148,0.593,AB2C2D3,2.075
Hf2Sn2Se8,0.044,-0.804,0,pm2_1n,0.946,,1.614,1.067,,1.662,-4.093,-4.566,,-5.039,-60.637,0.0,0.0,ABC4,2.136
Hf2Sn2Te8,0.033,-0.488,0,pm2_1n,0.507,,0.973,0.544,,0.998,-3.996,-4.249,,-4.503,-54.624,0.0,0.0,ABC4,2.274
Sb4Co2Cl4O6,0.016,-1.108,1,p2_1/m11,0.861,,3.522,0.906,,3.522,-4.361,-4.792,,-5.222,-89.69,1.147,0.479,AB2C2D3,1.995
Hf2Ti2Se8,0.16,-1.08,0,pm2a,0.646,,1.61,0.651,,1.633,-5.521,-5.843,,-6.166,-69.214,0.0,0.0,ABC4,3.99
Hf2Te8Ti2,0.129,-0.636,0,pm2m,0.037,,0.692,0.104,,0.732,-5.15,-5.168,,-5.187,-61.667,0.0,0.0,ABC4,4.149
Sb4I4Co2O6,0.025,-0.9,1,p2_1/m11,0.801,,3.324,0.832,,3.414,-4.457,-4.857,,-5.257,-85.148,0.688,0.133,AB2C2D3,2.319
Hf2Zr2Se8,0.161,-1.2,0,pm2a,0.841,,1.715,0.867,,1.757,-5.435,-5.855,,-6.276,-72.086,0.0,0.0,ABC4,4.025
Hf2Zr2Te8,0.121,-0.742,0,pm2m,0.166,,0.717,0.22,,0.764,-5.145,-5.228,,-5.31,-64.367,0.0,0.0,ABC4,4.174
I2K2Cl8,0.002,-0.815,0,p4/mbm,2.455,,3.571,2.455,,3.571,-5.033,-6.26,,-7.488,-29.459,0.0,0.0,ABC4,1.472
Rb2I2Cl8,0.0,-0.832,0,p4/mbm,2.476,,3.604,2.476,,3.604,-4.947,-6.185,,-7.423,-29.042,0.0,0.0,ABC4,1.43
Ni2As4Br4O6,0.077,-0.838,1,p-1,1.044,,3.921,1.088,,3.963,-5.019,-5.541,,-6.063,-83.646,-0.819,-0.553,AB2C2D3,1.881
Ni2As4Cl4O6,0.075,-0.928,1,p-1,1.208,,4.449,1.225,,4.449,-4.966,-5.57,,-6.174,-85.879,-0.419,-0.15,AB2C2D3,1.797
I4Ni2As4O6,0.095,-0.716,1,p-1,0.594,,2.672,0.643,,2.672,-5.033,-5.33,,-5.627,-81.27,-1.264,-1.107,AB2C2D3,2.134
Bi4Ni2Br4O6,0.057,-0.941,1,p-1,0.825,,3.696,0.851,,3.726,-4.55,-4.963,,-5.375,-85.333,-0.12,0.778,AB2C2D3,1.985
Ir2Nb2S8,0.0,-0.818,0,p2_1/m11,0.361,,1.253,0.361,,1.253,-5.484,-5.664,,-5.845,-81.641,0.0,0.0,ABC4,2.17
Bi4I4Ni2O6,0.069,-0.812,1,p-1,0.605,,3.236,0.605,,3.263,-4.64,-4.943,,-5.245,-82.842,-3.825,-3.095,AB2C2D3,2.175
Ir2Nb2Te8,0.008,-0.424,0,p2_1/m11,0.047,,0.033,0.047,,0.043,-4.443,-4.466,,-4.489,-69.926,0.0,0.0,ABC4,2.39
Sb4Ni2Br4O6,0.031,-0.985,1,p-1,1.018,,3.717,1.064,,3.769,-4.71,-5.219,,-5.728,-84.956,-0.654,-0.404,AB2C2D3,1.979
Sb4Ni2Cl4O6,0.024,-1.079,1,p-1,1.23,,4.289,1.244,,4.289,-4.534,-5.149,,-5.763,-87.267,-0.28,-0.105,AB2C2D3,1.893
Ir2Ni2S8,0.065,-0.314,0,p-1,0.594,,1.363,0.644,,1.4,-5.119,-5.416,,-5.713,-69.436,0.0,0.0,ABC4,3.682
Ta2Ir2S8,0.0,-0.84,0,p2_1/m11,0.492,,1.331,0.492,,1.331,-5.352,-5.598,,-5.844,-80.883,0.0,0.0,ABC4,2.181
Sb4I4Ni2O6,0.05,-0.85,1,p-1,0.647,,3.036,0.669,,3.106,-4.882,-5.205,,-5.529,-82.37,-2.114,-2.171,AB2C2D3,2.175
Ta2Ir2Te8,0.007,-0.39,0,p2_1/m11,0.047,,0.119,0.047,,0.132,-4.312,-4.336,,-4.359,-68.501,0.0,0.0,ABC4,2.394
Mo2V2S8,0.02,-0.88,0,pm2m,0.0,,,0.0,,,,-5.98,,,-82.641,0.0,0.0,ABC4,4.251
Mo2V2Se8,0.028,-0.68,1,pm2m,0.0,,,0.0,,,,-5.439,,,-75.478,0.731,0.734,ABC4,4.355
Mo2Te8V2,0.03,-0.281,1,pm2m,0.0,,,0.0,,,,-4.945,,,-68.463,3.043,3.347,ABC4,4.621
W2Mo2O8,0.005,-2.01,0,pm2m,1.083,,1.84,1.517,,2.353,-5.441,-5.982,,-6.523,-110.488,0.0,0.0,ABC4,4.031
W2Mo2S8,0.0,-0.9,0,pm2m,1.532,,2.062,1.532,,2.062,-4.172,-4.938,,-5.704,-88.804,0.0,0.0,ABC4,4.584
W2Mo2Se8,0.0,-0.653,0,pm2m,1.27,,1.749,1.27,,1.749,-3.782,-4.417,,-5.052,-81.079,0.0,0.0,ABC4,4.635
W2Mo2Te8,0.011,-0.207,0,pm2m,0.862,,1.279,0.862,,1.279,-3.743,-4.173,,-4.604,-73.497,0.0,0.0,ABC4,4.791
Mo2Zn2O8,0.054,-1.845,0,p112/a,2.915,,4.853,3.062,,4.948,-4.693,-6.151,,-7.608,-87.906,0.0,0.0,ABC4,2.059
Nb2Rh2Te8,0.0,-0.477,0,p2_1/m11,0.081,,,0.081,,,-4.498,-4.538,,-4.579,-66.314,0.0,0.0,ABC4,2.342
Sb4I4Zn2O6,0.001,-1.081,0,pm2_1n,2.319,,3.35,2.335,,3.378,-4.165,-5.325,,-6.484,-73.953,0.0,0.0,AB2C2D3,2.461
Hf2Ti2Br3S4Cl,0.0,-1.497,0,p1,0.0,,,0.0,,,,-4.97,,,-69.208,0.0,0.0,AB2C2D3E4,4.053
Ir2Pd2Br3S4Cl,0.059,-0.374,0,pm11,0.0,,,0.0,,,,-5.521,,,-53.535,0.0,0.0,AB2C2D3E4,3.997
Hf4Se2Br3S2Cl,0.008,-1.443,0,cmm2,0.0,,,0.0,,,,-4.647,,,-68.996,0.0,0.0,AB2C2D3E4,4.144
Sb2P2O8,0.005,-1.864,0,p2_1/m11,4.374,,5.77,4.475,,5.904,-2.357,-4.544,,-6.731,-82.903,0.0,0.0,ABC4,1.452
Sc2P2S8,0.0,-0.949,0,p-1,1.896,,3.2,2.0,,3.322,-4.616,-5.563,,-6.511,-64.063,0.0,0.0,ABC4,1.896
Sc2Se8P2,0.0,-0.746,0,p-1,1.171,,2.154,1.171,,2.154,-4.721,-5.307,,-5.892,-56.868,0.0,0.0,ABC4,1.949
Ta2Rh2S8,0.0,-0.849,0,p2_1/m11,0.463,,1.231,0.463,,1.231,-5.44,-5.672,,-5.903,-76.737,0.0,0.0,ABC4,2.105
Ta2Rh2Te8,0.0,-0.444,0,p2_1/m11,0.076,,0.001,0.076,,0.001,-4.372,-4.41,,-4.448,-64.89,0.0,0.0,ABC4,2.343
Zr2Se8Si2,0.094,-0.815,0,pm2_1n,1.012,,1.787,1.073,,1.82,-4.106,-4.612,,-5.118,-63.241,0.0,0.0,ABC4,2.165
Zr2Te8Si2,0.005,-0.487,0,pm2_1n,0.574,,1.191,0.574,,1.191,-3.986,-4.272,,-4.559,-57.088,0.0,0.0,ABC4,2.296
Zr2Sn2S8,0.043,-0.954,0,pm2_1n,1.072,,1.937,1.111,,1.97,-4.42,-4.956,,-5.491,-66.997,0.0,0.0,ABC4,2.029
Zr2Sn2Se8,0.012,-0.851,0,pm2_1n,0.887,,1.636,0.99,,1.694,-4.184,-4.628,,-5.072,-60.991,0.0,0.0,ABC4,2.123
Zr2Sn2Te8,0.012,-0.551,0,pm2_1n,0.498,,1.029,0.568,,1.087,-4.042,-4.291,,-4.54,-55.173,0.0,0.0,ABC4,2.263
Bi2I4GeSe2,0.007,-0.411,0,cm11,0.763,,1.419,0.896,,1.57,-5.053,-5.434,,-5.816,-30.444,0.0,0.0,AB2C2D4,3.305
Zr2Te8Ti2,0.118,-0.68,0,pm2m,0.117,,0.744,0.159,,0.777,-5.155,-5.213,,-5.272,-61.981,0.0,0.0,ABC4,4.13
W2V2S8,0.014,-0.862,0,pm2m,0.0,,,0.0,,,,-5.873,,,-82.992,0.0,0.0,ABC4,4.305
W2V2Se8,0.024,-0.627,1,pm2m,0.0,,,0.0,,,,-5.351,,,-75.404,-2.498,-2.525,ABC4,4.4
W2Te8V2,0.045,-0.184,1,pm2m,0.0,,,0.0,,,,-4.86,,,-67.87,7.869,7.858,ABC4,4.692
W2Zn2O8,0.021,-1.98,0,p112/a,3.37,,5.335,3.514,,5.375,-4.242,-5.927,,-7.612,-90.088,0.0,0.0,ABC4,2.101
I4KAlO12,0.031,-0.683,0,p-1,3.107,,4.572,3.107,,4.61,-3.996,-5.55,,-7.103,-84.661,0.0,0.0,ABC4D12,2.051
Au2C4O8F4,0.025,-1.192,0,p2_1/b11,0.0,,,0.0,,,,-5.895,,,-111.936,0.0,0.0,AB2C2D4,0.88
I4AlLiO12,0.029,-0.685,0,p-1,2.704,,4.112,2.76,,4.272,-4.719,-6.071,,-7.423,-85.364,0.0,0.0,ABC4D12,2.323
I4NaAlO12,0.029,-0.676,0,p-1,2.813,,4.269,2.819,,4.369,-4.604,-6.011,,-7.418,-84.623,0.0,0.0,ABC4D12,2.23
Ca2Br4O4H8,0.0,-1.429,0,pman,4.906,,6.093,4.954,,6.15,-2.397,-4.85,,-7.303,-83.183,0.0,0.0,AB2C2D4,1.203
Ca2Br4S4H8,0.0,-0.82,0,pman,4.708,,5.884,4.708,,5.884,-2.233,-4.587,,-6.942,-68.033,0.0,0.0,AB2C2D4,1.415
Ca2Cl4O4H8,0.006,-1.534,0,pman,5.714,,7.085,5.762,,7.148,-2.166,-5.023,,-7.88,-85.86,0.0,0.0,AB2C2D4,1.195
Ca2S4Cl4H8,0.009,-0.922,0,pman,5.219,,6.475,5.243,,6.497,-2.036,-4.646,,-7.255,-70.673,0.0,0.0,AB2C2D4,1.439
Ca2O4F4H8,0.064,-2.014,0,pman,6.025,,7.966,6.025,,7.966,-2.159,-5.172,,-8.184,-93.712,0.0,0.0,AB2C2D4,1.185
Ca2S4F4H8,0.073,-1.396,0,pman,5.072,,6.255,5.072,,6.255,-2.07,-4.606,,-7.142,-78.413,0.0,0.0,AB2C2D4,1.579
I4Ca2O4H8,0.0,-1.292,0,pman,4.191,,5.179,4.213,,5.199,-2.349,-4.445,,-6.541,-80.295,0.0,0.0,AB2C2D4,1.334
I4KGaO12,0.026,-0.526,0,p-1,2.984,,4.402,2.994,,4.405,-4.143,-5.635,,-7.127,-80.999,0.0,0.0,ABC4D12,2.038
I4Ca2S4H8,0.0,-0.685,0,pman,3.93,,5.166,3.93,,5.166,-2.353,-4.318,,-6.283,-65.181,0.0,0.0,AB2C2D4,1.487
I4GaLiO12,0.02,-0.532,0,p-1,2.69,,4.051,2.769,,4.197,-4.732,-6.077,,-7.422,-81.777,0.0,0.0,ABC4D12,2.301
I4GaNaO12,0.019,-0.522,0,p-1,2.731,,4.098,2.776,,4.133,-4.695,-6.06,,-7.426,-81.02,0.0,0.0,ABC4D12,2.206
InI4LiO12,0.0,-0.548,0,p-1,2.788,,4.136,2.86,,4.311,-4.238,-5.632,,-7.026,-81.915,0.0,0.0,ABC4D12,2.31
Sr2Br4O4H8,0.01,-1.444,0,pman,4.809,,5.989,4.821,,6.004,-2.464,-4.869,,-7.273,-82.768,0.0,0.0,AB2C2D4,1.2
Sr2Br4S4H8,0.003,-0.842,0,pman,4.689,,5.813,4.689,,5.813,-2.343,-4.688,,-7.032,-67.746,0.0,0.0,AB2C2D4,1.415
Sr2Cl4O4H8,0.023,-1.544,0,pman,5.57,,6.943,5.627,,6.991,-2.249,-5.034,,-7.819,-85.378,0.0,0.0,AB2C2D4,1.193
InI4NaO12,0.0,-0.517,0,p-1,2.81,,4.2,2.839,,4.234,-4.652,-6.057,,-7.462,-80.775,0.0,0.0,ABC4D12,2.204
Sr2O4F4H8,0.074,-2.005,0,pman,5.779,,7.695,5.779,,7.695,-2.233,-5.123,,-8.012,-92.876,0.0,0.0,AB2C2D4,1.182
Sr2I4O4H8,0.0,-1.31,0,pman,4.111,,5.091,4.115,,5.095,-2.435,-4.49,,-6.545,-79.944,0.0,0.0,AB2C2D4,1.323
TlI4LiO12,0.0,-0.395,0,p-1,2.17,,3.421,2.198,,3.459,-5.239,-6.324,,-7.409,-78.906,0.0,0.0,ABC4D12,2.258
Sr2I4S4H8,0.0,-0.71,0,pman,4.042,,4.991,4.053,,5.002,-2.328,-4.349,,-6.369,-64.943,0.0,0.0,AB2C2D4,1.488
TlI4NaO12,0.006,-0.388,0,p-1,2.078,,3.313,2.108,,3.364,-5.364,-6.403,,-7.442,-78.198,0.0,0.0,ABC4D12,2.174
K2B2O8H8,0.027,-1.564,0,p-1,4.387,,6.126,4.387,,6.126,-1.237,-3.431,,-5.624,-114.727,0.0,0.0,ABC4D4,0.829
K2S8B2H8,0.0,-0.483,0,p-1,4.058,,5.161,4.058,,5.161,-1.63,-3.659,,-5.688,-84.724,0.0,0.0,ABC4D4,1.089
Li2B2O8H8,0.028,-1.594,0,p-1,4.88,,6.616,4.88,,6.616,-1.171,-3.611,,-6.05,-116.658,0.0,0.0,ABC4D4,0.915
Na2B2O8H8,0.014,-1.563,0,p-1,4.681,,6.454,4.681,,6.454,-1.308,-3.649,,-5.99,-114.864,0.0,0.0,ABC4D4,0.829
Na2S8B2H8,0.0,-0.448,0,p-1,4.088,,5.21,4.088,,5.21,-1.618,-3.662,,-5.707,-84.211,0.0,0.0,ABC4D4,1.116
CdCl2C4N2H4,0.141,-0.27,0,p2/m11,2.176,,3.619,2.318,,3.798,-4.154,-5.242,,-6.33,-74.89,0.0,0.0,AB2C2D4E4,1.316
In8I6BrS4Cl,0.037,-0.567,0,cm11,1.284,,1.965,1.353,,2.062,-4.592,-5.234,,-5.876,-61.999,0.0,0.0,ABC4D6E8,3.891
I6Sc8Se4SCl,0.0,-1.523,0,p1,0.0,,,0.0,,,,-3.989,,,-96.404,0.0,0.0,ABC4D6E8,4.789
Ti8SeSCl6N4,0.002,-1.605,0,pm11,0.0,,,0.0,,,,-4.721,,,-137.296,0.0,0.0,ABC4D6E8,5.269
Mo2As2O10,0.087,-1.544,1,p4/n,0.0,,,0.0,,,,-5.866,,,-104.59,-0.181,-0.181,ABC5,1.532
Nb2Cr2S10,0.0,-0.761,1,p2_1/m11,0.0,,,0.0,,,,-4.92,,,-90.905,-0.158,-0.092,ABC5,2.416
Nb2Cr2Se10,0.005,-0.613,1,p2_1/m11,0.0,,,0.0,,,,-4.653,,,-82.886,0.154,-0.41,ABC5,2.541
Nb2Te10Cr2,0.003,-0.313,1,p2_1/m11,0.075,,0.029,0.096,,0.029,-4.281,-4.318,,-4.355,-75.895,2.128,-0.773,ABC5,2.741
I2Mn7GaBr4S4Cl2,0.067,-0.603,1,p1,0.129,,,0.222,,,-5.047,-5.111,,-5.175,-112.15,0.443,0.262,AB2C2D4E4F7,4.247
Ta2Cr2S10,0.017,-0.753,1,p2_1/m11,0.0,,,0.0,,,,-4.853,,,-89.779,-0.172,-0.049,ABC5,2.42
Ta2Cr2Se10,0.004,-0.593,1,p2_1/m11,0.0,,,0.0,,,,-4.613,,,-81.58,0.411,0.312,ABC5,2.554
Ta2Te10Cr2,0.006,-0.267,1,p2_1/m11,0.014,,,0.045,,,-4.243,-4.25,,-4.256,-74.238,1.774,1.474,ABC5,2.738
Mo2P2O10,0.0,-2.064,1,p4/n,1.04,,3.024,1.11,,3.047,-4.853,-5.373,,-5.893,-113.273,-0.174,-0.174,ABC5,1.465
Mo2V2O10,0.0,-2.166,1,p4/n,0.003,,1.837,0.003,,1.837,-5.67,-5.671,,-5.673,-121.016,-0.081,-0.081,ABC5,1.328
Nb2Ni2S10,0.052,-0.565,0,pmma,0.0,,,0.0,,,,-5.97,,,-83.837,0.0,0.0,ABC5,2.052
Nb2Ni2Se10,0.0,-0.531,0,pmma,0.0,,,0.0,,,,-5.37,,,-77.414,0.0,0.0,ABC5,2.138
Nb2Te10Ni2,0.013,-0.338,0,pmma,0.0,,,0.0,,,,-4.711,,,-71.934,0.0,0.0,ABC5,2.232
Nb2Pd2S10,0.077,-0.542,0,pmma,0.0,,,0.0,,,,-5.897,,,-76.659,0.0,0.0,ABC5,2.061
Nb2Pd2Se10,0.011,-0.537,0,pmma,0.0,,,0.0,,,,-5.276,,,-70.632,0.0,0.0,ABC5,2.117
Nb2Pd2Te10,0.006,-0.385,0,pmma,0.0,,,0.0,,,,-4.686,,,-65.733,0.0,0.0,ABC5,2.216
Pt2Nb2S10,0.056,-0.597,0,pmma,0.0,,,0.0,,,,-5.915,,,-82.504,0.0,0.0,ABC5,2.096
Pt2Nb2Se10,0.01,-0.569,0,pmma,0.0,,,0.0,,,,-5.269,,,-76.15,0.0,0.0,ABC5,2.149
NiCl2C6N2H4,0.181,-0.081,1,pm2m,0.858,,2.638,1.013,,2.882,-4.289,-4.717,,-5.146,-97.36,0.071,0.437,AB2C2D4E6,1.165
Pt2Nb2Te10,0.0,-0.412,0,pmma,0.0,,,0.0,,,,-4.709,,,-71.183,0.0,0.0,ABC5,2.265
Ta2Ni2S10,0.06,-0.58,0,pmma,0.0,,,0.0,,,,-6.004,,,-83.029,0.0,0.0,ABC5,2.062
Ta2Ni2Se10,0.0,-0.524,0,pmma,0.0,,,0.0,,,,-5.356,,,-76.286,0.0,0.0,ABC5,2.146
Ta2Te10Ni2,0.012,-0.301,0,pmma,0.0,,,0.0,,,,-4.695,,,-70.387,0.0,0.0,ABC5,2.237
V2P2O10,0.0,-2.218,0,p4/nmm,1.566,,4.032,1.785,,4.38,-6.12,-6.903,,-7.687,-110.067,0.0,0.0,ABC5,1.341
Ta2Pd2S10,0.073,-0.559,0,pmma,0.0,,,0.0,,,,-5.937,,,-75.878,0.0,0.0,ABC5,2.073
Ta2Pd2Se10,0.0,-0.531,0,pmma,0.0,,,0.0,,,,-5.269,,,-69.532,0.0,0.0,ABC5,2.126
Ta2Pd2Te10,0.0,-0.351,0,pmma,0.0,,,0.0,,,,-4.677,,,-64.236,0.0,0.0,ABC5,2.207
Ta2Pt2S10,0.049,-0.615,0,pmma,0.0,,,0.0,,,,-5.959,,,-81.733,0.0,0.0,ABC5,2.108
Ta2Pt2Se10,0.002,-0.564,0,pmma,0.0,,,0.0,,,,-5.293,,,-75.061,0.0,0.0,ABC5,2.16
Ta2Pt2Te10,0.007,-0.377,0,pmma,0.0,,,0.0,,,,-4.683,,,-69.665,0.0,0.0,ABC5,2.254
Ta2Te10V2,0.015,-0.3,1,p2_1/m11,0.003,,,0.051,,,-4.264,-4.265,,-4.267,-72.927,-1.512,-1.98,ABC5,2.783
W2V2O10,0.033,-2.246,1,p4/n,0.386,,2.642,0.386,,2.642,-5.242,-5.435,,-5.628,-122.7,-0.212,-0.212,ABC5,1.335
K2Se2MgO8H4,0.0,-1.405,0,p-1,4.373,,5.701,4.389,,5.715,-1.263,-3.45,,-5.636,-89.199,0.0,0.0,AB2C2D4E8,1.384
K2Se2MgS8H4,0.084,-0.404,0,p-1,1.957,,2.966,1.957,,2.966,-3.269,-4.247,,-5.226,-63.81,0.0,0.0,AB2C2D4E8,1.522
AuAgF6,0.0,-1.156,0,cmmm,0.181,,0.272,0.2,,0.272,-7.901,-7.991,,-8.082,-24.741,0.0,0.0,ABC6,1.976
Te2K2MgO8H4,0.02,-1.461,0,p-1,3.982,,5.31,4.037,,5.392,-1.688,-3.679,,-5.67,-89.595,0.0,0.0,AB2C2D4E8,1.423
Te2K2MgS8H4,0.046,-0.462,0,p-1,2.345,,3.338,2.345,,3.338,-3.093,-4.265,,-5.437,-64.251,0.0,0.0,AB2C2D4E8,1.618
AgGeCl6,0.109,-0.612,1,c211,0.272,,1.23,0.377,,1.322,-6.761,-6.897,,-7.033,-22.963,-0.046,-0.02,ABC6,2.596
AgGeF6,0.0,-2.047,1,p-1,0.575,,2.553,0.773,,2.72,-8.231,-8.518,,-8.806,-33.248,-0.403,-0.527,ABC6,1.166
MgS2Li2O8H4,0.063,-1.567,0,p-1,4.729,,6.02,4.849,,6.148,-1.075,-3.44,,-5.804,-94.481,0.0,0.0,AB2C2D4E8,1.41
PtAgBr6,0.0,-0.29,0,c211,0.0,,,0.0,,,,-6.404,,,-21.023,0.0,0.0,ABC6,2.64
Se2MgLi2O8H4,0.006,-1.42,0,p-1,4.649,,6.07,4.738,,6.176,-1.308,-3.633,,-5.958,-90.8,0.0,0.0,AB2C2D4E8,1.407
Te2MgLi2O8H4,0.044,-1.481,0,p-1,4.041,,5.434,4.225,,5.637,-1.658,-3.678,,-5.699,-91.271,0.0,0.0,AB2C2D4E8,1.383
Te2MgS8Li2H4,0.052,-0.433,0,p-1,2.083,,3.019,2.083,,3.019,-3.573,-4.615,,-5.656,-65.084,0.0,0.0,AB2C2D4E8,1.765
AuSnF6,0.0,-1.94,1,p-1,0.564,,2.42,0.768,,2.638,-7.319,-7.601,,-7.883,-32.23,-2.304,-3.336,ABC6,1.196
AuTlI6,0.058,-0.139,0,c211,0.622,,1.359,0.709,,1.44,-5.356,-5.668,,-5.979,-15.611,0.0,0.0,ABC6,2.821
Na2MgS2O8H4,0.053,-1.541,0,p-1,4.454,,5.738,4.483,,5.771,-1.155,-3.382,,-5.609,-92.874,0.0,0.0,AB2C2D4E8,1.327
Se2Na2MgO8H4,0.0,-1.399,0,p-1,4.574,,5.983,4.611,,5.999,-1.378,-3.665,,-5.953,-89.268,0.0,0.0,AB2C2D4E8,1.342
Se2Na2MgS8H4,0.08,-0.374,0,p-1,2.104,,3.123,2.111,,3.128,-3.449,-4.501,,-5.553,-63.479,0.0,0.0,AB2C2D4E8,1.579
ZrCoBr6,0.0,-0.993,1,c211,0.388,,2.696,0.412,,2.71,-5.182,-5.376,,-5.57,-33.085,-0.025,-0.156,ABC6,2.952
Te2Na2MgO8H4,0.016,-1.453,0,p-1,3.996,,5.384,4.086,,5.459,-1.828,-3.826,,-5.824,-89.638,0.0,0.0,AB2C2D4E8,1.397
Te2Na2MgS8H4,0.024,-0.43,0,p-1,2.339,,3.344,2.34,,3.351,-3.274,-4.444,,-5.613,-63.881,0.0,0.0,AB2C2D4E8,1.663
Cu2Se5P2S,0.021,-0.113,0,p1,0.0,,,0.0,,,,-5.436,,,-40.699,0.0,0.0,AB2C2D5,3.572
MnCuCl6,0.0,-0.73,1,c211,0.546,,2.258,0.558,,2.278,-6.486,-6.759,,-7.032,-29.94,0.002,0.047,ABC6,2.69
HfFeBr6,0.0,-0.957,0,p312,0.938,,3.395,0.948,,3.428,-4.235,-4.705,,-5.174,-33.713,0.0,0.0,ABC6,3.06
HfFeH6,0.055,-0.139,0,p3m1,1.741,,3.294,1.741,,3.294,-3.502,-4.372,,-5.242,-37.605,0.0,0.0,ABC6,1.948
HfI6Fe,0.103,-0.521,0,p312,0.781,,2.795,0.803,,2.795,-4.068,-4.458,,-4.849,-29.587,0.0,0.0,ABC6,3.422
ZrFeBr6,0.0,-0.961,0,p312,0.871,,3.164,0.891,,3.197,-4.379,-4.815,,-5.25,-33.638,0.0,0.0,ABC6,3.062
ZrFeCl6,0.108,-1.32,0,p312,1.048,,3.545,1.065,,3.564,-4.582,-5.106,,-5.631,-37.715,0.0,0.0,ABC6,3.093
ZrFeH6,0.098,-0.137,0,p3m1,1.61,,3.173,1.61,,3.173,-3.599,-4.404,,-5.209,-37.489,0.0,0.0,ABC6,1.92
ZrI6Fe,0.09,-0.535,0,p312,0.661,,2.598,0.679,,2.598,-4.248,-4.578,,-4.909,-29.598,0.0,0.0,ABC6,3.399
PdGaBr6,0.028,-0.544,1,c211,0.355,,1.429,0.469,,1.499,-5.687,-5.864,,-6.042,-20.586,-0.502,-0.037,ABC6,2.763
MnGeCl6,0.095,-0.887,1,p312,0.273,,2.129,0.348,,2.147,-5.513,-5.65,,-5.786,-32.042,0.043,-0.195,ABC6,2.73
Mo2KBr6O2,0.0,-1.218,0,pmmm,0.0,,,0.0,,,,-5.672,,,-56.773,0.0,0.0,AB2C2D6,1.701
HfMnBr6,0.0,-1.209,1,p312,0.016,,,0.075,,,-4.935,-4.943,,-4.951,-36.398,0.099,-0.54,ABC6,2.786
Mo2I6KO2,0.025,-0.912,0,pmmm,0.0,,,0.0,,,,-4.868,,,-52.78,0.0,0.0,AB2C2D6,1.959
HfMnCl6,0.0,-1.575,1,p312,0.034,,,0.08,,,-5.223,-5.24,,-5.257,-40.534,0.54,-2.388,ABC6,2.752
HfI6Mn,0.0,-0.743,1,p312,1.359,,2.788,1.359,,2.788,-4.207,-4.887,,-5.566,-32.04,-0.098,-0.094,ABC6,3.218
HfNiBr6,0.0,-1.047,1,p312,1.355,,,1.375,,,-5.168,-5.845,,-6.523,-32.639,0.017,0.015,ABC6,2.889
W2KBr6O2,0.0,-1.238,0,pmmm,0.0,,,0.0,,,,-5.254,,,-57.569,0.0,0.0,AB2C2D6,1.724
W2KCl6O2,0.0,-1.503,0,pmmm,0.0,,,0.0,,,,-5.596,,,-61.686,0.0,0.0,AB2C2D6,1.687
W2I6KO2,0.023,-0.902,0,pmmm,0.0,,,0.0,,,,-4.629,,,-53.23,0.0,0.0,AB2C2D6,1.977
HfNiCl6,0.0,-1.395,1,p312,1.62,,4.523,1.62,,4.576,-5.488,-6.298,,-7.108,-36.627,-0.035,-0.032,ABC6,2.885
HfNiF6,0.024,-3.035,1,p312,1.91,,6.181,1.924,,6.188,-5.686,-6.641,,-7.596,-48.551,-0.032,-0.027,ABC6,2.208
HfI6Ni,0.011,-0.616,1,p312,0.862,,,0.915,,,-4.8,-5.231,,-5.662,-28.555,0.492,0.491,ABC6,3.287
HfPdBr6,0.0,-0.988,1,p312,0.642,,2.003,0.658,,2.031,-5.432,-5.753,,-6.074,-28.739,0.151,0.15,ABC6,2.868
HfPdCl6,0.05,-1.293,1,p312,0.805,,2.459,0.845,,2.499,-5.827,-6.229,,-6.632,-32.379,-0.117,-0.12,ABC6,2.855
HfPdF6,0.075,-2.811,1,p312,1.38,,3.959,1.442,,4.004,-6.584,-7.274,,-7.964,-43.338,-0.131,-0.142,ABC6,2.16
HfPdI6,0.061,-0.613,1,p312,0.384,,1.368,0.386,,1.376,-4.985,-5.177,,-5.369,-25.103,2.055,2.056,ABC6,3.263
HfZnF6,0.025,-3.284,0,p312,5.932,,8.573,5.932,,8.573,-3.721,-6.687,,-9.653,-44.48,0.0,0.0,ABC6,2.216
InMnBr6,0.0,-0.77,1,c211,0.394,,1.721,0.428,,1.769,-5.91,-6.107,,-6.304,-28.144,-0.547,-0.324,ABC6,2.707
NbInBr6,0.006,-0.911,0,p312,0.792,,1.473,0.792,,1.474,-5.064,-5.46,,-5.856,-29.883,0.0,0.0,ABC6,2.498
TlInCl6,0.0,-0.924,0,p312,2.553,,3.724,2.56,,3.724,-5.594,-6.87,,-8.146,-23.363,0.0,0.0,ABC6,2.732
Mo2Br6NaO2,0.0,-1.181,0,pmmm,0.0,,,0.0,,,,-5.7,,,-56.461,0.0,0.0,AB2C2D6,1.7
Mo2NaCl6O2,0.0,-1.421,0,pmmm,0.0,,,0.0,,,,-6.171,,,-60.305,0.0,0.0,AB2C2D6,1.662
Mo2I6NaO2,0.019,-0.877,0,pmmm,0.0,,,0.0,,,,-4.884,,,-52.481,0.0,0.0,AB2C2D6,1.971
NbBr6Li,0.0,-1.079,0,p312,1.552,,2.937,1.558,,2.956,-5.466,-6.242,,-7.018,-30.358,0.0,0.0,ABC6,2.579
ScMnBr6,0.0,-1.224,1,c211,0.521,,1.826,0.554,,1.867,-5.877,-6.138,,-6.398,-33.676,-0.283,-0.079,ABC6,2.696
ZrMnBr6,0.0,-1.209,1,p312,1.643,,3.584,1.643,,3.584,-4.535,-5.356,,-6.178,-36.295,-0.042,-0.042,ABC6,2.795
W2Br6NaO2,0.0,-1.2,0,pmmm,0.0,,,0.0,,,,-5.271,,,-57.235,0.0,0.0,AB2C2D6,1.723
W2NaCl6O2,0.0,-1.462,0,pmmm,0.0,,,0.0,,,,-5.634,,,-61.32,0.0,0.0,AB2C2D6,1.685
ZrI6Mn,0.0,-0.756,1,p312,1.052,,2.559,1.052,,2.559,-4.531,-5.057,,-5.583,-32.04,-0.142,-0.142,ABC6,3.201
OsMoCl6,0.047,-0.647,1,c211,0.819,,2.009,0.853,,2.044,-4.553,-4.962,,-5.371,-38.277,-0.533,-1.161,ABC6,3.279
PdNiF6,0.0,-1.554,1,c2/m11,0.424,,2.061,0.482,,2.205,-7.579,-7.79,,-8.002,-33.016,0.365,0.397,ABC6,2.174
ZrNiBr6,0.0,-1.047,1,p312,1.301,,,1.352,,,-5.2,-5.85,,-6.501,-32.536,-0.002,-0.005,ABC6,2.872
ZrNiCl6,0.003,-1.386,1,p312,1.598,,4.484,1.598,,4.539,-5.509,-6.308,,-7.107,-36.451,-0.035,-0.032,ABC6,2.869
ZrNiF6,0.033,-3.039,1,p312,1.9,,6.164,1.913,,6.174,-5.665,-6.615,,-7.565,-48.48,-0.023,-0.018,ABC6,2.194
ZrNiF6,0.162,-2.909,0,c211,0.409,,,0.417,,,-6.356,-6.561,,-6.766,-47.446,0.0,0.0,ABC6,2.038
ZrI6Ni,0.0,-0.628,1,p312,0.851,,2.561,0.899,,2.632,-4.832,-5.258,,-5.683,-28.548,0.39,0.387,ABC6,3.267
ZrP2O6H2,0.0,-2.17,0,p-3m1,4.28,,6.395,4.28,,6.395,-2.259,-4.4,,-6.54,-79.395,0.0,0.0,AB2C2D6,1.193
OsRuCl6,0.03,-0.444,0,c211,0.274,,1.196,0.276,,1.196,-5.276,-5.413,,-5.55,-34.92,0.0,0.0,ABC6,3.252
ZrPdBr6,0.0,-0.988,1,p312,0.628,,1.974,0.645,,2.005,-5.457,-5.771,,-6.085,-28.635,0.087,0.085,ABC6,2.854
ZrPdCl6,0.059,-1.284,1,p312,0.79,,2.434,0.831,,2.473,-5.849,-6.244,,-6.639,-32.202,-0.125,-0.129,ABC6,2.837
Hf2Ti2Br7Cl,0.009,-1.21,0,p1,0.529,,1.097,0.591,,1.154,-3.784,-4.048,,-4.313,-55.785,0.0,0.0,AB2C2D7,3.646
ZrPdF6,0.085,-2.815,1,p312,1.375,,3.952,1.441,,3.999,-6.575,-7.263,,-7.951,-43.263,-0.131,-0.142,ABC6,2.148
ZrPdI6,0.05,-0.625,1,p312,0.366,,1.341,0.369,,1.351,-5.016,-5.2,,-5.383,-25.095,1.703,1.704,ABC6,3.247
Nb2K2Br12,0.0,-1.159,0,p2_111,1.619,,3.052,1.623,,3.057,-5.302,-6.112,,-6.922,-60.657,0.0,0.0,ABC6,1.762
Nb2K2Cl12,0.0,-1.519,0,p2_111,2.41,,4.055,2.418,,4.064,-5.425,-6.63,,-7.835,-68.818,0.0,0.0,ABC6,1.717
Te2Fe3Ga,0.034,-0.15,1,p-6m2,0.0,,,0.0,,,,-4.342,,,-37.337,-1.293,-1.276,AB2C3,4.686
Nb2K2F12,0.0,-3.326,0,p2_1/m11,5.488,,8.177,5.491,,8.179,-4.66,-7.404,,-10.148,-95.354,0.0,0.0,ABC6,1.941
Nb2I12K2,0.009,-0.714,0,p2_111,0.615,,1.716,0.615,,1.716,-5.106,-5.414,,-5.722,-52.259,0.0,0.0,ABC6,2.114
Mn3GeS2,0.079,-0.259,1,p-6m2,0.0,,,0.0,,,,-4.728,,,-43.378,0.11,0.105,AB2C3,4.222
Ta2K2Br12,0.0,-1.205,0,p2_111,2.038,,3.385,2.04,,3.387,-4.954,-5.973,,-6.992,-60.372,0.0,0.0,ABC6,1.758
Ta2K2Cl12,0.0,-1.584,0,p2_111,2.886,,4.44,2.894,,4.447,-5.013,-6.456,,-7.899,-68.84,0.0,0.0,ABC6,1.719
Fe3GeSe2,0.052,-0.179,1,p-6m2,0.0,,,0.0,,,,-4.736,,,-39.682,-0.683,-0.673,AB2C3,4.553
Ta2K2F12,0.0,-3.387,0,p2_1/m11,6.08,,8.681,6.08,,8.681,-4.192,-7.232,,-10.272,-95.311,0.0,0.0,ABC6,1.998
Te2Co3Ge,0.027,-0.161,1,p-6m2,0.0,,,0.0,,,,-4.137,,,-36.577,0.028,-0.029,AB2C3,5.017
Te2Fe3Ge,0.021,-0.127,1,p-6m2,0.0,,,0.0,,,,-4.149,,,-38.81,-5.591,-5.567,AB2C3,4.867
Te2Mn3Ge,0.0,-0.138,1,p-6m2,0.0,,,0.0,,,,-4.321,,,-40.904,6.857,6.859,AB2C3,4.784
Te2Ni3Ge,0.01,-0.266,0,p-6m2,0.0,,,0.0,,,,-4.277,,,-34.265,0.0,0.0,AB2C3,4.841
Ta2I12K2,0.0,-0.735,0,p2_111,0.989,,2.053,0.989,,2.053,-4.875,-5.369,,-5.864,-51.57,0.0,0.0,ABC6,2.071
Hf2IBr3,0.041,-1.029,0,pm11,0.713,,1.165,0.743,,1.221,-2.582,-2.938,,-3.295,-27.418,0.0,0.0,AB2C3,4.055
Pb2IBr3,0.08,-0.818,0,pm11,1.955,,2.832,2.123,,3.061,-4.738,-5.716,,-6.694,-18.66,0.0,0.0,AB2C3,3.088
Nb2Cl12Li2,0.0,-1.444,0,p2_111,2.359,,4.007,2.359,,4.007,-5.267,-6.446,,-7.625,-68.954,0.0,0.0,ABC6,1.936
Nb2Li2F12,0.0,-3.285,0,p2_12_12,5.441,,8.141,5.441,,8.153,-4.693,-7.413,,-10.134,-96.038,0.0,0.0,ABC6,1.922
Nb2I12Li2,0.028,-0.628,0,p2_111,0.584,,1.686,0.584,,1.687,-5.064,-5.355,,-5.647,-52.227,0.0,0.0,ABC6,2.186
Ta2Cl12Li2,0.0,-1.505,0,p2_12_12,2.756,,4.317,2.756,,4.317,-4.93,-6.308,,-7.686,-68.91,0.0,0.0,ABC6,2.122
Ta2Li2F12,0.0,-3.347,0,p2_12_12,6.136,,8.725,6.153,,8.755,-4.244,-7.312,,-10.38,-95.999,0.0,0.0,ABC6,1.957
Ta2I12Li2,0.021,-0.646,0,p2_111,0.907,,1.962,0.907,,1.962,-4.835,-5.289,,-5.742,-51.484,0.0,0.0,ABC6,2.194
Nb2Br12Na2,0.0,-1.092,0,p2_111,1.485,,2.912,1.485,,2.912,-5.259,-6.001,,-6.744,-59.749,0.0,0.0,ABC6,1.832
Nb2Na2Cl12,0.0,-1.453,0,p2_111,2.287,,3.936,2.287,,3.936,-5.375,-6.518,,-7.662,-67.935,0.0,0.0,ABC6,1.811
Nb2Na2F12,0.0,-3.273,0,p2_12_12,5.539,,8.25,5.539,,8.251,-4.707,-7.477,,-10.246,-94.682,0.0,0.0,ABC6,1.81
Nb2I12Na2,0.019,-0.648,0,p2_111,0.552,,1.641,0.552,,1.641,-5.072,-5.349,,-5.625,-51.374,0.0,0.0,ABC6,2.16
Ta2Br12Na2,0.0,-1.136,0,p2_111,1.929,,3.277,1.929,,3.277,-4.922,-5.886,,-6.851,-59.431,0.0,0.0,ABC6,1.839
Ta2Na2F12,0.0,-3.336,0,p2_12_12,6.241,,8.85,6.245,,8.86,-4.216,-7.337,,-10.457,-94.668,0.0,0.0,ABC6,1.846
Ta2I12Na2,0.012,-0.666,0,p2_111,0.881,,1.931,0.881,,1.931,-4.847,-5.287,,-5.727,-50.645,0.0,0.0,ABC6,2.154
Mn2SeCl3,0.075,-0.838,1,pm11,0.308,,1.494,0.397,,1.611,-5.555,-5.709,,-5.864,-33.298,-0.138,0.306,AB2C3,3.005
Ni2SeS3,0.017,-0.284,0,cm11,0.255,,1.35,0.679,,1.657,-4.945,-5.072,,-5.2,-31.916,0.0,0.0,AB2C3,2.526
AgTeCuBr,0.063,-0.155,0,pm11,0.0,,,0.0,,,,-5.466,,,-11.926,0.0,0.0,ABCD,3.134
Fe3Se2Si,0.093,-0.268,1,p-6m2,0.0,,,0.0,,,,-4.606,,,-41.095,-1.364,-1.355,AB2C3,4.571
Te2Co3Si,0.077,-0.267,1,p-6m2,0.0,,,0.0,,,,-4.112,,,-38.096,-0.281,-0.299,AB2C3,5.081
Te2Mn3Si,0.048,-0.22,1,p-6m2,0.0,,,0.0,,,,-4.265,,,-42.276,6.788,6.788,AB2C3,4.856
Te2Ni3Si,0.051,-0.345,0,p-6m2,0.0,,,0.0,,,,-4.297,,,-35.62,0.0,0.0,AB2C3,4.967
SnTe2Ni3,0.06,-0.183,0,p-6m2,0.0,,,0.0,,,,-4.317,,,-33.308,0.0,0.0,AB2C3,4.596
Te2TiNi3,0.023,-0.414,0,cm11,0.0,,,0.0,,,,-4.184,,,-37.323,0.0,0.0,AB2C3,4.615
AuICuCl,0.05,-0.225,0,cm11,1.939,,3.695,1.986,,3.826,-3.516,-4.486,,-5.455,-10.97,0.0,0.0,ABCD,2.662
Pt4Cd2Te6,0.091,-0.323,0,p-3m1,0.114,,,0.198,,,-4.279,-4.336,,-4.393,-50.371,0.0,0.0,AB2C3,2.718
Zr4S6F2,0.066,-1.978,0,cm11,0.0,,,0.0,,,,-4.81,,,-80.986,0.0,0.0,AB2C3,3.481
AuPdSeCl,0.071,-0.264,0,pm11,0.744,,1.623,0.995,,1.949,-4.601,-4.973,,-5.345,-13.275,0.0,0.0,ABCD,2.705
Pt4Hg2Se6,0.063,-0.286,0,p-3m1,0.153,,0.195,0.177,,0.195,-4.753,-4.829,,-4.905,-51.521,0.0,0.0,AB2C3,2.641
Pt4Hg2Te6,0.073,-0.288,0,p-3m1,0.114,,0.212,0.157,,0.212,-4.588,-4.645,,-4.702,-49.876,0.0,0.0,AB2C3,2.753
In2Ni4Se6,0.092,-0.286,0,p-3m1,0.565,,0.773,0.577,,0.773,-4.271,-4.553,,-4.836,-58.842,0.0,0.0,AB2C3,1.793
In2Te6Ni4,0.056,-0.196,0,p-3m1,0.287,,0.293,0.37,,0.293,-4.23,-4.373,,-4.517,-56.097,0.0,0.0,AB2C3,1.854
Pd4In2Se6,0.088,-0.34,0,p-3m1,0.834,,1.29,0.874,,1.29,-4.26,-4.677,,-5.094,-45.777,0.0,0.0,AB2C3,1.784
Pd4In2Te6,0.063,-0.327,0,p-3m1,0.391,,0.58,0.451,,0.58,-4.257,-4.453,,-4.648,-43.961,0.0,0.0,AB2C3,1.827
BiTeCuSe,0.077,-0.16,0,p3m1,0.0,,0.339,0.0,,0.382,,-4.863,,,-15.679,0.0,0.0,ABCD,3.793
Pt4In2S6,0.083,-0.425,0,p-3m1,1.53,,2.306,1.563,,2.306,-3.686,-4.451,,-5.216,-60.513,0.0,0.0,AB2C3,1.833
Pt4In2Se6,0.041,-0.421,0,p-3m1,1.126,,1.689,1.188,,1.726,-3.92,-4.484,,-5.047,-56.892,0.0,0.0,AB2C3,1.849
Pt4In2Te6,0.027,-0.411,0,p-3m1,0.666,,0.98,0.762,,1.019,-3.938,-4.271,,-4.604,-55.107,0.0,0.0,AB2C3,1.899
Nb2Co4Se6,0.033,-0.518,1,p2_1/m11,0.0,,,0.0,,,,-4.786,,,-80.685,1.08,-0.292,AB2C3,2.216
Nb2Te6Co4,0.028,-0.308,1,p2_1/m11,0.0,,,0.0,,,,-4.431,,,-76.496,0.457,1.808,AB2C3,2.423
CdBrOH,0.053,-0.968,0,p3m1,1.645,,2.673,1.645,,2.673,-3.531,-4.354,,-5.176,-14.831,0.0,0.0,ABCD,1.308
Nb2Fe4Se6,0.025,-0.513,1,p2_1/m11,0.0,,,0.0,,,,-4.685,,,-83.868,-0.312,-2.85,AB2C3,2.218
Nb2Te6Fe4,0.012,-0.27,1,p2_1/m11,0.0,,,0.0,,,,-4.41,,,-79.291,0.92,-2.333,AB2C3,2.432
Nb2Ni4S6,0.047,-0.689,0,p2_1/m11,0.0,,,0.0,,,,-5.299,,,-82.373,0.0,0.0,AB2C3,2.038
Nb2Ni4Se6,0.0,-0.59,0,p2_1/m11,0.0,,,0.0,,,,-4.989,,,-77.618,0.0,0.0,AB2C3,2.155
Nb2Te6Ni4,0.0,-0.414,0,p2_1/m11,0.0,,,0.0,,,,-4.587,,,-73.834,0.0,0.0,AB2C3,2.357
CdBrSH,0.051,-0.522,0,p3m1,2.762,,3.809,2.775,,3.829,-3.316,-4.697,,-6.078,-12.003,0.0,0.0,ABCD,1.41
Nb2Pd4Se6,0.063,-0.551,0,p2_1/m11,0.0,,,0.0,,,,-5.106,,,-63.446,0.0,0.0,AB2C3,2.202
Nb2Pd4Te6,0.012,-0.457,0,p2_1/m11,0.0,,,0.0,,,,-4.712,,,-60.642,0.0,0.0,AB2C3,2.398
RuBrClO,0.017,-0.701,0,pmm2,0.0,,,0.0,,,,-5.596,,,-20.762,0.0,0.0,ABCD,3.139
Hf4Se6S2,0.0,-1.414,0,c2/m11,0.536,,1.344,0.536,,1.344,-5.022,-5.29,,-5.558,-76.042,0.0,0.0,AB2C3,3.82
TeCuGeBr,0.078,-0.211,0,p3m1,0.652,,1.54,0.652,,1.545,-4.188,-4.514,,-4.84,-13.826,0.0,0.0,ABCD,3.385
Ni4Se6S2,0.016,-0.258,0,pb11,0.137,,0.44,0.178,,0.507,-4.928,-4.996,,-5.064,-61.134,0.0,0.0,AB2C3,3.507
Ir4Se2S6,0.064,-0.372,0,p1,0.722,,1.536,0.861,,1.692,-4.82,-5.181,,-5.543,-72.997,0.0,0.0,AB2C3,3.929
Ta2Co4Se6,0.053,-0.493,1,p2_1/m11,0.0,,,0.0,,,,-4.703,,,-79.359,2.18,-0.009,AB2C3,2.242
Ta2Te6Fe4,0.02,-0.234,1,p2_1/m11,0.0,,,0.0,,,,-4.333,,,-77.832,1.73,-3.721,AB2C3,2.456
Ta2Ni4S6,0.045,-0.676,0,p2_1/m11,0.0,,,0.0,,,,-5.284,,,-81.2,0.0,0.0,AB2C3,2.075
Ta2Ni4Se6,0.004,-0.572,0,p2_1/m11,0.0,,,0.0,,,,-4.928,,,-76.383,0.0,0.0,AB2C3,2.183
Ta2Te6Ni4,0.001,-0.382,0,p2_1/m11,0.0,,,0.0,,,,-4.511,,,-72.441,0.0,0.0,AB2C3,2.378
Ta2Pd4Te6,0.011,-0.427,0,p2_1/m11,0.0,,,0.0,,,,-4.672,,,-59.269,0.0,0.0,AB2C3,2.415
Tl2Ni4S6,0.002,-0.374,0,p-3m1,0.844,,1.462,0.868,,1.543,-3.762,-4.183,,-4.605,-62.943,0.0,0.0,AB2C3,1.767
Tl2Ni4Se6,0.0,-0.32,0,p-3m1,0.54,,0.819,0.54,,0.819,-4.008,-4.278,,-4.548,-58.719,0.0,0.0,AB2C3,1.8
Tl2Te6Ni4,0.012,-0.214,0,p-3m1,0.273,,0.236,0.314,,0.236,-4.045,-4.182,,-4.319,-55.782,0.0,0.0,AB2C3,1.864
Tl2Pd4S6,0.0,-0.362,0,p-3m1,1.305,,1.909,1.312,,1.967,-3.714,-4.366,,-5.018,-49.091,0.0,0.0,AB2C3,1.761
Tl2Pd4Se6,0.03,-0.376,0,p-3m1,0.834,,1.316,0.861,,1.316,-3.991,-4.408,,-4.825,-45.682,0.0,0.0,AB2C3,1.802
Tl2Pd4Te6,0.0,-0.354,0,p-3m1,0.377,,0.567,0.412,,0.567,-4.073,-4.262,,-4.45,-43.757,0.0,0.0,AB2C3,1.882
Pt4Tl2S6,0.025,-0.459,0,p-3m1,1.253,,2.074,1.526,,2.343,-3.596,-4.222,,-4.849,-60.392,0.0,0.0,AB2C3,1.828
Pt4Tl2Se6,0.02,-0.445,0,p-3m1,1.132,,1.756,1.184,,1.756,-3.629,-4.195,,-4.761,-56.644,0.0,0.0,AB2C3,1.871
Pt4Tl2Te6,0.032,-0.423,0,p-3m1,0.663,,1.011,0.745,,1.032,-3.738,-4.069,,-4.401,-54.715,0.0,0.0,AB2C3,1.957
Cs2C4O6H6,0.094,-1.043,0,p-1,4.473,,6.166,4.513,,6.21,-0.873,-3.109,,-5.346,-108.003,0.0,0.0,AB2C3D3,1.539
Cs2S6C4H6,0.067,-0.276,0,p-1,2.243,,3.345,2.246,,3.351,-2.65,-3.772,,-4.893,-87.929,0.0,0.0,AB2C3D3,1.675
K2C4O6H6,0.108,-1.046,0,p-1,4.672,,6.358,4.684,,6.365,-0.787,-3.123,,-5.459,-108.838,0.0,0.0,AB2C3D3,1.376
Rb2C4O6F6,0.01,-1.803,0,p-1,5.558,,7.403,5.583,,7.425,-1.9,-4.678,,-7.457,-111.415,0.0,0.0,AB2C3D3,1.916
Rb2S6C4H6,0.069,-0.263,0,p-1,2.231,,3.348,2.249,,3.362,-2.651,-3.767,,-4.883,-87.853,0.0,0.0,AB2C3D3,1.602
CdClOH,0.033,-1.071,0,p3m1,2.517,,3.774,2.517,,3.774,-3.613,-4.871,,-6.13,-15.445,0.0,0.0,ABCD,1.29
CdSClH,0.065,-0.588,0,p3m1,2.774,,3.853,2.774,,3.853,-3.411,-4.798,,-6.185,-12.468,0.0,0.0,ABCD,1.383
CdOFH,0.046,-1.505,0,p3m1,2.702,,4.389,2.702,,4.389,-3.682,-5.033,,-6.384,-16.981,0.0,0.0,ABCD,1.057
CdISH,0.06,-0.411,0,p3m1,1.984,,2.851,1.984,,2.851,-3.104,-4.096,,-5.088,-11.451,0.0,0.0,ABCD,1.531
IVClO,0.017,-1.377,1,pm11,0.703,,2.129,0.765,,2.158,-5.128,-5.479,,-5.831,-22.418,-0.034,-0.047,ABCD,3.196
TeMnFeSe,0.08,-0.171,1,pmm2,0.0,,,0.0,,,,-4.527,,,-26.13,-0.645,0.08,ABCD,3.893
PbGeSeS,0.071,-0.359,0,pm11,0.846,,1.303,1.016,,1.453,-3.538,-3.961,,-4.384,-17.27,0.0,0.0,ABCD,3.199
SrIOH,0.087,-1.743,0,p3m1,1.203,,2.016,1.203,,2.016,-3.034,-3.636,,-4.238,-18.575,0.0,0.0,ABCD,2.448
Mn8Se2Br6S4,0.074,-0.544,1,p211,0.0,,,0.0,,,,-5.212,,,-121.398,-0.153,-0.024,AB2C3D4,4.369
SnI3Cu5As2S4Cl5,0.089,-0.345,0,p1,0.0,,,0.0,,,,-6.03,,,-68.338,0.0,0.0,AB2C3D4E5F5,3.32
Zr3PdBr6N2,0.1,-1.297,0,p1,1.622,,3.116,1.657,,3.179,-4.521,-5.332,,-6.143,-67.8,0.0,0.0,AB2C3D6,3.64
ZrNiSeS,0.052,-1.057,0,p3m1,0.789,,1.881,1.163,,2.385,-4.128,-4.523,,-4.917,-26.44,0.0,0.0,ABCD,3.885
Cu6SeBr2S3Cl6,0.047,-0.338,0,p1,0.271,,0.747,0.311,,0.799,-6.226,-6.361,,-6.497,-57.743,0.0,0.0,AB2C3D6E6,3.267
AgCo2S4,0.025,-0.316,0,p-6m2,0.0,,,0.0,,,,-6.025,,,-37.824,0.0,0.0,AB2C4,4.098
AgNi2O4,0.0,-0.625,0,p-6m2,0.0,,,0.0,,,,-7.027,,,-42.208,0.0,0.0,AB2C4,3.556
Pd2AgO4,0.029,-0.332,0,p-6m2,0.0,,,0.0,,,,-6.503,,,-33.298,0.0,0.0,AB2C4,3.487
Ag2Cd2Br2S2,0.045,-0.489,0,pm2_1b,1.356,,2.461,1.356,,2.461,-4.352,-5.03,,-5.708,-22.77,0.0,0.0,ABCD,1.512
AuCo2S4,0.012,-0.334,0,p-6m2,0.0,,,0.0,,,,-6.046,,,-38.238,0.0,0.0,AB2C4,4.135
Ag2Cd2Se2Br2,0.054,-0.476,0,pm2_1b,1.08,,2.102,1.08,,2.102,-4.463,-5.003,,-5.543,-21.476,0.0,0.0,ABCD,1.503
Ag2Cd2Te2Br2,0.062,-0.419,0,pm2_1b,1.242,,2.114,1.242,,2.114,-4.093,-4.714,,-5.335,-20.462,0.0,0.0,ABCD,1.517
AuNi2O4,0.006,-0.602,0,p-6m2,0.0,,,0.0,,,,-7.045,,,-42.335,0.0,0.0,AB2C4,3.639
Hg2Ag2Br2S2,0.023,-0.278,0,pm2_1b,1.319,,2.363,1.321,,2.381,-4.657,-5.316,,-5.976,-21.002,0.0,0.0,ABCD,1.514
AuPd2O4,0.038,-0.304,0,p-6m2,0.0,,,0.0,,,,-6.53,,,-33.398,0.0,0.0,AB2C4,3.538
Hg2Ag2Se2Br2,0.017,-0.301,0,pm2_1b,1.284,,2.266,1.284,,2.266,-4.553,-5.195,,-5.837,-19.993,0.0,0.0,ABCD,1.503
AuTl2Se4,0.046,-0.144,0,p-1,0.0,,,0.0,,,,-4.185,,,-23.068,0.0,0.0,AB2C4,3.049
Hg2Ag2Te2Br2,0.007,-0.29,0,pm2_1b,1.393,,2.257,1.393,,2.257,-4.06,-4.757,,-5.453,-19.348,0.0,0.0,ABCD,1.508
CdGa2S4,0.079,-0.621,0,p-3m1,0.496,,1.453,0.496,,1.453,-4.778,-5.026,,-5.274,-27.394,0.0,0.0,AB2C4,3.025
Ag2Cd2Se2Cl2,0.078,-0.532,0,pm2_1b,1.043,,2.081,1.043,,2.081,-4.471,-4.993,,-5.514,-22.325,0.0,0.0,ABCD,1.471
Ag2Cd2Te2Cl2,0.085,-0.476,0,pm2_1b,1.293,,2.153,1.293,,2.153,-3.975,-4.621,,-5.268,-21.319,0.0,0.0,ABCD,1.498
CdIn2S4,0.051,-0.582,0,p-3m1,0.597,,1.5,0.623,,1.542,-4.9,-5.198,,-5.497,-26.837,0.0,0.0,AB2C4,3.109
CdIn2Se4,0.052,-0.547,0,p-3m1,0.179,,,0.179,,,-4.891,-4.98,,-5.07,-24.21,0.0,0.0,AB2C4,3.146
Ag2Cd2I2S2,0.058,-0.409,0,pm2_1b,1.511,,2.549,1.526,,2.551,-3.969,-4.724,,-5.48,-21.922,0.0,0.0,ABCD,1.645
CoAl2S4,0.098,-0.808,1,p-3m1,0.0,,,0.0,,,,-4.008,,,-37.67,0.006,0.005,AB2C4,3.229
Ag2Cd2I2Se2,0.049,-0.401,0,pm2_1b,1.259,,2.214,1.259,,2.214,-4.116,-4.745,,-5.375,-20.664,0.0,0.0,ABCD,1.622
CoSe4Al2,0.074,-0.619,1,p-3m1,0.0,,,0.0,,,,-3.953,,,-33.966,-0.119,-0.119,AB2C4,3.254
CoSe4Al2,0.075,-0.618,1,p-3m1,0.0,,,0.0,,,,-3.98,,,-33.963,-0.05,-0.05,AB2C4,3.291
Ag2Cd2Te2I2,0.034,-0.344,0,pm2_1b,1.193,,2.047,1.193,,2.047,-3.939,-4.536,,-5.132,-19.656,0.0,0.0,ABCD,1.622
Hg2Ag2S2Cl2,0.031,-0.328,0,pm2_1b,1.388,,2.526,1.388,,2.526,-4.567,-5.261,,-5.955,-21.799,0.0,0.0,ABCD,1.47
Cr2CoS4,0.085,-0.579,1,p-3m1,0.0,,,0.0,,,,-5.598,,,-47.408,0.011,0.012,AB2C4,3.847
Hg2Ag2Se2Cl2,0.03,-0.352,0,pm2_1b,1.348,,2.362,1.348,,2.362,-4.43,-5.104,,-5.778,-20.801,0.0,0.0,ABCD,1.462
Te4Cr2Co,0.051,-0.171,1,p-3m1,0.0,,,0.0,,,,-4.893,,,-41.064,1.674,1.667,AB2C4,3.697
Hg2Ag2Te2Cl2,0.015,-0.342,0,pm2_1b,1.424,,2.272,1.424,,2.272,-3.956,-4.668,,-5.38,-20.17,0.0,0.0,ABCD,1.471
CoGa2S4,0.045,-0.569,1,p-3m1,0.0,,,0.0,,,,-4.349,,,-34.33,0.066,0.066,AB2C4,3.262
CoGa2S4,0.046,-0.569,1,p-3m1,0.0,,,0.0,,,,-4.3,,,-34.328,0.025,0.024,AB2C4,3.23
CoGa2Se4,0.026,-0.478,1,p-3m1,0.0,,,0.0,,,,-4.264,,,-31.315,0.066,0.066,AB2C4,3.319
CoGa2Se4,0.027,-0.477,1,p-3m1,0.0,,,0.0,,,,-4.274,,,-31.307,-0.033,-0.033,AB2C4,3.293
Te4CoGa2,0.06,-0.249,0,p-3m1,0.0,,,0.0,,,,-4.03,,,-28.597,0.0,0.0,AB2C4,3.473
Te4CoGa2,0.068,-0.241,0,p-3m1,0.0,,,0.0,,,,-4.079,,,-28.543,0.0,0.0,AB2C4,3.515
Hg2Ag2I2S2,0.02,-0.213,0,pm2_1b,1.1,,2.009,1.137,,2.027,-4.468,-5.017,,-5.567,-20.266,0.0,0.0,ABCD,1.656
Hg2Ag2I2Se2,0.023,-0.234,0,pm2_1b,1.034,,1.88,1.035,,1.88,-4.498,-5.015,,-5.532,-19.245,0.0,0.0,ABCD,1.633
Hg2Ag2Te2I2,0.016,-0.219,0,pm2_1b,1.127,,1.923,1.127,,1.923,-4.16,-4.724,,-5.287,-18.572,0.0,0.0,ABCD,1.63
In2CoSe4,0.06,-0.402,1,p-3m1,0.0,,,0.0,,,,-4.623,,,-30.5,-0.055,-0.055,AB2C4,3.481
In2CoSe4,0.061,-0.401,1,p-3m1,0.0,,,0.0,,,,-4.569,,,-30.492,-0.139,-0.14,AB2C4,3.458
In2Te4Co,0.088,-0.207,0,p-3m1,0.0,,,0.0,,,,-4.232,,,-28.024,0.0,0.0,AB2C4,3.607
CoNi2Se4,0.021,-0.276,0,cm11,0.0,,,0.0,,,,-4.935,,,-38.59,0.0,0.0,AB2C4,3.549
V2CoS4,0.101,-0.751,0,p-3m1,0.0,,,0.0,,,,-5.54,,,-46.847,0.0,0.0,AB2C4,4.216
Au2Hg2Te2Br2,0.074,-0.223,0,pm2_1b,0.538,,1.138,0.538,,1.138,-4.587,-4.857,,-5.126,-19.393,0.0,0.0,ABCD,1.615
CrGa2S4,0.047,-0.641,1,p-3m1,0.0,,,0.0,,,,-3.944,,,-36.018,-0.05,-0.049,AB2C4,3.165
CrGa2Se4,0.056,-0.546,1,p-3m1,0.0,,,0.0,,,,-3.986,,,-32.966,-0.189,-0.189,AB2C4,3.159
Te4CrGa2,0.036,-0.279,1,p-3m1,0.0,,,0.0,,,,-3.965,,,-29.985,-1.657,-1.658,AB2C4,3.301
Au2Cd2Te2I2,0.088,-0.295,0,pm2_1b,0.824,,1.501,0.824,,1.501,-4.166,-4.578,,-4.99,-19.843,0.0,0.0,ABCD,1.708
In2Te4Cr,0.035,-0.27,1,p-3m1,0.0,,,0.0,,,,-3.974,,,-29.642,-1.062,-1.063,AB2C4,3.359
Au2Hg2Te2Cl2,0.089,-0.265,0,pm2_1b,0.494,,1.09,0.494,,1.09,-4.542,-4.789,,-5.036,-20.131,0.0,0.0,ABCD,1.592
Ni2CuO4,0.0,-0.677,0,p-6m2,0.0,,,0.0,,,,-7.028,,,-43.41,0.0,0.0,AB2C4,3.315
Au2Hg2I2Se2,0.087,-0.146,0,pm2_1b,0.308,,0.94,0.308,,0.94,-4.951,-5.104,,-5.258,-19.123,0.0,0.0,ABCD,1.727
Au2Hg2Te2I2,0.054,-0.168,0,pm2_1b,0.469,,1.098,0.469,,1.098,-4.579,-4.814,,-5.048,-18.742,0.0,0.0,ABCD,1.722
FeAl2S4,0.097,-0.809,0,p-3m1,0.848,,2.579,0.878,,2.883,-3.071,-3.495,,-3.919,-38.494,0.0,0.0,AB2C4,3.169
FeAl2S4,0.106,-0.8,0,p-3m1,0.663,,2.36,0.799,,2.649,-3.276,-3.608,,-3.939,-38.43,0.0,0.0,AB2C4,3.224
FeSe4Al2,0.104,-0.585,0,p-3m1,0.739,,2.338,0.772,,2.462,-3.138,-3.508,,-3.877,-34.544,0.0,0.0,AB2C4,3.249
Te4Cr2Fe,0.096,-0.121,1,p-3m1,0.0,,,0.0,,,,-4.876,,,-41.524,3.379,3.375,AB2C4,3.737
FeGa2S4,0.045,-0.57,0,p-3m1,0.862,,2.313,1.003,,2.402,-3.61,-4.041,,-4.472,-35.154,0.0,0.0,AB2C4,3.246
FeGa2Se4,0.056,-0.445,0,p-3m1,0.538,,1.761,0.803,,1.814,-3.827,-4.096,,-4.365,-31.894,0.0,0.0,AB2C4,3.303
Te4FeGa2,0.095,-0.201,0,p-3m1,0.186,,0.918,0.66,,1.17,-3.953,-4.046,,-4.139,-29.078,0.0,0.0,AB2C4,3.454
Cd2Cu2Br2S2,0.06,-0.51,0,pm2_1b,0.944,,2.573,0.944,,2.575,-4.182,-4.654,,-5.126,-24.613,0.0,0.0,ABCD,1.589
Cd2Cu2Se2Br2,0.07,-0.473,0,pm2_1b,0.885,,2.461,0.885,,2.461,-4.253,-4.696,,-5.138,-23.126,0.0,0.0,ABCD,1.575
Cd2Te2Cu2Br2,0.082,-0.395,0,pm2_1b,1.102,,2.466,1.102,,2.466,-3.857,-4.408,,-4.959,-21.947,0.0,0.0,ABCD,1.572
Mo2Br2Cl2O2,0.0,-1.257,0,cmm2,0.0,,,0.0,,,,-4.856,,,-49.45,0.0,0.0,ABCD,3.377
Hg2Cu2Br2S2,0.039,-0.304,0,pm2_1b,0.775,,2.101,0.775,,2.101,-4.672,-5.06,,-5.448,-22.877,0.0,0.0,ABCD,1.616
Hg2Cu2Se2Br2,0.025,-0.3,0,pm2_1b,0.812,,2.253,0.812,,2.253,-4.521,-4.926,,-5.332,-21.66,0.0,0.0,ABCD,1.596
Hg2Te2Cu2Br2,0.021,-0.267,0,pm2_1b,0.976,,2.166,0.981,,2.166,-4.095,-4.583,,-5.071,-20.84,0.0,0.0,ABCD,1.581
Cu2Cl2C2O2,0.119,-0.613,0,pm2_1n,2.508,,4.689,2.769,,5.038,-3.252,-4.506,,-5.76,-44.514,0.0,0.0,ABCD,1.553
Te2Fe4Ge,0.052,-0.084,1,p-3m1,0.0,,,0.0,,,,-4.448,,,-47.678,4.795,4.788,AB2C4,6.153
K2C2N2O2,0.002,-1.013,0,pm2_1n,4.61,,5.93,4.759,,6.082,-1.434,-3.739,,-6.043,-55.937,0.0,0.0,ABCD,1.093
K2S2C2N2,0.066,-0.415,0,pm2_1n,4.188,,5.188,4.273,,5.27,-1.26,-3.354,,-5.448,-49.055,0.0,0.0,ABCD,1.164
MgAl2S4,0.03,-1.181,0,p-3m1,2.048,,3.143,2.048,,3.143,-3.321,-4.345,,-5.368,-33.676,0.0,0.0,AB2C4,2.945
Se4MgAl2,0.011,-0.962,0,p-3m1,1.064,,1.984,1.064,,1.984,-3.772,-4.304,,-4.836,-29.756,0.0,0.0,AB2C4,2.983
Te4MgAl2,0.031,-0.543,0,p-3m1,0.439,,1.16,0.439,,1.16,-3.746,-3.965,,-4.184,-25.71,0.0,0.0,AB2C4,3.097
Ga2MgS4,0.0,-0.914,0,p-3m1,1.128,,2.151,1.128,,2.151,-4.405,-4.969,,-5.533,-30.133,0.0,0.0,AB2C4,2.957
Ga2Se4Mg,0.0,-0.788,0,p-3m1,0.329,,1.145,0.329,,1.145,-4.613,-4.777,,-4.941,-26.869,0.0,0.0,AB2C4,3.006
Te4Ga2Mg,0.019,-0.469,0,p-3m1,0.098,,,0.112,,,-4.256,-4.306,,-4.355,-23.524,0.0,0.0,AB2C4,3.098
Na2C2N2O2,0.027,-0.962,0,pm2_1n,4.788,,6.127,4.788,,6.127,-1.654,-4.048,,-6.442,-55.704,0.0,0.0,ABCD,1.071
In2MgS4,0.0,-0.845,0,p-3m1,1.163,,2.137,1.163,,2.137,-4.617,-5.199,,-5.78,-29.371,0.0,0.0,AB2C4,3.079
In2Se4Mg,0.0,-0.766,0,p-3m1,0.581,,1.376,0.581,,1.376,-4.619,-4.91,,-5.2,-26.435,0.0,0.0,AB2C4,3.116
In2Te4Mg,0.0,-0.488,0,p-3m1,0.232,,0.862,0.232,,0.862,-4.282,-4.398,,-4.514,-23.375,0.0,0.0,AB2C4,3.177
Na2S2C2N2,0.102,-0.328,0,pm2_1n,4.121,,5.137,4.131,,5.137,-1.511,-3.571,,-5.631,-48.542,0.0,0.0,ABCD,1.198
Cd2Cu2S2Cl2,0.071,-0.58,0,pm2_1b,0.876,,2.584,0.876,,2.589,-4.285,-4.723,,-5.162,-25.572,0.0,0.0,ABCD,1.56
Cd2Cu2Se2Cl2,0.081,-0.543,0,pm2_1b,0.84,,2.442,0.84,,2.442,-4.276,-4.696,,-5.116,-24.084,0.0,0.0,ABCD,1.553
MnAl2S4,0.138,-0.818,1,p3m1,0.0,,,0.0,,,,-4.358,,,-39.234,-0.167,-0.162,AB2C4,3.311
Cd2Te2Cu2Cl2,0.093,-0.464,0,pm2_1b,1.124,,2.458,1.124,,2.458,-3.781,-4.343,,-4.905,-22.902,0.0,0.0,ABCD,1.554
Te4MnAl2,0.05,-0.315,1,p-3m1,0.0,,,0.0,,,,-3.668,,,-32.217,-4.192,-4.19,AB2C4,3.238
Cd2I2Cu2S2,0.055,-0.413,0,pm2_1b,1.182,,2.722,1.186,,2.732,-3.771,-4.362,,-4.954,-23.622,0.0,0.0,ABCD,1.717
Bi2MnS4,0.036,-0.381,1,p-3m1,0.277,,1.195,0.508,,1.62,-5.331,-5.469,,-5.608,-38.047,0.289,0.288,AB2C4,3.435
Bi2MnSe4,0.016,-0.37,1,p-3m1,0.17,,0.853,0.312,,1.199,-5.05,-5.135,,-5.22,-35.588,0.188,0.183,AB2C4,3.461
Bi2Te4Mn,0.036,-0.17,1,p-3m1,0.11,,0.656,0.212,,0.656,-4.625,-4.68,,-4.736,-33.078,-1.845,-1.907,AB2C4,3.529
Cd2I2Cu2Se2,0.059,-0.382,0,pm2_1b,1.036,,2.498,1.036,,2.498,-3.894,-4.412,,-4.93,-22.185,0.0,0.0,ABCD,1.687
Cd2Te2I2Cu2,0.067,-0.308,0,pm2_1b,1.151,,2.486,1.151,,2.486,-3.661,-4.236,,-4.812,-21.037,0.0,0.0,ABCD,1.676
MnGa2S4,0.122,-0.539,1,p3m1,0.0,,,0.0,,,,-4.741,,,-35.607,-0.101,-0.101,AB2C4,3.21
MnGa2Se4,0.025,-0.532,1,p-3m1,0.0,,,0.0,,,,-4.153,,,-33.179,-1.588,-1.578,AB2C4,3.138
Hg2Cu2S2Cl2,0.042,-0.365,0,pm2_1b,0.792,,2.346,0.792,,2.346,-4.684,-5.08,,-5.476,-23.77,0.0,0.0,ABCD,1.583
Te4MnGa2,0.04,-0.259,1,p-3m1,0.0,,,0.0,,,,-3.964,,,-30.159,-2.385,-2.399,AB2C4,3.308
Hg2Cu2Se2Cl2,0.03,-0.363,0,pm2_1b,0.833,,2.303,0.833,,2.303,-4.467,-4.884,,-5.301,-22.56,0.0,0.0,ABCD,1.565
Hg2Te2Cu2Cl2,0.025,-0.332,0,pm2_1b,0.897,,2.058,0.905,,2.058,-4.085,-4.534,,-4.982,-21.76,0.0,0.0,ABCD,1.553
Hg2Cu2Se2F2,0.038,-0.698,0,pm2_1b,0.523,,2.003,0.523,,2.003,-4.207,-4.468,,-4.73,-24.849,0.0,0.0,ABCD,1.425
In2MnS4,0.031,-0.56,1,p-3m1,0.018,,,0.018,,,-4.508,-4.516,,-4.525,-35.477,-0.366,-0.366,AB2C4,3.192
Hg2I2Cu2S2,0.04,-0.221,0,pm2_1b,0.774,,2.038,0.808,,2.038,-4.336,-4.723,,-5.109,-22.008,0.0,0.0,ABCD,1.742
In2MnSe4,0.007,-0.501,1,p-3m1,0.0,,,0.0,,,,-4.341,,,-32.679,-1.67,-1.67,AB2C4,3.232
In2MnSe4,0.066,-0.442,1,p3m1,0.0,,,0.0,,,,-4.744,,,-32.268,-0.206,-0.197,AB2C4,3.226
Hg2I2Cu2Se2,0.03,-0.219,0,pm2_1b,0.771,,1.963,0.771,,1.963,-4.341,-4.727,,-5.112,-20.8,0.0,0.0,ABCD,1.71
Hg2Te2I2Cu2,0.028,-0.186,0,pm2_1b,0.924,,2.078,0.924,,2.078,-4.036,-4.498,,-4.96,-19.979,0.0,0.0,ABCD,1.694
Sb2MnS4,0.072,-0.302,1,p-3m1,0.383,,1.178,0.854,,1.626,-4.756,-4.948,,-5.139,-36.958,0.002,0.002,AB2C4,3.412
Ag4Br4O4H4,0.094,-0.49,0,p2_1/b11,0.339,,0.938,0.372,,0.973,-5.776,-5.945,,-6.115,-59.325,0.0,0.0,ABCD,1.653
Ag4Br4S4H4,0.069,-0.173,0,p-1,0.279,,0.47,0.354,,0.576,-5.887,-6.027,,-6.167,-50.069,0.0,0.0,ABCD,1.635
Ag4Cl4O4H4,0.099,-0.531,0,p2_1/b11,0.329,,0.986,0.329,,0.989,-6.088,-6.253,,-6.417,-60.786,0.0,0.0,ABCD,1.62
MoAg2Te4,0.113,-0.045,0,p-42m,0.313,,1.115,0.618,,1.332,-4.214,-4.37,,-4.527,-30.017,0.0,0.0,AB2C4,3.043
Ag4Cl4O4H4,0.1,-0.53,0,p2_1/b11,0.008,,,0.008,,,-6.348,-6.352,,-6.356,-60.769,0.0,0.0,ABCD,1.483
Au2MoO4,0.109,-1.04,0,cm11,2.64,,4.11,2.699,,4.227,-3.949,-5.269,,-6.589,-45.24,0.0,0.0,AB2C4,1.455
Ag4S4Cl4H4,0.064,-0.228,0,p-1,0.38,,0.622,0.457,,0.706,-6.045,-6.235,,-6.425,-51.753,0.0,0.0,ABCD,1.574
Ag4O4F4H4,0.059,-0.867,0,p2_1/b11,0.0,,,0.0,,,,-6.522,,,-65.375,0.0,0.0,ABCD,1.165
Au2MoSe4,0.142,-0.231,0,p-42m,0.592,,1.247,0.656,,1.377,-4.039,-4.335,,-4.631,-33.011,0.0,0.0,AB2C4,2.951
MoCu2S4,0.03,-0.486,0,p-42m,1.17,,2.617,1.549,,2.871,-4.534,-5.119,,-5.704,-38.27,0.0,0.0,AB2C4,2.811
Au4Br4S4F4,0.073,-0.536,0,p-1,0.874,,1.438,0.968,,1.553,-5.6,-6.037,,-6.475,-50.096,0.0,0.0,ABCD,1.711
Au4Br4O4H4,0.063,-0.427,0,p2_1/b11,0.072,,,0.072,,,-5.098,-5.134,,-5.17,-59.485,0.0,0.0,ABCD,1.994
Au4Br4S4H4,0.0,-0.186,0,p-1,1.083,,1.897,1.107,,1.942,-5.557,-6.098,,-6.639,-51.44,0.0,0.0,ABCD,1.734
Au4S4Cl4F4,0.074,-0.587,0,p-1,0.921,,1.54,1.015,,1.638,-5.793,-6.254,,-6.715,-51.715,0.0,0.0,ABCD,1.686
NiAl2S4,0.066,-0.806,1,p-3m1,0.333,,2.363,0.505,,2.454,-3.871,-4.037,,-4.204,-36.681,0.106,0.105,AB2C4,3.068
NiAl2S4,0.066,-0.806,1,p-3m1,0.187,,2.149,0.474,,2.383,-4.024,-4.118,,-4.211,-36.68,0.117,0.117,AB2C4,3.093
NiSe4Al2,0.079,-0.615,0,p-3m1,0.0,,,0.0,,,,-4.145,,,-32.959,0.0,0.0,AB2C4,3.244
NiSe4Al2,0.079,-0.615,0,p-3m1,0.0,,,0.0,,,,-4.103,,,-32.957,0.0,0.0,AB2C4,3.219
Te4NiAl2,0.098,-0.306,0,p-3m1,0.0,,,0.0,,,,-3.982,,,-29.685,0.0,0.0,AB2C4,3.409
Au4S4Cl4H4,0.064,-0.245,0,p-1,1.222,,2.095,1.246,,2.121,-5.713,-6.325,,-6.936,-53.189,0.0,0.0,ABCD,1.692
Cr2NiS4,0.051,-0.58,1,p-3m1,0.0,,,0.0,,,,-5.779,,,-46.44,0.052,0.049,AB2C4,3.763
Cr2NiSe4,0.056,-0.423,1,p-3m1,0.0,,,0.0,,,,-5.47,,,-42.957,-0.12,-0.119,AB2C4,3.771
Te4Cr2Ni,0.057,-0.176,1,p-3m1,0.0,,,0.0,,,,-4.899,,,-40.113,3.383,3.379,AB2C4,3.731
NiGa2O4,0.061,-1.416,1,p-3m1,0.0,,,0.0,,,,-4.741,,,-43.466,-0.099,-0.103,AB2C4,2.606
NiGa2O4,0.064,-1.414,1,p-3m1,0.0,,,0.0,,,,-4.742,,,-43.448,-0.086,-0.086,AB2C4,2.624
NiGa2S4,0.032,-0.55,1,p-3m1,0.17,,1.961,0.255,,1.961,-4.272,-4.357,,-4.442,-33.218,0.179,0.177,AB2C4,3.109
NiGa2S4,0.048,-0.534,0,p-3m1,0.0,,,0.0,,,,-4.522,,,-33.101,0.0,0.0,AB2C4,3.19
NiGa2Se4,0.03,-0.475,0,p-3m1,0.0,,,0.0,,,,-4.377,,,-30.312,0.0,0.0,AB2C4,3.249
NiGa2Se4,0.03,-0.475,0,p-3m1,0.0,,,0.0,,,,-4.395,,,-30.31,0.0,0.0,AB2C4,3.264
Te4NiGa2,0.048,-0.269,0,p-3m1,0.0,,,0.0,,,,-4.222,,,-27.753,0.0,0.0,AB2C4,3.448
Te4NiGa2,0.049,-0.268,0,p-3m1,0.0,,,0.0,,,,-4.186,,,-27.746,0.0,0.0,AB2C4,3.435
Cu4Br4O4H4,0.03,-0.635,1,p2_1/b11,0.339,,2.143,0.357,,2.178,-6.003,-6.173,,-6.342,-65.003,-0.193,-1.587,ABCD,1.737
Cu4Br4S4H4,0.041,-0.212,0,p2_1/b11,0.0,,,0.0,,,,-5.699,,,-54.038,0.0,0.0,ABCD,1.62
Cu4Cl4O4H4,0.029,-0.712,1,p2_1/b11,0.403,,2.462,0.424,,2.491,-6.318,-6.52,,-6.721,-67.028,-0.098,-0.154,ABCD,1.694
Cu4S4Cl4H4,0.05,-0.32,0,p2_1/b11,0.0,,,0.0,,,,-5.936,,,-56.568,0.0,0.0,ABCD,1.432
In2NiSe4,0.053,-0.41,0,p-3m1,0.0,,,0.0,,,,-4.586,,,-29.572,0.0,0.0,AB2C4,3.394
In2Te4Ni,0.069,-0.234,0,p-3m1,0.0,,,0.0,,,,-4.436,,,-27.23,0.0,0.0,AB2C4,3.567
In2Te4Ni,0.07,-0.234,0,p-3m1,0.0,,,0.0,,,,-4.374,,,-27.228,0.0,0.0,AB2C4,3.558
Cu4O4F4H4,0.078,-1.069,1,p2_1/b11,0.46,,2.835,0.46,,2.845,-6.416,-6.646,,-6.877,-71.943,-0.314,-0.266,ABCD,1.369
I4Cu4O4H4,0.053,-0.539,0,p2_1/b11,0.136,,0.615,0.164,,0.631,-5.183,-5.251,,-5.32,-63.041,0.0,0.0,ABCD,1.904
VBrClO,0.002,-1.534,1,pm11,0.784,,3.075,0.815,,3.148,-5.289,-5.681,,-6.073,-23.153,0.008,-0.036,ABCD,1.616
IVBrO,0.006,-1.277,1,pm11,0.74,,2.112,0.74,,2.112,-4.985,-5.355,,-5.725,-21.819,0.071,0.047,ABCD,1.768
IVBrS,0.128,-0.602,1,pm11,0.537,,1.98,0.613,,2.241,-5.051,-5.319,,-5.588,-18.074,0.051,-0.026,ABCD,1.65
IVSeBr,0.116,-0.545,1,pm11,0.847,,2.323,0.847,,2.53,-4.537,-4.961,,-5.385,-17.249,-0.044,-0.099,ABCD,1.319
InMnBrS,0.09,-0.501,1,p3m1,0.978,,2.023,1.101,,2.023,-3.984,-4.474,,-4.963,-20.148,-0.043,-0.043,ABCD,2.159
PbTe4As2,0.038,-0.094,0,p-3m1,0.477,,0.847,0.626,,1.054,-4.588,-4.827,,-5.065,-26.561,0.0,0.0,AB2C4,3.588
PbBi2S4,0.004,-0.424,0,p-3m1,0.494,,1.039,0.739,,1.176,-5.901,-6.148,,-6.395,-32.388,0.0,0.0,AB2C4,3.51
PbBi2Se4,0.0,-0.446,0,p-3m1,0.289,,0.756,0.547,,0.95,-5.663,-5.807,,-5.952,-30.16,0.0,0.0,AB2C4,3.528
PbBi2Te4,0.0,-0.285,0,p-3m1,0.117,,0.506,0.297,,0.672,-5.219,-5.277,,-5.336,-27.919,0.0,0.0,AB2C4,3.571
VClOH,0.181,-1.179,1,p3m1,0.0,,,0.0,,,,-3.168,,,-23.475,-0.042,-0.041,ABCD,1.423
IMnClO,0.196,-0.824,1,pm11,0.0,,,0.0,,,,-6.077,,,-21.402,-0.329,0.53,ABCD,1.784
TeFeCoSe,0.118,-0.123,1,p3m1,0.0,,,0.0,,,,-4.593,,,-24.45,-0.391,-0.447,ABCD,2.28
PbSb2Se4,0.008,-0.347,0,p-3m1,0.424,,0.871,0.692,,1.006,-5.217,-5.429,,-5.641,-28.928,0.0,0.0,AB2C4,3.53
PbSb2Te4,0.011,-0.199,0,p-3m1,0.302,,0.704,0.563,,0.849,-4.759,-4.91,,-5.061,-26.782,0.0,0.0,AB2C4,3.584
CrOFH,0.187,-1.558,1,cm11,0.436,,1.53,0.522,,1.53,-3.072,-3.29,,-3.508,-25.675,-0.247,0.143,ABCD,1.062
NiOFH,0.023,-1.182,1,p3m1,1.274,,3.548,1.274,,3.548,-3.691,-4.328,,-4.965,-22.011,-0.024,-0.029,ABCD,1.11
PdTe4Al2,0.09,-0.367,0,p-3m1,0.0,,,0.0,,,,-4.049,,,-26.686,0.0,0.0,AB2C4,3.382
TeMnGeS,0.169,-0.122,1,p1,0.0,,,0.0,,,,-4.626,,,-22.002,-0.217,-0.096,ABCD,1.984
PdCr2Se4,0.076,-0.42,1,p-3m1,0.0,,,0.0,,,,-5.47,,,-39.512,0.291,0.288,AB2C4,3.774
PdTe4Cr2,0.051,-0.229,1,p-3m1,0.0,,,0.0,,,,-4.93,,,-37.058,2.725,2.751,AB2C4,3.706
TeMnNiSe,0.054,-0.236,1,pmm2,0.0,,,0.0,,,,-4.601,,,-24.596,-0.69,2.517,ABCD,1.866
VMnSeS,0.107,-0.564,1,p3m1,0.0,,,0.0,,,,-4.55,,,-28.056,0.219,0.202,ABCD,2.058
PdGa2Se4,0.036,-0.486,0,p-3m1,0.0,,,0.0,,,,-4.472,,,-26.962,0.0,0.0,AB2C4,3.238
PdTe4Ga2,0.038,-0.328,0,p-3m1,0.0,,,0.0,,,,-4.264,,,-24.745,0.0,0.0,AB2C4,3.415
AuAgBr2S,0.066,-0.156,0,p1,0.0,,,0.0,,,,-5.71,,,-13.998,0.0,0.0,ABCD2,4.039
PdIn2S4,0.086,-0.44,0,p-3m1,0.0,,,0.0,,,,-4.686,,,-28.74,0.0,0.0,AB2C4,3.273
PdIn2Se4,0.023,-0.457,0,p-3m1,0.0,,,0.0,,,,-4.607,,,-26.479,0.0,0.0,AB2C4,3.343
PdIn2Te4,0.028,-0.321,0,p-3m1,0.0,,,0.0,,,,-4.386,,,-24.415,0.0,0.0,AB2C4,3.506
Cu2SO4,0.023,-0.877,0,c222,2.053,,3.842,2.324,,4.25,-3.424,-4.45,,-5.477,-38.065,0.0,0.0,AB2C4,1.067
Ag2SeO4,0.052,-0.414,0,c222,1.62,,3.121,1.982,,3.565,-4.632,-5.442,,-6.251,-32.554,0.0,0.0,AB2C4,1.058
Au2SeO4,0.079,-0.257,0,c222,0.843,,1.925,1.109,,2.237,-5.101,-5.523,,-5.944,-32.036,0.0,0.0,AB2C4,1.178
AuInI2S,0.092,-0.312,0,p1,0.99,,1.648,1.038,,1.691,-4.64,-5.135,,-5.63,-14.486,0.0,0.0,ABCD2,3.51
SnTe4As2,0.025,-0.067,0,p-3m1,0.365,,0.627,0.566,,0.78,-4.401,-4.584,,-4.766,-26.668,0.0,0.0,AB2C4,3.536
Bi2SnS4,0.011,-0.382,0,p-3m1,0.292,,0.768,0.566,,0.979,-5.772,-5.918,,-6.064,-32.389,0.0,0.0,AB2C4,3.465
Bi2SnSe4,0.0,-0.405,0,p-3m1,0.156,,0.55,0.413,,0.789,-5.519,-5.597,,-5.675,-30.169,0.0,0.0,AB2C4,3.491
Bi2SnTe4,0.0,-0.247,0,p-3m1,0.014,,0.36,0.215,,0.473,-5.075,-5.082,,-5.089,-27.95,0.0,0.0,AB2C4,3.55
VBrO2H,0.069,-1.532,1,pm11,0.473,,2.282,0.659,,2.309,-4.672,-4.908,,-5.145,-31.341,-0.04,-0.065,ABCD2,2.649
Zr2IBrN,0.057,-1.328,0,p3m1,0.0,,,0.0,,,,-3.61,,,-32.864,0.0,0.0,ABCD2,5.564
SnSb2Se4,0.0,-0.311,0,p-3m1,0.368,,0.694,0.67,,0.899,-5.045,-5.229,,-5.413,-28.98,0.0,0.0,AB2C4,3.492
SnSb2Te4,0.002,-0.167,0,p-3m1,0.387,,0.638,0.517,,0.745,-4.536,-4.729,,-4.922,-26.858,0.0,0.0,AB2C4,3.554
Cd2IBrS,0.086,-0.64,0,p3m1,0.907,,1.715,1.204,,1.994,-4.778,-5.232,,-5.685,-12.197,0.0,0.0,ABCD2,4.432
ICu2BrS,0.018,-0.211,0,pmm2,0.0,,,0.0,,,,-5.982,,,-15.549,0.0,0.0,ABCD2,3.763
ISc2BrS,0.0,-1.652,0,p3m1,0.0,,,0.0,,,,-3.908,,,-24.72,0.0,0.0,ABCD2,4.797
VAl2S4,0.058,-0.981,1,p-3m1,0.008,,1.486,0.052,,1.569,-3.483,-3.487,,-3.491,-39.181,0.097,0.097,AB2C4,3.034
VSe4Al2,0.035,-0.762,1,p-3m1,0.0,,1.197,0.0,,1.43,,-3.65,,,-35.266,0.246,0.246,AB2C4,3.098
Te4VAl2,0.035,-0.374,1,p-3m1,0.178,,1.195,0.355,,1.244,-3.575,-3.664,,-3.753,-31.438,0.272,0.272,AB2C4,3.197
VGa2S4,0.051,-0.738,1,p-3m1,0.0,,,0.0,,,,-4.103,,,-35.809,0.175,0.175,AB2C4,3.076
VGa2Se4,0.048,-0.612,1,p-3m1,0.0,,,0.0,,,,-4.159,,,-32.549,0.405,0.405,AB2C4,3.13
Te4VGa2,0.03,-0.322,1,p-3m1,0.0,,0.591,0.0,,0.591,,-4.096,,,-29.401,0.224,0.217,AB2C4,3.24
In2VS4,0.074,-0.648,1,p-3m1,0.0,,0.654,0.0,,0.654,,-4.369,,,-34.898,0.142,0.142,AB2C4,3.225
In2VSe4,0.043,-0.568,1,p-3m1,0.0,,,0.0,,,,-4.343,,,-31.957,0.389,0.389,AB2C4,3.259
In2Te4V,0.024,-0.314,1,p-3m1,0.152,,,0.413,,,-4.065,-4.141,,-4.217,-29.069,0.643,0.643,AB2C4,3.33
TaTiCl2C,0.057,-1.195,0,p3m1,0.0,,,0.0,,,,-4.291,,,-35.273,0.0,0.0,ABCD2,5.37
WAg2Te4,0.085,-0.002,0,p-42m,0.587,,1.318,0.885,,1.592,-3.938,-4.232,,-4.526,-30.0,0.0,0.0,AB2C4,3.042
WAu2O4,0.192,-1.096,0,cm11,2.962,,4.436,2.992,,4.491,-3.681,-5.162,,-6.643,-45.916,0.0,0.0,AB2C4,1.478
ISc2SCl,0.0,-1.738,0,p3m1,0.0,,,0.0,,,,-3.952,,,-25.349,0.0,0.0,ABCD2,4.8
Bi2YO4,0.127,-1.919,0,p4/mmm,0.0,,,0.0,,,,-3.134,,,-47.973,0.0,0.0,AB2C4,2.4
ZnAl2S4,0.147,-0.889,0,p3m1,0.0,,,0.0,,,,-4.951,,,-31.198,0.0,0.0,AB2C4,3.214
In2ZnS4,0.07,-0.581,0,p3m1,0.019,,0.87,0.021,,0.87,-5.373,-5.382,,-5.392,-27.086,0.0,0.0,AB2C4,3.183
In2ZnSe4,0.091,-0.525,0,p3m1,0.084,,,0.084,,,-5.193,-5.235,,-5.277,-24.319,0.0,0.0,AB2C4,3.278
In2Te4Zn,0.098,-0.291,0,p3m1,0.009,,,0.009,,,-4.719,-4.724,,-4.729,-21.57,0.0,0.0,AB2C4,3.355
Ba2Bi4O8,0.0,-1.75,0,p2_1/m11,2.868,,4.146,2.887,,4.235,-1.956,-3.391,,-4.825,-87.845,0.0,0.0,AB2C4,2.275
Ba2Bi4S8,0.061,-0.811,0,p2_1/m11,1.436,,2.313,1.439,,2.335,-3.615,-4.333,,-5.051,-66.336,0.0,0.0,AB2C4,2.319
ZnGeBr2S,0.08,-0.616,0,p1,1.78,,2.524,2.292,,3.159,-4.288,-5.178,,-6.068,-16.029,0.0,0.0,ABCD2,3.666
Ba2Sb4O8,0.0,-1.9,0,p2_1/m11,3.414,,4.562,3.521,,4.692,-1.959,-3.666,,-5.373,-88.873,0.0,0.0,AB2C4,2.376
Bi4Ca2O8,0.0,-1.757,0,p2_1/m11,2.568,,3.923,2.747,,4.003,-2.143,-3.427,,-4.711,-88.307,0.0,0.0,AB2C4,2.308
Ca2Cl4O8,0.181,-0.861,0,p4/nbm,2.819,,4.623,2.864,,4.669,-2.114,-3.523,,-4.932,-64.215,0.0,0.0,AB2C4,1.528
Sb4Ca2O8,0.0,-1.926,0,p2_1/m11,3.004,,4.083,3.245,,4.316,-2.129,-3.631,,-5.133,-89.606,0.0,0.0,AB2C4,2.404
Nb4Ge2Se8,0.009,-0.776,0,pbam,0.287,,0.331,0.329,,0.477,-4.503,-4.646,,-4.79,-89.059,0.0,0.0,AB2C4,2.313
Nb4Te8Ge2,0.002,-0.5,0,pbam,0.416,,0.535,0.54,,0.647,-4.207,-4.415,,-4.623,-82.982,0.0,0.0,AB2C4,2.487
Ta4Ge2Se8,0.028,-0.697,0,pbam,0.176,,0.197,0.293,,0.419,-4.38,-4.468,,-4.555,-85.912,0.0,0.0,AB2C4,2.336
Ta4Te8Ge2,0.0,-0.404,0,pbam,0.311,,0.447,0.468,,0.572,-4.107,-4.263,,-4.418,-79.588,0.0,0.0,AB2C4,2.516
Hg2I8Na4,0.043,-0.85,0,p2_1/m11,1.968,,2.857,1.969,,2.857,-4.281,-5.265,,-6.249,-30.731,0.0,0.0,AB2C4,1.525
Mo2Cd4O8,0.037,-1.505,0,p112/a,1.649,,2.701,1.75,,2.742,-4.507,-5.332,,-6.156,-88.18,0.0,0.0,AB2C4,1.715
Se2Al2P2S4,0.066,-0.529,0,p1,2.236,,3.164,2.384,,3.366,-3.838,-4.956,,-6.074,-46.772,0.0,0.0,ABCD2,3.152
Hg4Mo2O8,0.045,-1.311,0,p112/a,2.278,,3.407,2.354,,3.709,-4.591,-5.73,,-6.87,-85.291,0.0,0.0,AB2C4,1.731
Nb4Si2S8,0.07,-0.93,0,pbam,0.343,,0.555,0.372,,0.591,-4.684,-4.856,,-5.027,-97.755,0.0,0.0,AB2C4,2.249
Nb4Se8Si2,0.0,-0.825,0,pbam,0.446,,0.636,0.538,,0.747,-4.314,-4.537,,-4.76,-91.51,0.0,0.0,AB2C4,2.329
Nb4Te8Si2,0.002,-0.518,0,pbam,0.521,,0.722,0.589,,0.784,-4.091,-4.351,,-4.611,-84.996,0.0,0.0,AB2C4,2.506
Ta4Si2S8,0.1,-0.861,0,pbam,0.295,,0.42,0.379,,0.558,-4.511,-4.659,,-4.806,-94.74,0.0,0.0,AB2C4,2.276
Ta4Se8Si2,0.017,-0.745,0,pbam,0.38,,0.545,0.525,,0.687,-4.172,-4.362,,-4.552,-88.36,0.0,0.0,AB2C4,2.359
Ta4Te8Si2,0.0,-0.425,0,pbam,0.439,,0.655,0.525,,0.726,-3.983,-4.203,,-4.422,-81.657,0.0,0.0,AB2C4,2.541
Mn2As2Se4Br2,0.097,-0.32,1,pm2_1b,0.0,,,0.0,,,,-4.81,,,-49.058,0.51,2.078,ABCD2,1.618
Nb4Sn2Se8,0.08,-0.69,0,pbam,0.013,,,0.013,,,-4.664,-4.671,,-4.677,-86.946,0.0,0.0,AB2C4,2.255
Nb4Sn2Te8,0.0,-0.461,0,pbam,0.296,,0.427,0.301,,0.467,-4.23,-4.378,,-4.526,-81.508,0.0,0.0,AB2C4,2.428
Ta4Sn2Te8,0.004,-0.352,0,pbam,0.248,,0.362,0.248,,0.412,-4.071,-4.195,,-4.319,-77.943,0.0,0.0,AB2C4,2.45
Bi4Sr2O8,0.0,-1.766,0,p2_1/m11,2.704,,4.038,2.794,,4.068,-2.072,-3.424,,-4.776,-87.759,0.0,0.0,AB2C4,2.253
Bi4Sr2S8,0.073,-0.808,0,c2/m11,0.456,,0.756,0.492,,0.756,-4.812,-5.039,,-5.267,-65.988,0.0,0.0,AB2C4,3.267
Sr2I4O8,0.0,-0.909,0,p4/nbm,1.64,,2.968,1.64,,2.968,-2.348,-3.168,,-3.988,-62.977,0.0,0.0,AB2C4,1.662
Sr2Sb4O8,0.0,-1.927,0,p2_1/m11,3.237,,4.358,3.424,,4.559,-2.056,-3.674,,-5.293,-88.943,0.0,0.0,AB2C4,2.342
W2Cd4O8,0.055,-1.606,0,p112/a,2.469,,3.477,2.645,,3.681,-3.637,-4.872,,-6.106,-90.154,0.0,0.0,AB2C4,1.71
W2Hg4O8,0.011,-1.429,0,p112/a,2.506,,3.867,2.567,,3.968,-3.803,-5.056,,-6.309,-87.518,0.0,0.0,AB2C4,1.772
Zn2As4O8,0.0,-1.312,0,p2_111,3.605,,4.987,3.813,,5.138,-2.448,-4.251,,-6.053,-80.38,0.0,0.0,AB2C4,2.161
Zn2As4S8,0.076,-0.261,0,p2_111,1.653,,2.457,1.701,,2.457,-4.232,-5.058,,-5.885,-57.301,0.0,0.0,AB2C4,2.647
Zn2P4S8,0.092,-0.261,0,p2_111,1.891,,2.759,1.9,,2.759,-4.057,-5.003,,-5.948,-60.111,0.0,0.0,AB2C4,2.627
Sb4Zn2O8,0.028,-1.363,0,p2_111,2.81,,3.983,2.878,,4.025,-2.614,-4.019,,-5.424,-80.075,0.0,0.0,AB2C4,2.362
K2MgS10H4,0.092,-0.395,0,p-1,2.059,,3.111,2.077,,3.141,-2.942,-3.972,,-5.001,-64.855,0.0,0.0,AB2C4D10,1.469
Bi2Cd2Br2O4,0.004,-1.111,0,p2_1/m11,2.445,,3.667,2.538,,3.697,-4.119,-5.341,,-6.564,-45.977,0.0,0.0,ABCD2,1.852
Na2MgS10H4,0.089,-0.366,0,p-1,2.297,,3.357,2.311,,3.366,-3.161,-4.309,,-5.457,-64.528,0.0,0.0,AB2C4D10,1.535
Hg2Bi2Br2O4,0.018,-0.849,0,p2_1/m11,2.395,,3.519,2.395,,3.519,-4.006,-5.204,,-6.401,-43.276,0.0,0.0,ABCD2,1.757
As2BeO4F4,0.0,-1.904,0,c211,4.144,,6.124,4.23,,6.223,-4.629,-6.701,,-8.773,-60.819,0.0,0.0,AB2C4D4,1.421
Bi2Cd2Cl2O4,0.027,-1.168,0,p2_1/m11,2.845,,4.073,2.947,,4.145,-4.094,-5.516,,-6.939,-46.954,0.0,0.0,ABCD2,1.78
Bi2Cd2O4F2,0.039,-1.495,0,p2_1/m11,2.816,,4.057,2.949,,4.245,-3.342,-4.75,,-6.158,-49.821,0.0,0.0,ABCD2,1.431
P2S4BeF4,0.08,-1.465,0,c211,3.923,,5.122,3.923,,5.122,-2.809,-4.77,,-6.732,-53.211,0.0,0.0,AB2C4D4,1.476
Bi2Cd2I2O4,0.0,-1.029,0,p2_1/m11,1.597,,2.598,1.725,,2.702,-4.108,-4.906,,-5.705,-44.949,0.0,0.0,ABCD2,2.037
Hg2Bi2Cl2O4,0.026,-0.897,0,p2_1/m11,2.556,,3.745,2.556,,3.745,-3.882,-5.16,,-6.438,-44.158,0.0,0.0,ABCD2,1.691
PdNi2Br4Cl4,0.029,-0.423,1,p1,0.322,,1.604,0.347,,1.606,-6.135,-6.295,,-6.456,-36.446,-0.506,0.205,AB2C4D4,2.869
VMn2Br4O4,0.074,-1.294,1,p1,0.652,,2.029,0.705,,2.1,-5.785,-6.111,,-6.437,-69.026,1.876,1.801,AB2C4D4,2.952
CoS4C4N2H8,0.091,-0.157,0,p112/m,0.0,,,0.0,,,,-4.591,,,-107.694,0.0,0.0,AB2C4D4E8,1.262
NiC4N2O4H8,0.135,-0.557,1,p112/m,1.326,,4.256,1.326,,4.409,-3.567,-4.23,,-4.892,-118.513,-0.084,0.064,AB2C4D4E8,0.976
Pd4Se2Br5Cl,0.075,-0.316,0,p1,0.0,,,0.0,,,,-5.453,,,-35.751,0.0,0.0,AB2C4D5,2.913
Hg2Bi2O4F2,0.085,-1.176,0,p2_1/m11,2.221,,3.344,2.368,,3.464,-3.67,-4.78,,-5.891,-46.549,0.0,0.0,ABCD2,1.414
Hg2Bi2I2O4,0.012,-0.787,0,p2_1/m11,1.68,,2.659,1.681,,2.662,-4.035,-4.875,,-5.715,-42.44,0.0,0.0,ABCD2,1.928
Cd2Sb2Br2O4,0.018,-1.146,0,p2_1/m11,2.365,,3.518,2.374,,3.541,-4.319,-5.502,,-6.684,-45.795,0.0,0.0,ABCD2,1.959
Sb2Mn2Br2S4,0.096,-0.419,1,pm2_1b,0.37,,1.63,0.374,,1.646,-4.287,-4.472,,-4.657,-51.913,0.415,1.504,ABCD2,1.611
Sb2Mn2Br2S4,0.102,-0.412,1,p2/m11,0.124,,1.201,0.124,,1.201,-4.266,-4.328,,-4.39,-51.849,0.011,1.11,ABCD2,1.642
Sb2Mn2Se4Br2,0.087,-0.376,1,pm2_1b,0.265,,1.366,0.3,,1.381,-4.264,-4.397,,-4.529,-49.105,0.711,1.952,ABCD2,1.622
Sb2Mn2Se4Br2,0.088,-0.375,1,p2/m11,0.083,,,0.091,,,-4.217,-4.259,,-4.3,-49.095,0.926,3.612,ABCD2,1.642
Cd2Sb2Cl2O4,0.035,-1.201,0,p2_1/m11,2.882,,3.951,2.882,,3.951,-4.365,-5.806,,-7.247,-46.742,0.0,0.0,ABCD2,1.898
Cd2Sb2O4F2,0.072,-1.517,0,p2_1/m11,2.459,,3.513,2.581,,3.669,-3.728,-4.958,,-6.188,-49.512,0.0,0.0,ABCD2,1.513
Sb2Mn2S4Cl2,0.084,-0.496,1,pm2_1b,0.355,,1.619,0.55,,1.895,-4.347,-4.524,,-4.701,-53.088,0.267,0.942,ABCD2,1.578
Sb2Mn2S4Cl2,0.086,-0.494,1,p2/m11,0.209,,1.242,0.209,,1.316,-4.15,-4.254,,-4.359,-53.064,0.098,0.838,ABCD2,1.595
Cr2Cl4C16N8H16,0.137,-0.185,1,p4/nbm,0.0,,,0.0,,,,-4.433,,,-302.013,0.28,0.281,AB2C4D8E8,1.557
Ni5Br2Al,0.16,-0.291,1,p4/mmm,0.0,,,0.0,,,,-4.32,,,-45.47,0.739,0.739,AB2C5,4.576
I2Ni5Al,0.095,-0.208,0,p4/mmm,0.0,,,0.0,,,,-3.871,,,-44.592,0.0,0.0,AB2C5,4.84
Ga2BrCl5,0.022,-1.038,0,cm11,3.333,,4.579,3.38,,4.624,-4.243,-5.91,,-7.577,-24.618,0.0,0.0,AB2C5,2.804
Hf2I5Br,0.041,-0.91,0,p1,0.326,,1.023,0.461,,1.177,-3.879,-4.042,,-4.204,-31.269,0.0,0.0,AB2C5,3.3
Zr2Br5Cl,0.098,-1.398,0,p1,0.371,,1.053,0.424,,1.113,-4.088,-4.274,,-4.459,-35.698,0.0,0.0,AB2C5,3.007
Ni5GaBr2,0.125,-0.208,1,p4/mmm,0.0,,,0.0,,,,-4.317,,,-43.975,0.67,0.67,AB2C5,4.575
Co2S4F2,0.07,-0.754,0,p2_1/m11,0.013,,,0.239,,,-6.045,-6.052,,-6.058,-41.973,0.0,0.0,ABC2,4.637
Sb2I2Mn2Se4,0.116,-0.266,1,p2/m11,0.054,,0.701,0.072,,0.702,-4.349,-4.376,,-4.403,-47.79,0.166,4.204,ABCD2,1.756
Ni5GaCl2,0.143,-0.275,1,p4/mmm,0.0,,,0.0,,,,-4.669,,,-44.91,0.636,0.636,AB2C5,4.584
Nb2Co4Se2S2,0.065,-0.561,0,pmma,0.0,,,0.0,,,,-4.932,,,-74.303,0.0,0.0,ABCD2,2.929
Nb2Ni4Se2S2,0.038,-0.601,0,pmma,0.0,,,0.0,,,,-5.02,,,-70.77,0.0,0.0,ABCD2,2.724
Nb2Te2Co4S2,0.017,-0.517,0,pmma,0.0,,,0.0,,,,-4.574,,,-73.3,0.0,0.0,ABCD2,3.041
Nb2Te2Ni4S2,0.013,-0.559,0,pmma,0.0,,,0.0,,,,-4.612,,,-69.801,0.0,0.0,ABCD2,2.845
Nb2Te2Co4Se2,0.0,-0.449,0,pmma,0.0,,,0.0,,,,-4.475,,,-71.436,0.0,0.0,ABCD2,3.104
Nb2Te2Ni4Se2,0.0,-0.503,0,pmma,0.0,,,0.0,,,,-4.577,,,-68.049,0.0,0.0,ABCD2,2.938
I2Ni5Ga,0.089,-0.133,0,p4/mmm,0.0,,,0.0,,,,-3.891,,,-43.157,0.0,0.0,AB2C5,4.818
Ta2Co4Se2S2,0.019,-0.58,0,pmma,0.0,,,0.0,,,,-4.873,,,-73.466,0.0,0.0,ABCD2,2.983
Te2Fe5Ge,0.051,-0.067,1,p3m1,0.0,,,0.0,,,,-4.362,,,-56.673,0.047,0.081,AB2C5,6.694
Pd2ICl5,0.058,-0.368,1,cm11,0.223,,1.393,0.224,,1.398,-5.9,-6.011,,-6.123,-20.989,0.276,-0.104,AB2C5,2.836
Ta2Ni4Se2S2,0.022,-0.606,0,pmma,0.0,,,0.0,,,,-5.003,,,-69.806,0.0,0.0,ABCD2,2.788
Ta2Te2Co4S2,0.0,-0.536,0,pmma,0.0,,,0.0,,,,-4.52,,,-72.477,0.0,0.0,ABCD2,3.099
Pd5InBr2,0.033,-0.35,0,p4/mmm,0.0,,,0.0,,,,-5.089,,,-27.829,0.0,0.0,AB2C5,4.929
Ta2Te2Co4Se2,0.0,-0.465,0,pmma,0.0,,,0.0,,,,-4.439,,,-70.572,0.0,0.0,ABCD2,3.161
Ta2Te2Ni4Se2,0.0,-0.507,0,pmma,0.0,,,0.0,,,,-4.495,,,-67.063,0.0,0.0,ABCD2,3.004
Ba4As4S8Cl4,0.013,-1.268,0,p2_1/b11,2.068,,2.921,2.218,,3.098,-3.903,-4.937,,-5.971,-91.081,0.0,0.0,ABCD2,2.995
Ba4As4Se8Cl4,0.048,-1.239,0,p2_1/b11,1.624,,2.404,1.749,,2.52,-4.016,-4.828,,-5.64,-85.755,0.0,0.0,ABCD2,3.111
Ba4Te8As4Cl4,0.067,-1.089,0,p2_1/b11,0.926,,1.577,1.177,,1.82,-4.182,-4.645,,-5.108,-80.52,0.0,0.0,ABCD2,3.316
Ba4As4S8F4,0.0,-1.758,0,p2_1/b11,2.095,,2.995,2.176,,3.038,-3.953,-5.0,,-6.048,-100.1,0.0,0.0,ABCD2,3.211
Ba4As4Se8F4,0.005,-1.703,0,p2_1/b11,1.546,,2.348,1.703,,2.456,-4.189,-4.962,,-5.736,-94.244,0.0,0.0,ABCD2,3.364
Ba4Te8As4F4,0.052,-1.525,0,p2_1/b11,0.76,,1.409,1.067,,1.677,-4.325,-4.705,,-5.086,-88.457,0.0,0.0,ABCD2,3.63
Sr4As4S8Cl4,0.042,-1.215,0,p2_1/b11,2.071,,2.976,2.183,,3.084,-3.89,-4.926,,-5.961,-89.42,0.0,0.0,ABCD2,2.852
Sr4As4Se8Cl4,0.043,-1.183,0,p2_1/b11,1.589,,2.371,1.733,,2.522,-4.044,-4.838,,-5.633,-84.016,0.0,0.0,ABCD2,3.018
InI2Ni5,0.172,-0.029,0,p4/mmm,0.0,,,0.0,,,,-3.877,,,-42.19,0.0,0.0,AB2C5,4.915
Pd5InI2,0.0,-0.349,0,p4/mmm,0.0,,,0.0,,,,-4.489,,,-27.616,0.0,0.0,AB2C5,5.137
Pt5InI2,0.112,-0.155,0,p4/mmm,0.0,,,0.0,,,,-3.849,,,-38.731,0.0,0.0,AB2C5,5.68
Sr4As4S8F4,0.0,-1.76,0,p2_1/b11,1.965,,2.707,1.965,,2.707,-4.141,-5.124,,-6.107,-99.517,0.0,0.0,ABCD2,3.193
Sr4As4Se8F4,0.0,-1.698,0,p2_1/b11,1.356,,1.976,1.356,,1.976,-4.386,-5.063,,-5.741,-93.52,0.0,0.0,ABCD2,3.36
Sr4Te8As4F4,0.06,-1.511,0,p2_1/b11,0.441,,1.004,0.557,,1.004,-4.589,-4.81,,-5.03,-87.553,0.0,0.0,ABCD2,3.622
Ba4Bi4S8Cl4,0.065,-1.329,0,p2_1/b11,1.54,,2.601,1.693,,2.706,-3.665,-4.435,,-5.205,-92.351,0.0,0.0,ABCD2,3.009
Hf2I5Se,0.072,-0.925,1,cm11,0.286,,0.972,0.491,,1.169,-4.021,-4.164,,-4.307,-33.287,0.376,0.36,AB2C5,3.295
Mo2SeBr5,0.075,-0.523,1,p1,0.482,,1.338,0.54,,1.373,-4.856,-5.097,,-5.338,-37.993,0.399,0.113,AB2C5,3.207
Ba4Bi4S8F4,0.0,-1.821,0,p2_1/b11,1.4,,2.354,1.508,,2.373,-4.1,-4.8,,-5.499,-101.398,0.0,0.0,ABCD2,3.343
Ba4Bi4Se8F4,0.031,-1.785,0,p2_1/b11,0.903,,1.618,1.019,,1.64,-4.512,-4.963,,-5.415,-95.924,0.0,0.0,ABCD2,3.613
TlPd5Br2,0.075,-0.215,0,p4/mmm,0.0,,,0.0,,,,-5.052,,,-26.488,0.0,0.0,AB2C5,4.95
Ba4Sb4S8Cl4,0.019,-1.335,0,p2_1/b11,2.08,,2.967,2.187,,3.027,-3.591,-4.631,,-5.671,-91.393,0.0,0.0,ABCD2,3.075
Ba4Sb4Se8Cl4,0.024,-1.308,0,p2_1/b11,1.584,,2.345,1.745,,2.485,-3.839,-4.631,,-5.423,-86.1,0.0,0.0,ABCD2,3.198
Ba4Sb4Te8Cl4,0.063,-1.146,0,p2_1/b11,0.823,,1.411,1.062,,1.655,-4.128,-4.54,,-4.952,-80.645,0.0,0.0,ABCD2,3.407
Ba4P4S8F4,0.087,-1.746,0,p2_1/b11,2.056,,2.96,2.11,,2.987,-3.996,-5.024,,-6.052,-102.667,0.0,0.0,ABCD2,3.293
Ba4Se8P4F4,0.075,-1.662,0,p2_1/b11,1.721,,2.547,1.806,,2.601,-4.055,-4.916,,-5.776,-96.218,0.0,0.0,ABCD2,3.369
Ba4Sb4S8F4,0.0,-1.823,0,p2_1/b11,1.974,,2.749,2.032,,2.81,-3.772,-4.759,,-5.746,-100.368,0.0,0.0,ABCD2,3.304
Ba4Sb4Se8F4,0.0,-1.769,0,p2_1/b11,1.386,,2.045,1.468,,2.055,-4.183,-4.876,,-5.569,-94.534,0.0,0.0,ABCD2,3.499
Ba4Sb4Te8F4,0.049,-1.582,0,p2_1/b11,0.512,,0.896,0.544,,0.896,-4.587,-4.843,,-5.099,-88.558,0.0,0.0,ABCD2,3.822
TlPd5I2,0.0,-0.223,0,p4/mmm,0.0,,,0.0,,,,-4.519,,,-26.339,0.0,0.0,AB2C5,5.143
Bi4Sr4S8F4,0.008,-1.823,0,p2_1/b11,0.826,,1.381,0.826,,1.381,-4.609,-5.022,,-5.436,-100.833,0.0,0.0,ABCD2,3.419
Sr4Sb4S8Cl4,0.045,-1.28,0,p2_1/b11,1.989,,2.862,2.124,,2.963,-3.548,-4.542,,-5.537,-89.694,0.0,0.0,ABCD2,2.913
Ta4Co2S10,0.0,-0.959,1,pmmn,0.0,,,0.0,,,,-5.601,,,-111.846,1.316,-2.113,AB2C5,2.157
Ta4Co2Se10,0.0,-0.745,1,pmmn,0.0,,,0.0,,,,-5.067,,,-102.476,0.139,0.243,AB2C5,2.263
Sr4Sb4Se8Cl4,0.049,-1.25,0,p2_1/b11,1.409,,2.144,1.634,,2.369,-3.888,-4.593,,-5.298,-84.326,0.0,0.0,ABCD2,3.098
Sr4Sb4Te8Cl4,0.078,-1.087,0,p2_1/b11,0.727,,1.303,0.834,,1.325,-4.496,-4.86,,-5.223,-78.846,0.0,0.0,ABCD2,3.534
Nb4Fe2S10,0.045,-0.924,1,pmmn,0.0,,,0.0,,,,-5.68,,,-114.946,-0.34,-0.541,AB2C5,2.175
Nb4Fe2Se10,0.0,-0.739,1,pmmn,0.0,,,0.0,,,,-5.256,,,-106.035,-0.215,-1.049,AB2C5,2.27
Nb4Te10Fe2,0.0,-0.387,1,pmmn,0.0,,,0.0,,,,-4.775,,,-97.623,0.883,-4.118,AB2C5,2.453
Sr4P4S8F4,0.061,-1.754,0,p2_1/b11,2.07,,2.936,2.07,,2.936,-3.984,-5.019,,-6.054,-102.201,0.0,0.0,ABCD2,3.217
Ta4Fe2S10,0.004,-0.938,1,pmmn,0.0,,,0.0,,,,-5.588,,,-113.135,-3.086,-1.213,AB2C5,2.176
Ta4Fe2Se10,0.0,-0.724,1,pmmn,0.0,,,0.0,,,,-5.185,,,-103.756,-0.466,-2.611,AB2C5,2.266
Ta4Te10Fe2,0.001,-0.33,1,pmmn,0.0,,,0.0,,,,-4.671,,,-94.685,0.414,-4.918,AB2C5,2.469
Sr4Se8P4F4,0.055,-1.66,0,p2_1/b11,1.648,,2.397,1.648,,2.397,-4.119,-4.943,,-5.767,-95.56,0.0,0.0,ABCD2,3.33
Sr4Sb4S8F4,0.0,-1.818,0,p2_1/b11,1.526,,2.092,1.526,,2.092,-4.058,-4.821,,-5.584,-99.651,0.0,0.0,ABCD2,3.3
Sr4Sb4Se8F4,0.0,-1.76,0,p2_1/b11,0.878,,1.249,0.878,,1.249,-4.418,-4.857,,-5.296,-93.724,0.0,0.0,ABCD2,3.513
V4Li2O10,0.037,-2.292,1,pmmn,0.309,,0.712,0.403,,0.844,-5.472,-5.627,,-5.781,-125.787,-0.043,-0.05,AB2C5,1.419
Nb4Ni2S10,0.0,-0.94,0,p112/a,0.078,,0.343,0.093,,0.343,-5.481,-5.52,,-5.558,-111.613,0.0,0.0,AB2C5,2.073
Nb4Ni2Se10,0.0,-0.768,0,pmmn,0.0,,,0.0,,,,-5.133,,,-102.914,0.0,0.0,AB2C5,2.18
Nb4Te10Ni2,0.006,-0.428,0,pmmn,0.0,,,0.0,,,,-4.671,,,-94.695,0.0,0.0,AB2C5,2.372
Ta4Ni2S10,0.0,-0.967,0,pmmn,0.0,,,0.0,,,,-5.417,,,-110.017,0.0,0.0,AB2C5,2.117
Ta4Ni2Se10,0.0,-0.763,0,p112/a,0.032,,0.174,0.04,,0.177,-4.943,-4.959,,-4.975,-100.792,0.0,0.0,AB2C5,2.189
Ta4Te10Ni2,0.001,-0.378,0,pmmn,0.0,,,0.0,,,,-4.568,,,-91.862,0.0,0.0,AB2C5,2.352
Sn2IMnClO2,0.082,-1.021,1,p1,1.404,,2.248,1.517,,2.975,-3.806,-4.508,,-5.211,-38.488,0.56,0.444,ABCD2E2,3.707
Nb4Pd2S10,0.064,-0.859,0,p112/a,0.148,,0.475,0.179,,0.475,-5.516,-5.59,,-5.665,-103.47,0.0,0.0,AB2C5,2.107
Nb4Pd2Se10,0.038,-0.729,0,p112/a,0.021,,0.283,0.066,,0.283,-5.144,-5.155,,-5.166,-95.431,0.0,0.0,AB2C5,2.199
Nb4Pd2Te10,0.011,-0.442,0,pmmn,0.041,,,0.077,,,-4.677,-4.698,,-4.719,-88.071,0.0,0.0,AB2C5,2.403
Ta4Pd2S10,0.022,-0.892,0,p112/a,0.11,,0.037,0.119,,0.037,-5.424,-5.479,,-5.534,-101.953,0.0,0.0,AB2C5,2.141
Ta4Pd2Se10,0.014,-0.729,0,p112/a,0.071,,0.197,0.078,,0.215,-4.983,-5.018,,-5.054,-93.403,0.0,0.0,AB2C5,2.219
Ta4Pd2Te10,0.003,-0.395,0,pmmn,0.0,,,0.0,,,,-4.631,,,-85.281,0.0,0.0,AB2C5,2.383
Mn5ZnGe2S12,0.067,-0.469,1,pm11,0.0,,,0.0,,,,-5.54,,,-117.113,-0.133,-0.221,AB2C5D12,4.764
Sn2AsS6,0.076,-0.23,0,p-31m,0.0,,,0.0,,,,-6.057,,,-39.318,0.0,0.0,AB2C6,1.951
Sn2AsSe6,0.052,-0.212,0,p-31m,0.0,,,0.0,,,,-5.746,,,-35.581,0.0,0.0,AB2C6,1.991
Nb2NiS6,0.0,-0.859,0,c2/m11,0.0,,,0.0,,,,-5.664,,,-60.098,0.0,0.0,AB2C6,2.097
Nb2NiSe6,0.0,-0.703,0,c2/m11,0.0,,,0.0,,,,-5.194,,,-55.125,0.0,0.0,AB2C6,2.18
Nb2Te6Ni,0.039,-0.367,0,c2/m11,0.0,,,0.0,,,,-4.635,,,-50.433,0.0,0.0,AB2C6,2.344
Ta2NiS6,0.0,-0.877,0,c2/m11,0.0,,,0.0,,,,-5.617,,,-59.245,0.0,0.0,AB2C6,2.112
Ta2NiSe6,0.005,-0.686,0,c2/m11,0.0,,,0.0,,,,-5.146,,,-53.951,0.0,0.0,AB2C6,2.186
Cu2Br2C4N2H4,0.187,-0.113,0,p-1,0.69,,2.528,0.968,,2.97,-3.738,-4.083,,-4.428,-78.98,0.0,0.0,ABCD2E2,1.259
Sn2Se6P,0.071,-0.18,0,p-31m,0.0,,,0.0,,,,-5.396,,,-35.997,0.0,0.0,AB2C6,2.01
Nb2PdS6,0.0,-0.864,0,c2/m11,0.0,,,0.0,,,,-5.657,,,-56.721,0.0,0.0,AB2C6,2.116
Nb2PdSe6,0.0,-0.732,0,c2/m11,0.0,,,0.0,,,,-5.188,,,-51.959,0.0,0.0,AB2C6,2.198
Nb2PdTe6,0.001,-0.43,0,c2/m11,0.0,,,0.0,,,,-4.621,,,-47.57,0.0,0.0,AB2C6,2.357
PdNi2Se6,0.006,-0.263,0,p-31m,0.202,,0.546,0.512,,0.957,-4.822,-4.923,,-5.024,-41.578,0.0,0.0,AB2C6,3.534
SnIGe2As2Se2SCl5,0.083,-0.497,0,p1,0.668,,1.198,0.852,,1.388,-5.608,-5.942,,-6.276,-50.814,0.0,0.0,ABCD2E2F2G5,3.738
Ta2PdS6,0.0,-0.885,0,c2/m11,0.0,,,0.0,,,,-5.585,,,-55.883,0.0,0.0,AB2C6,2.136
Ta2PdSe6,0.0,-0.717,0,c2/m11,0.0,,,0.0,,,,-5.128,,,-50.805,0.0,0.0,AB2C6,2.193
PtNb2S6,0.0,-0.885,0,c2/m11,0.0,,,0.0,,,,-5.554,,,-59.439,0.0,0.0,AB2C6,2.145
PtNb2Se6,0.0,-0.739,0,c2/m11,0.0,,,0.0,,,,-5.065,,,-54.558,0.0,0.0,AB2C6,2.223
Ta2PtS6,0.0,-0.902,0,c2/m11,0.0,,,0.0,,,,-5.516,,,-58.57,0.0,0.0,AB2C6,2.158
Ta2PtSe6,0.0,-0.72,0,c2/m11,0.0,,,0.0,,,,-5.029,,,-53.368,0.0,0.0,AB2C6,2.226
Zr5SeBr2PS2B,0.019,-1.373,0,cm11,0.0,,,0.0,,,,-4.501,,,-80.37,0.0,0.0,ABCD2E2F5,4.657
ReAg2Br6,0.0,-0.335,1,p-31m,0.562,,,0.604,,,-5.481,-5.762,,-6.043,-29.858,0.085,0.067,AB2C6,2.859
ReAg2Cl6,0.0,-0.567,1,p-31m,0.778,,,0.78,,,-5.553,-5.942,,-6.331,-33.154,-2.002,-2.036,AB2C6,2.796
ReAg2I6,0.08,-0.065,1,p-31m,0.169,,1.376,0.17,,1.405,-5.311,-5.395,,-5.48,-26.794,3.344,3.461,AB2C6,3.341
ReAu2F6,0.177,-1.459,1,p1,0.182,,1.145,0.328,,1.331,-6.724,-6.815,,-6.906,-40.569,-4.128,-4.191,AB2C6,2.376
ReCu2Cl6,0.033,-0.554,1,p-3,0.467,,,0.474,,,-5.194,-5.428,,-5.661,-34.707,0.99,1.013,AB2C6,2.872
ReCu2F6,0.0,-1.673,1,p-1,0.872,,,0.974,,,-4.422,-4.857,,-5.293,-43.583,5.298,-6.283,AB2C6,2.081
ReI6Cu2,0.088,-0.017,1,p-3,0.18,,1.592,0.2,,1.794,-5.06,-5.15,,-5.239,-28.034,10.141,10.193,AB2C6,3.358
SbGe2Se6,0.096,-0.154,0,p-31m,0.0,,,0.0,,,,-5.453,,,-35.722,0.0,0.0,AB2C6,2.021
Sn2SbS6,0.042,-0.302,0,p-31m,0.0,,,0.0,,,,-5.733,,,-39.704,0.0,0.0,AB2C6,1.953
Sn2SbSe6,0.023,-0.282,0,p-31m,0.0,,,0.0,,,,-5.45,,,-35.953,0.0,0.0,AB2C6,1.993
Hf2ZrSe6,0.0,-1.359,0,p-31m,0.382,,1.212,1.105,,2.138,-5.019,-5.21,,-5.401,-55.547,0.0,0.0,AB2C6,3.849
Ba2As4O12,0.027,-1.626,0,p-1,3.182,,5.014,3.19,,5.027,-4.581,-6.173,,-7.764,-113.076,0.0,0.0,AB2C6,1.549
Ba2P4O12,0.079,-2.423,0,p-1,5.12,,6.879,5.124,,6.887,-2.637,-5.197,,-7.757,-130.214,0.0,0.0,AB2C6,1.53
Nb4Br2S12,0.039,-0.76,0,p-1,0.369,,0.848,0.4,,0.848,-4.883,-5.068,,-5.253,-107.097,0.0,0.0,AB2C6,1.751
Nb4Se12Br2,0.015,-0.682,0,p-1,0.617,,1.065,0.645,,1.065,-4.427,-4.735,,-5.043,-98.552,0.0,0.0,AB2C6,1.826
Nb4Te12Br2,0.0,-0.449,0,p-1,0.736,,1.18,0.748,,1.18,-4.006,-4.374,,-4.742,-91.006,0.0,0.0,AB2C6,1.961
Ta4Br2S12,0.086,-0.726,0,p-1,0.538,,0.982,0.538,,0.982,-4.597,-4.866,,-5.135,-104.44,0.0,0.0,AB2C6,1.789
Ta4Se12Br2,0.043,-0.635,0,p-1,0.66,,1.069,0.66,,1.069,-4.252,-4.582,,-4.912,-95.661,0.0,0.0,AB2C6,1.851
Ta4Te12Br2,0.002,-0.377,0,p-1,0.67,,1.093,0.67,,1.093,-3.95,-4.285,,-4.62,-87.674,0.0,0.0,AB2C6,1.98
Ca2Ge4F12,0.0,-2.864,0,p-1,4.773,,5.992,4.835,,6.09,-1.962,-4.349,,-6.736,-92.681,0.0,0.0,AB2C6,1.856
Ca2P4O12,0.004,-2.402,0,p-1,5.201,,7.038,5.203,,7.042,-3.306,-5.906,,-8.507,-130.201,0.0,0.0,AB2C6,1.617
Ca2P4S12,0.069,-0.588,0,p-1,2.355,,3.435,2.448,,3.527,-4.181,-5.358,,-6.536,-84.995,0.0,0.0,AB2C6,1.858
Sn4Ca2Cl12,0.045,-1.44,0,p-1,3.519,,4.426,3.519,,4.426,-2.738,-4.498,,-6.258,-67.585,0.0,0.0,AB2C6,2.024
Sn4Ca2F12,0.0,-2.948,0,p-1,3.924,,4.948,4.067,,5.111,-2.069,-4.032,,-5.994,-92.356,0.0,0.0,AB2C6,2.033
Nb4S12Cl2,0.035,-0.812,0,p-1,0.391,,0.865,0.405,,0.865,-4.851,-5.047,,-5.243,-108.436,0.0,0.0,AB2C6,1.732
Nb4Se12Cl2,0.015,-0.728,0,p-1,0.625,,1.081,0.642,,1.081,-4.399,-4.712,,-5.024,-99.78,0.0,0.0,AB2C6,1.812
Nb4Te12Cl2,0.015,-0.488,0,p-1,0.749,,1.182,0.78,,1.185,-3.962,-4.336,,-4.711,-92.121,0.0,0.0,AB2C6,1.951
Ta4S12Cl2,0.075,-0.78,0,p-1,0.546,,1.01,0.546,,1.01,-4.552,-4.825,,-5.098,-105.807,0.0,0.0,AB2C6,1.773
Ta4Se12Cl2,0.04,-0.683,0,p-1,0.671,,1.103,0.671,,1.103,-4.205,-4.541,,-4.877,-96.919,0.0,0.0,AB2C6,1.837
Ta4Te12Cl2,0.017,-0.418,0,p-1,0.706,,1.136,0.711,,1.136,-3.893,-4.246,,-4.599,-88.818,0.0,0.0,AB2C6,1.969
Nb4Cr2S12,0.031,-0.924,1,c2/m11,0.0,,,0.0,,,,-5.501,,,-125.692,-0.171,-0.043,AB2C6,2.195
Ta4Cr2S12,0.0,-0.96,1,c2/m11,0.0,,,0.0,,,,-5.328,,,-124.299,0.107,1.263,AB2C6,2.199
I4Cu2O12,0.03,-0.19,1,p2_111,0.735,,2.895,0.835,,2.954,-5.024,-5.391,,-5.758,-78.182,0.235,-0.076,AB2C6,1.705
In4ISe3Br2SCl,0.045,-0.656,0,p1,1.428,,2.297,1.428,,2.297,-4.994,-5.708,,-6.422,-39.885,0.0,0.0,ABCD2E3F4,3.135
Nb4I2S12,0.049,-0.693,0,p-1,0.318,,0.816,0.385,,0.82,-4.912,-5.071,,-5.23,-105.67,0.0,0.0,AB2C6,1.823
Nb4I2Se12,0.019,-0.623,0,p-1,0.577,,1.033,0.641,,1.041,-4.451,-4.739,,-5.028,-97.275,0.0,0.0,AB2C6,1.886
Nb4Te12I2,0.007,-0.397,0,p-1,0.673,,1.135,0.686,,1.135,-4.068,-4.405,,-4.741,-89.861,0.0,0.0,AB2C6,2.009
Ta4I2S12,0.093,-0.657,0,p-1,0.502,,0.936,0.519,,0.936,-4.646,-4.897,,-5.148,-102.991,0.0,0.0,AB2C6,1.858
Ta4I2Se12,0.049,-0.575,0,p-1,0.635,,1.014,0.635,,1.014,-4.309,-4.627,,-4.944,-94.361,0.0,0.0,AB2C6,1.911
Ta4Te12I2,0.004,-0.325,0,p-1,0.615,,1.024,0.615,,1.024,-4.019,-4.327,,-4.634,-86.534,0.0,0.0,AB2C6,2.03
Mo2As4O12,0.031,-1.538,0,p2_111,1.978,,3.396,2.086,,3.495,-5.472,-6.461,,-7.45,-130.226,0.0,0.0,AB2C6,2.471
Ta8TeSe2BrCl4C3N,0.087,-0.842,0,p1,0.0,,,0.0,,,,-4.067,,,-150.281,0.0,0.0,ABCD2E3F4G8,5.701
TaAgGeS4Cl2,0.025,-0.694,0,p1,1.226,,2.271,1.246,,2.271,-5.132,-5.745,,-6.358,-43.3,0.0,0.0,ABCD2E4,3.121
Mo2Sb4O12,0.038,-1.627,0,p2_111,1.913,,3.217,2.03,,3.31,-5.035,-5.992,,-6.949,-130.806,0.0,0.0,AB2C6,2.712
I4CrMnCuS2,0.097,-0.335,1,p1,0.0,,,0.0,,,,-5.393,,,-39.884,0.652,1.855,ABCD2E4,3.0
I4Ni2O12,0.076,-0.209,0,p2_1/b11,0.545,,3.103,0.641,,3.213,-4.92,-5.193,,-5.465,-85.658,0.0,0.0,AB2C6,1.851
Ni2N4O12,0.011,-0.428,0,p2_1/b11,0.825,,3.653,0.825,,3.697,-5.804,-6.216,,-6.628,-117.093,0.0,0.0,AB2C6,1.263
Pd2I4O12,0.026,-0.157,0,p2_1/b11,1.034,,2.732,1.18,,2.901,-4.753,-5.27,,-5.787,-77.862,0.0,0.0,AB2C6,1.798
Pd2N4O12,0.0,-0.387,0,p2_1/b11,1.431,,3.277,1.431,,3.277,-5.569,-6.284,,-6.999,-109.502,0.0,0.0,AB2C6,1.268
Pt2N4O12,0.013,-0.348,0,p2_1/b11,2.206,,3.864,2.24,,3.896,-4.596,-5.699,,-6.802,-113.866,0.0,0.0,AB2C6,1.339
As4S2O12,0.0,-1.232,0,p2_12_12,4.456,,5.874,4.456,,5.874,-2.721,-4.949,,-7.177,-110.478,0.0,0.0,AB2C6,1.21
Sb4S2O12,0.0,-1.369,0,p2_12_12,4.131,,5.447,4.131,,5.447,-2.49,-4.556,,-6.621,-111.915,0.0,0.0,AB2C6,1.346
As4Se2O12,0.075,-0.916,0,p2_12_12,3.192,,,3.192,,,-3.91,-5.506,,-7.103,-103.59,0.0,0.0,AB2C6,1.225
Sr2Ge4Cl12,0.0,-1.371,0,p-1,3.829,,4.825,3.829,,4.825,-2.785,-4.699,,-6.613,-67.51,0.0,0.0,AB2C6,1.95
Sr2P4O12,0.091,-2.413,0,p-1,5.087,,6.874,5.088,,6.875,-3.091,-5.635,,-8.178,-129.73,0.0,0.0,AB2C6,1.541
Sr2P4S12,0.072,-0.623,0,p-1,2.344,,3.398,2.412,,3.494,-4.169,-5.341,,-6.513,-84.95,0.0,0.0,AB2C6,1.881
Pb4Sr2Cl12,0.076,-1.547,0,p-1,2.998,,4.087,3.026,,4.132,-3.289,-4.788,,-6.287,-67.654,0.0,0.0,AB2C6,2.058
Sr2Sn4Cl12,0.022,-1.491,0,p-1,3.575,,4.466,3.577,,4.466,-2.706,-4.494,,-6.281,-67.835,0.0,0.0,AB2C6,2.004
Ag4Te2O12,0.084,-0.386,0,p2_1/b11,0.636,,1.801,0.644,,1.805,-7.119,-7.437,,-7.755,-86.205,0.0,0.0,AB2C6,1.533
Au4Te2O12,0.041,-0.368,0,p2_1/b11,1.08,,2.467,1.08,,2.47,-6.509,-7.049,,-7.589,-87.04,0.0,0.0,AB2C6,1.592
Te2Cu4O12,0.088,-0.581,0,p2_1/b11,0.449,,1.738,0.466,,1.781,-7.471,-7.696,,-7.92,-93.071,0.0,0.0,AB2C6,1.53
W2As4O12,0.038,-1.638,0,pm2_1n,1.811,,3.138,1.841,,3.16,-5.64,-6.545,,-7.451,-132.595,0.0,0.0,AB2C6,2.579
W2Sb4O12,0.038,-1.722,0,p2_111,1.745,,2.951,1.773,,2.988,-5.216,-6.088,,-6.961,-133.084,0.0,0.0,AB2C6,2.861
Hf6IClCN2O4,0.122,-2.124,0,p1,0.0,,,0.0,,,,-4.236,,,-126.578,0.0,0.0,ABCD2E4F6,5.122
AgCuSe5P2S,0.016,-0.106,0,p1,0.027,,0.127,0.095,,0.245,-5.53,-5.543,,-5.557,-39.795,0.0,0.0,ABCD2E5,3.544
K2GeO6H6,0.0,-1.366,0,p-3,4.237,,5.959,4.237,,5.959,-1.604,-3.723,,-5.841,-78.139,0.0,0.0,AB2C6D6,0.846
K2GeS6H6,0.045,-0.443,0,p-3,2.31,,3.373,2.336,,3.388,-3.249,-4.404,,-5.559,-58.021,0.0,0.0,AB2C6D6,1.067
GeLi2O6H6,0.051,-1.4,0,p-3,4.083,,5.821,4.083,,5.821,-1.64,-3.681,,-5.723,-79.989,0.0,0.0,AB2C6D6,0.92
GeNa2O6H6,0.0,-1.362,0,p-3,4.152,,5.901,4.152,,5.901,-1.743,-3.818,,-5.894,-78.259,0.0,0.0,AB2C6D6,0.83
GeNa2S6H6,0.058,-0.398,0,p-3,2.274,,3.318,2.284,,3.327,-3.31,-4.447,,-5.584,-57.509,0.0,0.0,AB2C6D6,1.091
HfK2O6H6,0.034,-1.695,0,p-3,4.19,,5.846,4.19,,5.846,-1.307,-3.402,,-5.497,-86.068,0.0,0.0,AB2C6D6,0.81
HfK2S6H6,0.001,-0.713,0,p-3,3.014,,4.336,3.014,,4.343,-2.533,-4.04,,-5.547,-65.055,0.0,0.0,AB2C6D6,1.073
HfS6Li2H6,0.059,-0.652,0,p-3,3.008,,4.329,3.054,,4.379,-2.982,-4.486,,-5.99,-65.477,0.0,0.0,AB2C6D6,1.015
HfNa2O6H6,0.004,-1.683,0,p-3,4.113,,5.786,4.113,,5.786,-1.384,-3.44,,-5.497,-86.053,0.0,0.0,AB2C6D6,0.787
HfNa2S6H6,0.015,-0.661,0,p-3,2.783,,4.097,2.783,,4.097,-2.718,-4.11,,-5.502,-64.448,0.0,0.0,AB2C6D6,1.104
PbK2O6H6,0.005,-1.201,0,p-3,3.076,,4.535,3.087,,4.535,-2.801,-4.339,,-5.877,-74.903,0.0,0.0,AB2C6D6,0.878
PbK2S6H6,0.063,-0.408,0,p-3,1.59,,2.466,1.59,,2.466,-4.122,-4.917,,-5.712,-56.737,0.0,0.0,AB2C6D6,1.092
PbNa2O6H6,0.0,-1.187,0,p-3,2.904,,4.41,2.911,,4.417,-3.006,-4.458,,-5.91,-74.863,0.0,0.0,AB2C6D6,0.86
PbNa2S6H6,0.075,-0.359,0,p-3,1.498,,2.375,1.52,,2.412,-4.13,-4.879,,-5.628,-56.171,0.0,0.0,AB2C6D6,1.085
PdK2O6H6,0.0,-1.111,0,p-3,2.493,,4.384,2.495,,4.384,-2.747,-3.993,,-5.239,-73.617,0.0,0.0,AB2C6D6,0.887
PdK2S6H6,0.026,-0.428,0,p-3,1.783,,2.798,1.786,,2.852,-3.502,-4.393,,-5.285,-57.097,0.0,0.0,AB2C6D6,1.1
PdLi2O6H6,0.053,-1.134,0,p-3,2.434,,4.306,2.434,,4.306,-2.803,-4.02,,-5.238,-75.302,0.0,0.0,AB2C6D6,0.933
PdNa2O6H6,0.004,-1.103,0,p-3,2.468,,4.355,2.468,,4.355,-2.896,-4.13,,-5.364,-73.669,0.0,0.0,AB2C6D6,0.86
PdNa2S6H6,0.033,-0.384,0,p-3,1.715,,2.71,1.744,,2.794,-3.616,-4.474,,-5.331,-56.614,0.0,0.0,AB2C6D6,1.106
PtK2O6H6,0.0,-1.152,0,p-3,2.843,,4.68,2.849,,4.681,-1.642,-3.064,,-4.485,-76.763,0.0,0.0,AB2C6D6,0.912
PtK2S6H6,0.0,-0.476,0,p-3,2.284,,3.419,2.286,,3.423,-2.842,-3.984,,-5.126,-60.352,0.0,0.0,AB2C6D6,1.111
PtLi2O6H6,0.042,-1.172,0,p-3,2.833,,4.67,2.837,,4.67,-1.662,-3.079,,-4.495,-78.4,0.0,0.0,AB2C6D6,0.949
AuHgBrCl3,0.028,-0.406,1,p1,0.128,,1.148,0.432,,1.481,-5.874,-5.938,,-6.002,-13.389,0.425,-0.279,ABCD3,2.592
PtNa2O6H6,0.0,-1.142,0,p-3,2.835,,4.674,2.838,,4.675,-1.775,-3.192,,-4.61,-76.794,0.0,0.0,AB2C6D6,0.884
PtNa2S6H6,0.004,-0.432,0,p-3,2.273,,3.386,2.292,,3.411,-2.942,-4.078,,-5.214,-59.867,0.0,0.0,AB2C6D6,1.127
AuI3MnBr,0.131,-0.206,1,p112,0.0,,,0.0,,,,-5.738,,,-20.103,-4.602,-5.753,ABCD3,2.734
SnK2O6H6,0.001,-1.366,0,p-3,4.058,,5.746,4.083,,5.749,-1.809,-3.838,,-5.867,-77.671,0.0,0.0,AB2C6D6,0.856
SnK2S6H6,0.0,-0.491,0,p-3,2.626,,3.698,2.626,,3.698,-3.072,-4.385,,-5.698,-58.281,0.0,0.0,AB2C6D6,1.085
AuTlI3Br,0.008,-0.318,0,pm11,0.493,,1.275,0.741,,1.474,-5.38,-5.626,,-5.873,-13.553,0.0,0.0,ABCD3,2.712
SnNa2O6H6,0.011,-1.355,0,p-3,3.937,,5.655,3.959,,5.675,-1.978,-3.947,,-5.915,-77.684,0.0,0.0,AB2C6D6,0.837
SnNa2S6H6,0.008,-0.442,0,p-3,2.587,,3.652,2.593,,3.659,-3.091,-4.385,,-5.679,-57.722,0.0,0.0,AB2C6D6,1.095
ZrK2O6H6,0.046,-1.684,0,p-3,4.248,,5.902,4.248,,5.902,-1.275,-3.399,,-5.523,-85.793,0.0,0.0,AB2C6D6,0.807
ZrK2S6H6,0.006,-0.706,0,p-3,2.689,,4.118,2.689,,4.118,-2.899,-4.243,,-5.588,-64.85,0.0,0.0,AB2C6D6,1.07
RuCuSeCl3,0.061,-0.442,0,p1,0.278,,0.82,0.291,,0.82,-5.447,-5.586,,-5.725,-24.631,0.0,0.0,ABCD3,3.17
ZrNa2O6H6,0.038,-1.671,0,p-3,4.179,,5.847,4.179,,5.847,-1.346,-3.435,,-5.524,-85.774,0.0,0.0,AB2C6D6,0.785
SrIVCl3,0.066,-1.607,1,pm11,1.219,,3.719,1.356,,3.861,-3.479,-4.089,,-4.698,-26.671,0.039,-0.121,ABCD3,2.884
WTe3MnSe,0.096,-0.187,1,pm11,0.123,,0.458,0.123,,0.56,-4.27,-4.332,,-4.394,-35.42,0.603,-0.186,ABCD3,4.379
SnNaSCl3,0.056,-1.071,0,p1,2.023,,3.168,2.083,,3.22,-5.184,-6.196,,-7.207,-21.224,0.0,0.0,ABCD3,2.637
Pb2As2Cl2O6,0.067,-1.187,0,p11a,3.017,,4.402,3.116,,4.543,-3.998,-5.507,,-7.015,-65.397,0.0,0.0,ABCD3,1.991
Nb4Pd2Te14,0.017,-0.395,0,p2_1/m11,0.021,,,0.04,,,-4.563,-4.573,,-4.583,-101.711,0.0,0.0,AB2C7,2.349
Pb2As2O6F2,0.059,-1.526,0,p11a,3.334,,4.677,3.342,,4.677,-3.951,-5.618,,-7.285,-69.075,0.0,0.0,ABCD3,1.891
Ta4Pd2Te14,0.014,-0.348,0,p2_1/m11,0.031,,,0.04,,,-4.452,-4.468,,-4.483,-98.724,0.0,0.0,AB2C7,2.349
Pt2Nb4Te14,0.013,-0.413,0,p2_1/m11,0.063,,0.013,0.066,,0.072,-4.501,-4.533,,-4.564,-107.147,0.0,0.0,AB2C7,2.382
Ta4Pt2Te14,0.019,-0.365,0,p2_1/m11,0.059,,0.009,0.059,,0.039,-4.418,-4.447,,-4.476,-104.149,0.0,0.0,AB2C7,2.388
Te4S2O14,0.026,-1.169,0,pm2_1n,3.194,,4.609,3.207,,4.647,-5.013,-6.61,,-8.207,-116.085,0.0,0.0,AB2C7,2.085
Te4Se2O14,0.036,-0.875,0,pm2_1n,2.888,,4.219,3.123,,4.531,-5.229,-6.672,,-8.116,-109.031,0.0,0.0,AB2C7,2.173
Cs2C2O6H2,0.0,-1.537,0,p2_111,4.324,,6.047,4.336,,6.068,-1.127,-3.289,,-5.451,-75.938,0.0,0.0,ABCD3,1.397
CdIn2F8,0.073,-2.464,0,c2/m11,3.977,,6.035,3.977,,6.035,-5.051,-7.04,,-9.029,-46.25,0.0,0.0,AB2C8,2.124
Au4I4O4H4,0.056,-0.407,0,p2_1/b11,0.021,,,0.039,,,-4.575,-4.585,,-4.596,-58.74,0.0,0.0,ABCD,2.197
HfMo2O8,0.0,-2.478,0,p-3m1,3.311,,5.134,3.399,,5.212,-5.485,-7.14,,-8.796,-98.163,0.0,0.0,AB2C8,1.643
K2C2O6H2,0.0,-1.542,0,p2_111,4.463,,6.216,4.463,,6.216,-1.126,-3.358,,-5.589,-76.773,0.0,0.0,ABCD3,1.221
Na2C2O6H2,0.0,-1.519,0,p2_111,4.539,,6.301,4.605,,6.37,-1.117,-3.386,,-5.656,-76.671,0.0,0.0,ABCD3,1.115
HfW2O8,0.018,-2.575,0,p-3m1,3.635,,5.42,3.725,,5.506,-5.283,-7.1,,-8.918,-99.791,0.0,0.0,AB2C8,1.709
Rb2C2O6H2,0.0,-1.533,0,p2_111,4.385,,6.136,4.386,,6.137,-1.172,-3.365,,-5.558,-76.046,0.0,0.0,ABCD3,1.243
MgB2F8,0.0,-3.138,0,p-3m1,8.241,,10.618,8.243,,10.619,-1.708,-5.828,,-9.949,-62.235,0.0,0.0,AB2C8,1.321
MgB2H8,0.04,-0.232,0,p-3m1,6.082,,7.486,6.448,,7.884,-1.835,-4.876,,-7.917,-44.173,0.0,0.0,AB2C8,0.999
Re2MnO8,0.0,-1.73,1,p-3,1.565,,4.03,1.653,,4.097,-5.205,-5.988,,-6.77,-93.057,2.251,2.254,AB2C8,1.607
NiCl2O8,0.193,0.0,1,p-3,1.554,,5.297,1.561,,5.305,-6.37,-7.147,,-7.924,-51.812,0.077,0.077,AB2C8,1.876
Re2NiO8,0.0,-1.562,1,p-3,1.575,,4.97,1.621,,5.022,-6.148,-6.935,,-7.723,-88.735,-1.116,-1.093,AB2C8,1.667
Ge2P2Cl2O6,0.0,-1.623,0,p11a,4.599,,5.831,4.65,,5.919,-2.351,-4.651,,-6.95,-73.547,0.0,0.0,ABCD3,1.658
Ge2P2S6Cl2,0.057,-0.335,0,p11a,2.328,,3.301,2.414,,3.393,-3.758,-4.922,,-6.086,-51.825,0.0,0.0,ABCD3,1.77
Re2PdO8,0.0,-1.42,1,p-3,0.88,,2.78,0.955,,2.816,-6.658,-7.098,,-7.538,-83.752,-1.355,-1.379,AB2C8,1.69
SrAg2O8,0.042,-0.518,0,p422,0.0,,,0.0,,,,-5.526,,,-54.048,0.0,0.0,AB2C8,1.73
Pb2P2Cl2O6,0.033,-1.729,0,p11a,3.727,,5.175,3.807,,5.201,-3.366,-5.23,,-7.093,-73.31,0.0,0.0,ABCD3,2.004
Pb2P2S6Cl2,0.072,-0.453,0,p11a,2.103,,3.072,2.202,,3.209,-4.179,-5.231,,-6.283,-51.717,0.0,0.0,ABCD3,1.889
Sn2P2Cl2O6,0.0,-1.694,0,p11a,4.082,,5.166,4.11,,5.224,-2.712,-4.753,,-6.794,-73.488,0.0,0.0,ABCD3,1.813
SrCu2O8,0.067,-0.663,0,p422,0.0,,,0.0,,,,-5.79,,,-57.311,0.0,0.0,AB2C8,1.811
Sn2P2S6Cl2,0.055,-0.406,0,p11a,2.393,,3.312,2.517,,3.372,-3.746,-4.942,,-6.139,-51.752,0.0,0.0,ABCD3,1.814
Re2ZnO8,0.0,-1.71,0,p-3,3.966,,5.7,4.103,,5.798,-4.931,-6.915,,-8.898,-84.302,0.0,0.0,AB2C8,1.649
ZrMo2O8,0.011,-2.473,0,p-3m1,3.205,,5.054,3.294,,5.13,-5.587,-7.19,,-8.792,-98.002,0.0,0.0,AB2C8,1.636
Ge2P2O6F2,0.0,-2.037,0,p11a,4.634,,5.827,4.636,,5.857,-2.454,-4.771,,-7.088,-78.121,0.0,0.0,ABCD3,1.524
W2ZrO8,0.024,-2.568,0,p-3m1,3.486,,5.321,3.576,,5.405,-5.427,-7.17,,-8.913,-99.62,0.0,0.0,AB2C8,1.702
Ge2P2S6F2,0.014,-0.725,0,p11a,2.508,,3.376,2.605,,3.478,-3.832,-5.086,,-6.34,-56.1,0.0,0.0,ABCD3,1.698
Pb2P2O6F2,0.0,-2.135,0,p11a,3.728,,5.124,3.815,,5.163,-3.328,-5.193,,-7.057,-77.787,0.0,0.0,ABCD3,1.815
Pb2P2S6F2,0.011,-0.853,0,p11a,1.996,,2.969,2.175,,3.178,-4.467,-5.465,,-6.463,-56.124,0.0,0.0,ABCD3,1.838
Sn2P2O6F2,0.0,-2.106,0,p11a,3.985,,5.048,3.991,,5.068,-2.814,-4.807,,-6.799,-78.035,0.0,0.0,ABCD3,1.651
Sn2P2S6F2,0.0,-0.8,0,p11a,2.338,,3.154,2.495,,3.316,-3.958,-5.127,,-6.295,-56.08,0.0,0.0,ABCD3,1.771
Ge2P2O6H2,0.0,-1.471,0,p11a,4.883,,6.084,4.949,,6.099,-1.44,-3.882,,-6.323,-74.806,0.0,0.0,ABCD3,1.254
Ge2P2S6H2,0.042,-0.204,0,p11a,2.464,,3.389,2.638,,3.556,-3.291,-4.523,,-5.755,-53.322,0.0,0.0,ABCD3,1.477
Pb2P2O6H2,0.014,-1.547,0,p11a,3.917,,5.285,3.974,,5.393,-2.475,-4.433,,-6.391,-74.208,0.0,0.0,ABCD3,1.523
Pb2P2S6H2,0.034,-0.335,0,p11a,1.884,,2.817,1.943,,2.896,-4.173,-5.115,,-6.057,-53.382,0.0,0.0,ABCD3,1.751
Sn2P2O6H2,0.0,-1.532,0,p11a,4.3,,5.337,4.365,,5.436,-1.847,-3.997,,-6.147,-74.615,0.0,0.0,ABCD3,1.377
Rb2Se2O6H2,0.132,-1.064,0,p1,1.677,,3.163,1.976,,3.42,-3.081,-3.919,,-4.757,-58.95,0.0,0.0,ABCD3,1.543
Ag2Br6,0.038,-0.151,0,cm11,0.0,,,0.0,,,,-6.191,,,-16.396,0.0,0.0,AB3,2.71
Ag2Br6,0.131,-0.058,1,p-31m,0.046,,0.768,0.048,,0.831,-6.499,-6.522,,-6.545,-15.648,-4.027,-4.019,AB3,2.598
Ag2Cl6,0.123,-0.15,1,p-31m,0.267,,1.278,0.267,,1.278,-7.05,-7.184,,-7.318,-17.591,0.033,0.034,AB3,2.63
Ag2F6,0.113,-1.065,1,p-31m,0.379,,2.201,0.379,,2.201,-8.391,-8.581,,-8.77,-23.718,0.09,0.09,AB3,2.075
Ge2As2S6C2H6,0.076,-0.143,0,p11a,1.726,,2.592,1.731,,2.598,-3.327,-4.19,,-5.053,-83.791,0.0,0.0,ABCD3E3,1.403
Br6Al2,0.01,-1.119,0,p-31m,3.897,,5.067,3.907,,5.096,-3.08,-5.028,,-6.976,-25.935,0.0,0.0,AB3,2.848
Pb2As2S6C2H6,0.044,-0.213,0,p11a,1.994,,2.964,2.104,,3.102,-3.458,-4.456,,-5.453,-83.524,0.0,0.0,ABCD3E3,1.614
Al2Cl6,0.0,-1.53,0,p-31m,5.487,,6.98,5.488,,6.99,-2.474,-5.218,,-7.962,-30.429,0.0,0.0,AB3,2.902
Al2F6,0.033,-3.566,0,p-31m,8.409,,10.792,8.543,,10.923,-2.247,-6.452,,-10.656,-45.522,0.0,0.0,AB3,2.305
Sn2As2S6C2H6,0.052,-0.186,0,p11a,1.881,,2.724,1.897,,2.75,-3.317,-4.258,,-5.198,-83.632,0.0,0.0,ABCD3E3,1.487
I6Al2,0.053,-0.63,0,p-31m,2.093,,2.955,2.093,,2.955,-3.772,-4.819,,-5.866,-21.383,0.0,0.0,AB3,3.183
I6As2,0.002,-0.21,0,p-31m,1.911,,2.625,2.013,,2.749,-4.118,-5.073,,-6.029,-19.876,0.0,0.0,AB3,3.089
Au2Br6,0.0,-0.138,0,pb11,0.693,,1.643,0.713,,1.657,-5.583,-5.93,,-6.276,-16.872,0.0,0.0,AB3,2.014
Au2Br6,0.121,-0.017,1,p-31m,0.082,,0.86,0.116,,0.891,-6.045,-6.086,,-6.127,-15.903,-0.354,-0.351,AB3,2.691
Au2Cl6,0.169,-0.098,1,p-31m,0.208,,1.276,0.251,,1.301,-6.485,-6.589,,-6.693,-17.757,-1.447,-1.453,AB3,2.715
Au2F6,0.121,-0.895,1,p-31m,0.302,,2.059,0.302,,2.059,-7.657,-7.808,,-7.959,-22.943,2.228,2.229,AB3,2.132
Cs2S2C2O6H6,0.096,-1.065,0,p2_111,4.52,,6.116,4.573,,6.162,-0.944,-3.204,,-5.464,-98.129,0.0,0.0,ABCD3E3,1.41
Bi2Br6,0.0,-0.791,0,p-31m,1.954,,2.822,2.07,,2.93,-5.237,-6.214,,-7.191,-25.187,0.0,0.0,AB3,2.627
Bi2Br6,0.029,-0.763,0,pmma,1.356,,2.138,1.435,,2.268,-5.656,-6.334,,-7.012,-24.957,0.0,0.0,AB3,2.707
Bi2Cl6,0.0,-1.014,0,p-31m,2.36,,3.317,2.381,,3.321,-5.423,-6.603,,-7.783,-28.175,0.0,0.0,AB3,2.597
Bi2Cl6,0.059,-0.956,0,pm2_1n,2.184,,3.106,2.184,,3.106,-5.365,-6.457,,-7.549,-27.705,0.0,0.0,AB3,2.228
Ge2P2C2O6H6,0.0,-1.108,0,p11a,4.605,,5.744,4.626,,5.797,-1.141,-3.443,,-5.746,-108.833,0.0,0.0,ABCD3E3,1.317
Bi2F6,0.053,-2.488,0,p-3,4.317,,5.899,4.353,,5.941,-3.434,-5.593,,-7.751,-38.772,0.0,0.0,AB3,1.83
Ge2P2S6C2H6,0.0,-0.262,0,p11a,2.586,,3.499,2.614,,3.515,-2.628,-3.92,,-5.213,-87.33,0.0,0.0,ABCD3E3,1.454
Bi2I6,0.0,-0.495,0,p-31m,1.377,,2.106,1.466,,2.228,-4.931,-5.619,,-6.308,-22.176,0.0,0.0,AB3,2.955
Sb2Ge2S6C2H6,0.093,-0.133,0,p11a,1.549,,2.386,1.591,,2.426,-3.433,-4.208,,-4.982,-83.093,0.0,0.0,ABCD3E3,1.387
K2S2C2O6F6,0.05,-1.725,0,p2_111,5.904,,7.674,6.04,,7.818,-1.295,-4.247,,-7.199,-100.356,0.0,0.0,ABCD3E3,1.926
Co2Br6,0.0,-0.406,0,p-31m,0.962,,3.098,0.997,,3.143,-5.047,-5.528,,-6.009,-29.211,0.0,0.0,AB3,3.009
K2Se2S6C2H6,0.067,-0.266,0,p2_111,0.871,,,0.873,,,-3.526,-3.961,,-4.397,-77.041,0.0,0.0,ABCD3E3,1.483
Co2Cl6,0.0,-0.654,0,p-31m,1.13,,3.558,1.137,,3.602,-5.427,-5.992,,-6.557,-32.4,0.0,0.0,AB3,3.048
Co2F6,0.0,-1.89,0,p-31m,1.246,,4.58,1.289,,4.58,-6.657,-7.28,,-7.903,-41.101,0.0,0.0,AB3,2.376
I6Co2,0.0,-0.138,0,p-31m,0.526,,1.876,0.582,,1.985,-4.611,-4.874,,-5.137,-26.432,0.0,0.0,AB3,3.441
Pb2P2C2O6H6,0.0,-1.15,0,p11a,3.807,,5.139,3.834,,5.183,-2.132,-4.036,,-5.939,-108.076,0.0,0.0,ABCD3E3,1.526
Pb2P2S6C2H6,0.0,-0.338,0,p11a,2.11,,3.079,2.246,,3.221,-3.407,-4.462,,-5.517,-87.181,0.0,0.0,ABCD3E3,1.631
Sn2P2C2O6H6,0.0,-1.145,0,p11a,4.034,,5.049,4.041,,5.076,-1.627,-3.644,,-5.661,-108.58,0.0,0.0,ABCD3E3,1.415
Sn2P2S6C2H6,0.0,-0.308,0,p11a,2.463,,3.301,2.534,,3.374,-2.85,-4.081,,-5.313,-87.231,0.0,0.0,ABCD3E3,1.529
Te6Co2,0.193,0.026,0,p2_1/m11,0.0,,,0.0,,,,-4.568,,,-35.478,0.0,0.0,AB3,5.198
Cr2Br6,0.0,-0.848,1,p-31m,1.51,,3.431,1.518,,3.48,-4.829,-5.583,,-6.338,-35.111,-0.419,-0.419,AB3,2.881
Pb2Sb2S6C2H6,0.086,-0.202,0,p11a,1.973,,2.889,1.973,,2.889,-3.462,-4.448,,-5.435,-82.823,0.0,0.0,ABCD3E3,1.613
Cr2Cl6,0.0,-1.169,1,p-31m,1.735,,4.047,1.736,,4.048,-5.034,-5.902,,-6.769,-38.876,-0.065,-0.065,AB3,2.916
Cr2F6,0.032,-2.719,1,p-31m,2.023,,5.13,2.027,,5.13,-5.51,-6.521,,-7.532,-50.092,-0.204,-0.204,AB3,2.248
I6Cr2,0.0,-0.464,1,p-31m,0.891,,2.091,0.891,,2.091,-4.563,-5.009,,-5.454,-31.399,-1.708,-1.705,AB3,3.262
Rb2Se2S6C2H6,0.064,-0.268,0,p2_111,0.968,,1.809,0.968,,1.809,-3.412,-3.896,,-4.38,-76.458,0.0,0.0,ABCD3E3,1.45
Cu2Br6,0.091,-0.152,1,p-31m,0.107,,0.643,0.144,,0.705,-6.363,-6.416,,-6.47,-18.075,-3.576,-3.571,AB3,2.706
Cu2Cl6,0.072,-0.31,1,p-31m,0.426,,1.409,0.46,,1.507,-6.955,-7.168,,-7.381,-20.542,-0.05,-0.049,AB3,2.722
Cu2F6,0.0,-1.448,1,p-31m,0.907,,3.55,0.907,,3.55,-8.626,-9.079,,-9.532,-28.458,-0.06,-0.06,AB3,2.146
Sn2Sb2S6C2H6,0.088,-0.175,0,p11a,1.627,,2.426,1.749,,2.563,-3.442,-4.255,,-5.069,-82.937,0.0,0.0,ABCD3E3,1.479
Fe2Cl6,0.09,-0.655,1,p-31m,0.013,,,0.071,,,-5.904,-5.911,,-5.918,-34.033,-3.688,-3.683,AB3,2.97
I6Fe2,0.02,-0.077,1,p-31m,0.0,,0.005,0.0,,0.005,,-4.923,,,-27.567,4.634,4.636,AB3,3.366
Ga2Br6,0.066,-0.782,0,p-31m,2.594,,3.641,2.626,,3.689,-4.434,-5.731,,-7.027,-21.571,0.0,0.0,AB3,2.787
Ga2Cl6,0.012,-1.09,0,p-31m,3.83,,5.192,3.837,,5.224,-4.171,-6.086,,-8.001,-25.233,0.0,0.0,AB3,2.828
Ga2F6,0.0,-2.708,0,p-31m,5.827,,8.149,5.929,,8.234,-4.772,-7.685,,-10.599,-36.989,0.0,0.0,AB3,2.22
I6Ga2,0.116,-0.396,0,p-31m,1.153,,1.884,1.153,,1.898,-4.723,-5.3,,-5.876,-17.847,0.0,0.0,AB3,3.143
Hf3ZrSe3Br3SCl,0.095,-1.338,0,p1,0.0,,,0.0,,,,-4.29,,,-67.043,0.0,0.0,ABCD3E3F3,3.677
Hf2I6,0.151,-0.736,1,p-62m,0.0,,,0.0,,,,-3.779,,,-29.772,-1.501,-1.501,AB3,3.468
Hf2O6,0.177,-2.461,0,pmmn,3.47,,5.747,3.857,,5.917,-4.277,-6.012,,-7.747,-65.446,0.0,0.0,AB3,4.712
Hf2S6,0.0,-1.209,0,pmmn,1.157,,2.109,1.157,,2.109,-4.825,-5.404,,-5.982,-49.149,0.0,0.0,AB3,5.001
Hf2Se6,0.003,-1.016,0,pmmn,0.272,,0.885,0.569,,1.39,-4.89,-5.025,,-5.161,-44.039,0.0,0.0,AB3,5.138
Hf2Te6,0.024,-0.619,0,pmmn,0.0,,,0.0,,,,-4.818,,,-39.191,0.0,0.0,AB3,5.323
In2Br6,0.0,-0.871,0,p-31m,2.745,,3.84,2.745,,3.84,-4.48,-5.852,,-7.224,-21.999,0.0,0.0,AB3,2.744
TaZrVBr4S3,0.092,-1.099,1,p1,0.429,,1.002,0.48,,1.025,-4.579,-4.793,,-5.008,-55.307,-0.03,0.109,ABCD3E4,3.127
Ag2Cl2C6N2H8,0.089,-0.175,0,p-1,1.671,,3.278,1.867,,3.525,-3.591,-4.427,,-5.263,-111.368,0.0,0.0,ABCD3E4,1.172
In2Cl6,0.0,-1.139,0,p-31m,3.761,,5.116,3.768,,5.121,-4.438,-6.319,,-8.199,-25.348,0.0,0.0,AB3,2.771
In2F6,0.038,-2.589,0,p-31m,4.963,,7.139,4.989,,7.139,-5.218,-7.699,,-10.181,-35.755,0.0,0.0,AB3,2.182
In2I6,0.004,-0.513,0,p-31m,1.597,,2.396,1.631,,2.459,-4.506,-5.305,,-6.103,-18.502,0.0,0.0,AB3,3.061
Ir2Br6,0.0,-0.339,0,p-31m,1.567,,2.893,1.567,,2.9,-3.946,-4.73,,-5.513,-30.769,0.0,0.0,AB3,3.07
Ir2Cl6,0.0,-0.55,0,p-31m,1.823,,3.302,1.823,,3.318,-4.093,-5.004,,-5.915,-33.658,0.0,0.0,AB3,3.106
Ir2F6,0.033,-1.409,0,p-31m,1.632,,3.601,1.681,,3.672,-4.699,-5.515,,-6.331,-39.347,0.0,0.0,AB3,2.373
Ir2I6,0.0,-0.157,0,p-31m,1.358,,2.45,1.404,,2.489,-3.76,-4.439,,-5.118,-28.675,0.0,0.0,AB3,3.495
Cu2Br2C6N2F8,0.086,-0.933,0,p-1,0.346,,2.093,0.374,,2.093,-4.99,-5.163,,-5.337,-113.897,0.0,0.0,ABCD3E4,1.763
Cu2Cl2C6N2F8,0.087,-0.961,0,p-1,0.412,,2.306,0.44,,2.31,-4.985,-5.192,,-5.398,-114.852,0.0,0.0,ABCD3E4,1.741
Cu2Cl2C6N2H8,0.076,-0.19,0,p-1,0.813,,,0.888,,,-3.351,-3.757,,-4.163,-113.35,0.0,0.0,ABCD3E4,1.227
Mn2Cl6,0.073,-0.833,1,p-31m,0.039,,0.879,0.116,,0.879,-5.298,-5.317,,-5.337,-36.808,1.852,1.844,AB3,2.997
I2Cu2C6N2F8,0.09,-0.9,0,p-1,0.218,,1.621,0.237,,1.633,-4.915,-5.023,,-5.132,-113.032,0.0,0.0,ABCD3E4,1.849
I2Cu2C6N2H8,0.166,-0.134,0,p-1,0.838,,2.502,1.045,,2.843,-3.49,-3.908,,-4.327,-111.602,0.0,0.0,ABCD3E4,1.362
I6Mn2,0.038,-0.289,1,pmma,0.0,,,0.0,,,,-5.422,,,-30.618,-3.939,-25.808,AB3,3.218
Mo2Br6,0.03,-0.578,1,p-31m,1.199,,2.853,1.199,,2.853,-4.353,-4.953,,-5.552,-36.539,-1.332,-1.332,AB3,2.886
Pt3PdSeSCl6,0.09,-0.373,0,p1,0.53,,1.329,0.551,,1.329,-5.395,-5.66,,-5.924,-45.632,0.0,0.0,ABCD3E6,2.844
Mo2Cl6,0.0,-0.918,1,c2/m11,0.639,,1.546,0.736,,1.546,-4.837,-5.156,,-5.476,-40.462,0.101,0.217,AB3,1.808
Mo2Cl6,0.139,-0.78,0,p-62m,0.507,,0.815,0.507,,0.815,-4.558,-4.811,,-5.065,-39.351,0.0,0.0,AB3,3.695
Mo2F6,0.0,-2.405,0,p-31m,0.597,,1.014,0.597,,1.014,-6.045,-6.343,,-6.642,-51.166,0.0,0.0,AB3,3.384
Mo2F6,0.095,-2.31,0,p-62m,1.745,,2.609,1.745,,2.609,-4.961,-5.834,,-6.706,-50.406,0.0,0.0,AB3,3.333
Mo2H6,0.086,0.086,0,p2_1/m11,0.0,,,0.0,,,,-5.488,,,-41.665,0.0,0.0,AB3,2.309
Mo2I6,0.101,-0.211,1,p-31m,0.977,,2.509,0.977,,2.509,-4.23,-4.719,,-5.207,-32.963,-3.309,-3.306,AB3,3.312
CdGaAlS4,0.092,-0.752,0,p3m1,0.713,,1.692,0.713,,1.692,-4.47,-4.826,,-5.183,-29.142,0.0,0.0,ABCD4,3.022
CdInAlS4,0.092,-0.718,0,p3m1,0.906,,1.877,0.906,,1.877,-4.425,-4.878,,-5.331,-28.77,0.0,0.0,ABCD4,3.079
Mo2O6,0.0,-2.003,0,p2_1/m11,2.067,,3.738,2.899,,4.644,-6.476,-7.51,,-8.544,-69.176,0.0,0.0,AB3,2.335
CdInSe4Al,0.087,-0.621,0,p3m1,0.301,,1.108,0.301,,1.108,-4.572,-4.722,,-4.873,-25.709,0.0,0.0,ABCD4,3.121
Nb2Br6,0.045,-0.917,0,c2/m11,0.109,,1.004,0.109,,1.005,-4.57,-4.625,,-4.679,-37.5,0.0,0.0,AB3,3.126
Nb2I6,0.159,-0.363,0,p-62m,0.0,,,0.0,,,,-4.201,,,-32.429,0.0,0.0,AB3,3.657
CdInGaS4,0.075,-0.591,0,p3m1,0.412,,1.34,0.412,,1.34,-5.023,-5.229,,-5.435,-27.046,0.0,0.0,ABCD4,3.08
Nb2Se6,0.037,-0.666,0,pmmn,0.0,,,0.0,,,,-4.662,,,-46.88,0.0,0.0,AB3,5.536
CdInGaSe4,0.076,-0.541,0,p3m1,0.038,,,0.099,,,-4.98,-4.999,,-5.018,-24.31,0.0,0.0,ABCD4,3.117
TlCdInS4,0.09,-0.418,0,p3m1,0.324,,1.127,0.379,,1.201,-5.321,-5.483,,-5.644,-25.425,0.0,0.0,ABCD4,3.146
TlCdInSe4,0.069,-0.417,0,p3m1,0.033,,,0.049,,,-5.204,-5.22,,-5.237,-23.035,0.0,0.0,ABCD4,3.174
I6Ni2,0.014,-0.084,1,p-31m,0.0,,0.011,0.0,,0.073,,-5.388,,,-24.034,24.417,23.872,AB3,3.316
Ni2S6,0.134,-0.091,0,p2_1/m11,0.0,,,0.0,,,,-5.537,,,-39.691,0.0,0.0,AB3,4.611
Te6Ni2,0.077,-0.104,0,p2_1/m11,0.0,,,0.0,,,,-4.854,,,-34.553,0.0,0.0,AB3,5.607
Ir2S2Cl2,0.052,-0.448,0,p2_1/m11,1.141,,2.204,1.142,,2.204,-4.282,-4.853,,-5.423,-32.967,0.0,0.0,ABC,1.938
Te6Ni2,0.16,-0.02,0,p2_1/m11,0.0,,,0.0,,,,-4.515,,,-33.887,0.0,0.0,AB3,4.544
Os2Cl6,0.062,-0.318,1,p-31m,0.063,,,0.096,,,-5.235,-5.267,,-5.298,-35.638,39.519,38.685,AB3,3.208
Os2I6,0.176,0.176,1,p-31m,0.0,,,0.0,,,,-4.728,,,-29.842,-6.339,-6.055,AB3,3.437
Ir2Se2Cl2,0.034,-0.396,0,p2_1/m11,1.187,,2.235,1.187,,2.235,-4.056,-4.649,,-5.243,-31.462,0.0,0.0,ABC,1.923
K6P2,0.087,-0.143,0,pmmn,0.004,,,0.01,,,-1.833,-1.835,,-1.837,-19.187,0.0,0.0,AB3,1.344
Al2S2O8H2,0.04,-1.793,0,p2_1/m11,5.129,,6.8,5.133,,6.834,-1.6,-4.164,,-6.728,-88.38,0.0,0.0,ABCD4,1.668
Se2Al2O8H2,0.0,-1.652,0,p2_1/m11,4.476,,6.063,4.534,,6.177,-1.845,-4.083,,-6.321,-85.207,0.0,0.0,ABCD4,1.595
Te2Al2O8H2,0.048,-1.736,0,p2_1/m11,3.86,,5.331,3.993,,5.563,-1.869,-3.799,,-5.729,-85.828,0.0,0.0,ABCD4,1.609
Pb2Te6,0.129,-0.082,0,p2_111,0.268,,0.654,0.427,,0.847,-4.689,-4.823,,-4.957,-27.401,0.0,0.0,AB3,4.238
Pd2F6,0.04,-1.326,0,p-1,0.425,,1.794,0.439,,1.794,-8.063,-8.276,,-8.488,-27.77,0.0,0.0,AB3,2.232
Pd2Se6,0.092,-0.126,0,p2_1/m11,0.0,,,0.0,,,,-4.809,,,-29.546,0.0,0.0,AB3,4.159
Pt2F6,0.059,-1.243,1,p312,0.758,,2.703,0.813,,2.766,-6.062,-6.441,,-6.819,-32.175,-1.136,-1.136,AB3,2.12
Pt2Se6,0.18,-0.13,0,p2_1/m11,0.0,,,0.0,,,,-4.838,,,-34.643,0.0,0.0,AB3,4.395
Pt2Te6,0.176,-0.139,0,p2_1/m11,0.0,,,0.0,,,,-4.502,,,-33.047,0.0,0.0,AB3,4.659
Re2Br6,0.0,-0.095,1,p-31m,0.135,,,0.166,,,-4.636,-4.703,,-4.771,-33.583,81.381,81.735,AB3,3.153
Rh2Br6,0.0,-0.495,0,p-31m,1.344,,2.737,1.364,,2.776,-4.691,-5.363,,-6.035,-27.761,0.0,0.0,AB3,2.969
Rh2Cl6,0.0,-0.682,0,p-31m,1.59,,3.19,1.59,,3.207,-4.956,-5.751,,-6.546,-30.462,0.0,0.0,AB3,2.994
Rh2F6,0.0,-1.65,0,pmma,1.13,,3.167,1.171,,3.234,-6.075,-6.64,,-7.205,-37.012,0.0,0.0,AB3,2.514
Rh2F6,0.018,-1.632,0,p-31m,1.488,,3.691,1.522,,3.743,-5.943,-6.687,,-7.43,-36.87,0.0,0.0,AB3,2.305
Rh2I6,0.0,-0.313,0,p-31m,0.991,,1.965,1.018,,2.024,-4.373,-4.869,,-5.364,-25.669,0.0,0.0,AB3,3.394
Ru2Br6,0.017,-0.308,1,p-31m,0.0,,0.054,0.0,,0.128,,-5.477,,,-30.896,-3.271,-3.075,AB3,2.96
Ru2Cl6,0.021,-0.549,1,p-31m,0.0,,,0.0,,,,-5.827,,,-34.028,2.695,2.77,AB3,3.08
Ga2S2O8H2,0.018,-1.381,0,p2_1/m11,4.421,,5.938,4.481,,5.983,-2.558,-4.769,,-6.98,-80.946,0.0,0.0,ABCD4,1.647
Ga2Se2O8H2,0.0,-1.241,0,p2_1/m11,4.295,,5.796,4.356,,5.896,-2.352,-4.5,,-6.647,-77.785,0.0,0.0,ABCD4,1.576
Te2Ga2O8H2,0.046,-1.327,0,p2_1/m11,3.859,,5.308,3.925,,5.416,-2.183,-4.113,,-6.042,-78.443,0.0,0.0,ABCD4,1.587
Ru2I6,0.0,-0.074,1,p-31m,0.0,,,0.0,,,,-5.135,,,-28.387,14.003,13.888,AB3,3.363
In2S2O8H2,0.033,-1.319,0,p2_1/m11,3.782,,5.132,3.85,,5.22,-3.17,-5.061,,-6.952,-79.795,0.0,0.0,ABCD4,1.629
In2Se2O8H2,0.0,-1.176,0,p2_1/m11,4.027,,5.487,4.069,,5.539,-2.778,-4.791,,-6.805,-76.592,0.0,0.0,ABCD4,1.58
In2Te2O8H2,0.021,-1.265,0,p2_1/m11,3.789,,5.209,3.789,,5.209,-2.395,-4.29,,-6.185,-77.288,0.0,0.0,ABCD4,1.56
In2Te2S8H2,0.08,-0.17,0,p2_1/m11,1.96,,2.9,1.987,,2.96,-3.922,-4.902,,-5.882,-53.589,0.0,0.0,ABCD4,1.838
Sb2F6,0.0,-2.465,0,p-3,5.087,,6.459,5.427,,6.814,-2.589,-5.132,,-7.676,-38.051,0.0,0.0,AB3,1.806
Sb2I6,0.0,-0.374,0,p-31m,1.826,,2.484,1.953,,2.624,-4.22,-5.133,,-6.046,-20.671,0.0,0.0,AB3,2.985
PdAgBrCl5,0.0,-0.357,1,p1,0.264,,1.132,0.341,,1.213,-6.736,-6.868,,-7.0,-20.027,-0.07,-0.11,ABCD5,2.599
WAgSeBr5,0.018,-0.434,0,p1,0.802,,1.885,0.811,,1.895,-5.355,-5.756,,-6.157,-29.203,0.0,0.0,ABCD5,2.363
Sc2Br6,0.0,-1.779,0,p-31m,2.975,,4.822,3.117,,4.988,-4.172,-5.659,,-7.147,-33.061,0.0,0.0,AB3,2.713
IrCoBr5Cl,0.0,-0.415,0,p1,0.726,,2.366,0.737,,2.397,-5.02,-5.383,,-5.746,-30.529,0.0,0.0,ABCD5,3.038
MnGaBr5Cl,0.015,-0.785,1,p1,0.535,,1.919,0.589,,1.984,-5.783,-6.05,,-6.318,-28.607,-0.65,-0.207,ABCD5,2.735
Sc2Cl6,0.0,-2.163,0,p-31m,3.922,,5.97,3.94,,6.001,-4.285,-6.246,,-8.207,-37.337,0.0,0.0,AB3,2.705
MoSbClO5,0.083,-1.468,0,p1,2.36,,4.057,2.503,,4.226,-5.351,-6.531,,-7.711,-54.761,0.0,0.0,ABCD5,2.349
TeI5CrMn,0.081,-0.308,1,p1,0.078,,0.402,0.232,,0.634,-5.155,-5.194,,-5.233,-32.186,-2.934,2.237,ABCD5,3.234
Sc2F6,0.085,-4.017,0,p-31m,6.884,,10.025,6.887,,10.029,-3.373,-6.814,,-10.256,-50.973,0.0,0.0,AB3,2.059
I6Sc2,0.0,-1.289,0,p-31m,1.851,,3.428,2.05,,3.724,-4.077,-5.002,,-5.928,-28.499,0.0,0.0,AB3,3.066
I6Sc2,0.047,-1.242,0,pmma,1.073,,2.628,1.073,,2.628,-4.458,-4.994,,-5.531,-28.123,0.0,0.0,AB3,3.1
OsPtIBr5,0.0,-0.16,0,p1,0.319,,0.852,0.34,,0.9,-4.802,-4.962,,-5.121,-28.226,0.0,0.0,ABCD5,3.039
Sc2S6,0.189,-1.033,0,pmmn,0.0,,,0.0,,,,-6.029,,,-42.049,0.0,0.0,AB3,4.647
As2Se2O10H2,0.023,-0.916,0,p2_111,3.224,,4.841,3.253,,4.95,-5.06,-6.672,,-8.284,-88.84,0.0,0.0,ABCD5,1.915
Sn2Te6,0.096,-0.043,0,p2_111,0.148,,0.346,0.266,,0.439,-4.646,-4.72,,-4.794,-27.687,0.0,0.0,AB3,4.423
Te2As2O10H2,0.0,-1.114,0,p2_111,3.389,,4.857,3.44,,4.89,-4.483,-6.178,,-7.872,-91.45,0.0,0.0,ABCD5,2.058
Se2P2O10H2,0.0,-1.341,0,p2_111,3.463,,5.225,3.495,,5.227,-4.698,-6.429,,-8.161,-97.038,0.0,0.0,ABCD5,1.912
Te2P2O10H2,0.0,-1.554,0,p2_111,3.513,,5.027,3.59,,5.178,-4.288,-6.045,,-7.801,-99.891,0.0,0.0,ABCD5,2.034
Te2P2S10H2,0.059,-0.044,0,p2_111,1.1,,1.848,1.1,,1.848,-5.106,-5.655,,-6.205,-65.268,0.0,0.0,ABCD5,2.157
Sb2Se2O10H2,0.09,-0.94,0,p2_111,2.86,,4.28,3.012,,4.468,-5.368,-6.798,,-8.228,-88.704,0.0,0.0,ABCD5,2.186
Sb2Te2O10H2,0.084,-1.09,0,p2_111,2.555,,3.844,2.638,,3.889,-5.1,-6.378,,-7.655,-90.554,0.0,0.0,ABCD5,2.113
Ta2S6,0.044,-0.8,0,pmmn,0.0,,,0.0,,,,-4.925,,,-50.501,0.0,0.0,AB3,5.575
Ta2Se6,0.046,-0.634,0,pmmn,0.0,,,0.0,,,,-4.588,,,-45.601,0.0,0.0,AB3,5.55
Ta2Te6,0.074,-0.235,0,pmmn,0.0,,,0.0,,,,-4.226,,,-40.743,0.0,0.0,AB3,5.631
Ti2Br6,0.065,-1.193,1,p-62m,0.17,,1.071,0.191,,1.078,-4.734,-4.819,,-4.904,-32.428,-0.052,-0.051,AB3,2.83
Ti2Cl6,0.071,-1.564,1,p-62m,0.121,,,0.121,,,-4.934,-4.995,,-5.055,-36.604,-0.064,-0.064,AB3,2.858
I6Ti2,0.083,-0.728,1,p-62m,0.209,,1.141,0.268,,1.156,-4.564,-4.668,,-4.773,-28.078,0.411,0.411,AB3,3.164
Ti2O6,0.144,-2.166,0,pmmn,2.461,,4.995,2.507,,4.995,-5.493,-6.723,,-7.954,-61.457,0.0,0.0,AB3,4.408
Ti2S6,0.0,-0.991,0,pmmn,0.295,,1.452,0.295,,1.452,-5.091,-5.238,,-5.385,-45.778,0.0,0.0,AB3,4.85
Te6Ti2,0.034,-0.491,0,pmmn,0.0,,,0.0,,,,-4.696,,,-36.535,0.0,0.0,AB3,5.272
Tl2Br6,0.0,-0.515,0,p-31m,1.661,,2.546,1.661,,2.546,-5.531,-6.362,,-7.193,-18.625,0.0,0.0,AB3,2.688
Mo2Te2Mg2O12,0.004,-1.951,0,p2_12_12,3.167,,4.611,3.257,,4.756,-4.837,-6.421,,-8.004,-128.662,0.0,0.0,ABCD6,2.797
W2Se2Mg2O12,0.076,-1.857,0,p2_12_12,3.505,,5.091,3.515,,5.111,-5.181,-6.934,,-8.686,-128.085,0.0,0.0,ABCD6,2.931
Tl2Cl6,0.0,-0.703,0,p-31m,2.425,,3.537,2.425,,3.537,-5.724,-6.937,,-8.15,-21.33,0.0,0.0,AB3,2.704
W2Te2Mg2O12,0.028,-2.003,0,p2_12_12,3.464,,4.867,3.524,,4.982,-4.71,-6.442,,-8.174,-130.159,0.0,0.0,ABCD6,2.888
Tl2F6,0.005,-1.904,0,p-31m,3.046,,4.74,3.101,,4.836,-6.776,-8.299,,-9.822,-29.745,0.0,0.0,AB3,2.145
Tl2F6,0.032,-1.877,0,pmmn,2.507,,,2.507,,,-7.292,-8.546,,-9.799,-29.532,0.0,0.0,AB3,2.794
Mo2Zn2S2O12,0.09,-1.555,0,p2_111,3.518,,5.202,3.529,,5.276,-4.682,-6.441,,-8.2,-122.413,0.0,0.0,ABCD6,2.331
V2Br6,0.0,-0.926,1,p-31m,0.0,,0.001,0.0,,0.001,,-5.598,,,-33.963,0.573,0.577,AB3,2.77
V2Cl6,0.0,-1.271,1,p-31m,0.0,,0.023,0.0,,0.023,,-5.886,,,-37.926,-0.704,-0.702,AB3,2.785
Mo2Te2Zn2O12,0.007,-1.621,0,p2_12_12,3.118,,4.549,3.161,,4.761,-4.854,-6.413,,-7.972,-121.855,0.0,0.0,ABCD6,2.818
W2Zn2Se2O12,0.092,-1.521,0,p2_12_12,3.495,,5.09,3.497,,5.097,-5.18,-6.927,,-8.674,-121.173,0.0,0.0,ABCD6,2.945
I6V2,0.005,-0.509,1,p-31m,0.0,,0.002,0.0,,0.002,,-5.265,,,-29.992,5.787,5.789,AB3,3.148
W2Te2Zn2O12,0.032,-1.673,0,p2_12_12,3.405,,4.792,3.452,,4.95,-4.741,-6.443,,-8.146,-123.346,0.0,0.0,ABCD6,2.907
Te6V2,0.067,-0.175,1,p2_1/m11,0.0,,,0.0,,,,-4.705,,,-37.676,1.305,0.284,AB3,5.222
ReNiCuBr8,0.0,-0.316,1,p-1,0.0,,0.294,0.0,,0.418,,-5.812,,,-38.733,-4.534,4.057,ABCD8,2.733
W2Cl6,0.052,-0.764,1,c2/m11,0.548,,1.967,0.663,,1.967,-4.397,-4.671,,-4.945,-39.797,1.359,1.655,AB3,1.849
W2Cl6,0.108,-0.709,0,p-31m,0.487,,0.883,0.487,,0.883,-4.407,-4.65,,-4.894,-39.351,0.0,0.0,AB3,3.833
W2Cl6,0.164,-0.652,0,p-62m,0.706,,1.165,0.706,,1.165,-3.833,-4.186,,-4.539,-38.9,0.0,0.0,AB3,3.842
W2H6,0.129,0.129,0,p2_1/m11,0.0,,,0.0,,,,-5.112,,,-41.882,0.0,0.0,AB3,2.39
W2I6,0.001,0.001,1,c2/m11,0.376,,1.31,0.451,,1.31,-4.095,-4.282,,-4.47,-31.83,1.406,2.16,AB3,2.087
W2I6,0.069,0.069,1,p-31m,0.705,,2.03,0.706,,2.035,-4.015,-4.368,,-4.721,-31.288,-10.343,-10.359,AB3,3.317
W2I6,0.19,0.19,0,p-62m,0.223,,0.211,0.244,,0.251,-3.811,-3.923,,-4.034,-30.319,0.0,0.0,AB3,3.978
W2O6,0.066,-2.18,0,p2_1/m11,1.267,,2.865,2.165,,3.754,-7.336,-7.97,,-8.604,-71.154,0.0,0.0,AB3,2.502
Y2Br6,0.0,-1.963,0,p-31m,4.087,,5.478,4.139,,5.551,-3.349,-5.392,,-7.435,-34.597,0.0,0.0,AB3,2.666
Y2Br6,0.056,-1.907,0,pmmn,2.911,,4.203,2.911,,4.203,-3.811,-5.267,,-6.722,-34.149,0.0,0.0,AB3,3.191
Y2Cl6,0.0,-2.345,0,p-31m,5.113,,6.726,5.118,,6.726,-3.265,-5.821,,-8.377,-38.851,0.0,0.0,AB3,2.63
Y2Cl6,0.041,-2.303,0,pmmn,3.858,,5.361,3.858,,5.361,-3.757,-5.686,,-7.615,-38.519,0.0,0.0,AB3,3.213
Y2F6,0.0,-4.154,0,p-31m,7.728,,9.894,7.728,,9.894,-2.07,-5.934,,-9.798,-52.137,0.0,0.0,AB3,2.021
Y2I6,0.001,-1.471,0,p-31m,2.756,,3.889,2.962,,4.122,-3.469,-4.847,,-6.225,-30.02,0.0,0.0,AB3,3.009
