Formula,Band gap (G₀W₀) (eV),Direct band gap (G₀W₀) (eV),Direct band gap (PBE) (eV),Direct band gap (HSE06) (eV),Energy above hull (eV/atom),Heat of formation (eV/atom),Magnetic,Band gap (PBE) (eV),Band gap (HSE06) (eV),Direct band gap (PBE) (eV),Direct band gap (HSE06) (eV),CBM wrt. vacuum (PBE) (eV),Fermi level wrt. vacuum (PBE) (eV),VBM wrt. vacuum (PBE) (eV),Energy (eV),"Magnetic anisotropy energy, xz (meV/unit cell)","Magnetic anisotropy energy, yz (meV/unit cell)",Vacuum level (eV)
Nb2P2S6,,,0.508,0.679,0.192,-0.519,0.0,0.508,0.679,0.508,0.679,-3.806,-4.059,-4.313,-61.038,1.3877787807814457e-17,0.0,4.292
Mo3CrO8,,,1.01,1.821,0.089,-1.907,0.0,0.626,1.351,1.01,1.821,-6.236,-6.549,-6.863,-106.895,1.3877787807814457e-17,0.0,3.868
Nb2Br12Na2,,,1.485,2.912,0.0,-1.092,0.0,1.485,2.912,1.485,2.912,-5.259,-6.001,-6.744,-59.749,1.3877787807814457e-17,0.0,1.832
Ca2BrS2Cl,,,2.629,3.83,0.089,-1.7680000000000002,0.0,2.607,3.81,2.6290000000000004,3.83,-3.707,-5.011,-6.314,-26.156,1.3877787807814457e-17,0.0,4.025
Pb2Te2,1.246,1.246,0.446,0.878,0.075,-0.346,0.0,0.44500000000000006,0.8780000000000001,0.44599999999999995,0.8780000000000003,-4.034,-4.256,-4.479,-15.311,1.3877787807814457e-17,0.0,3.709
Ga2Se2F2,,,2.871,3.814,0.065,-1.468,0.0,2.871,3.814,2.8710000000000004,3.814,-4.742,-6.178,-7.614,-24.755,1.3877787807814457e-17,0.0,1.659
Au2Br6,,,0.116,0.891,0.121,-0.017000000000000015,1.0000000000000002,0.08200000000000007,0.8599999999999999,0.1160000000000001,0.8910000000000002,-6.045,-6.086,-6.127,-15.902999999999995,-0.35400000000000004,-0.351,2.691
ZrPdBr6,,,0.645,2.005,0.0,-0.988,1.0000000000000002,0.628,1.974,0.645,2.005,-5.457,-5.771,-6.085,-28.635,0.087,0.085,2.854
Zr3PdBr6N2,,,1.657,3.179,0.1,-1.297,0.0,1.622,3.116,1.657,3.179,-4.521,-5.332,-6.143,-67.8,1.3877787807814457e-17,0.0,3.64
In4Te6,,,0.602,0.995,0.034,-0.285,0.0,0.602,0.9950000000000001,0.602,0.9950000000000001,-4.772,-5.073,-5.375,-33.128,1.3877787807814457e-17,0.0,2.804
Y4S6,,,2.652,3.699,0.069,-2.065,0.0,2.574,3.598,2.652,3.699,-4.552,-5.84,-7.127,-63.885,1.3877787807814457e-17,0.0,4.819
Ir2Sb2Te6,,,0.325,0.291,0.061,-0.19399999999999995,0.0,0.32499999999999996,0.2909999999999999,0.32499999999999996,0.2909999999999999,-4.314,-4.477,-4.639,-48.531,1.3877787807814457e-17,0.0,3.995
Sn4O4,,,2.414,3.139,0.045,-1.258,0.0,1.938,2.611,2.414,3.139,-2.897,-3.866,-4.835,-46.79,1.3877787807814457e-17,0.0,3.246
K4Se4S8,,,1.38,1.892,0.061,-0.461,0.0,1.369,1.882,1.38,1.892,-3.616,-4.301,-4.986,-58.813,1.3877787807814457e-17,0.0,1.424
Rh2S2Cl2,,,0.011,0.623,0.006999999999999999,-0.62,0.0,0.010999999999999899,0.623,0.010999999999999899,0.623,-6.23,-6.235,-6.241,-29.741,1.3877787807814457e-17,0.0,3.893
In2P2S6,,,0.861,1.431,0.072,-0.318,0.0,0.839,1.395,0.861,1.431,-4.629,-5.048,-5.468,-43.908,1.3877787807814457e-17,0.0,3.444
I4AlLiO12,,,2.76,4.272,0.028999999999999998,-0.685,0.0,2.704,4.112,2.76,4.272,-4.719,-6.071,-7.423,-85.364,1.3877787807814457e-17,0.0,2.323
I2Ga2S2,,,0.834,1.491,0.132,-0.465,0.0,0.833,1.487,0.8339999999999999,1.491,-5.032,-5.449,-5.865,-19.709,1.3877787807814457e-17,0.0,3.806
Ag2Te3,,,0.778,1.424,0.082,0.041000000000000036,0.0,0.765,1.419,0.778,1.424,-4.115,-4.497,-4.88,-15.088999999999995,1.3877787807814457e-17,0.0,2.63
I2V2BrClO2,,,0.827,2.59,0.0,-1.341,1.0000000000000002,0.749,2.59,0.827,2.59,-5.023,-5.398,-5.773,-44.354,0.104,0.121,3.156
Nb4Pd2Se10,,,0.066,0.283,0.038,-0.729,0.0,0.020999999999999908,0.2829999999999999,0.06600000000000006,0.2829999999999999,-5.144,-5.155,-5.166,-95.431,1.3877787807814457e-17,0.0,2.199
ISc2SCl,,,0.0,,0.0,-1.738,0.0,0.0,1.0993333333333333,0.0,1.1293333333333333,-4.008666666666667,-3.952,-4.512333333333333,-25.349,1.3877787807814457e-17,0.0,4.8
Ta4Co8S8,,,0.0,,0.071,-0.601,0.0,0.0,0.045333333333333226,0.0,0.04700000000000015,-4.9206666666666665,-5.191,-5.027,-149.742,1.3877787807814457e-17,0.0,2.963
Sb2Te6Cr2,,,0.355,0.62,0.083,-0.10299999999999998,1.0000000000000002,0.006999999999999895,0.24800000000000022,0.355,0.6199999999999999,-4.352,-4.356,-4.359,-47.891,1.803,1.809,3.883
Au4S2,,,0.659,1.139,0.075,-0.020000000000000018,0.0,0.659,1.139,0.659,1.139,-4.285,-4.615,-4.944,-20.798,1.3877787807814457e-17,0.0,2.396
Mn4Se6,,,0.44,0.937,0.0049999999999999975,-0.418,1.0000000000000002,0.3989999999999999,0.1379999999999999,0.43999999999999995,0.9369999999999998,-4.506,-4.705,-4.905,-63.939,-0.5680000000000001,-0.23200000000000004,4.095
HgS2H2,,,2.352,3.319,0.0,-0.18900000000000006,0.0,2.352,3.319,2.352,3.319,-3.834,-5.011,-6.187,-16.636,1.3877787807814457e-17,0.0,2.257
Te2Sc2Cl2,,,0.648,1.752,0.026,-1.621,0.0,0.3989999999999999,1.4410000000000003,0.648,1.752,-4.546,-4.745,-4.945,-29.023,1.3877787807814457e-17,0.0,3.365
Cu2Cl2F2,,,0.398,2.541,0.044,-1.014,1.0000000000000002,0.33299999999999996,2.495,0.398,2.541,-6.675,-6.841,-7.008,-20.18,-0.11700000000000002,-0.072,2.476
Ta4Te8Ge2,,,0.468,0.572,0.0,-0.404,0.0,0.31099999999999994,0.44700000000000006,0.46799999999999997,0.5720000000000003,-4.107,-4.263,-4.418,-79.588,1.3877787807814457e-17,0.0,2.516
IBrMg,,,3.155,4.08,0.019000000000000003,-1.288,0.0,3.155,4.08,3.155,4.08,-2.73,-4.308,-5.885,-8.545000000000002,1.3877787807814457e-17,0.0,3.033
Ta2Te10Cr2,,,0.045,,0.005999999999999998,-0.267,1.0000000000000002,0.014000000000000012,0.2506666666666666,0.04500000000000015,0.2873333333333332,-4.243,-4.25,-4.256,-74.238,1.7740000000000002,1.474,2.738
W2I6,,,0.244,0.251,0.19,0.18999999999999995,0.0,0.2230000000000001,0.21099999999999985,0.244,0.2509999999999999,-3.811,-3.923,-4.034,-30.319000000000003,1.3877787807814457e-17,0.0,3.978
Mo2Cl6,,,0.736,1.546,0.0,-0.918,1.0000000000000002,0.639,1.546,0.736,1.546,-4.837,-5.156,-5.476,-40.462,0.101,0.21699999999999997,1.808
Pd2Se6,,,0.0,,0.092,-0.126,0.0,0.0,0.4596666666666669,0.0,0.609,-4.668666666666667,-4.809,-4.795,-29.546,1.3877787807814457e-17,0.0,4.159
Bi4Ca2O8,,,2.747,4.003,0.0,-1.757,0.0,2.568,3.923,2.747,4.003,-2.143,-3.427,-4.711,-88.307,1.3877787807814457e-17,0.0,2.308
Cs2N2O6,,,3.249,5.324,0.0,-1.067,0.0,3.249,5.324,3.249,5.324,-2.341,-3.965,-5.589,-59.784,1.3877787807814457e-17,0.0,1.395
Co4S8,,,0.383,0.781,0.071,-0.317,0.0,0.32200000000000006,0.6179999999999999,0.383,0.7809999999999999,-5.61,-5.771,-5.932,-69.34,1.3877787807814457e-17,0.0,3.685
Br2Al2S2,,,2.263,3.21,0.026,-1.092,0.0,2.263,3.21,2.263,3.21,-3.897,-5.029,-6.16,-25.351,1.3877787807814457e-17,0.0,3.532
PdS2,2.441,2.613,1.353,1.932,0.101,-0.19599999999999995,0.0,1.171,1.681,1.353,1.932,-5.121,-5.706,-6.292,-12.563000000000002,1.3877787807814457e-17,0.0,3.489
Ag4F8,,,0.325,1.637,0.017,-1.229,0.0,0.32499999999999996,1.637,0.32499999999999996,1.637,-6.978,-7.14,-7.303,-38.801,1.3877787807814457e-17,0.0,1.023
Sr2P4O12,,,5.088,6.875,0.091,-2.4129999999999994,0.0,5.087,6.874,5.088,6.875,-3.091,-5.635,-8.178,-129.73,1.3877787807814457e-17,0.0,1.541
Hf2IBr4Cl,,,0.522,1.311,0.0,-1.289,0.0,0.387,1.146,0.522,1.311,-3.904,-4.098,-4.291,-34.928,1.3877787807814457e-17,0.0,3.086
Ta2K2Cl12,,,2.894,4.447,0.0,-1.584,0.0,2.886,4.44,2.894,4.447,-5.013,-6.456,-7.899,-68.84,1.3877787807814457e-17,0.0,1.719
Ag4Se4Br4,,,0.781,1.213,0.07,-0.16800000000000004,0.0,0.781,1.213,0.781,1.213,-5.888,-6.279,-6.669,-33.65,1.3877787807814457e-17,0.0,1.713
Sr2I6Na2,,,3.815,4.712,0.055,-1.509,0.0,3.815,4.712,3.8150000000000004,4.712,-2.199,-4.106,-6.014,-29.921,1.3877787807814457e-17,0.0,2.523
Ba2AgI2O2,,,0.0,,0.0,-1.667,0.0,0.0,1.3193333333333332,0.0,1.3356666666666666,-5.299666666666667,-6.024,-5.846,-31.372,1.3877787807814457e-17,0.0,5.214
Hg2Ag2Te2Br2,,,1.393,2.257,0.006999999999999999,-0.29,0.0,1.393,2.257,1.393,2.257,-4.06,-4.757,-5.453,-19.348,1.3877787807814457e-17,0.0,1.508
Re4O8,,,1.403,2.244,0.092,-1.4340000000000002,0.0,1.304,2.098,1.403,2.244,-5.38,-6.032,-6.684,-104.83500000000001,1.3877787807814457e-17,0.0,3.843
MnAs2F12,,,1.862,4.176,0.0,-2.258,1.0000000000000002,1.846,4.161,1.862,4.176,-6.254,-7.177,-8.1,-71.959,-0.01200000000000001,-0.017,2.072
RhISe,,,1.1,1.98,0.065,-0.336,0.0,0.545,1.4249999999999998,1.1,1.98,-4.413,-4.685,-4.957,-13.117000000000004,1.3877787807814457e-17,0.0,3.798
Y2Br2S2,,,3.245,4.512,0.071,-2.016,0.0,3.076,4.219,3.245,4.512,-3.514,-5.051,-6.589,-32.806,1.3877787807814457e-17,0.0,2.704
Sb4Te6,,,0.937,1.499,0.093,-0.03200000000000003,0.0,0.796,1.327,0.937,1.499,-3.795,-4.193,-4.591,-37.169,1.3877787807814457e-17,0.0,1.568
VCuSe6P2,,,0.349,1.521,0.041,-0.274,1.0000000000000002,0.33499999999999996,1.5109999999999997,0.349,1.521,-4.724,-4.891,-5.059,-46.561,-0.06,-0.11899999999999998,2.033
Y2NF2,,,0.0,,0.032,-2.919,0.0,0.0,1.9996666666666667,0.0,2.2903333333333333,-3.4226666666666663,-3.065,-4.507333333333333,-35.505,1.3877787807814457e-17,0.0,4.254
NiC4N2O4H8,,,1.326,4.409,0.135,-0.557,1.0000000000000002,1.326,4.256,1.326,4.409,-3.567,-4.23,-4.892,-118.513,-0.08400000000000002,0.064,0.976
Ag2Ca2Br6,,,3.109,4.387,0.0010000000000000009,-1.394,0.0,3.109,4.387,3.109,4.387,-3.65,-5.205,-6.759,-33.151,1.3877787807814457e-17,0.0,2.822
Sn2S2,2.503,2.665,1.587,2.17,0.043,-0.415,0.0,1.414,1.987,1.587,2.17,-3.241,-3.948,-4.655,-17.927999999999997,1.3877787807814457e-17,0.0,3.313
Cu2Cl2O4,,,0.543,1.304,0.034,-0.296,0.0,0.45199999999999996,1.287,0.543,1.304,-6.113,-6.339,-6.565,-33.79,1.3877787807814457e-17,0.0,2.029
Cu2S2,1.584,2.009,1.082,1.803,0.127,-0.08599999999999997,0.0,0.624,1.311,1.082,1.803,-5.273,-5.584,-5.896,-15.850999999999999,1.3877787807814457e-17,0.0,2.386
HfNiF6,,,1.924,6.188,0.024,-3.035,1.0000000000000002,1.91,6.181,1.924,6.188000000000001,-5.686,-6.641,-7.596,-48.551,-0.032,-0.02700000000000001,2.208
W3MoS8,,,1.532,2.064,0.0,-0.888,0.0,1.532,2.064,1.532,2.064,-4.068,-4.834,-5.6,-88.937,1.3877787807814457e-17,0.0,4.613
CdSn2Br2S2,,,2.106,2.826,0.036,-0.627,0.0,2.038,2.755,2.106,2.826,-3.364,-4.383,-5.401,-24.752,1.3877787807814457e-17,0.0,1.669
Ni4Br8,,,0.636,2.183,0.098,-0.308,0.0,0.634,2.174,0.636,2.183,-5.086,-5.403,-5.72,-45.366,1.3877787807814457e-17,0.0,1.383
Ta2Ni2Se10,,,0.0,,0.0,-0.524,0.0,0.0,1.2456666666666667,0.0,1.2456666666666667,-5.469333333333333,-5.356,-5.864333333333333,-76.286,1.3877787807814457e-17,0.0,2.146
Au4F8,,,0.424,1.482,0.013999999999999999,-0.92,0.0,0.235,1.286,0.42399999999999993,1.482,-6.736,-6.853,-6.97,-36.258,1.3877787807814457e-17,0.0,1.214
Ru3S3Cl6,,,0.457,1.131,0.028,-0.503,0.0,0.45199999999999996,1.131,0.4570000000000001,1.131,-6.48,-6.706,-6.932,-57.369,1.3877787807814457e-17,0.0,4.423
Au2I2,,,1.808,2.585,0.0,-0.09799999999999998,0.0,1.808,2.585,1.808,2.585,-2.982,-3.886,-4.79,-9.61,1.3877787807814457e-17,0.0,1.491
Ir2S2,,,0.478,0.98,0.15800000000000003,-0.19399999999999995,0.0,0.040999999999999925,0.21899999999999986,0.478,0.98,-4.796,-4.817,-4.838,-27.483,1.3877787807814457e-17,0.0,5.602
Bi4Li4O8,,,2.439,3.824,0.0,-1.525,0.0,2.375,3.784,2.439,3.824,-2.245,-3.433,-4.62,-91.655,1.3877787807814457e-17,0.0,2.02
Sr2Ag2Br6,,,3.123,4.414,0.015,-1.427,0.0,3.123,4.414,3.123,4.414,-3.694,-5.255,-6.817,-32.808,1.3877787807814457e-17,0.0,2.769
Co2Br2S2,,,0.0,0.428,0.0,-0.447,0.0,0.0,0.42799999999999994,0.0,0.42799999999999994,-5.830333333333334,-5.688,-5.867999999999999,-30.464999999999996,1.3877787807814457e-17,0.0,3.932
Ta2Co4Se2S2,,,0.0,,0.019000000000000003,-0.58,0.0,0.0,0.08899999999999997,0.0,0.11433333333333362,-4.551666666666667,-4.873,-4.597333333333333,-73.466,1.3877787807814457e-17,0.0,2.983
V2CF2,,,0.0,,0.079,-1.724,0.0,0.0,1.2403333333333335,0.0,1.7750000000000001,-5.325333333333333,-5.383,-5.625666666666667,-38.059,1.3877787807814457e-17,0.0,4.581
Cu2Br6Mg2,,,2.476,4.596,0.017999999999999995,-1.023,0.0,2.476,4.596,2.476,4.596,-3.196,-4.434,-5.673,-30.326,1.3877787807814457e-17,0.0,2.935
AgI2Cu,,,1.912,3.375,0.02,-0.19799999999999995,0.0,1.911,3.375,1.912,3.375,-3.239,-4.195,-5.15,-10.263999999999996,1.3877787807814457e-17,0.0,2.97
Zr2BF2,,,0.0,,0.016,-2.227,0.0,0.0,1.1016666666666666,0.0,1.131,-4.039,-3.988,-4.543333333333333,-35.82,1.3877787807814457e-17,0.0,4.397
Ag2Te4I2,,,1.099,1.947,0.010000000000000002,-0.125,0.0,1.025,1.889,1.099,1.947,-4.378,-4.89,-5.402,-22.454,1.3877787807814457e-17,0.0,2.87
Te4Cr2Co,,,0.0,,0.051,-0.17100000000000004,1.0000000000000002,0.0,0.7153333333333336,0.0,0.9000000000000001,-4.939,-4.893,-4.9910000000000005,-41.064,1.674,1.667,3.697
Sc2CH2,,,1.16,2.185,0.071,-0.546,0.0,1.01,2.009,1.16,2.185,-4.068,-4.573,-5.078,-27.917,1.3877787807814457e-17,0.0,3.091
Ta8TeSe2BrCl4C3N,,,0.0,,0.087,-0.842,0.0,0.0,1.089666666666667,0.0,1.1036666666666668,-4.55,-4.067,-5.224,-150.281,1.3877787807814457e-17,0.0,5.701
In2I2S2,,,1.162,1.917,0.038,-0.524,0.0,1.162,1.912,1.162,1.917,-4.61,-5.191,-5.772,-19.781,1.3877787807814457e-17,0.0,3.499
Te4Ga4Cl4,,,2.172,2.89,0.0020000000000000018,-0.728,0.0,2.172,2.89,2.172,2.89,-4.236,-5.322,-6.408,-40.305,1.3877787807814457e-17,0.0,1.582
Bi2In2,,,0.196,0.181,0.094,0.09199999999999997,0.0,0.03699999999999992,0.1379999999999999,0.19599999999999995,0.18100000000000005,-3.87,-3.888,-3.907,-14.505000000000003,1.3877787807814457e-17,0.0,1.719
Ta2Te6,,,0.0,,0.074,-0.235,0.0,0.0,0.29766666666666675,0.0,0.29766666666666675,-4.283333333333333,-4.226,-4.6353333333333335,-40.743,1.3877787807814457e-17,0.0,5.631
Ta2I4O2,,,0.883,1.826,0.0,-1.348,0.0,0.861,1.637,0.883,1.826,-4.114,-4.544,-4.974,-46.581,1.3877787807814457e-17,0.0,2.103
Te4CrGa2,,,0.0,,0.036,-0.279,1.0000000000000002,0.0,0.6126666666666667,0.0,0.6126666666666667,-4.275,-3.965,-4.408333333333333,-29.985,-1.6570000000000003,-1.658,3.301
Ti6Cl6N3,,,0.0,,0.0,-1.674,0.0,0.0,0.6466666666666667,0.0,0.6466666666666667,-4.660666666666667,-4.349,-5.003,-101.01,1.3877787807814457e-17,0.0,5.176
Pt2Br2,,,1.264,1.771,0.0,-0.22799999999999998,0.0,1.177,1.663,1.264,1.771,-4.118,-4.706,-5.295,-16.788999999999998,1.3877787807814457e-17,0.0,4.271
NiCl2C6N2H4,,,1.013,2.882,0.181,-0.08099999999999996,1.0000000000000002,0.858,2.638,1.013,2.882,-4.289,-4.717,-5.146,-97.36,0.071,0.437,1.165
Ag2Br6,,,0.048,0.831,0.131,-0.05800000000000005,1.0000000000000002,0.04600000000000004,0.768,0.04800000000000004,0.831,-6.499,-6.522,-6.545,-15.648,-4.027,-4.019,2.598
Hf3ScBr4N3O,,,2.677,4.148,0.027,-1.953,0.0,2.677,4.148,2.6770000000000005,4.148,-3.92,-5.259,-6.597,-87.138,1.3877787807814457e-17,0.0,4.227
Ga2Se4Mg,,,0.329,1.145,0.0,-0.788,0.0,0.32900000000000007,1.145,0.32899999999999996,1.145,-4.613,-4.777,-4.941,-26.869,1.3877787807814457e-17,0.0,3.006
I2Sc2C,,,0.0,2.191,0.0,-0.931,0.0,0.0,0.7590000000000001,0.0,2.191,-4.494000000000001,-4.512,-4.745666666666667,-26.149,1.3877787807814457e-17,0.0,3.02
BiTeCl,1.676,1.676,0.531,1.151,0.139,-0.468,0.0,0.531,1.151,0.531,1.151,-5.404,-5.669,-5.935,-11.069000000000003,1.3877787807814457e-17,0.0,3.539
Te2I2Sc2,,,0.632,1.751,0.0,-1.261,0.0,0.632,1.751,0.632,1.751,-4.399,-4.715,-5.031,-26.254,1.3877787807814457e-17,0.0,3.76
Tl2Ni4Se6,,,0.54,0.819,0.0,-0.31999999999999995,0.0,0.54,0.8190000000000002,0.54,0.819,-4.008,-4.278,-4.548,-58.719,1.3877787807814457e-17,0.0,1.8
ZrNiBr6,,,1.352,,0.0,-1.047,1.0000000000000002,1.301,3.6363333333333334,1.352,3.6693333333333333,-5.2,-5.85,-6.501,-32.536,-0.0020000000000000018,-0.0050000000000000044,2.872
Ag4Cl4O4H4,,,0.329,0.989,0.099,-0.531,0.0,0.32900000000000007,0.986,0.32899999999999996,0.9889999999999999,-6.088,-6.253,-6.417,-60.786,1.3877787807814457e-17,0.0,1.62
Ga8Se12,,,1.776,2.621,0.0010000000000000009,-0.592,0.0,1.776,2.621,1.776,2.621,-3.674,-4.562,-5.45,-76.86,1.3877787807814457e-17,0.0,1.663
Au4Se4O12,,,0.268,0.685,0.064,-0.399,0.0,0.268,0.685,0.268,0.6850000000000003,-4.96,-5.094,-5.228,-95.929,1.3877787807814457e-17,0.0,1.118
Y2Br2S2,,,2.969,4.114,0.0,-2.087,0.0,2.969,4.114,2.969,4.114,-3.868,-5.353,-6.837,-33.231,1.3877787807814457e-17,0.0,3.586
Hf2Te8Ti2,,,0.104,0.732,0.129,-0.636,0.0,0.03699999999999992,0.692,0.10400000000000009,0.7320000000000002,-5.15,-5.168,-5.187,-61.667,1.3877787807814457e-17,0.0,4.149
SnNa2S6H6,,,2.593,3.659,0.008,-0.442,0.0,2.587,3.652,2.593,3.659,-3.091,-4.385,-5.679,-57.722,1.3877787807814457e-17,0.0,1.095
Te2As2S,,,0.962,1.481,0.02,-0.04600000000000004,0.0,0.709,1.149,0.962,1.481,-4.229,-4.583,-4.938,-20.046,1.3877787807814457e-17,0.0,4.658
Cr2As2S6,,,0.954,1.983,0.074,-0.387,1.0000000000000002,0.798,1.6829999999999998,0.954,1.983,-4.444,-4.843,-5.242,-56.483,-0.10000000000000003,-0.10000000000000002,3.595
I6Ca2Cu2,,,2.336,4.149,0.028,-1.038,0.0,2.245,4.14,2.336,4.149,-3.298,-4.42,-5.543,-30.626,1.3877787807814457e-17,0.0,3.199
I2Al2S2,,,1.619,2.445,0.044,-0.854,0.0,1.615,2.44,1.619,2.445,-4.338,-5.145,-5.953,-23.714,1.3877787807814457e-17,0.0,3.922
Si4S8,,,3.585,4.715,0.010000000000000002,-0.661,0.0,3.428,4.553,3.585,4.715,-3.179,-4.893,-6.607,-62.149,1.3877787807814457e-17,0.0,1.575
ZrCl2,1.993,2.564,1.58,2.157,0.0,-1.705,0.0,0.981,1.5,1.58,2.157,-3.029,-3.519,-4.01,-16.088000000000005,1.3877787807814457e-17,0.0,3.919
Mo2Br6,,,1.199,2.853,0.03,-0.578,1.0000000000000002,1.199,2.853,1.199,2.853,-4.353,-4.953,-5.552,-36.539,-1.332,-1.332,2.886
Cd2I4,,,2.239,3.172,0.0,-0.63,0.0,2.239,3.172,2.239,3.172,-3.831,-4.95,-6.07,-11.548000000000002,1.3877787807814457e-17,0.0,2.801
Ag2Ge2S6,,,0.0,,0.062,-0.18799999999999994,0.0,0.0,0.7050000000000001,0.0,0.911,-5.590333333333333,-5.351,-5.888,-41.057,1.3877787807814457e-17,0.0,1.394
V2Cl2C,,,0.0,,0.023,-0.895,0.0,0.0,0.9946666666666666,0.0,1.3316666666666668,-4.822666666666667,-4.657,-5.104333333333333,-34.311,1.3877787807814457e-17,0.0,5.241
Pb2As2S6C2H6,,,2.104,3.102,0.044,-0.21299999999999997,0.0,1.994,2.964,2.104,3.102,-3.458,-4.456,-5.453,-83.524,1.3877787807814457e-17,0.0,1.614
PbTe4As2,,,0.626,1.054,0.038,-0.09399999999999997,0.0,0.477,0.8470000000000002,0.626,1.054,-4.588,-4.827,-5.065,-26.561,1.3877787807814457e-17,0.0,3.588
FeAl2S4,,,0.799,2.649,0.10599999999999998,-0.8,0.0,0.663,2.36,0.799,2.649,-3.276,-3.608,-3.939,-38.43,1.3877787807814457e-17,0.0,3.224
Se2S8Li6H2,,,2.145,3.144,0.083,-0.637,0.0,2.124,3.065,2.145,3.144,-3.276,-4.338,-5.4,-69.041,1.3877787807814457e-17,0.0,1.285
Pb2Ag2Br6,,,2.344,3.419,0.0,-0.723,0.0,2.136,3.204,2.344,3.419,-4.463,-5.531,-6.598,-29.93,1.3877787807814457e-17,0.0,2.849
NiGa2S4,,,0.255,1.961,0.032,-0.55,1.0000000000000002,0.16999999999999993,1.961,0.2549999999999999,1.961,-4.272,-4.357,-4.442,-33.218,0.179,0.177,3.109
Cu4S6Cl4,,,0.387,0.931,0.146,-0.18100000000000005,0.0,0.3420000000000001,0.7040000000000002,0.387,0.931,-6.684,-6.855,-7.027,-48.842,1.3877787807814457e-17,0.0,3.012
ISeAl,,,2.253,3.097,0.073,-0.713,0.0,1.427,2.186,2.253,3.097,-4.204,-4.917,-5.631,-10.838000000000001,1.3877787807814457e-17,0.0,3.577
MoAgBr4,,,0.447,2.171,0.04,-0.482,1.0000000000000002,0.44300000000000006,2.166,0.44700000000000006,2.171,-4.779,-5.001,-5.223,-23.272,-1.103,-0.023999999999999994,2.82
Y4Te4Br4,,,0.355,1.144,0.034,-1.614,0.0,0.355,1.144,0.355,1.144,-5.3,-5.477,-5.655,-57.288,1.3877787807814457e-17,0.0,3.258
HfIBr,1.612,2.304,1.424,1.918,0.089,-0.887,0.0,0.713,1.157,1.424,1.918,-2.542,-2.898,-3.255,-13.230000000000004,1.3877787807814457e-17,0.0,4.29
Te2Ge2,,,1.152,1.52,0.09,-0.0040000000000000036,0.0,1.065,1.483,1.152,1.52,-3.547,-4.079,-4.611,-15.454999999999998,1.3877787807814457e-17,0.0,2.668
In4Se4Br4,,,2.253,3.146,0.0,-0.707,0.0,2.253,3.146,2.253,3.146,-4.633,-5.759,-6.886,-39.807,1.3877787807814457e-17,0.0,1.676
Cu2Ge2S6,,,0.0,,0.061,-0.251,0.0,0.0,1.169,0.0,1.3096666666666668,-4.986,-5.23,-5.296,-43.366,1.3877787807814457e-17,0.0,1.321
Ta2S4Cl4,,,1.55,2.422,0.017,-1.033,0.0,1.55,2.422,1.55,2.422,-3.848,-4.623,-5.398,-53.415,1.3877787807814457e-17,0.0,1.898
Cr2Br4,,,0.701,2.838,0.063,-0.691,1.0000000000000002,0.495,2.6,0.701,2.838,-4.458,-4.705,-4.953,-29.3,-0.34,-0.378,2.877
In4I4S4,,,1.875,2.789,0.0,-0.561,0.0,1.875,2.789,1.875,2.789,-4.329,-5.266,-6.204,-40.016,1.3877787807814457e-17,0.0,1.856
AuTlI3Br,,,0.741,1.474,0.008,-0.318,0.0,0.493,1.275,0.741,1.474,-5.38,-5.626,-5.873,-13.552999999999997,1.3877787807814457e-17,0.0,2.712
I4Cu4S4,,,0.626,1.193,0.038,-0.10999999999999988,0.0,0.5679999999999998,1.158,0.626,1.193,-5.425,-5.709,-5.993,-38.248,1.3877787807814457e-17,0.0,1.998
ZrFeH6,,,1.61,3.173,0.098,-0.137,0.0,1.61,3.173,1.61,3.173,-3.599,-4.404,-5.209,-37.489,1.3877787807814457e-17,0.0,1.92
Hg2Cu2Cl6,,,0.676,2.677,0.005999999999999998,-0.569,0.0,0.676,2.677,0.676,2.677,-5.203,-5.542,-5.88,-25.524,1.3877787807814457e-17,0.0,2.935
Bi2Sb2Se6,,,0.938,1.482,0.092,-0.23399999999999999,0.0,0.937,1.474,0.938,1.482,-4.551,-5.019,-5.488,-41.396,1.3877787807814457e-17,0.0,3.562
Sb2Ga2O6,,,3.759,4.985,0.0,-1.612,0.0,3.759,4.973,3.759,4.985,-1.7599999999999998,-3.639,-5.519,-61.48,1.3877787807814457e-17,0.0,3.326
Pt2Se4,,,1.56,2.442,0.103,-0.31,0.0,1.441,2.297,1.56,2.442,-3.949,-4.67,-5.391,-28.5,1.3877787807814457e-17,0.0,2.794
Zr2Se2C,,,0.0,,0.089,-1.081,0.0,0.0,0.5863333333333334,0.0,0.79,-5.679,-5.748,-5.862,-36.398,1.3877787807814457e-17,0.0,6.229
Cu2Se3Br2P4,,,0.964,2.556,0.04,-0.14800000000000002,0.0,0.96,2.556,0.964,2.556,-4.347,-4.827,-5.307,-44.054,1.3877787807814457e-17,0.0,1.539
In2I6,,,1.631,2.459,0.003999999999999997,-0.513,0.0,1.597,2.396,1.631,2.459,-4.506,-5.305,-6.103,-18.502,1.3877787807814457e-17,0.0,3.061
Tl2Ni4S6,,,0.868,1.543,0.0020000000000000018,-0.37400000000000005,0.0,0.8440000000000001,1.462,0.868,1.543,-3.762,-4.183,-4.605,-62.943,1.3877787807814457e-17,0.0,1.767
AgAlP2S6,,,2.102,3.325,0.0,-0.433,0.0,1.933,3.132,2.102,3.325,-3.958,-4.925,-5.891,-46.108,1.3877787807814457e-17,0.0,2.003
Hf2Se6,,,0.569,1.39,0.0030000000000000027,-1.016,0.0,0.272,0.8850000000000002,0.569,1.39,-4.89,-5.025,-5.161,-44.039,1.3877787807814457e-17,0.0,5.138
Ni5GaCl2,,,0.0,,0.143,-0.275,1.0000000000000002,0.0,0.6796666666666666,0.0,0.804,-4.259333333333333,-4.669,-4.5183333333333335,-44.91,0.6359999999999999,0.636,4.584
Ga2BrCl5,,,3.38,4.624,0.022,-1.038,0.0,3.333,4.579,3.38,4.624,-4.243,-5.91,-7.577,-24.618,1.3877787807814457e-17,0.0,2.804
SrIVCl3,,,1.356,3.861,0.066,-1.607,1.0000000000000002,1.219,3.719,1.356,3.861,-3.479,-4.089,-4.698,-26.671,0.03900000000000001,-0.12099999999999998,2.884
Ni2As4Cl4O6,,,1.225,4.449,0.075,-0.928,1.0000000000000002,1.208,4.449,1.225,4.449,-4.966,-5.57,-6.174,-85.879,-0.419,-0.15000000000000002,1.797
Re2As2Se2,,,0.761,1.379,0.088,-0.14200000000000002,0.0,0.756,1.379,0.761,1.379,-4.29,-4.669,-5.047,-40.46,1.3877787807814457e-17,0.0,4.718
Ge2P2S6,,,1.697,2.528,0.028,-0.241,0.0,1.406,2.096,1.697,2.528,-4.362,-5.065,-5.768,-46.636,1.3877787807814457e-17,0.0,3.481
AsBrS,2.514,2.96,1.813,2.478,0.028,-0.256,0.0,1.387,2.037,1.813,2.478,-4.748,-5.441,-6.135,-11.094000000000001,1.3877787807814457e-17,0.0,3.096
I2V,,,1.221,3.416,0.0,-0.49,1.0000000000000002,1.202,3.395,1.221,3.416,-3.345,-3.947,-4.548,-12.951999999999998,0.015,0.015,3.425
VCl2,3.459,3.561,1.413,3.946,0.0,-1.174,1.0000000000000002,1.354,3.894,1.413,3.946,-3.33,-4.007,-4.684,-15.615000000000002,-0.033,-0.034000000000000016,3.055
Cr2Cl4,,,0.944,3.372,0.053,-0.986,1.0000000000000002,0.753,3.151,0.944,3.372,-4.491,-4.868,-5.244,-31.873,0.113,-0.344,1.594
ZrMnBr6,,,1.643,3.584,0.0,-1.209,1.0000000000000002,1.643,3.584,1.643,3.584,-4.535,-5.356,-6.178,-36.295,-0.04200000000000001,-0.041999999999999996,2.795
Mn2Cl2F2,,,2.02,4.436,0.06,-1.657,1.0000000000000002,2.02,4.436,2.02,4.436,-3.87,-4.88,-5.89,-36.122,0.013999999999999999,0.012999999999999998,2.629
In2Te2S8H2,,,1.987,2.96,0.08,-0.17000000000000004,0.0,1.96,2.9,1.987,2.96,-3.922,-4.902,-5.882,-53.589,1.3877787807814457e-17,0.0,1.838
Ga4S6,,,1.796,2.591,0.044,-0.619,0.0,1.783,2.574,1.796,2.591,-4.875,-5.767,-6.659,-42.274,1.3877787807814457e-17,0.0,2.621
Nb2Se4Cl4,,,1.08,1.824,0.0,-0.97,0.0,1.08,1.824,1.08,1.824,-4.159,-4.699,-5.239,-51.422,1.3877787807814457e-17,0.0,1.909
Co2S4H2,,,0.508,1.315,0.017,-0.32899999999999996,0.0,0.3639999999999999,1.204,0.508,1.315,-4.899,-5.081,-5.263,-42.054,1.3877787807814457e-17,0.0,3.901
In2Se2Br2,,,1.23,1.887,0.05,-0.657,0.0,1.23,1.887,1.23,1.887,-4.928,-5.543,-6.158,-19.604,1.3877787807814457e-17,0.0,3.459
Zr2P2S6,,,0.933,1.657,0.199,-0.822,0.0,0.759,1.498,0.933,1.657,-4.801,-5.181,-5.56,-58.221,1.3877787807814457e-17,0.0,3.409
Se4O8,,,2.822,3.98,0.023,-0.679,0.0,2.822,3.98,2.822,3.98,-4.268,-5.679,-7.09,-63.076,1.3877787807814457e-17,0.0,1.487
Sn2Te6As2,,,0.53,0.813,0.081,-0.039000000000000035,0.0,0.45500000000000007,0.722,0.53,0.813,-4.393,-4.62,-4.848,-37.058,1.3877787807814457e-17,0.0,3.652
Te2As2O10H2,,,3.44,4.89,0.0,-1.114,0.0,3.389,4.857,3.44,4.89,-4.483,-6.178,-7.872,-91.45,1.3877787807814457e-17,0.0,2.058
Sb2P2O8,,,4.475,5.904,0.0049999999999999975,-1.864,0.0,4.374,5.77,4.475,5.904,-2.357,-4.544,-6.731,-82.903,1.3877787807814457e-17,0.0,1.452
HgSe,,,0.117,0.423,0.157,-0.08899999999999997,0.0,0.11699999999999999,0.42300000000000026,0.11699999999999999,0.42300000000000004,-5.368,-5.427,-5.485,-4.545000000000002,1.3877787807814457e-17,0.0,1.998
Cd2Br2Cl2,,,3.226,4.446,0.022,-0.988,0.0,3.226,4.446,3.226,4.446,-4.188,-5.801,-7.414,-14.52,1.3877787807814457e-17,0.0,2.497
Ni3P2S8,,,1.141,2.89,0.0,-0.295,0.0,1.053,2.89,1.141,2.89,-4.865,-5.391,-5.917,-68.928,1.3877787807814457e-17,0.0,1.728
Pd4Te4As4,,,0.729,1.425,0.067,-0.271,0.0,0.495,0.9670000000000003,0.729,1.425,-4.754,-5.002,-5.249,-50.007,1.3877787807814457e-17,0.0,2.381
Pt2Br2Cl2,,,1.162,2.465,0.016,-0.33,0.0,0.949,2.255,1.162,2.465,-4.687,-5.161,-5.635,-21.429,1.3877787807814457e-17,0.0,2.611
SbSeBr,2.164,2.522,1.413,1.989,0.0,-0.444,0.0,1.069,1.649,1.413,1.989,-4.909,-5.444,-5.979,-10.805999999999997,1.3877787807814457e-17,0.0,3.108
I6Sc2,,,2.05,3.724,0.0,-1.289,0.0,1.851,3.428,2.05,3.724,-4.077,-5.002,-5.928,-28.499,1.3877787807814457e-17,0.0,3.066
RhGaCl2O2,,,0.613,2.023,0.057,-1.106,0.0,0.613,2.004,0.613,2.023,-5.032,-5.339,-5.645,-30.506,1.3877787807814457e-17,0.0,3.85
Te3Cu2As4Br2,,,0.767,1.858,0.045,-0.10999999999999988,0.0,0.761,1.858,0.767,1.858,-4.184,-4.565,-4.946,-40.001,1.3877787807814457e-17,0.0,1.498
PtK2O6H6,,,2.849,4.681,0.0,-1.152,0.0,2.843,4.68,2.849,4.681,-1.642,-3.064,-4.485,-76.763,1.3877787807814457e-17,0.0,0.9119999999999999
ZrIBr,1.59,2.183,1.399,1.872,0.039,-1.086,0.0,0.774,1.174,1.399,1.872,-2.762,-3.149,-3.536,-13.724000000000004,1.3877787807814457e-17,0.0,4.163
Sb2Te2O10H2,,,2.638,3.889,0.084,-1.09,0.0,2.555,3.844,2.638,3.889,-5.1,-6.378,-7.655,-90.554,1.3877787807814457e-17,0.0,2.113
Ru2Te4,,,0.686,1.142,0.11699999999999999,-0.21899999999999997,0.0,0.642,1.071,0.686,1.142,-4.033,-4.354,-4.675,-33.057,1.3877787807814457e-17,0.0,4.356
Zr2I2C,,,0.0,,0.0,-0.933,0.0,0.0,0.8863333333333334,0.0,1.224,-4.490666666666667,-3.722,-4.814333333333333,-31.646,1.3877787807814457e-17,0.0,5.682
BaI2,,,4.082,5.101,0.021,-1.816,0.0,3.873,4.874,4.082,5.101,-2.668,-4.604,-6.541,-10.232,1.3877787807814457e-17,0.0,2.945
PbBi2Se4,,,0.547,0.95,0.0,-0.44599999999999995,0.0,0.28900000000000003,0.756,0.547,0.95,-5.663,-5.807,-5.952,-30.16,1.3877787807814457e-17,0.0,3.528
Hg2Ag2I2Se2,,,1.035,1.88,0.023,-0.23399999999999999,0.0,1.034,1.88,1.035,1.88,-4.498,-5.015,-5.532,-19.245,1.3877787807814457e-17,0.0,1.633
Ni2CuO4,,,0.0,,0.0,-0.677,0.0,0.0,0.9520000000000002,0.0,0.9573333333333334,-6.320333333333333,-7.028,-6.517333333333333,-43.41,1.3877787807814457e-17,0.0,3.315
Ta2Ir2Te8,,,0.047,0.132,0.006999999999999999,-0.39,0.0,0.04699999999999993,0.11899999999999977,0.04699999999999993,0.13200000000000012,-4.312,-4.336,-4.359,-68.501,1.3877787807814457e-17,0.0,2.394
Ta2PdS6,,,0.0,,0.0,-0.885,0.0,0.0,0.7293333333333334,0.0,0.7293333333333334,-4.935666666666666,-5.585,-5.354666666666667,-55.883,1.3877787807814457e-17,0.0,2.136
SnSb2Se4,,,0.67,0.899,0.0,-0.31100000000000005,0.0,0.368,0.6939999999999997,0.67,0.899,-5.045,-5.229,-5.413,-28.98,1.3877787807814457e-17,0.0,3.492
V2S4Cl4,,,0.989,2.232,0.021,-0.84,0.0,0.989,2.232,0.989,2.232,-4.667,-5.162,-5.657,-48.904,1.3877787807814457e-17,0.0,3.239
Sn4Sb8,,,0.814,1.232,0.02,0.020000000000000018,0.0,0.735,1.104,0.8140000000000001,1.232,-3.858,-4.225,-4.593,-51.229,1.3877787807814457e-17,0.0,2.123
VCuP2S6,,,0.328,1.712,0.04,-0.391,1.0000000000000002,0.30600000000000005,1.658,0.32800000000000007,1.712,-5.098,-5.251,-5.405,-51.311,0.057,0.009999999999999995,2.017
Nb4Si2S8,,,0.372,0.591,0.07,-0.93,0.0,0.34299999999999997,0.5549999999999999,0.3719999999999999,0.591,-4.684,-4.856,-5.027,-97.755,1.3877787807814457e-17,0.0,2.249
Zr2Sn2Te8,,,0.568,1.087,0.012,-0.551,0.0,0.498,1.029,0.568,1.087,-4.042,-4.291,-4.54,-55.173,1.3877787807814457e-17,0.0,2.263
PbNa2S6H6,,,1.52,2.412,0.075,-0.359,0.0,1.498,2.375,1.52,2.412,-4.13,-4.879,-5.628,-56.171,1.3877787807814457e-17,0.0,1.085
Mn3Cl6,,,1.932,4.971,0.039,-1.021,1.0000000000000002,1.91,4.962,1.932,4.971,-4.377,-5.332,-6.287,-49.05,-0.11800000000000002,-0.09700000000000002,1.973
Y2S2F2,,,3.318,4.495,0.07,-3.024,0.0,2.693,3.8,3.318,4.495,-2.842,-4.189,-5.535,-38.858,1.3877787807814457e-17,0.0,3.055
W2Mo2Te8,,,0.862,1.279,0.011,-0.20699999999999996,0.0,0.862,1.279,0.862,1.279,-3.743,-4.173,-4.604,-73.497,1.3877787807814457e-17,0.0,4.791
Pt4Br8,,,1.303,2.542,0.0,-0.269,0.0,1.302,2.538,1.303,2.542,-4.435,-5.086,-5.737,-41.316,1.3877787807814457e-17,0.0,1.336
CoSe6NaP2,,,0.525,1.717,0.049,-0.33,0.0,0.525,1.717,0.525,1.717,-4.863,-5.125,-5.388,-44.458,1.3877787807814457e-17,0.0,1.975
ZrPdBr6,,,0.645,2.005,0.0,-0.988,1.0000000000000002,0.628,1.974,0.645,2.005,-5.457,-5.771,-6.085,-28.635,0.087,0.085,2.854
MnBr2,3.797,3.977,1.695,4.556,0.0,-0.783,1.0000000000000002,1.477,4.289,1.695,4.556,-4.389,-5.128,-5.866,-15.233,-0.055999999999999994,-0.05600000000000001,2.965
Hf2Te8Si2,,,0.611,1.157,0.012,-0.43,0.0,0.611,1.157,0.611,1.157,-3.922,-4.228,-4.533,-56.612,1.3877787807814457e-17,0.0,2.31
Ag2As4Se3Br2,,,1.437,2.572,0.017999999999999995,-0.16700000000000004,0.0,1.437,2.572,1.437,2.572,-4.115,-4.833,-5.552,-39.786,1.3877787807814457e-17,0.0,1.444
In2TeI2S,,,0.833,1.556,0.09,-0.416,0.0,0.833,1.556,0.833,1.556,-4.116,-4.532,-4.949,-18.263999999999996,1.3877787807814457e-17,0.0,2.929
Sn2Se2,1.629,1.643,0.987,1.417,0.043,-0.389,0.0,0.923,1.345,0.987,1.417,-3.453,-3.914,-4.375,-16.632999999999996,1.3877787807814457e-17,0.0,3.394
Tl4F4,,,3.545,4.645,0.017,-1.807,0.0,3.362,4.474,3.545,4.645,-2.204,-3.885,-5.566,-30.79,1.3877787807814457e-17,0.0,2.502
Y2S4Cl4,,,1.669,2.516,0.044,-1.568,0.0,1.586,2.425,1.669,2.516,-4.881,-5.673,-6.466,-48.518,1.3877787807814457e-17,0.0,2.77
YCl2,1.852,2.653,1.054,1.774,0.046,-2.048,1.0000000000000002,0.3739999999999999,0.9990000000000001,1.054,1.774,-3.714,-3.901,-4.088,-14.407,-0.000999999999999987,-0.0010000000000000009,3.476
Cd2Cu2Se2Cl2,,,0.84,2.442,0.081,-0.543,0.0,0.84,2.442,0.84,2.442,-4.276,-4.696,-5.116,-24.084,1.3877787807814457e-17,0.0,1.553
W2O4F4,,,3.257,4.936,0.0,-2.59,0.0,2.36,3.9720000000000004,3.257,4.936,-6.43,-7.61,-8.789,-75.711,1.3877787807814457e-17,0.0,1.361
CdI2,,,2.335,3.29,0.0030000000000000027,-0.627,0.0,2.335,3.29,2.335,3.29,-3.723,-4.891,-6.059,-5.765000000000001,1.3877787807814457e-17,0.0,2.565
Cu4Cl4O4H4,,,0.424,2.491,0.028999999999999998,-0.712,1.0000000000000002,0.403,2.462,0.42399999999999993,2.491,-6.318,-6.52,-6.721,-67.028,-0.098,-0.15400000000000003,1.694
Hg2Cu2S2Cl2,,,0.792,2.346,0.042,-0.36500000000000005,0.0,0.792,2.346,0.792,2.346,-4.684,-5.08,-5.476,-23.77,1.3877787807814457e-17,0.0,1.583
Zr2Te8Ti2,,,0.159,0.777,0.118,-0.68,0.0,0.11699999999999999,0.744,0.15900000000000003,0.7770000000000001,-5.155,-5.213,-5.272,-61.981,1.3877787807814457e-17,0.0,4.13
Sb2I6,,,1.953,2.624,0.0,-0.37400000000000005,0.0,1.826,2.484,1.953,2.624,-4.22,-5.133,-6.046,-20.671,1.3877787807814457e-17,0.0,2.985
Cd2I2Cu2S2,,,1.186,2.732,0.055,-0.413,0.0,1.182,2.722,1.186,2.732,-3.771,-4.362,-4.954,-23.622,1.3877787807814457e-17,0.0,1.717
Cu2Br2,3.318,3.318,1.496,3.475,0.03,-0.274,0.0,1.496,3.475,1.496,3.475,-3.722,-4.47,-5.218,-11.619,1.3877787807814457e-17,0.0,2.827
HfPdI6,,,0.386,1.376,0.061,-0.613,1.0000000000000002,0.3839999999999999,1.368,0.386,1.376,-4.985,-5.177,-5.369,-25.103,2.055,2.0560000000000005,3.263
Bi2MnS4,,,0.508,1.62,0.036,-0.381,1.0000000000000002,0.277,1.195,0.508,1.62,-5.331,-5.469,-5.608,-38.047,0.289,0.288,3.435
I6Mg2Li2,,,3.565,4.514,0.053,-1.097,0.0,3.565,4.514,3.565,4.514,-2.37,-4.153,-5.935,-26.856,1.3877787807814457e-17,0.0,2.903
V2Se4Br4,,,0.682,1.814,0.052,-0.592,0.0,0.68,1.81,0.682,1.814,-4.539,-4.879,-5.219,-43.237,1.3877787807814457e-17,0.0,3.247
BaO2H2,,,3.659,5.285,0.028,-1.814,0.0,3.659,5.261,3.659,5.285,-1.279,-3.108,-4.938,-27.796,1.3877787807814457e-17,0.0,1.798
Nb2Pd2S10,,,0.0,,0.077,-0.542,0.0,0.0,0.954,0.0,0.978333333333333,-5.88,-5.897,-6.2156666666666665,-76.659,1.3877787807814457e-17,0.0,2.061
Pd3NiSe8,,,0.524,0.887,0.016,-0.266,0.0,0.382,0.702,0.524,0.887,-4.829,-5.02,-5.211,-49.763,1.3877787807814457e-17,0.0,3.515
I4KGaO12,,,2.994,4.405,0.026,-0.526,0.0,2.984,4.402,2.994,4.405,-4.143,-5.635,-7.127,-80.999,1.3877787807814457e-17,0.0,2.038
Te4VAl2,,,0.355,1.244,0.035,-0.37400000000000005,1.0000000000000002,0.17799999999999994,1.195,0.355,1.244,-3.575,-3.664,-3.753,-31.438,0.272,0.272,3.197
MoCu2S4,,,1.549,2.871,0.03,-0.486,0.0,1.17,2.617,1.549,2.871,-4.534,-5.119,-5.704,-38.27,1.3877787807814457e-17,0.0,2.811
PtSeS,,,1.432,2.132,0.012,-0.39199999999999996,0.0,1.33,2.017,1.432,2.132,-4.47,-5.135,-5.8,-15.091999999999999,1.3877787807814457e-17,0.0,3.672
Ta3TeCl7,,,0.802,1.51,0.0,-1.193,0.0,0.802,1.5100000000000002,0.802,1.51,-4.204,-4.605,-5.006,-58.274,1.3877787807814457e-17,0.0,1.91
Sr4As4S8Cl4,,,2.183,3.084,0.042,-1.215,0.0,2.071,2.976,2.183,3.084,-3.89,-4.926,-5.961,-89.42,1.3877787807814457e-17,0.0,2.852
Rh2Br6,,,1.364,2.776,0.0,-0.495,0.0,1.344,2.737,1.364,2.776,-4.691,-5.363,-6.035,-27.761,1.3877787807814457e-17,0.0,2.969
Fe2S4,,,0.722,1.59,0.148,-0.38299999999999995,0.0,0.654,1.331,0.722,1.59,-5.065,-5.392,-5.719,-36.692,1.3877787807814457e-17,0.0,3.963
Cd2P2S6,,,2.315,3.341,0.0,-0.416,0.0,1.887,2.921,2.315,3.341,-4.319,-5.262,-6.205,-41.216,1.3877787807814457e-17,0.0,3.62
Tl2As2O6,,,3.055,4.564,0.033,-1.031,0.0,2.854,4.438,3.055,4.564,-2.169,-3.596,-5.023,-55.379,1.3877787807814457e-17,0.0,1.785
Rh2As2O6,,,0.934,2.77,0.089,-0.904,0.0,0.857,2.726,0.934,2.77,-3.829,-4.258,-4.686,-63.402,1.3877787807814457e-17,0.0,3.334
HfMo2O8,,,3.399,5.212,0.0,-2.478,0.0,3.311,5.134,3.399,5.212,-5.485,-7.14,-8.796,-98.163,1.3877787807814457e-17,0.0,1.643
V2Se4Cl4,,,0.647,1.772,0.089,-0.739,0.0,0.647,1.6919999999999997,0.6469999999999999,1.772,-4.545,-4.868,-5.192,-45.508,1.3877787807814457e-17,0.0,3.271
Ta4Te12Cl2,,,0.711,1.136,0.017,-0.418,0.0,0.706,1.136,0.7109999999999999,1.136,-3.893,-4.246,-4.599,-88.818,1.3877787807814457e-17,0.0,1.969
Cd2Br2S2,,,1.898,2.812,0.096,-0.578,0.0,1.874,2.793,1.898,2.812,-4.618,-5.555,-6.491,-16.646,1.3877787807814457e-17,0.0,4.16
Ti2S4Cl4,,,1.084,2.576,0.027,-1.175,0.0,1.018,2.523,1.084,2.576,-5.155,-5.664,-6.173,-48.578,1.3877787807814457e-17,0.0,3.157
BaS2H2,,,3.774,4.778,0.015,-0.966,0.0,3.774,4.778,3.774,4.778,-1.436,-3.323,-5.21,-21.465,1.3877787807814457e-17,0.0,2.041
In2Se6Al2,,,1.685,2.424,0.055,-0.648,0.0,1.685,2.424,1.685,2.424,-4.3,-5.143,-5.986,-40.379,1.3877787807814457e-17,0.0,2.712
Te4Cu4Cl4,,,0.946,1.343,0.003999999999999997,-0.339,0.0,0.94,1.339,0.946,1.343,-5.372,-5.842,-6.312,-38.734,1.3877787807814457e-17,0.0,1.713
Cu4O4F4H4,,,0.46,2.845,0.078,-1.069,1.0000000000000002,0.45999999999999996,2.835,0.45999999999999996,2.845,-6.416,-6.646,-6.877,-71.943,-0.314,-0.266,1.369
Sr2O4F4H8,,,5.779,7.695,0.074,-2.005,0.0,5.779,7.695,5.779,7.695,-2.233,-5.123,-8.012,-92.876,1.3877787807814457e-17,0.0,1.182
Sb2Mn2S4Cl2,,,0.55,1.895,0.084,-0.496,1.0000000000000002,0.355,1.619,0.5499999999999999,1.895,-4.347,-4.524,-4.701,-53.088,0.267,0.942,1.578
Se2Li6O8H2,,,4.615,5.856,0.0,-1.6190000000000002,0.0,4.572,5.856,4.615,5.856,-0.9159999999999999,-3.202,-5.488,-95.084,1.3877787807814457e-17,0.0,1.085
Sb4B4O12,,,3.856,5.051,0.005999999999999998,-1.877,0.0,3.856,5.051,3.856,5.051,-2.4779999999999998,-4.405,-6.333,-143.469,1.3877787807814457e-17,0.0,1.727
V4O8,,,0.503,1.639,0.083,-2.239,0.0,0.30400000000000005,1.552,0.503,1.6390000000000002,-6.587,-6.739,-6.892,-101.961,1.3877787807814457e-17,0.0,2.136
Rh2Cl6,,,1.59,3.207,0.0,-0.682,0.0,1.59,3.19,1.59,3.207,-4.956,-5.751,-6.546,-30.462,1.3877787807814457e-17,0.0,2.994
Rb2Br2Cl8,,,2.415,3.661,0.0,-0.672,0.0,2.415,3.661,2.415,3.661,-5.236,-6.444,-7.651,-27.335,1.3877787807814457e-17,0.0,1.346
Mn2P2S6,,,0.108,,0.031,-0.372,1.0000000000000002,0.1080000000000001,1.7409999999999999,0.1080000000000001,1.7786666666666666,-5.167,-5.221,-5.275,-58.356,0.306,0.306,2.013
Pd5InI2,,,0.0,,0.0,-0.349,0.0,0.0,0.5063333333333335,0.0,0.7016666666666664,-4.617,-4.489,-4.996,-27.616,1.3877787807814457e-17,0.0,5.137
Cr2P2S6,,,0.763,1.609,0.05,-0.43,1.0000000000000002,0.622,1.234,0.763,1.609,-4.553,-4.864,-5.176,-58.311,-0.10699999999999996,-0.107,3.629
RuCuSeCl3,,,0.291,0.82,0.061,-0.442,0.0,0.278,0.8200000000000001,0.2909999999999999,0.8199999999999998,-5.447,-5.586,-5.725,-24.631,1.3877787807814457e-17,0.0,3.17
PdGaBr6,,,0.469,1.499,0.028,-0.544,1.0000000000000002,0.355,1.429,0.46899999999999986,1.499,-5.687,-5.864,-6.042,-20.586,-0.502,-0.03699999999999999,2.763
Hf2N2F2,,,2.308,3.55,0.0,-2.579,0.0,2.308,3.55,2.308,3.55,-3.155,-4.309,-5.463,-50.367,1.3877787807814457e-17,0.0,3.375
AgGaBr4Cl2,,,0.466,1.176,0.078,-0.525,0.0,0.44399999999999995,1.145,0.46599999999999997,1.176,-6.618,-6.84,-7.062,-19.85,1.3877787807814457e-17,0.0,2.594
K4P4S8,,,2.504,3.466,0.013999999999999999,-0.651,0.0,2.494,3.462,2.504,3.466,-2.982,-4.229,-5.476,-69.382,1.3877787807814457e-17,0.0,1.693
In4Cl8,,,2.123,2.954,0.059,-0.981,0.0,2.067,2.881,2.123,2.954,-4.846,-5.88,-6.914,-37.107,1.3877787807814457e-17,0.0,2.384
Ir2PdNiSe8,,,0.453,1.057,0.039,-0.285,0.0,0.44399999999999995,1.033,0.45300000000000007,1.057,-4.708,-4.93,-5.152,-60.895,1.3877787807814457e-17,0.0,3.739
K4As4S8,,,2.472,3.408,0.0,-0.648,0.0,2.472,3.407,2.472,3.408,-2.794,-4.03,-5.266,-66.526,1.3877787807814457e-17,0.0,1.593
BiTeI,1.419,1.563,0.549,1.07,0.0030000000000000027,-0.371,0.0,0.4119999999999999,0.9289999999999998,0.549,1.07,-5.246,-5.452,-5.659,-10.469999999999999,1.3877787807814457e-17,0.0,3.325
Cd4Cl8,,,3.359,4.606,0.038,-1.079,0.0,3.359,4.606,3.359,4.606,-4.742,-6.422,-8.101,-30.942,1.3877787807814457e-17,0.0,3.244
Bi4I4Co2O6,,,0.62,2.811,0.102,-0.879,1.0000000000000002,0.62,2.811,0.62,2.811,-4.394,-4.704,-5.014,-85.88,3.4719999999999995,1.194,2.339
Zr2Br4S4,,,1.62,2.774,0.0,-1.24,0.0,1.575,2.73,1.62,2.774,-4.619,-5.406,-6.193,-49.854,1.3877787807814457e-17,0.0,3.153
Zr2Te2As,,,0.0,,0.0,-1.028,0.0,0.0,0.925,0.0,1.8796666666666666,-4.579666666666667,-4.887,-4.9446666666666665,-31.019999999999996,1.3877787807814457e-17,0.0,3.311
AgTe6CrP2,,,0.702,1.586,0.088,-0.051000000000000045,1.0000000000000002,0.5590000000000002,1.137,0.702,1.586,-4.286,-4.565,-4.845,-42.72,1.1150000000000002,1.118,2.136
IrCoBr5Cl,,,0.737,2.397,0.0,-0.415,0.0,0.726,2.366,0.737,2.397,-5.02,-5.383,-5.746,-30.529000000000003,1.3877787807814457e-17,0.0,3.038
Ag4Se4Cl4,,,0.837,1.28,0.067,-0.237,0.0,0.837,1.279,0.837,1.28,-6.032,-6.451,-6.869,-35.277,1.3877787807814457e-17,0.0,1.643
Sn6O6,,,2.326,3.083,0.036,-1.268,0.0,1.952,2.707,2.326,3.083,-2.797,-3.773,-4.749,-70.297,1.3877787807814457e-17,0.0,2.767
Hf2S4Cl4,,,1.89,3.007,0.010000000000000002,-1.393,0.0,1.823,2.95,1.89,3.007,-4.34,-5.251,-6.163,-52.392,1.3877787807814457e-17,0.0,3.229
Ni4Se6S2,,,0.178,0.507,0.016,-0.258,0.0,0.137,0.44000000000000017,0.17799999999999994,0.5070000000000001,-4.928,-4.996,-5.064,-61.134,1.3877787807814457e-17,0.0,3.507
Tl4As4Be4,,,0.389,0.823,0.082,0.02100000000000002,0.0,0.29000000000000004,0.7349999999999999,0.3890000000000001,0.8229999999999997,-3.295,-3.44,-3.584,-43.197,1.3877787807814457e-17,0.0,3.182
Pd2S2O6,,,0.681,2.294,0.064,-0.841,0.0,0.681,2.294,0.681,2.294,-5.2,-5.541,-5.881,-54.947,1.3877787807814457e-17,0.0,1.622
Cr2P2S8,,,0.819,2.404,0.0,-0.458,1.0000000000000002,0.819,2.404,0.819,2.404,-4.966,-5.376,-5.786,-67.666,-0.09099999999999997,-0.09700000000000002,3.252
I2Mn,,,1.142,3.791,0.0,-0.41900000000000004,1.0000000000000002,0.877,3.311,1.142,3.791,-4.276,-4.715,-5.153,-13.932000000000002,-0.046999999999999986,-0.047,3.391
Sb2Mn2Se4Br2,,,0.3,1.381,0.087,-0.376,1.0000000000000002,0.265,1.366,0.30000000000000004,1.381,-4.264,-4.397,-4.529,-49.105,0.7109999999999999,1.952,1.622
AuHgBrCl3,,,0.432,1.481,0.028,-0.4060000000000001,1.0000000000000002,0.1280000000000001,1.148,0.43199999999999994,1.481,-5.874,-5.938,-6.002,-13.388999999999996,0.425,-0.279,2.592
Sn4O4,,,3.084,3.989,0.0020000000000000018,-1.301,0.0,2.836,3.719,3.084,3.989,-2.5759999999999996,-3.994,-5.413,-47.13,1.3877787807814457e-17,0.0,1.567
I6Mn2,,,0.0,,0.038,-0.289,1.0000000000000002,0.0,1.4543333333333333,0.0,1.4576666666666667,-4.501333333333333,-5.422,-5.011333333333333,-30.618,-3.939,-25.808,3.218
Cr2Br2O2,,,0.708,2.951,0.027,-1.438,1.0000000000000002,0.501,2.752,0.708,2.951,-4.931,-5.181,-5.432,-40.86,0.123,0.048,2.284
K2S2Li2,,,1.574,2.403,0.054,-1.195,0.0,1.574,2.403,1.574,2.403,-0.8810000000000002,-1.6680000000000001,-2.455,-21.544,1.3877787807814457e-17,0.0,1.784
Sb4Te4Ge4,,,1.081,1.679,0.073,0.0040000000000000036,0.0,1.047,1.636,1.081,1.6790000000000003,-3.89,-4.414,-4.938,-48.464,1.3877787807814457e-17,0.0,1.74
Hg2I2Cu2Se2,,,0.771,1.963,0.03,-0.21899999999999997,0.0,0.771,1.963,0.771,1.963,-4.341,-4.727,-5.112,-20.8,1.3877787807814457e-17,0.0,1.71
Sb8Ge4,,,0.983,1.393,0.051,0.051000000000000045,0.0,0.942,1.333,0.983,1.393,-3.718,-4.189,-4.66,-52.697,1.3877787807814457e-17,0.0,2.087
Ag2I6Ge2,,,2.14,3.142,0.021,-0.304,0.0,2.064,2.907,2.14,3.142,-3.761,-4.793,-5.825,-26.626,1.3877787807814457e-17,0.0,3.259
Te4O8,,,2.667,3.812,0.0,-1.087,0.0,2.667,3.812,2.667,3.812,-3.394,-4.728,-6.061,-66.858,1.3877787807814457e-17,0.0,1.843
In2VS4,,,0.0,0.654,0.074,-0.648,1.0000000000000002,0.0,0.6539999999999999,0.0,0.6539999999999999,-4.383,-4.369,-4.617666666666667,-34.898,0.142,0.142,3.225
Ta2W2O11,,,2.752,4.554,0.0,-2.539,0.0,2.748,4.549,2.752,4.554,-6.108,-7.482,-8.856,-137.061,1.3877787807814457e-17,0.0,2.293
Ag2Se6P2,,,0.095,,0.0049999999999999975,-0.07999999999999996,0.0,0.026000000000000023,0.2679999999999998,0.09499999999999997,0.42633333333333345,-5.553,-5.566,-5.579,-38.108,1.3877787807814457e-17,0.0,3.608
W2Zn2Se2O12,,,3.497,5.097,0.092,-1.521,0.0,3.495,5.09,3.497,5.097,-5.18,-6.927,-8.674,-121.173,1.3877787807814457e-17,0.0,2.945
Ta2Br4S4,,,1.537,2.406,0.034,-0.851,0.0,1.529,2.404,1.537,2.406,-3.83,-4.595,-5.36,-50.791,1.3877787807814457e-17,0.0,1.874
Ti2PS2,,,0.0,,0.028,-1.236,0.0,0.0,1.1233333333333333,0.0,1.1239999999999999,-4.924333333333333,-5.581,-5.213666666666667,-33.082,1.3877787807814457e-17,0.0,3.029
Te6Ge2Al2,,,0.943,1.516,0.013999999999999999,-0.25,0.0,0.943,1.476,0.9430000000000001,1.516,-4.098,-4.569,-5.041,-38.239,1.3877787807814457e-17,0.0,2.079
Sr4As4Se8F4,,,1.356,1.976,0.0,-1.698,0.0,1.356,1.976,1.356,1.976,-4.386,-5.063,-5.741,-93.52,1.3877787807814457e-17,0.0,3.36
Nb4Ge2Se8,,,0.329,0.477,0.009000000000000001,-0.776,0.0,0.2869999999999999,0.33099999999999996,0.32899999999999996,0.47699999999999987,-4.503,-4.646,-4.79,-89.059,1.3877787807814457e-17,0.0,2.313
Cr2Se3,,,0.829,2.037,0.031,-0.525,1.0000000000000002,0.511,0.917,0.829,2.037,-5.059,-5.314,-5.57,-31.893,0.158,0.159,5.217
Ag2F6,,,0.379,2.201,0.11299999999999999,-1.065,1.0000000000000002,0.3789999999999999,2.201,0.379,2.201,-8.391,-8.581,-8.77,-23.718,0.09,0.09,2.075
Ta3Br8,,,0.306,0.939,0.057,-0.865,1.0000000000000002,0.21300000000000008,0.821,0.30600000000000005,0.9389999999999998,-4.001,-4.107,-4.214,-51.643,0.9259999999999999,0.925,1.895
Co2As4Cl4O6,,,0.869,3.906,0.05,-0.946,1.0000000000000002,0.82,3.9059999999999997,0.869,3.906,-4.858,-5.267,-5.677,-88.138,0.286,-0.474,1.882
FeCl2,0.921,0.991,0.351,0.071,0.067,-0.674,1.0000000000000002,0.351,0.07100000000000017,0.351,0.07100000000000017,-5.394,-5.569,-5.745,-14.635000000000002,-0.19,-0.19,3.504
PbBi2Te4,,,0.297,0.672,0.0,-0.285,0.0,0.11699999999999999,0.5060000000000002,0.29699999999999993,0.6720000000000002,-5.219,-5.277,-5.336,-27.919,1.3877787807814457e-17,0.0,3.571
PdNi3Se5S3,,,0.361,0.74,0.046,-0.244,0.0,0.274,0.593,0.361,0.74,-5.008,-5.145,-5.282,-58.14,1.3877787807814457e-17,0.0,3.481
SnS2,3.15,3.402,1.82,2.627,0.0,-0.402,0.0,1.587,2.361,1.82,2.627,-5.235,-6.029,-6.823,-13.417000000000002,1.3877787807814457e-17,0.0,3.612
In2Sn2Te2,,,0.011,0.371,0.010000000000000002,-0.22299999999999998,0.0,0.010999999999999899,0.371,0.010999999999999899,0.371,-4.557,-4.563,-4.568,-21.389,1.3877787807814457e-17,0.0,2.924
V2Br4S4,,,0.982,2.175,0.0020000000000000018,-0.689,0.0,0.979,2.173,0.982,2.175,-4.637,-5.127,-5.617,-46.588,1.3877787807814457e-17,0.0,3.218
Au2Cd2I6,,,1.421,2.278,0.05,-0.367,0.0,1.421,2.278,1.421,2.278,-4.11,-4.82,-5.531,-20.655,1.3877787807814457e-17,0.0,3.373
Rh2I2SeS,,,0.589,1.325,0.077,-0.3430000000000001,0.0,0.28400000000000003,0.98,0.589,1.325,-4.962,-5.104,-5.245,-26.867,1.3877787807814457e-17,0.0,4.341
Pd4Br8,,,1.204,2.468,0.0,-0.375,0.0,1.148,2.37,1.204,2.468,-5.085,-5.659,-6.233,-32.453,1.3877787807814457e-17,0.0,1.322
BiCuAs2S6,,,1.062,2.466,0.091,-0.118,0.0,1.062,2.25,1.062,2.466,-5.051,-5.581,-6.112,-43.33,1.3877787807814457e-17,0.0,1.966
IMgCl,,,2.896,3.815,0.058,-1.426,0.0,2.896,3.815,2.896,3.815,-2.712,-4.16,-5.608,-9.159999999999997,1.3877787807814457e-17,0.0,3.024
In2Br2,,,2.992,3.674,0.05,-0.645,0.0,2.949,3.651,2.992,3.674,-2.498,-3.973,-5.447,-11.275999999999996,1.3877787807814457e-17,0.0,2.02
Nb2S4F4,,,1.659,2.519,0.0,-1.951,0.0,1.617,2.495,1.659,2.519,-3.876,-4.684,-5.493,-62.818,1.3877787807814457e-17,0.0,1.807
HfBrCl,1.926,2.718,1.632,2.217,0.017999999999999995,-1.337,0.0,0.832,1.361,1.632,2.217,-2.699,-3.115,-3.531,-14.887,1.3877787807814457e-17,0.0,4.077
CdIBr,,,2.179,3.053,0.024,-0.743,0.0,2.179,3.053,2.179,3.053,-3.888,-4.977,-6.067,-6.2180000000000035,1.3877787807814457e-17,0.0,3.112
Hg2Bi2I2O4,,,1.681,2.662,0.012,-0.787,0.0,1.68,2.659,1.681,2.662,-4.035,-4.875,-5.715,-42.44,1.3877787807814457e-17,0.0,1.928
PbNa2S6H6,,,1.52,2.412,0.075,-0.359,0.0,1.498,2.375,1.52,2.412,-4.13,-4.879,-5.628,-56.171,1.3877787807814457e-17,0.0,1.085
Tl8S6,,,1.11,1.798,0.056,-0.246,0.0,1.11,1.798,1.11,1.798,-3.026,-3.581,-4.136,-47.89,1.3877787807814457e-17,0.0,2.544
Sr2Ge4Cl12,,,3.829,4.825,0.0,-1.371,0.0,3.8290000000000006,4.825,3.829,4.825,-2.785,-4.699,-6.613,-67.51,1.3877787807814457e-17,0.0,1.95
Tl2Ag2Te2,,,0.83,1.514,0.024,-0.19500000000000006,0.0,0.613,1.228,0.8299999999999998,1.514,-2.982,-3.288,-3.594,-18.254,1.3877787807814457e-17,0.0,3.657
Nb2Pd2Se10,,,0.0,,0.011,-0.537,0.0,0.0,0.2243333333333335,0.0,0.24300000000000033,-4.823333333333333,-5.276,-5.052,-70.632,1.3877787807814457e-17,0.0,2.117
Tl2Na2S2,,,2.005,2.769,0.047,-0.677,0.0,1.924,2.658,2.005,2.769,-2.747,-3.709,-4.671,-19.83,1.3877787807814457e-17,0.0,2.525
Sb2Se6Si2,,,1.396,1.984,0.010000000000000002,-0.348,0.0,1.01,1.572,1.396,1.984,-4.455,-4.96,-5.466,-43.988,1.3877787807814457e-17,0.0,3.66
Pd2Se2O6,,,1.243,2.847,0.0,-0.646,0.0,1.12,2.663,1.243,2.847,-4.271,-4.831,-5.392,-51.809,1.3877787807814457e-17,0.0,1.51
HfMnCl6,,,0.08,,0.0,-1.575,1.0000000000000002,0.03400000000000003,0.9326666666666668,0.08000000000000007,0.9990000000000001,-5.223,-5.24,-5.257,-40.534,0.54,-2.388,2.752
TeAsBr,2.227,2.637,1.64,2.237,0.0,-0.245,0.0,1.237,1.839,1.64,2.237,-4.543,-5.162,-5.781,-10.186,1.3877787807814457e-17,0.0,3.16
Ga2O2F2,,,3.152,4.755,0.0,-2.229,0.0,3.152,4.755,3.152,4.755,-5.175,-6.751,-8.327,-32.605,1.3877787807814457e-17,0.0,3.03
Ga2Se2Si2,,,1.479,2.127,0.005999999999999998,-0.395,0.0,1.412,2.077,1.479,2.127,-4.125,-4.831,-5.536,-25.94,1.3877787807814457e-17,0.0,2.796
Hf2Ti2Br7Cl,,,0.591,1.154,0.009000000000000001,-1.21,0.0,0.5290000000000001,1.097,0.591,1.154,-3.784,-4.048,-4.313,-55.785,1.3877787807814457e-17,0.0,3.646
Sr4As4Se8Cl4,,,1.733,2.522,0.043,-1.183,0.0,1.589,2.371,1.733,2.522,-4.044,-4.838,-5.633,-84.016,1.3877787807814457e-17,0.0,3.018
Pt3P2S8,,,1.888,3.14,0.008,-0.346,0.0,1.888,3.118,1.888,3.14,-4.023,-4.967,-5.911,-66.909,1.3877787807814457e-17,0.0,1.69
W2Te8Cr2,,,0.497,0.876,0.082,-0.09299999999999997,0.0,0.497,0.8759999999999999,0.497,0.8759999999999999,-4.143,-4.391,-4.639,-68.544,1.3877787807814457e-17,0.0,4.651
Pd2P2S6,,,0.014,0.013,0.122,-0.20399999999999996,0.0,0.014000000000000012,0.0129999999999999,0.014000000000000234,0.0129999999999999,-5.155,-5.162,-5.169,-44.874,1.3877787807814457e-17,0.0,3.79
Re2Br6,,,0.166,,0.0,-0.09499999999999997,1.0000000000000002,0.135,0.3440000000000003,0.16599999999999993,0.4376666666666664,-4.636,-4.703,-4.771,-33.583,81.381,81.735,3.153
Sn2P2S6C2H6,,,2.534,3.374,0.0,-0.308,0.0,2.463,3.301,2.534,3.374,-2.85,-4.081,-5.313,-87.231,1.3877787807814457e-17,0.0,1.529
Na2MgS10H4,,,2.311,3.366,0.089,-0.366,0.0,2.297,3.357,2.311,3.366,-3.161,-4.309,-5.457,-64.528,1.3877787807814457e-17,0.0,1.535
SbIS,2.26,2.457,1.485,2.052,0.058,-0.278,0.0,1.219,1.782,1.485,2.052,-4.59,-5.199,-5.809,-10.798000000000002,1.3877787807814457e-17,0.0,3.308
Tl2Pb2I6,,,1.903,2.58,0.055,-0.632,0.0,1.862,2.542,1.903,2.58,-3.163,-4.095,-5.026,-27.7,1.3877787807814457e-17,0.0,2.506
Ir2I6,,,1.404,2.489,0.0,-0.15700000000000003,0.0,1.358,2.45,1.404,2.489,-3.76,-4.439,-5.118,-28.675,1.3877787807814457e-17,0.0,3.495
Ta2Pd2Se10,,,0.0,,0.0,-0.531,0.0,0.0,0.2243333333333335,0.0,0.24300000000000033,-4.823333333333333,-5.269,-5.052,-69.532,1.3877787807814457e-17,0.0,2.126
TeCuGeBr,,,0.652,1.545,0.078,-0.21099999999999997,0.0,0.652,1.54,0.652,1.545,-4.188,-4.514,-4.84,-13.826,1.3877787807814457e-17,0.0,3.385
Ru2Se4,,,0.972,1.667,0.076,-0.3430000000000001,0.0,0.779,1.595,0.972,1.667,-4.338,-4.727,-5.117,-34.918,1.3877787807814457e-17,0.0,4.01
I2Br2Mg2,,,3.17,4.122,0.06,-1.247,0.0,3.17,4.122,3.17,4.122,-2.892,-4.477,-6.062,-16.842,1.3877787807814457e-17,0.0,2.396
Cu4F8,,,0.603,2.703,0.0,-1.6059999999999999,1.0000000000000002,0.383,2.682,0.603,2.703,-6.965,-7.157,-7.348,-46.67,-0.258,-0.614,2.979
Ga2Se2O8H2,,,4.356,5.896,0.0,-1.241,0.0,4.295,5.796,4.356,5.896,-2.352,-4.5,-6.647,-77.785,1.3877787807814457e-17,0.0,1.576
Ag2Cr2P4S12,,,1.012,2.715,0.0,-0.363,1.0000000000000002,0.997,2.715,1.012,2.715,-5.043,-5.541,-6.04,-102.15100000000001,-0.08999999999999997,0.011999999999999997,2.01
Pt2Se2O6,,,1.408,2.831,0.02,-0.59,0.0,1.305,2.732,1.408,2.831,-3.487,-4.139,-4.791,-56.321,1.3877787807814457e-17,0.0,1.525
Te6Cr2Si2,,,0.662,1.335,0.0020000000000000018,-0.20199999999999996,1.0000000000000002,0.272,1.021,0.662,1.335,-4.433,-4.569,-4.704,-50.861,-0.09900000000000003,-0.09900000000000002,2.144
Rh2F6,,,1.171,3.234,0.0,-1.65,0.0,1.13,3.167,1.171,3.234,-6.075,-6.64,-7.205,-37.012,1.3877787807814457e-17,0.0,2.514
Bi4I4Co2O6,,,0.62,2.811,0.102,-0.879,1.0000000000000002,0.62,2.811,0.62,2.811,-4.394,-4.704,-5.014,-85.88,3.4719999999999995,1.194,2.339
ZrTeS,0.735,1.429,0.641,1.335,0.122,-1.12,0.0,0.20799999999999996,0.6720000000000002,0.641,1.335,-5.179,-5.283,-5.387,-18.045,1.3877787807814457e-17,0.0,4.104
Ag2Mn2Cl6,,,2.121,3.95,0.0,-0.814,1.0000000000000002,1.991,3.95,2.121,3.95,-3.828,-4.824,-5.82,-43.963,0.167,0.166,2.944
AuTlI3Br,,,0.741,1.474,0.008,-0.318,0.0,0.493,1.275,0.741,1.474,-5.38,-5.626,-5.873,-13.552999999999997,1.3877787807814457e-17,0.0,2.712
SbTeCl,2.382,2.57,1.482,2.103,0.0,-0.466,0.0,1.255,1.866,1.482,2.103,-4.771,-5.399,-6.026,-10.795000000000002,1.3877787807814457e-17,0.0,3.089
Hg2Te2I2Cu2,,,0.924,2.078,0.028,-0.18599999999999994,0.0,0.9239999999999999,2.078,0.924,2.078,-4.036,-4.498,-4.96,-19.979,1.3877787807814457e-17,0.0,1.694
W2Cl6,,,0.663,1.967,0.052,-0.764,1.0000000000000002,0.548,1.967,0.6629999999999999,1.967,-4.397,-4.671,-4.945,-39.797,1.359,1.655,1.849
Ni2PS2,,,0.0,,0.076,-0.321,0.0,0.0,0.5760000000000001,0.0,0.5963333333333332,-5.386666666666667,-5.738,-5.612666666666667,-29.62,1.3877787807814457e-17,0.0,2.664
RhCrBrS2Cl,,,0.177,1.253,0.084,-0.695,1.0000000000000002,0.17700000000000005,1.194,0.17700000000000005,1.253,-5.848,-5.937,-6.025,-32.253,-0.016000000000000014,0.158,3.921
Zn2Ge2O6,,,2.81,4.531,0.119,-1.491,0.0,2.745,4.446,2.81,4.531,-3.738,-5.111,-6.483,-57.059,1.3877787807814457e-17,0.0,1.54
Ta2Te4Br4,,,0.553,1.083,0.075,-0.529,0.0,0.552,1.083,0.553,1.0830000000000002,-4.111,-4.387,-4.663,-44.081,1.3877787807814457e-17,0.0,2.005
NbMnSe4,,,0.407,0.906,0.027,-0.647,0.0,0.21100000000000008,0.5979999999999999,0.40700000000000003,0.9060000000000001,-5.146,-5.252,-5.357,-37.854,1.3877787807814457e-17,0.0,4.321
Re6I2Se8,,,0.925,1.73,0.0,-0.396,0.0,0.9040000000000001,1.667,0.925,1.73,-5.031,-5.484,-5.936,-107.108,1.3877787807814457e-17,0.0,2.812
In2Br2O2,,,2.309,3.324,0.0,-1.295,0.0,2.29,3.324,2.309,3.324,-4.863,-6.008,-7.154,-26.715,1.3877787807814457e-17,0.0,3.846
AuCuBr2,,,2.084,3.533,0.017999999999999995,-0.238,0.0,2.084,3.533,2.084,3.533,-3.319,-4.361,-5.403,-10.929000000000002,1.3877787807814457e-17,0.0,2.697
Te2P2S10H2,,,1.1,1.848,0.059,-0.04400000000000004,0.0,1.1,1.848,1.1,1.848,-5.106,-5.655,-6.205,-65.268,1.3877787807814457e-17,0.0,2.157
Ir2Sb2Se6,,,0.292,0.171,0.058,-0.272,0.0,0.29200000000000004,0.17099999999999982,0.29200000000000004,0.17099999999999982,-4.786,-4.932,-5.078,-50.983,1.3877787807814457e-17,0.0,3.842
Ta2Fe2Se6,,,0.0,,0.02,-0.613,1.0000000000000002,0.0,1.8366666666666664,0.0,1.8716666666666668,-5.146,-5.173,-5.408,-64.743,-0.998,-2.706,2.194
I2Na2S4H8,,,3.615,4.591,0.013999999999999999,-0.445,0.0,3.615,4.591,3.615,4.591,-1.8010000000000002,-3.609,-5.416,-55.6,1.3877787807814457e-17,0.0,1.043
CdSn2Br2O2,,,2.488,3.337,0.022,-1.11,0.0,2.48,3.318,2.488,3.337,-3.381,-4.621,-5.861,-30.226,1.3877787807814457e-17,0.0,1.864
Ti2Br4S4,,,1.055,2.513,0.021,-0.998,0.0,1.031,2.482,1.055,2.513,-5.114,-5.629,-6.144,-46.009,1.3877787807814457e-17,0.0,3.138
Nb4Pd2S10,,,0.179,0.475,0.064,-0.859,0.0,0.1479999999999999,0.4750000000000001,0.17900000000000005,0.4750000000000001,-5.516,-5.59,-5.665,-103.47,1.3877787807814457e-17,0.0,2.107
Ta4Te12I2,,,0.615,1.024,0.003999999999999997,-0.325,0.0,0.615,1.024,0.615,1.024,-4.019,-4.327,-4.634,-86.534,1.3877787807814457e-17,0.0,2.03
Te6Co2As2,,,0.328,,0.068,-0.10499999999999998,0.0,0.014999999999999902,0.2356666666666669,0.32800000000000007,0.2443333333333335,-4.415,-4.423,-4.43,-46.058,1.3877787807814457e-17,0.0,3.923
Hf2Se4Br4,,,1.596,2.542,0.0,-1.113,0.0,1.572,2.523,1.596,2.542,-4.189,-4.975,-5.761,-46.411,1.3877787807814457e-17,0.0,3.244
Ti2S6,,,0.295,1.452,0.0,-0.991,0.0,0.29499999999999993,1.452,0.29499999999999993,1.452,-5.091,-5.238,-5.385,-45.778,1.3877787807814457e-17,0.0,4.85
In2Si2S2,,,1.6,2.272,0.021,-0.349,0.0,1.517,2.205,1.6,2.272,-4.485,-5.244,-6.002,-26.576,1.3877787807814457e-17,0.0,3.012
Se2Br2Al2,,,1.642,2.416,0.067,-0.938,0.0,1.535,2.322,1.642,2.416,-3.912,-4.679,-5.446,-23.239,1.3877787807814457e-17,0.0,3.466
Ir2Se2Cl2,,,1.187,2.235,0.034,-0.396,0.0,1.187,2.235,1.187,2.235,-4.056,-4.649,-5.243,-31.462,1.3877787807814457e-17,0.0,1.923
W3MoTe8,,,0.804,1.22,0.017999999999999995,-0.15900000000000003,0.0,0.804,1.22,0.804,1.22,-3.707,-4.109,-4.511,-73.202,1.3877787807814457e-17,0.0,4.812
BiISe,1.687,1.687,0.471,1.241,0.11399999999999999,-0.328,0.0,0.43300000000000005,1.189,0.471,1.241,-5.335,-5.552,-5.768,-10.619999999999997,1.3877787807814457e-17,0.0,3.7719999999999994
P4,2.025,2.025,0.903,1.511,0.039,0.039000000000000146,0.0,0.903,1.5109999999999997,0.903,1.511,-4.151,-4.602,-5.053,-21.301,1.3877787807814457e-17,0.0,3.233
AgScSe6P2,,,1.68,2.778,0.0,-0.534,0.0,1.634,2.775,1.68,2.778,-4.047,-4.864,-5.681,-44.469,1.3877787807814457e-17,0.0,2.021
Tl2Se5,,,0.921,1.481,0.051,-0.10499999999999998,0.0,0.862,1.475,0.921,1.481,-4.582,-5.013,-5.444,-23.146,1.3877787807814457e-17,0.0,1.627
V2Se2C,,,0.0,,0.0,-0.639,0.0,0.0,0.9336666666666666,0.0,1.4169999999999998,-4.865333333333333,-4.932,-5.182666666666666,-36.426,1.3877787807814457e-17,0.0,6.138
HfGeS2Cl2,,,0.926,1.729,0.094,-1.163,0.0,0.836,1.594,0.926,1.729,-5.09,-5.508,-5.926,-30.726999999999997,1.3877787807814457e-17,0.0,3.704
Cr2Ge2Se6,,,1.126,2.228,0.0,-0.421,1.0000000000000002,0.703,1.736,1.126,2.228,-4.765,-5.116,-5.468,-52.958,-0.009000000000000008,-0.008999999999999994,2.083
Nb2PdTe6,,,0.0,,0.0010000000000000009,-0.43,0.0,0.0,0.08966666666666656,0.0,0.21166666666666645,-4.381666666666667,-4.621,-4.523666666666666,-47.57,1.3877787807814457e-17,0.0,2.357
CdSn2O2F2,,,2.724,3.688,0.059,-1.685,0.0,2.693,3.578,2.724,3.688,-3.239,-4.585,-5.931,-34.259,1.3877787807814457e-17,0.0,1.58
Ag4Se4Na4,,,0.511,1.332,0.017999999999999995,-0.567,0.0,0.511,1.332,0.511,1.332,-2.794,-3.05,-3.305,-37.323,1.3877787807814457e-17,0.0,2.793
Tl2F6,,,3.101,4.836,0.0049999999999999975,-1.904,0.0,3.046,4.74,3.101,4.836,-6.776,-8.299,-9.822,-29.745,1.3877787807814457e-17,0.0,2.145
CdSn2Cl2O2,,,2.725,3.625,0.015,-1.209,0.0,2.714,3.6,2.7249999999999996,3.625,-3.413,-4.77,-6.126,-31.322,1.3877787807814457e-17,0.0,1.816
MnGaBr5Cl,,,0.589,1.984,0.015,-0.785,1.0000000000000002,0.535,1.919,0.589,1.984,-5.783,-6.05,-6.318,-28.607,-0.6500000000000001,-0.20700000000000002,2.735
Sb4Co2Br4O6,,,0.867,3.435,0.02,-1.018,1.0000000000000002,0.831,3.435,0.867,3.435,-4.442,-4.858,-5.273,-87.461,1.148,0.593,2.075
In8I6BrS4Cl,,,1.353,2.062,0.037,-0.567,0.0,1.284,1.965,1.353,2.062,-4.592,-5.234,-5.876,-61.999,1.3877787807814457e-17,0.0,3.891
Nb2Te10Cr2,,,0.096,0.029,0.0030000000000000027,-0.313,1.0000000000000002,0.07499999999999996,0.028999999999999915,0.09600000000000009,0.028999999999999915,-4.281,-4.318,-4.355,-75.895,2.128,-0.773,2.741
Ta2Te4Br4,,,0.553,1.083,0.075,-0.529,0.0,0.552,1.083,0.553,1.0830000000000002,-4.111,-4.387,-4.663,-44.081,1.3877787807814457e-17,0.0,2.005
Nb4Te8Si2,,,0.589,0.784,0.0020000000000000018,-0.518,0.0,0.521,0.722,0.589,0.784,-4.091,-4.351,-4.611,-84.996,1.3877787807814457e-17,0.0,2.506
I2Mn2Se,,,0.256,2.519,0.052,-0.341,1.0000000000000002,0.15599999999999992,2.354,0.256,2.519,-4.677,-4.755,-4.833,-27.577,0.464,0.476,4.576
Zr2I4Se4,,,1.22,2.253,0.0,-0.933,0.0,1.209,2.243,1.22,2.253,-4.47,-5.075,-5.68,-43.985,1.3877787807814457e-17,0.0,3.388
Hf2Sn2Te8,,,0.544,0.998,0.033,-0.488,0.0,0.507,0.9729999999999999,0.544,0.998,-3.996,-4.249,-4.503,-54.624,1.3877787807814457e-17,0.0,2.274
Ta4Pd2S10,,,0.119,0.037,0.022,-0.892,0.0,0.1100000000000001,0.03699999999999992,0.119,0.03699999999999992,-5.424,-5.479,-5.534,-101.953,1.3877787807814457e-17,0.0,2.141
Te4I4Ga4,,,1.737,2.433,0.0,-0.447,0.0,1.737,2.433,1.737,2.433,-4.035,-4.903,-5.772,-35.709,1.3877787807814457e-17,0.0,1.795
S10Li6H2,,,2.263,3.32,0.093,-0.627,0.0,2.254,3.3,2.263,3.32,-3.178,-4.305,-5.432,-70.049,1.3877787807814457e-17,0.0,1.295
Na2B2O8H8,,,4.681,6.454,0.013999999999999999,-1.563,0.0,4.681,6.454,4.681,6.454,-1.3079999999999998,-3.649,-5.99,-114.864,1.3877787807814457e-17,0.0,0.829
CdSn2Cl2O2,,,2.725,3.625,0.015,-1.209,0.0,2.714,3.6,2.7249999999999996,3.625,-3.413,-4.77,-6.126,-31.322,1.3877787807814457e-17,0.0,1.816
Te2As2,,,1.113,1.611,0.061,0.04699999999999993,0.0,0.9339999999999999,1.496,1.113,1.611,-4.073,-4.54,-5.007,-15.549999999999997,1.3877787807814457e-17,0.0,2.689
Zr2Se8Si2,,,1.073,1.82,0.094,-0.815,0.0,1.012,1.787,1.073,1.82,-4.106,-4.612,-5.118,-63.241,1.3877787807814457e-17,0.0,2.165
C2H2,6.416,6.416,3.46,4.421,0.003999999999999997,-0.134,0.0,3.46,4.421,3.46,4.421,-1.27,-3.0,-4.73,-25.623,1.3877787807814457e-17,0.0,2.165
In2Mg2S5,,,1.298,2.27,0.010000000000000002,-0.969,0.0,1.298,2.27,1.298,2.27,-4.389,-5.038,-5.687,-37.876,1.3877787807814457e-17,0.0,3.523
FeGa2Se4,,,0.803,1.814,0.056,-0.445,0.0,0.538,1.761,0.803,1.814,-3.827,-4.096,-4.365,-31.894,1.3877787807814457e-17,0.0,3.303
Cu6SeBr2S3Cl6,,,0.311,0.799,0.047,-0.33799999999999997,0.0,0.271,0.7469999999999999,0.31099999999999994,0.7989999999999999,-6.226,-6.361,-6.497,-57.743,1.3877787807814457e-17,0.0,3.267
In2S2O8H2,,,3.85,5.22,0.033,-1.319,0.0,3.782,5.132,3.85,5.22,-3.17,-5.061,-6.952,-79.795,1.3877787807814457e-17,0.0,1.629
Pt2S2O6,,,1.509,3.047,0.072,-0.765,0.0,1.456,2.976,1.509,3.047,-3.896,-4.624,-5.352,-59.259,1.3877787807814457e-17,0.0,1.538
SbSeCl,2.404,2.778,1.507,2.128,0.003999999999999997,-0.537,0.0,1.172,1.804,1.507,2.128,-5.072,-5.658,-6.244,-11.284999999999997,1.3877787807814457e-17,0.0,3.059
Ge2Se2,1.861,1.861,1.142,1.559,0.025,-0.20499999999999996,0.0,1.121,1.559,1.142,1.559,-3.404,-3.965,-4.525,-16.817999999999998,1.3877787807814457e-17,0.0,3.311
Ir2Nb2Te8,,,0.047,0.043,0.008,-0.424,0.0,0.04699999999999993,0.03299999999999992,0.04699999999999993,0.04300000000000015,-4.443,-4.466,-4.489,-69.926,1.3877787807814457e-17,0.0,2.39
V2CO2H2,,,0.0,,0.133,-1.06,0.0,0.0,1.914,0.0,2.3553333333333333,-2.8646666666666665,-1.7930000000000001,-3.308333333333333,-50.588,1.3877787807814457e-17,0.0,3.516
Cd2I6Li2,,,2.482,3.386,0.069,-0.811,0.0,2.482,3.376,2.482,3.386,-3.437,-4.678,-5.919,-22.613,1.3877787807814457e-17,0.0,2.988
BiTeCuSe,,,0.0,0.382,0.077,-0.16000000000000003,0.0,0.0,0.33899999999999997,0.0,0.3820000000000001,-4.799666666666667,-4.863,-4.913666666666667,-15.678999999999998,1.3877787807814457e-17,0.0,3.793
In2MnS4,,,0.018,,0.031,-0.56,1.0000000000000002,0.018000000000000016,1.5043333333333333,0.018000000000000016,1.5043333333333333,-4.508,-4.516,-4.525,-35.477,-0.366,-0.366,3.192
Hf2Mn2Br8,,,0.495,1.109,0.161,-0.949,1.0000000000000002,0.44199999999999995,1.091,0.495,1.109,-3.914,-4.135,-4.356,-58.511,0.368,0.695,3.218
Re6S8F2,,,1.646,2.418,0.0,-0.857,0.0,1.621,2.384,1.646,2.418,-5.239,-6.049,-6.86,-119.459,1.3877787807814457e-17,0.0,2.462
Ni2As4Br4O6,,,1.088,3.963,0.077,-0.838,1.0000000000000002,1.044,3.921,1.088,3.963,-5.019,-5.541,-6.063,-83.646,-0.819,-0.553,1.881
Re4Te8,,,0.992,1.515,0.0,-0.09199999999999986,0.0,0.817,1.331,0.992,1.515,-3.694,-4.103,-4.512,-73.375,1.3877787807814457e-17,0.0,4.665
Tl2As2Be2,,,0.0,1.385,0.0,-0.061000000000000054,0.0,0.0,0.44000000000000017,0.0,1.385,-3.2793333333333337,-3.224,-3.8153333333333332,-22.091,1.3877787807814457e-17,0.0,3.947
Sc2As2S6,,,1.512,2.144,0.091,-0.957,0.0,1.423,2.05,1.512,2.144,-4.311,-5.022,-5.734,-52.68,1.3877787807814457e-17,0.0,3.423
Nb2Te4I4,,,0.688,1.308,0.023,-0.4139999999999999,0.0,0.649,1.284,0.688,1.308,-4.141,-4.466,-4.79,-43.526,1.3877787807814457e-17,0.0,2.077
I4Co2As4O6,,,0.817,3.342,0.077,-0.741,1.0000000000000002,0.762,3.183,0.817,3.342,-4.705,-5.086,-5.467,-83.624,-0.688,-1.32,2.222
Sb4Ge4Se4,,,1.528,2.214,0.015,-0.13800000000000012,0.0,1.488,2.165,1.528,2.214,-3.861,-4.605,-5.349,-51.278,1.3877787807814457e-17,0.0,1.69
Ag2I6Mg2,,,2.621,3.636,0.02,-0.737,0.0,2.621,3.636,2.621,3.636,-3.212,-4.522,-5.832,-25.155,1.3877787807814457e-17,0.0,3.223
Ta4I2S12,,,0.519,0.936,0.093,-0.657,0.0,0.502,0.9359999999999999,0.519,0.9359999999999997,-4.646,-4.897,-5.148,-102.99100000000001,1.3877787807814457e-17,0.0,1.858
In2Te6Si2,,,0.872,1.393,0.0049999999999999975,-0.21499999999999997,0.0,0.682,1.183,0.872,1.393,-4.385,-4.726,-5.067,-37.7,1.3877787807814457e-17,0.0,2.08
Ag4S6,,,1.579,2.639,0.11299999999999999,0.06800000000000006,0.0,1.476,2.534,1.579,2.639,-3.625,-4.363,-5.1,-35.145,1.3877787807814457e-17,0.0,1.843
Au4O4F4,,,1.163,2.461,0.0,-0.509,0.0,1.107,2.402,1.163,2.461,-6.808,-7.362,-7.915,-45.476,1.3877787807814457e-17,0.0,1.343
Au2Sb2S6,,,1.382,2.237,0.092,-0.08199999999999996,0.0,1.226,2.046,1.382,2.237,-4.807,-5.42,-6.034,-40.362,1.3877787807814457e-17,0.0,2.743
Ge2P2S6F2,,,2.605,3.478,0.013999999999999999,-0.725,0.0,2.508,3.376,2.605,3.478,-3.832,-5.086,-6.34,-56.1,1.3877787807814457e-17,0.0,1.698
ZnAl2S4,,,0.0,,0.147,-0.889,0.0,0.0,0.7689999999999999,0.0,0.7690000000000001,-4.7603333333333335,-4.951,-5.145666666666667,-31.198,1.3877787807814457e-17,0.0,3.214
W2V2Se8,,,0.0,,0.024,-0.627,1.0000000000000002,0.0,1.3550000000000002,0.0,1.648,-5.021,-5.351,-5.571666666666667,-75.404,-2.498,-2.525,4.4
Tl2O,,,1.535,2.166,0.028999999999999998,-0.557,0.0,0.995,1.505,1.535,2.166,-3.511,-4.009,-4.506,-11.79,1.3877787807814457e-17,0.0,3.481
In2Sb2O6,,,3.326,4.477,0.025,-1.464,0.0,3.123,4.247,3.326,4.477,-2.377,-3.939,-5.5,-59.729,1.3877787807814457e-17,0.0,3.328
HgPb2Br2S2,,,2.052,2.924,0.032,-0.6,0.0,1.962,2.817,2.052,2.924,-3.936,-4.917,-5.898,-23.926,1.3877787807814457e-17,0.0,1.722
ZrPdF6,,,1.441,3.999,0.085,-2.815,1.0000000000000002,1.375,3.952,1.441,3.999,-6.575,-7.263,-7.951,-43.263,-0.13100000000000003,-0.14200000000000002,2.148
Cu2F6,,,0.907,3.55,0.0,-1.448,1.0000000000000002,0.907,3.55,0.907,3.55,-8.626,-9.079,-9.532,-28.458,-0.06,-0.059999999999999984,2.146
Rb2C2O6,,,1.08,2.747,0.017,-1.469,1.0000000000000002,1.017,2.673,1.08,2.747,-5.684,-6.192,-6.701,-65.693,-0.0020000000000000018,0.0030000000000000027,1.244
Hf4ISeBr3S3,,,0.0,,0.0,-1.402,0.0,0.0,0.07333333333333325,0.0,0.0733333333333337,-5.1706666666666665,-4.631,-5.201,-68.799,1.3877787807814457e-17,0.0,4.19
Bi4S6,,,0.777,1.33,0.023,-0.344,0.0,0.1200000000000001,0.6720000000000002,0.777,1.33,-6.006,-6.066,-6.125,-46.604,1.3877787807814457e-17,0.0,4.796
Rh2Cl2O2,,,0.074,0.759,0.07,-0.651,0.0,0.040000000000000036,0.7590000000000001,0.07400000000000007,0.7589999999999997,-5.42,-5.44,-5.46,-32.018,1.3877787807814457e-17,0.0,3.662
Nb4Te12Br2,,,0.748,1.18,0.0,-0.449,0.0,0.736,1.18,0.748,1.18,-4.006,-4.374,-4.742,-91.006,1.3877787807814457e-17,0.0,1.961
In2Se2Cl2,,,2.235,3.19,0.021,-0.794,0.0,2.23,3.19,2.235,3.19,-5.269,-6.384,-7.499,-20.824,1.3877787807814457e-17,0.0,2.973
Te2Ga2,,,1.321,1.931,0.005999999999999998,-0.368,0.0,1.269,1.836,1.321,1.931,-3.894,-4.529,-5.164,-13.688000000000002,1.3877787807814457e-17,0.0,3.601
Cr2Se2Br2,,,0.179,1.116,0.006999999999999999,-0.7,1.0000000000000002,0.17900000000000005,1.009,0.17900000000000005,1.116,-5.654,-5.743,-5.833,-33.149,0.22,0.197,3.677
TiF2,,,1.462,2.44,0.087,-2.983,0.0,1.288,2.096,1.462,2.44,-3.801,-4.445,-5.089,-18.811,1.3877787807814457e-17,0.0,3.113
TeAsCl,2.596,2.819,1.745,2.387,0.009000000000000001,-0.322,0.0,1.479,2.147,1.745,2.387,-4.651,-5.39,-6.13,-10.618000000000002,1.3877787807814457e-17,0.0,3.124
AuSnF6,,,0.768,2.638,0.0,-1.94,1.0000000000000002,0.564,2.42,0.768,2.638,-7.319,-7.601,-7.883,-32.23,-2.304,-3.336,1.196
AgInP2S6,,,1.581,2.71,0.0,-0.327,0.0,1.317,2.365,1.581,2.71,-4.561,-5.219,-5.878,-44.072,1.3877787807814457e-17,0.0,2.003
Ge4P4S4,,,1.98,2.789,0.0,-0.19399999999999995,0.0,1.974,2.789,1.98,2.789,-4.097,-5.084,-6.071,-58.166,1.3877787807814457e-17,0.0,1.676
PtLi2O6H6,,,2.837,4.67,0.042,-1.172,0.0,2.833,4.67,2.837,4.67,-1.662,-3.0790000000000006,-4.495,-78.4,1.3877787807814457e-17,0.0,0.9489999999999998
Ni2Cu2Br6,,,0.647,3.154,0.006999999999999999,-0.359,1.0000000000000002,0.478,3.043,0.6469999999999999,3.154,-4.94,-5.179,-5.418,-34.943,-0.29600000000000004,-0.292,3.078
Cs2Os2S2N2F10,,,0.952,2.543,0.0,-1.801,1.0000000000000002,0.895,2.525,0.952,2.543,-4.722,-5.17,-5.617,-97.201,-1.601,-5.689,1.979
CoBr2,,,0.235,2.905,0.009000000000000001,-0.352,1.0000000000000002,0.17399999999999993,2.827,0.23499999999999988,2.905,-5.595,-5.682,-5.768,-12.454,-0.068,-0.06799999999999999,2.421
Ba4Sb4Se8F4,,,1.468,2.055,0.0,-1.769,0.0,1.386,2.045,1.468,2.055,-4.183,-4.876,-5.569,-94.534,1.3877787807814457e-17,0.0,3.499
In2F6,,,4.989,7.139,0.038,-2.589,0.0,4.962999999999999,7.139,4.989,7.139,-5.218,-7.699,-10.181,-35.755,1.3877787807814457e-17,0.0,2.182
BaI2,,,3.397,4.345,0.10499999999999998,-1.732,0.0,3.332,4.274,3.397,4.345,-3.302,-4.968,-6.635,-9.980000000000004,1.3877787807814457e-17,0.0,3.266
Sc2As2S6,,,1.512,2.144,0.091,-0.957,0.0,1.423,2.05,1.512,2.144,-4.311,-5.022,-5.734,-52.68,1.3877787807814457e-17,0.0,3.423
Pt2Nb2S10,,,0.0,,0.056,-0.597,0.0,0.0,0.521666666666667,0.0,0.5269999999999999,-5.405,-5.915,-5.55,-82.504,1.3877787807814457e-17,0.0,2.096
TlInCl6,,,2.56,3.724,0.0,-0.924,0.0,2.553,3.724,2.56,3.724,-5.594,-6.87,-8.146,-23.363,1.3877787807814457e-17,0.0,2.732
Rh4S6,,,0.594,1.228,0.084,-0.45,0.0,0.43999999999999995,1.161,0.594,1.228,-5.262,-5.482,-5.702,-57.557,1.3877787807814457e-17,0.0,5.331
Te2I2Sc2,,,1.122,2.217,0.028999999999999998,-1.232,0.0,1.122,2.216,1.122,2.217,-4.081,-4.642,-5.203,-26.08,1.3877787807814457e-17,0.0,3.506
Co2As2Se6,,,0.166,0.008,0.033,-0.21199999999999997,0.0,0.16599999999999993,0.004999999999999893,0.16599999999999993,0.008000000000000007,-4.729,-4.812,-4.895,-48.798,1.3877787807814457e-17,0.0,3.73
Ag4Br4O4H4,,,0.372,0.973,0.094,-0.49,0.0,0.33899999999999986,0.938,0.3719999999999999,0.9729999999999999,-5.776,-5.945,-6.115,-59.325,1.3877787807814457e-17,0.0,1.653
Au2I6Ni2,,,0.3,1.877,0.045,-0.07199999999999995,1.0000000000000002,0.09800000000000009,1.69,0.30000000000000004,1.877,-4.822,-4.871,-4.919,-30.342,-3.807,-3.808,3.578
Nb2K2Cl12,,,2.418,4.064,0.0,-1.5190000000000001,0.0,2.41,4.055,2.418,4.064,-5.425,-6.63,-7.835,-68.818,1.3877787807814457e-17,0.0,1.717
Tl2S2,1.591,1.659,0.695,1.17,0.12,-0.14400000000000002,0.0,0.628,1.106,0.6950000000000001,1.17,-5.671,-5.986,-6.3,-13.725999999999999,1.3877787807814457e-17,0.0,4.011
Bi4I4Ni2O6,,,0.605,3.263,0.069,-0.812,1.0000000000000002,0.605,3.236,0.605,3.263,-4.64,-4.943,-5.245,-82.842,-3.8250000000000006,-3.095,2.175
NiClF,,,1.311,4.826,0.063,-1.129,1.0000000000000002,1.223,4.493,1.311,4.826,-5.653,-6.265,-6.877,-14.006999999999998,-0.035,-0.03899999999999999,1.469
Ba4Sb4S8F4,,,2.032,2.81,0.0,-1.823,0.0,1.974,2.749,2.032,2.81,-3.772,-4.759,-5.746,-100.368,1.3877787807814457e-17,0.0,3.304
Mo2Te8Cr2,,,0.556,0.98,0.067,-0.18999999999999995,0.0,0.556,0.98,0.556,0.98,-4.199,-4.477,-4.755,-69.139,1.3877787807814457e-17,0.0,4.621
Cu2Br2S4,,,0.934,2.203,0.0,-0.22299999999999998,0.0,0.9339999999999999,2.203,0.934,2.203,-4.957,-5.424,-5.891,-28.62,1.3877787807814457e-17,0.0,2.548
I4Ti2Se4,,,0.684,2.035,0.0,-0.711,0.0,0.684,2.029,0.684,2.035,-4.847,-5.189,-5.531,-40.337,1.3877787807814457e-17,0.0,3.398
I2Co2F2,,,0.347,3.4,0.04,-0.922,1.0000000000000002,0.33899999999999986,3.356,0.347,3.4,-5.01,-5.179,-5.349,-28.118,-0.8559999999999999,-0.604,2.815
Hf2I5Br,,,0.461,1.177,0.041,-0.91,0.0,0.32600000000000007,1.023,0.4610000000000001,1.177,-3.879,-4.042,-4.204,-31.269,1.3877787807814457e-17,0.0,3.3
Te2Zn2,,,0.545,1.294,0.094,-0.378,0.0,0.545,1.294,0.545,1.294,-4.244,-4.516,-4.788,-10.292000000000002,1.3877787807814457e-17,0.0,3.361
Ga4Se6,,,0.999,1.56,0.068,-0.526,0.0,0.987,1.545,0.999,1.56,-4.968,-5.461,-5.955,-37.766,1.3877787807814457e-17,0.0,2.677
In2Te6Ni4,,,0.37,0.293,0.056,-0.19599999999999995,0.0,0.2869999999999999,0.29300000000000015,0.37,0.29300000000000015,-4.23,-4.373,-4.517,-56.097,1.3877787807814457e-17,0.0,1.854
Sr4As4Se8F4,,,1.356,1.976,0.0,-1.698,0.0,1.356,1.976,1.356,1.976,-4.386,-5.063,-5.741,-93.52,1.3877787807814457e-17,0.0,3.36
Mo2Br6NaO2,,,0.0,,0.0,-1.181,0.0,0.0,0.9016666666666668,0.0,0.9016666666666666,-5.249666666666666,-5.7,-5.659666666666666,-56.461,1.3877787807814457e-17,0.0,1.7
In2S2Cl2,,,2.329,3.523,0.028,-0.801,0.0,2.329,3.523,2.329,3.523,-5.5,-6.664,-7.829,-22.06,1.3877787807814457e-17,0.0,1.958
Nb2Pd4Se6,,,0.0,,0.063,-0.551,0.0,0.0,0.4750000000000001,0.0,0.48566666666666647,-5.1546666666666665,-5.106,-5.2700000000000005,-63.446,1.3877787807814457e-17,0.0,2.202
HfS2,2.938,3.832,1.946,3.059,0.0,-1.592,0.0,1.221,2.148,1.9460000000000002,3.059,-5.115,-5.726,-6.336,-20.439,1.3877787807814457e-17,0.0,3.761
Sn2SbS6,,,0.0,,0.042,-0.30200000000000005,0.0,0.0,0.9546666666666666,0.0,0.9883333333333333,-5.743666666666666,-5.733,-6.107,-39.704,1.3877787807814457e-17,0.0,1.953
Rh2Sb2S6,,,0.152,0.059,0.098,-0.307,0.0,0.1519999999999999,0.05900000000000016,0.1519999999999999,0.05900000000000016,-5.168,-5.244,-5.32,-50.643,1.3877787807814457e-17,0.0,3.698
Pd2Te2S6,,,1.008,1.839,0.056,-0.137,0.0,1.006,1.818,1.008,1.839,-3.825,-4.328,-4.831,-39.891,1.3877787807814457e-17,0.0,2.308
I4Al4S4,,,2.788,3.779,0.010000000000000002,-0.888,0.0,2.769,3.757,2.7880000000000003,3.779,-3.087,-4.471,-5.856,-47.837,1.3877787807814457e-17,0.0,1.886
Ta2Br4O2,,,0.996,1.928,0.0,-1.659,0.0,0.835,1.6999999999999997,0.996,1.928,-4.553,-4.97,-5.387,-49.492,1.3877787807814457e-17,0.0,1.835
Y2Se4Br4,,,1.444,2.157,0.035,-1.336,0.0,1.337,2.04,1.444,2.157,-4.749,-5.417,-6.086,-43.015,1.3877787807814457e-17,0.0,2.825
Cs2C2O6,,,1.1,2.737,0.0,-1.481,1.0000000000000002,1.048,2.664,1.1,2.737,-5.427,-5.951,-6.475,-65.659,-0.005000000000000018,0.0020000000000000018,1.372
VGa2Se4,,,0.0,,0.048,-0.612,1.0000000000000002,0.0,1.5043333333333333,0.0,1.5043333333333333,-4.350666666666667,-4.159,-4.469666666666667,-32.549,0.405,0.405,3.13
ScCl2,,,0.859,1.518,0.009000000000000001,-1.934,1.0000000000000002,0.10699999999999998,0.736,0.859,1.518,-4.003,-4.057,-4.11,-14.030999999999999,0.018000000000000002,0.018000000000000002,3.405
Re6Se8Br2,,,1.247,2.043,0.013999999999999999,-0.452,0.0,1.129,1.856,1.247,2.043,-5.082,-5.647,-6.211,-108.21100000000001,1.3877787807814457e-17,0.0,2.69
Zn2As4O8,,,3.813,5.138,0.0,-1.312,0.0,3.605,4.987,3.813,5.138,-2.448,-4.251,-6.053,-80.38,1.3877787807814457e-17,0.0,2.161
Te2Ti2C,,,0.0,,0.067,-0.678,0.0,0.0,0.48766666666666647,0.0,0.5100000000000002,-4.606,-4.399,-5.011333333333334,-32.396,1.3877787807814457e-17,0.0,6.571
Ga2Al2S6,,,2.924,3.879,0.0,-0.874,0.0,2.835,3.811,2.924,3.879,-3.92,-5.337,-6.755,-46.488,1.3877787807814457e-17,0.0,2.648
W2Mo2O8,,,1.517,2.353,0.0049999999999999975,-2.01,0.0,1.083,1.84,1.517,2.353,-5.441,-5.982,-6.523,-110.488,1.3877787807814457e-17,0.0,4.031
I2Se2Al2,,,1.493,2.239,0.061,-0.725,0.0,1.493,2.239,1.493,2.239,-4.159,-4.906,-5.652,-21.748,1.3877787807814457e-17,0.0,3.818
Se4Si4P4,,,2.14,2.972,0.012999999999999998,-0.277,0.0,1.992,2.829,2.14,2.972,-3.622,-4.618,-5.614,-60.309,1.3877787807814457e-17,0.0,1.729
Au6I6,,,1.711,2.508,0.072,-0.026000000000000023,0.0,1.507,2.232,1.711,2.508,-3.808,-4.562,-5.316,-27.96,1.3877787807814457e-17,0.0,2.923
In2Si2S6,,,2.071,2.871,0.031,-0.593,0.0,1.848,2.659,2.071,2.871,-4.535,-5.459,-6.383,-46.724,1.3877787807814457e-17,0.0,2.038
TlInCl6,,,2.56,3.724,0.0,-0.924,0.0,2.553,3.724,2.56,3.724,-5.594,-6.87,-8.146,-23.363,1.3877787807814457e-17,0.0,2.732
AgTe6AlP2,,,0.763,1.411,0.078,-0.06899999999999984,0.0,0.501,1.065,0.763,1.411,-4.175,-4.426,-4.676,-37.221,1.3877787807814457e-17,0.0,2.117
As2Si2Cl2,,,2.005,2.702,0.045,-0.524,0.0,2.003,2.701,2.005,2.702,-3.871,-4.872,-5.873,-26.837,1.3877787807814457e-17,0.0,2.985
MoAgBr4,,,0.447,2.171,0.04,-0.482,1.0000000000000002,0.44300000000000006,2.166,0.44700000000000006,2.171,-4.779,-5.001,-5.223,-23.272,-1.103,-0.023999999999999994,2.82
I6Mn2Cu2,,,1.168,3.783,0.013999999999999999,-0.304,1.0000000000000002,0.947,3.52,1.168,3.783,-4.159,-4.632,-5.106,-38.693,0.6239999999999999,0.625,3.369
Nb4I2Se12,,,0.641,1.041,0.019000000000000003,-0.623,0.0,0.577,1.033,0.641,1.041,-4.451,-4.739,-5.028,-97.275,1.3877787807814457e-17,0.0,1.886
ITiCl,1.383,1.557,0.842,1.187,0.118,-1.015,0.0,0.745,1.187,0.842,1.187,-3.21,-3.582,-3.955,-12.997,1.3877787807814457e-17,0.0,3.921
InMnBr6,,,0.428,1.769,0.0,-0.77,1.0000000000000002,0.3939999999999999,1.721,0.4279999999999998,1.769,-5.91,-6.107,-6.304,-28.144,-0.5470000000000002,-0.324,2.707
Pt4I8,,,1.264,2.274,0.0,-0.16800000000000004,0.0,1.225,2.212,1.264,2.274,-4.14,-4.752,-5.364,-39.259,1.3877787807814457e-17,0.0,1.595
Cd4Cl8,,,3.359,4.606,0.038,-1.079,0.0,3.359,4.606,3.359,4.606,-4.742,-6.422,-8.101,-30.942,1.3877787807814457e-17,0.0,3.244
Sn2Te2,1.009,1.032,0.628,0.94,0.063,-0.21499999999999997,0.0,0.603,0.897,0.628,0.94,-3.486,-3.788,-4.089,-15.384,1.3877787807814457e-17,0.0,3.59
SnTe,2.724,2.998,1.752,2.386,0.119,-0.15900000000000003,0.0,1.582,2.089,1.752,2.386,-3.384,-4.176,-4.967,-7.579999999999998,1.3877787807814457e-17,0.0,2.636
Rb2Se2Li2,,,1.268,2.01,0.042,-1.151,0.0,1.268,2.01,1.268,2.01,-0.9430000000000001,-1.577,-2.211,-19.47,1.3877787807814457e-17,0.0,1.939
TiBrCl,1.473,1.651,1.046,1.453,0.035,-1.326,0.0,0.83,1.297,1.046,1.453,-3.231,-3.646,-4.061,-14.037999999999997,1.3877787807814457e-17,0.0,3.71
Ta2Te4I4,,,0.622,1.214,0.055,-0.331,0.0,0.569,1.177,0.622,1.214,-4.061,-4.345,-4.63,-41.674,1.3877787807814457e-17,0.0,2.105
Zr2S4Cl4,,,1.672,2.852,0.0,-1.433,0.0,1.6,2.793,1.672,2.852,-4.634,-5.434,-6.234,-52.584,1.3877787807814457e-17,0.0,3.184
Pt2Te6,,,0.0,,0.176,-0.139,0.0,0.0,0.4166666666666665,0.0,0.7753333333333332,-4.446,-4.502,-4.621333333333333,-33.047,1.3877787807814457e-17,0.0,4.659
Zr2Br2N2,,,1.816,3.111,0.011,-1.703,0.0,1.816,3.111,1.816,3.111,-4.648,-5.556,-6.464,-44.899,1.3877787807814457e-17,0.0,4.257
Sb4Se6,,,1.51,2.215,0.051,-0.21199999999999997,0.0,1.389,2.061,1.51,2.215,-3.893,-4.587,-5.281,-40.646,1.3877787807814457e-17,0.0,1.476
Te2Ge2,1.286,1.361,0.872,1.14,0.054,-0.039000000000000035,0.0,0.815,1.103,0.872,1.14,-3.387,-3.795,-4.202,-15.597999999999995,1.3877787807814457e-17,0.0,3.573
As2Al2O6,,,4.653,5.995,0.0,-2.117,0.0,4.596,5.969,4.653,5.995,-1.2149999999999999,-3.514,-5.812,-68.72,1.3877787807814457e-17,0.0,3.304
Rh2F6,,,1.522,3.743,0.017999999999999995,-1.632,0.0,1.488,3.691,1.522,3.743,-5.943,-6.687,-7.43,-36.87,1.3877787807814457e-17,0.0,2.305
WMo3S8,,,1.559,2.076,0.0,-0.912,0.0,1.559,2.076,1.559,2.076,-4.237,-5.016,-5.796,-88.656,1.3877787807814457e-17,0.0,4.556
Os2Se4,,,0.917,1.7,0.0,-0.17300000000000004,0.0,0.567,1.389,0.917,1.6999999999999997,-4.241,-4.524,-4.808,-37.353,1.3877787807814457e-17,0.0,4.272
Sb4Cu2Br2S3,,,1.041,2.676,0.098,-0.21199999999999997,0.0,1.041,2.676,1.041,2.676,-3.733,-4.254,-4.774,-42.711,1.3877787807814457e-17,0.0,1.65
Pd2Br2Cl4,,,0.34,1.163,0.025,-0.362,1.0000000000000002,0.251,1.116,0.3400000000000001,1.163,-5.987,-6.113,-6.238,-20.842,-0.14399999999999996,-0.013999999999999999,2.779
PdNi2Br4Cl4,,,0.347,1.606,0.028999999999999998,-0.42299999999999993,1.0000000000000002,0.32200000000000006,1.604,0.347,1.606,-6.135,-6.295,-6.456,-36.446,-0.506,0.205,2.869
Au2C4O8F4,,,0.0,,0.025,-1.192,0.0,0.0,1.6936666666666667,0.0,1.7283333333333335,-5.655,-5.895,-6.044333333333333,-111.936,1.3877787807814457e-17,0.0,0.8799999999999999
Hf2Ge2Se8,,,1.154,1.784,0.022,-0.785,0.0,1.072,1.759,1.154,1.784,-4.059,-4.594,-5.13,-61.327,1.3877787807814457e-17,0.0,2.167
W2Mo2S8,,,1.532,2.062,0.0,-0.9,0.0,1.532,2.062,1.532,2.062,-4.172,-4.938,-5.704,-88.804,1.3877787807814457e-17,0.0,4.584
CdOFH,,,2.702,4.389,0.046,-1.505,0.0,2.702,4.389,2.702,4.389,-3.682,-5.033,-6.384,-16.981,1.3877787807814457e-17,0.0,1.057
Nb4Te8Ni8,,,0.0,,0.012,-0.409,0.0,0.0,0.38133333333333397,0.0,0.3813333333333335,-4.441333333333334,-4.392,-4.559666666666667,-133.11,1.3877787807814457e-17,0.0,3.015
V2Cl2O3,,,0.44,1.897,0.046,-1.89,1.0000000000000002,0.4119999999999999,1.856,0.43999999999999995,1.897,-5.302,-5.508,-5.714,-49.222,-0.01200000000000001,-0.007000000000000006,2.154
Se2Na2MgS8H4,,,2.111,3.128,0.08,-0.37400000000000005,0.0,2.104,3.123,2.111,3.128,-3.449,-4.501,-5.553,-63.479,1.3877787807814457e-17,0.0,1.579
Ir2Br2S2,,,0.383,1.2,0.0,-0.398,0.0,0.34399999999999986,1.178,0.383,1.2,-4.87,-5.042,-5.214,-32.265,1.3877787807814457e-17,0.0,4.135
Te2Ge2Al2,,,0.869,1.368,0.0,-0.281,0.0,0.869,1.368,0.869,1.368,-3.865,-4.3,-4.734,-24.603,1.3877787807814457e-17,0.0,2.79
In2P2S6,,,0.861,1.431,0.072,-0.318,0.0,0.839,1.395,0.861,1.431,-4.629,-5.048,-5.468,-43.908,1.3877787807814457e-17,0.0,3.444
In2S2Cl2,,,2.644,3.657,0.045,-0.785,0.0,2.643,3.649,2.644,3.657,-4.915,-6.236,-7.558,-21.96,1.3877787807814457e-17,0.0,3.105
V2CO2,,,0.0,,0.185,-1.437,0.0,0.0,0.4133333333333331,0.0,0.75,-6.045,-6.645,-6.453,-43.701,1.3877787807814457e-17,0.0,5.113
Sb2Mn2Se4Br2,,,0.091,,0.088,-0.375,1.0000000000000002,0.08299999999999996,1.1443333333333334,0.09099999999999997,1.1546666666666667,-4.217,-4.259,-4.3,-49.095,0.9259999999999999,3.612,1.642
HgBr2,,,2.791,3.928,0.0,-0.531,0.0,2.791,3.928,2.791,3.928,-4.321,-5.717,-7.113,-5.647999999999996,1.3877787807814457e-17,0.0,2.471
Sb4Ni2Cl4O6,,,1.244,4.289,0.024,-1.079,1.0000000000000002,1.23,4.289,1.244,4.289,-4.534,-5.149,-5.763,-87.267,-0.28,-0.105,1.893
RuBr2,2.403,2.403,1.05,2.542,0.187,-0.10099999999999998,0.0,1.045,2.542,1.05,2.542,-3.668,-4.19,-4.713,-12.936999999999998,1.3877787807814457e-17,0.0,3.303
Nb3SF7,,,0.964,1.872,0.009000000000000001,-2.721,0.0,0.964,1.872,0.964,1.872,-4.617,-5.098,-5.58,-76.095,1.3877787807814457e-17,0.0,1.55
Te2Fe5Ge,,,0.0,,0.051,-0.06699999999999995,1.0000000000000002,0.0,1.875,0.0,2.3583333333333334,-4.804333333333333,-4.362,-5.078666666666667,-56.673,0.047,0.081,6.694
Br2Li2O4,,,2.625,4.326,0.092,-0.691,0.0,2.625,4.326,2.625,4.326,-2.323,-3.636,-4.948,-32.972,1.3877787807814457e-17,0.0,0.98
Bi2As2O6,,,2.956,4.221,0.0,-1.266,0.0,2.835,4.092,2.956,4.221,-2.996,-4.413,-5.831,-62.079,1.3877787807814457e-17,0.0,1.898
Bi2TeS2,,,0.021,0.528,0.062,-0.267,0.0,0.020999999999999908,0.5280000000000002,0.020999999999999908,0.528,-5.88,-5.891,-5.901,-22.046,1.3877787807814457e-17,0.0,4.828
Hg2Cu2Se2Cl2,,,0.833,2.303,0.03,-0.363,0.0,0.833,2.303,0.833,2.303,-4.467,-4.884,-5.301,-22.56,1.3877787807814457e-17,0.0,1.565
S2Li6O8H2,,,4.475,5.694,0.024,-1.741,0.0,4.475,5.694000000000001,4.475,5.694,-0.9630000000000001,-3.2,-5.438,-98.476,1.3877787807814457e-17,0.0,1.127
Te2Ni2O6,,,0.217,2.222,0.057,-0.863,0.0,0.21700000000000008,2.222,0.21700000000000008,2.222,-3.645,-3.753,-3.862,-60.281,1.3877787807814457e-17,0.0,1.553
ZrICl,1.744,2.271,1.433,1.934,0.08,-1.228,0.0,0.877,1.317,1.433,1.934,-2.836,-3.274,-3.712,-14.352000000000004,1.3877787807814457e-17,0.0,4.162
ZnO2H2,,,2.333,4.292,0.086,-1.161,0.0,2.333,4.267,2.333,4.292,-1.6429999999999998,-2.81,-3.976,-23.886,1.3877787807814457e-17,0.0,1.449
I4Ti2Se4,,,0.684,2.035,0.0,-0.711,0.0,0.684,2.029,0.684,2.035,-4.847,-5.189,-5.531,-40.337,1.3877787807814457e-17,0.0,3.398
Nb4Se12Br2,,,0.645,1.065,0.015,-0.682,0.0,0.617,1.065,0.645,1.0650000000000002,-4.427,-4.735,-5.043,-98.552,1.3877787807814457e-17,0.0,1.826
Ti2Se2C,,,0.0,,0.077,-0.94,0.0,0.0,0.5896666666666668,0.0,0.7789999999999999,-5.679,-5.422,-5.862,-34.266,1.3877787807814457e-17,0.0,6.051
Ti2Br2Cl2,,,0.378,0.998,0.012999999999999998,-1.348,0.0,0.2929999999999999,0.919,0.378,0.998,-4.215,-4.362,-4.508,-28.206,1.3877787807814457e-17,0.0,3.394
Au2I2Se3P4,,,1.355,2.189,0.097,-0.009000000000000008,0.0,1.348,2.172,1.355,2.189,-4.107,-4.781,-5.455,-41.22,1.3877787807814457e-17,0.0,1.389
Ir2As2S6,,,0.251,0.125,0.04,-0.294,0.0,0.251,0.125,0.2509999999999999,0.125,-5.243,-5.368,-5.494,-55.282,1.3877787807814457e-17,0.0,3.713
Ta2Se2B,,,0.0,,0.0049999999999999975,-0.836,0.0,0.0,0.9336666666666666,0.0,1.4169999999999998,-4.865333333333333,-5.078,-5.182666666666666,-37.481,1.3877787807814457e-17,0.0,6.354
Te2Ga2O8H2,,,3.925,5.416,0.046,-1.327,0.0,3.859,5.308,3.925,5.416,-2.183,-4.113,-6.042,-78.443,1.3877787807814457e-17,0.0,1.587
V2Cl6,,,0.0,0.023,0.0,-1.271,1.0000000000000002,0.0,0.02300000000000013,0.0,0.02300000000000013,-5.373666666666667,-5.886,-5.449,-37.926,-0.704,-0.702,2.785
Sr4Se8P4F4,,,1.648,2.397,0.055,-1.66,0.0,1.648,2.397,1.648,2.397,-4.119,-4.943,-5.767,-95.56,1.3877787807814457e-17,0.0,3.33
Ta4Cr2S12,,,0.0,,0.0,-0.96,1.0000000000000002,0.0,2.679,0.0,2.679,-4.957666666666666,-5.328,-5.9816666666666665,-124.299,0.107,1.263,2.199
I4GaNaO12,,,2.776,4.133,0.019000000000000003,-0.522,0.0,2.731,4.098,2.776,4.133,-4.695,-6.06,-7.426,-81.02,1.3877787807814457e-17,0.0,2.206
Cu6SeBr2S3Cl6,,,0.311,0.799,0.047,-0.33799999999999997,0.0,0.271,0.7469999999999999,0.31099999999999994,0.7989999999999999,-6.226,-6.361,-6.497,-57.743,1.3877787807814457e-17,0.0,3.267
Ag2Cl6,,,0.267,1.278,0.123,-0.15000000000000002,1.0000000000000002,0.267,1.278,0.2669999999999999,1.278,-7.05,-7.184,-7.318,-17.590999999999998,0.033,0.034,2.63
Ga2Ge2Se6,,,1.009,1.629,0.056,-0.367,0.0,1.009,1.629,1.009,1.629,-4.722,-5.227,-5.731,-39.403,1.3877787807814457e-17,0.0,2.026
Ag2SeO4,,,1.982,3.565,0.052,-0.4139999999999999,0.0,1.62,3.121,1.982,3.565,-4.632,-5.442,-6.251,-32.554,1.3877787807814457e-17,0.0,1.058
Cu2Cl6,,,0.46,1.507,0.072,-0.31,1.0000000000000002,0.42599999999999993,1.409,0.45999999999999996,1.507,-6.955,-7.168,-7.381,-20.542,-0.04999999999999999,-0.049,2.722
Se6Al2Si2,,,2.208,3.044,0.0020000000000000018,-0.629,0.0,2.144,2.99,2.208,3.044,-3.824,-4.896,-5.968,-45.462,1.3877787807814457e-17,0.0,2.045
Au2Hg2Te2I2,,,0.469,1.098,0.054,-0.16800000000000004,0.0,0.469,1.098,0.46899999999999986,1.0979999999999999,-4.579,-4.814,-5.048,-18.742,1.3877787807814457e-17,0.0,1.722
WAgSeBr5,,,0.811,1.895,0.017999999999999995,-0.434,0.0,0.802,1.885,0.8110000000000002,1.895,-5.355,-5.756,-6.157,-29.203,1.3877787807814457e-17,0.0,2.363
Ba4Bi4S8F4,,,1.508,2.373,0.0,-1.821,0.0,1.4,2.354,1.508,2.373,-4.1,-4.8,-5.499,-101.398,1.3877787807814457e-17,0.0,3.343
K2Se2MgO8H4,,,4.389,5.715,0.0,-1.405,0.0,4.373,5.701,4.389,5.715,-1.263,-3.45,-5.636,-89.199,1.3877787807814457e-17,0.0,1.384
Ag4S6,,,0.947,1.595,0.123,0.07800000000000007,0.0,0.872,1.509,0.9469999999999998,1.595,-4.798,-5.234,-5.67,-35.046,1.3877787807814457e-17,0.0,3.866
Au2ISe2Cl,,,0.077,0.215,0.11099999999999999,-0.062000000000000055,0.0,0.04800000000000004,0.19600000000000017,0.07699999999999974,0.21499999999999986,-6.079,-6.103,-6.127,-16.859000000000005,1.3877787807814457e-17,0.0,2.697
Sb2Co2O6,,,0.932,3.707,0.051,-1.179,0.0,0.932,3.643,0.9320000000000002,3.707,-3.211,-3.677,-4.143,-67.807,1.3877787807814457e-17,0.0,3.495
Sr4Te4O12,,,4.089,5.466,0.011,-2.004,0.0,4.028,5.384,4.089,5.466,-1.604,-3.618,-5.632,-121.087,1.3877787807814457e-17,0.0,1.541
In2MnSe4,,,0.0,,0.066,-0.442,1.0000000000000002,0.0,0.8163333333333334,0.0,0.8213333333333332,-4.644,-4.744,-4.804666666666667,-32.268,-0.20600000000000002,-0.197,3.226
Nb2Cl12Li2,,,2.359,4.007,0.0,-1.444,0.0,2.359,4.007,2.359,4.007,-5.267,-6.446,-7.625,-68.954,1.3877787807814457e-17,0.0,1.936
W2ZrO8,,,3.576,5.405,0.024,-2.568,0.0,3.486,5.321,3.576,5.405,-5.427,-7.17,-8.913,-99.62,1.3877787807814457e-17,0.0,1.702
Te2Ga2F2,,,2.24,2.981,0.051,-1.336,0.0,2.095,2.827,2.24,2.981,-4.222,-5.27,-6.317,-23.408,1.3877787807814457e-17,0.0,1.661
GeS2,3.671,3.942,1.573,2.686,0.049,-0.298,0.0,1.344,2.434,1.573,2.686,-4.348,-5.021,-5.693,-13.564999999999998,1.3877787807814457e-17,0.0,2.969
I2Cu2As4S3,,,1.087,2.585,0.043,-0.14100000000000001,0.0,1.086,2.585,1.087,2.585,-3.916,-4.459,-5.003,-42.75,1.3877787807814457e-17,0.0,1.673
NiGa2O4,,,0.0,,0.064,-1.414,1.0000000000000002,0.0,1.4746666666666666,0.0,1.4883333333333335,-4.800666666666666,-4.742,-4.9543333333333335,-43.448,-0.086,-0.08600000000000001,2.624
Tl4Cu4S4,,,0.543,2.04,0.024,-0.244,0.0,0.543,1.869,0.543,2.04,-3.368,-3.639,-3.911,-43.936,1.3877787807814457e-17,0.0,3.581
Y2Cl2B,,,0.0,,0.067,-1.371,0.0,0.0,1.4496666666666664,0.0,1.5270000000000001,-4.899333333333333,-4.878,-5.288333333333333,-26.515,1.3877787807814457e-17,0.0,4.873
PbK2S6H6,,,1.59,2.466,0.063,-0.408,0.0,1.59,2.466,1.59,2.466,-4.122,-4.917,-5.712,-56.737,1.3877787807814457e-17,0.0,1.092
Se6NaAlP2,,,2.142,3.036,0.0,-0.482,0.0,2.133,3.024,2.142,3.036,-3.804,-4.87,-5.936,-41.495,1.3877787807814457e-17,0.0,1.701
W2Hg4O8,,,2.567,3.968,0.011,-1.429,0.0,2.506,3.867,2.567,3.968,-3.803,-5.056,-6.309,-87.518,1.3877787807814457e-17,0.0,1.772
In4Cl6,,,2.658,3.586,0.063,-0.898,0.0,2.646,3.574,2.658,3.586,-3.892,-5.215,-6.538,-30.739000000000004,1.3877787807814457e-17,0.0,2.158
Mo2P2O10,,,1.11,3.047,0.0,-2.064,1.0000000000000002,1.04,3.024,1.11,3.047,-4.853,-5.373,-5.893,-113.273,-0.174,-0.174,1.465
Nb4Se12Br2,,,0.645,1.065,0.015,-0.682,0.0,0.617,1.065,0.645,1.0650000000000002,-4.427,-4.735,-5.043,-98.552,1.3877787807814457e-17,0.0,1.826
Sb4As2O12H2,,,3.525,4.768,0.024,-1.281,0.0,3.522,4.765,3.525,4.768,-3.002,-4.763,-6.523,-120.708,1.3877787807814457e-17,0.0,1.395
Ag2I6Cu2,,,0.0,,0.036,-0.14900000000000002,0.0,0.0,0.13966666666666683,0.0,0.21833333333333327,-5.445333333333333,-5.753,-5.554666666666667,-23.396,1.3877787807814457e-17,0.0,3.378
K2Se2MgS8H4,,,1.957,2.966,0.084,-0.404,0.0,1.957,2.966,1.957,2.966,-3.269,-4.247,-5.226,-63.81,1.3877787807814457e-17,0.0,1.522
Os2K2S2N2F10,,,0.976,2.544,0.0,-1.789,1.0000000000000002,0.841,2.516,0.976,2.544,-4.645,-5.066,-5.486,-97.75,-2.298,-5.316,1.853
Hg10F4,,,1.32,1.708,0.05,-0.699,0.0,1.172,1.544,1.32,1.7079999999999997,-3.844,-4.43,-5.016,-24.991,1.3877787807814457e-17,0.0,2.537
Sb4Ge4S4,,,1.811,2.492,0.008,-0.17700000000000005,0.0,1.752,2.476,1.811,2.492,-3.787,-4.663,-5.539,-54.12,1.3877787807814457e-17,0.0,1.668
Cu2F4,,,0.842,4.028,0.011,-1.595,1.0000000000000002,0.825,4.028,0.842,4.028,-6.913,-7.325,-7.738,-23.268,-0.22400000000000003,-0.125,1.174
Te2I2As2,,,0.184,0.417,0.066,-0.05700000000000005,0.0,0.18399999999999994,0.41700000000000004,0.18399999999999994,0.4169999999999998,-5.034,-5.126,-5.218,-19.037,1.3877787807814457e-17,0.0,3.253
Ir2Se2Cl2,,,1.187,2.235,0.034,-0.396,0.0,1.187,2.235,1.187,2.235,-4.056,-4.649,-5.243,-31.462,1.3877787807814457e-17,0.0,1.923
V2Se2O10H4,,,1.034,3.442,0.074,-1.351,1.0000000000000002,0.892,3.305,1.034,3.442,-3.304,-3.75,-4.196,-112.881,-0.03900000000000001,-0.051000000000000004,1.176
Zr2Sn2Te8,,,0.568,1.087,0.012,-0.551,0.0,0.498,1.029,0.568,1.087,-4.042,-4.291,-4.54,-55.173,1.3877787807814457e-17,0.0,2.263
In2Se2Cl2,,,2.134,3.076,0.016,-0.799,0.0,2.127,3.076,2.134,3.076,-5.34,-6.404,-7.467,-20.859,1.3877787807814457e-17,0.0,1.9329999999999998
In2S2,,,2.099,2.826,0.036,-0.52,0.0,1.973,2.664,2.099,2.826,-3.779,-4.766,-5.752,-15.762,1.3877787807814457e-17,0.0,1.456
Ag2Mn2Br6,,,1.825,3.536,0.005999999999999998,-0.603,1.0000000000000002,1.74,3.536,1.825,3.536,-3.974,-4.844,-5.714,-40.649,0.202,0.206,2.959
In2Te2,,,1.439,2.018,0.039,-0.31100000000000005,0.0,1.072,1.572,1.439,2.018,-3.855,-4.391,-4.927,-13.18,1.3877787807814457e-17,0.0,1.573
Au2Br6,,,0.116,0.891,0.121,-0.017000000000000015,1.0000000000000002,0.08200000000000007,0.8599999999999999,0.1160000000000001,0.8910000000000002,-6.045,-6.086,-6.127,-15.902999999999995,-0.35400000000000004,-0.351,2.691
W3MoSe8,,,1.258,1.749,0.0,-0.625,0.0,1.258,1.749,1.258,1.749,-3.692,-4.321,-4.95,-81.015,1.3877787807814457e-17,0.0,4.661
Ir2Br2S2,,,1.061,2.065,0.05,-0.348,0.0,1.056,2.065,1.061,2.065,-4.175,-4.703,-5.231,-31.966,1.3877787807814457e-17,0.0,1.952
CdBr2,6.198,6.198,2.925,4.087,0.02,-0.883,0.0,2.925,4.087,2.925,4.087,-4.164,-5.627,-7.089,-6.746000000000002,1.3877787807814457e-17,0.0,2.29
Hf2Ti2Se8,,,0.651,1.633,0.16000000000000003,-1.08,0.0,0.646,1.61,0.651,1.633,-5.521,-5.843,-6.166,-69.214,1.3877787807814457e-17,0.0,3.99
Ta4Te10Ni6,,,0.078,0.51,0.0,-0.416,0.0,0.07699999999999996,0.51,0.07799999999999985,0.5099999999999998,-4.168,-4.207,-4.245,-123.109,1.3877787807814457e-17,0.0,2.418
NbInBr6,,,0.792,1.474,0.005999999999999998,-0.911,0.0,0.792,1.473,0.792,1.474,-5.064,-5.46,-5.856,-29.883,1.3877787807814457e-17,0.0,2.498
MnClF,,,2.415,4.68,0.088,-1.63,1.0000000000000002,2.261,4.68,2.415,4.68,-3.816,-4.946,-6.076,-17.978,0.015,-0.044,1.085
Au3InIBr3O4,,,0.748,1.645,0.077,-0.378,0.0,0.738,1.63,0.748,1.645,-5.565,-5.934,-6.303,-43.42,1.3877787807814457e-17,0.0,3.198
SiS2,,,2.195,3.297,0.086,-0.584,0.0,1.695,2.792,2.195,3.297,-3.921,-4.769,-5.616,-15.307000000000002,1.3877787807814457e-17,0.0,2.946
Y2CF2,,,1.289,2.162,0.0,-2.497,0.0,1.117,1.966,1.289,2.162,-3.131,-3.69,-4.248,-34.261,1.3877787807814457e-17,0.0,3.851
Rh2Te6As2,,,0.262,0.279,0.053,-0.264,0.0,0.262,0.20100000000000007,0.262,0.2789999999999999,-4.319,-4.45,-4.581,-45.493,1.3877787807814457e-17,0.0,3.886
In4Te4I4,,,0.875,1.67,0.036,-0.415,0.0,0.875,1.67,0.875,1.67,-4.614,-5.052,-5.489,-34.763,1.3877787807814457e-17,0.0,3.038
Zr2Sn2Se8,,,0.99,1.694,0.012,-0.851,0.0,0.887,1.636,0.99,1.694,-4.184,-4.628,-5.072,-60.991,1.3877787807814457e-17,0.0,2.123
InMnBr6,,,0.428,1.769,0.0,-0.77,1.0000000000000002,0.3939999999999999,1.721,0.4279999999999998,1.769,-5.91,-6.107,-6.304,-28.144,-0.5470000000000002,-0.324,2.707
Te2K2H2,,,2.637,3.4,0.087,-0.4769999999999999,0.0,2.637,3.4,2.637,3.4,-1.7149999999999999,-3.033,-4.352,-18.362,1.3877787807814457e-17,0.0,1.247
Ta2PtSe6,,,0.0,,0.0,-0.72,0.0,0.0,0.2243333333333335,0.0,0.24300000000000033,-4.823333333333333,-5.029,-5.052,-53.368,1.3877787807814457e-17,0.0,2.226
Ta2Br12Na2,,,1.929,3.277,0.0,-1.136,0.0,1.929,3.277,1.929,3.277,-4.922,-5.886,-6.851,-59.431,1.3877787807814457e-17,0.0,1.839
In4Te4Br4,,,2.024,2.764,0.0,-0.596,0.0,2.024,2.764,2.024,2.764,-4.297,-5.309,-6.321,-37.364,1.3877787807814457e-17,0.0,1.646
In2O2F2,,,2.311,3.807,0.057,-2.035,0.0,2.236,3.685,2.311,3.807,-5.695,-6.812,-7.93,-31.157000000000004,1.3877787807814457e-17,0.0,3.137
Zr4S6F2,,,0.0,,0.066,-1.9779999999999998,0.0,0.0,0.9679999999999997,0.0,0.9680000000000002,-4.588333333333334,-4.81,-5.053,-80.986,1.3877787807814457e-17,0.0,3.481
WMo3Te8,,,0.9,1.326,0.0049999999999999975,-0.254,0.0,0.9,1.326,0.9,1.326,-3.785,-4.235,-4.684,-73.783,1.3877787807814457e-17,0.0,4.769
HfS6Li2H6,,,3.054,4.379,0.059,-0.652,0.0,3.008,4.329,3.054,4.379,-2.982,-4.486,-5.99,-65.477,1.3877787807814457e-17,0.0,1.015
Au4Br4S4,,,1.161,2.007,0.005999999999999998,-0.09999999999999998,0.0,1.12,2.0,1.161,2.007,-5.586,-6.146,-6.706,-36.37,1.3877787807814457e-17,0.0,1.737
Zr2I2Br2,,,0.566,1.035,0.021,-1.104,0.0,0.4840000000000001,0.998,0.5660000000000001,1.035,-3.734,-3.976,-4.218,-27.558,1.3877787807814457e-17,0.0,3.811
Pt4Tl2Te6,,,0.745,1.032,0.032,-0.42299999999999993,0.0,0.663,1.011,0.745,1.032,-3.738,-4.069,-4.401,-54.715,1.3877787807814457e-17,0.0,1.957
Cu2Cl2,,,2.612,4.391,0.0,-0.45100000000000007,0.0,2.612,4.391,2.612,4.391,-3.197,-4.503,-5.809,-12.728000000000002,1.3877787807814457e-17,0.0,1.351
Tl2K2O2,,,1.756,2.713,0.052,-0.942,0.0,1.528,2.436,1.756,2.713,-2.029,-2.793,-3.557,-23.332,1.3877787807814457e-17,0.0,2.53
Hg2Ag2I2Se2,,,1.035,1.88,0.023,-0.23399999999999999,0.0,1.034,1.88,1.035,1.88,-4.498,-5.015,-5.532,-19.245,1.3877787807814457e-17,0.0,1.633
Ag2F4,,,0.086,1.028,0.024,-1.222,1.0000000000000002,0.0040000000000000036,1.028,0.08600000000000008,1.028,-7.195,-7.197,-7.199,-19.359,2.483,3.21,1.109
HgPb2Cl2O2,,,2.878,4.014,0.0,-1.02,0.0,2.623,3.761,2.878,4.014,-3.559,-4.87,-6.182,-29.363,1.3877787807814457e-17,0.0,1.888
Ta2S2N,,,0.0,,0.067,-1.08,0.0,0.0,0.9549999999999998,0.0,1.143,-5.226666666666667,-5.117,-5.506333333333333,-41.541,1.3877787807814457e-17,0.0,6.359
Te2Fe3Ga,,,0.0,,0.034,-0.15000000000000002,1.0000000000000002,0.0,1.788,0.0,1.8980000000000001,-4.659666666666666,-4.342,-4.800666666666666,-37.337,-1.293,-1.276,4.686
Zr3TiS8,,,1.05,2.277,0.184,-1.332,0.0,0.997,2.157,1.05,2.277,-5.803,-6.301,-6.8,-77.509,1.3877787807814457e-17,0.0,3.893
Zr2Cl2N2,,,1.849,3.148,0.025,-1.86,0.0,1.849,3.148,1.849,3.148,-4.712,-5.636,-6.561,-46.244,1.3877787807814457e-17,0.0,4.149
Ba4P4S8F4,,,2.11,2.987,0.087,-1.746,0.0,2.056,2.96,2.11,2.987,-3.996,-5.024,-6.052,-102.667,1.3877787807814457e-17,0.0,3.293
Ru2Cl8,,,0.213,1.068,0.0,-0.462,1.0000000000000002,0.1160000000000001,0.9830000000000003,0.21300000000000008,1.0680000000000003,-6.551,-6.609,-6.667,-37.828,12.513,13.889,1.733
Pb2As2O6F2,,,3.342,4.677,0.059,-1.526,0.0,3.334,4.677,3.342,4.677,-3.951,-5.618,-7.285,-69.075,1.3877787807814457e-17,0.0,1.891
Tl2S,,,1.527,1.986,0.016,-0.336,0.0,1.443,1.965,1.527,1.986,-3.22,-3.941,-4.663,-10.082,1.3877787807814457e-17,0.0,3.044
Bi4,,,0.186,0.522,0.096,0.09599999999999986,0.0,0.15100000000000002,0.3460000000000001,0.18599999999999994,0.5220000000000002,-3.664,-3.739,-3.815,-18.315,1.3877787807814457e-17,0.0,3.658
Ir2Ni2S8,,,0.644,1.4,0.065,-0.314,0.0,0.594,1.363,0.644,1.4,-5.119,-5.416,-5.713,-69.436,1.3877787807814457e-17,0.0,3.682
SbCuSe6P2,,,1.288,2.424,0.0,-0.14400000000000002,0.0,1.049,1.912,1.288,2.424,-4.381,-4.906,-5.431,-41.148,1.3877787807814457e-17,0.0,1.995
Bi8Se8O4,,,1.149,1.943,0.067,-0.624,0.0,1.034,1.736,1.149,1.943,-4.142,-4.658,-5.175,-98.239,1.3877787807814457e-17,0.0,1.613
Pd3Se8P2,,,1.508,2.43,0.012,-0.243,0.0,1.463,2.386,1.508,2.43,-4.52,-5.251,-5.982,-53.21,1.3877787807814457e-17,0.0,1.759
Ta4Pd6Se10,,,0.108,0.014,0.044,-0.608,0.0,0.10400000000000009,0.008999999999999897,0.1080000000000001,0.01399999999999979,-4.789,-4.842,-4.894,-109.166,1.3877787807814457e-17,0.0,2.335
Zr2Br2N2,,,2.009,3.199,0.0,-1.714,0.0,1.618,2.759,2.009,3.199,-4.677,-5.486,-6.295,-44.967,1.3877787807814457e-17,0.0,3.169
CoS4C4N2H8,,,0.0,,0.091,-0.15700000000000003,0.0,0.0,0.7686666666666666,0.0,0.7686666666666666,-4.855333333333333,-4.591,-5.201333333333333,-107.694,1.3877787807814457e-17,0.0,1.262
Nb2Te6Ni2,,,0.0,,0.043,-0.375,0.0,0.0,0.22766666666666646,0.0,0.2276666666666669,-4.693666666666667,-4.704,-4.8020000000000005,-58.129,1.3877787807814457e-17,0.0,2.352
Sn2P2Cl2O6,,,4.11,5.224,0.0,-1.694,0.0,4.082,5.166,4.11,5.224,-2.712,-4.753,-6.794,-73.488,1.3877787807814457e-17,0.0,1.813
Ba2CuBr2S2,,,0.0,,0.051,-1.5909999999999997,0.0,0.0,1.1686666666666667,0.0,1.251,-4.54,-4.714,-4.923333333333334,-29.795,1.3877787807814457e-17,0.0,4.45
AgCuBr2,,,2.321,3.799,0.0049999999999999975,-0.31999999999999995,0.0,2.314,3.799,2.321,3.799,-3.439,-4.596,-5.753,-10.966999999999999,1.3877787807814457e-17,0.0,2.489
Nb2Cl12Li2,,,2.359,4.007,0.0,-1.444,0.0,2.359,4.007,2.359,4.007,-5.267,-6.446,-7.625,-68.954,1.3877787807814457e-17,0.0,1.936
Ta2I4S4,,,1.475,2.302,0.02,-0.633,0.0,1.429,2.257,1.475,2.302,-3.812,-4.526,-5.241,-48.185,1.3877787807814457e-17,0.0,1.978
In4S6,,,1.659,2.686,0.053,-0.526,0.0,1.659,2.686,1.659,2.686,-4.207,-5.036,-5.865,-40.784,1.3877787807814457e-17,0.0,2.867
Na2S2H2,,,3.56,4.588,0.003999999999999997,-0.709,0.0,3.56,4.588,3.56,4.588,-1.654,-3.434,-5.214,-21.675,1.3877787807814457e-17,0.0,1.096
ZrI2,1.428,2.02,1.269,1.679,0.028999999999999998,-0.881,0.0,0.687,1.038,1.269,1.6790000000000003,-2.708,-3.051,-3.395,-13.003999999999998,1.3877787807814457e-17,0.0,4.204
Cu2Se4Cl2,,,0.948,2.433,0.0010000000000000009,-0.304,0.0,0.829,2.424,0.948,2.433,-4.745,-5.159,-5.574,-27.284,1.3877787807814457e-17,0.0,2.549
Te2I2Al2,,,0.69,1.162,0.101,-0.468,0.0,0.3889999999999999,0.8700000000000001,0.69,1.162,-4.43,-4.624,-4.819,-19.651,1.3877787807814457e-17,0.0,3.731
Te2Ni3Si,,,0.0,,0.051,-0.345,0.0,0.0,0.7496666666666667,0.0,0.8206666666666667,-4.2763333333333335,-4.297,-4.488333333333333,-35.62,1.3877787807814457e-17,0.0,4.967
Zr2Te4Cl4,,,1.049,1.701,0.061,-1.154,0.0,1.028,1.701,1.049,1.701,-4.266,-4.78,-5.294,-46.307,1.3877787807814457e-17,0.0,3.329
Rh2F6,,,1.171,3.234,0.0,-1.65,0.0,1.13,3.167,1.171,3.234,-6.075,-6.64,-7.205,-37.012,1.3877787807814457e-17,0.0,2.514
Pt4Hg2Se6,,,0.177,0.195,0.063,-0.286,0.0,0.15300000000000002,0.19499999999999984,0.17700000000000005,0.19499999999999984,-4.753,-4.829,-4.905,-51.521,1.3877787807814457e-17,0.0,2.641
MgS2H2,,,3.508,4.552,0.033,-0.656,0.0,3.5080000000000005,4.552,3.508,4.552,-1.448,-3.202,-4.956,-19.701,1.3877787807814457e-17,0.0,1.994
Pb2O2,,,2.406,3.463,0.0,-1.163,0.0,2.4059999999999997,3.463,2.406,3.463,-2.199,-3.402,-4.605,-22.418,1.3877787807814457e-17,0.0,1.483
Sc2P2S6,,,1.235,2.267,0.096,-0.979,0.0,0.827,1.762,1.235,2.267,-4.42,-4.834,-5.247,-54.311,1.3877787807814457e-17,0.0,3.444
Rb2C2O6H2,,,4.386,6.137,0.0,-1.533,0.0,4.385,6.136,4.386,6.1370000000000005,-1.1719999999999997,-3.365,-5.558,-76.046,1.3877787807814457e-17,0.0,1.243
As4Se6,,,1.892,2.717,0.003999999999999997,-0.11299999999999999,0.0,1.735,2.535,1.892,2.717,-3.746,-4.614,-5.481,-40.68,1.3877787807814457e-17,0.0,1.369
Re6Te8Br2,,,0.654,1.252,0.0,-0.20999999999999996,0.0,0.43500000000000005,0.944,0.654,1.252,-4.905,-5.123,-5.34,-102.114,1.3877787807814457e-17,0.0,2.75
I2Mg2Cl2,,,3.073,4.018,0.08,-1.404,0.0,3.073,4.018,3.073,4.018,-2.787,-4.323,-5.859,-18.186,1.3877787807814457e-17,0.0,2.369
Ba4Te8As4F4,,,1.067,1.677,0.052,-1.525,0.0,0.76,1.409,1.067,1.677,-4.325,-4.705,-5.086,-88.457,1.3877787807814457e-17,0.0,3.63
PbK2O6H6,,,3.087,4.535,0.0049999999999999975,-1.201,0.0,3.076,4.535,3.087,4.535,-2.801,-4.339,-5.877,-74.903,1.3877787807814457e-17,0.0,0.8780000000000001
BiAgSe6P2,,,1.146,2.047,0.0,-0.19100000000000006,0.0,1.101,1.979,1.146,2.047,-4.507,-5.057,-5.607,-41.048,1.3877787807814457e-17,0.0,1.996
PbI2,3.224,3.481,1.735,2.552,0.0,-0.692,0.0,1.499,2.3,1.735,2.552,-4.799,-5.549,-6.298,-8.793,1.3877787807814457e-17,0.0,3.145
Hf3ZrTe8,,,0.188,0.728,0.127,-0.72,0.0,0.1419999999999999,0.69,0.18799999999999994,0.7279999999999998,-5.125,-5.196,-5.268,-64.203,1.3877787807814457e-17,0.0,4.183
Ta4Te12Cl2,,,0.711,1.136,0.017,-0.418,0.0,0.706,1.136,0.7109999999999999,1.136,-3.893,-4.246,-4.599,-88.818,1.3877787807814457e-17,0.0,1.969
Se2MgH2,,,2.75,3.727,0.03,-0.475,0.0,2.75,3.727,2.75,3.727,-2.09,-3.465,-4.84,-17.609,1.3877787807814457e-17,0.0,2.175
As8Se8S4,,,1.412,2.179,0.035,-0.08899999999999997,0.0,1.395,2.167,1.412,2.179,-4.051,-4.749,-5.446,-83.266,1.3877787807814457e-17,0.0,1.27
Mo2SeBr5,,,0.54,1.373,0.075,-0.523,1.0000000000000002,0.482,1.338,0.54,1.373,-4.856,-5.097,-5.338,-37.993,0.399,0.113,3.207
TlI4LiO12,,,2.198,3.459,0.0,-0.395,0.0,2.17,3.421,2.198,3.459,-5.239,-6.324,-7.409,-78.906,1.3877787807814457e-17,0.0,2.258
Au4Se4Na4,,,1.392,1.984,0.011,-0.582,0.0,1.392,1.984,1.392,1.984,-2.457,-3.152,-3.848,-38.662,1.3877787807814457e-17,0.0,2.249
Li2N2O6H4,,,2.684,4.616,0.07,-1.024,0.0,2.637,4.555,2.684,4.616,-3.377,-4.695,-6.014,-78.867,1.3877787807814457e-17,0.0,1.233
Hg2Bi2I2O4,,,1.681,2.662,0.012,-0.787,0.0,1.68,2.659,1.681,2.662,-4.035,-4.875,-5.715,-42.44,1.3877787807814457e-17,0.0,1.928
Te2Ni2S6,,,0.647,1.632,0.063,-0.118,0.0,0.61,1.567,0.6469999999999999,1.632,-3.784,-4.089,-4.394,-46.55,1.3877787807814457e-17,0.0,2.33
Te4Cu2Cl2,,,0.99,2.556,0.009000000000000001,-0.279,0.0,0.853,2.308,0.99,2.556,-4.289,-4.716,-5.143,-25.974,1.3877787807814457e-17,0.0,2.68
Ni2N4O12,,,0.825,3.697,0.011,-0.42800000000000005,0.0,0.825,3.653,0.825,3.697,-5.804,-6.216,-6.628,-117.093,1.3877787807814457e-17,0.0,1.263
Ga2S3,,,1.396,2.387,0.062,-0.601,0.0,1.396,2.387,1.396,2.387,-4.062,-4.76,-5.458,-21.047,1.3877787807814457e-17,0.0,4.217
W2Se4,,,0.128,0.123,0.092,-0.503,0.0,0.03200000000000003,0.11799999999999988,0.12800000000000034,0.12300000000000022,-4.923,-4.938,-4.954,-39.918,1.3877787807814457e-17,0.0,4.541
ZrCoBr6,,,0.412,2.71,0.0,-0.993,1.0000000000000002,0.388,2.696,0.4119999999999998,2.71,-5.182,-5.376,-5.57,-33.085,-0.024999999999999994,-0.15600000000000003,2.952
TaTiCl2C,,,0.0,,0.057,-1.195,0.0,0.0,0.5053333333333332,0.0,0.5056666666666665,-4.414666666666666,-4.291,-4.774333333333334,-35.273,1.3877787807814457e-17,0.0,5.370000000000001
InAs2Se6Na,,,1.34,2.121,0.081,-0.30599999999999994,0.0,1.336,2.121,1.34,2.121,-4.678,-5.346,-6.014,-37.351,1.3877787807814457e-17,0.0,1.647
Cd2Br6Li2,,,3.286,4.402,0.039,-1.129,0.0,3.286,4.402,3.286,4.402,-3.472,-5.115,-6.759,-26.435,1.3877787807814457e-17,0.0,2.606
As2NaAlS6,,,1.653,2.532,0.09,-0.4600000000000001,0.0,1.645,2.51,1.653,2.532,-4.769,-5.592,-6.415,-43.443,1.3877787807814457e-17,0.0,1.617
Pd2Cu2Br6,,,0.0,1.517,0.077,-0.276,1.0000000000000002,0.0,1.286,0.0,1.517,-5.215666666666667,-5.325,-5.4093333333333335,-27.259,-0.8549999999999998,-0.861,3.062
As4S2O12,,,4.456,5.874,0.0,-1.232,0.0,4.456,5.874,4.456,5.874,-2.721,-4.949,-7.177,-110.478,1.3877787807814457e-17,0.0,1.2100000000000002
W2Hg4O8,,,2.567,3.968,0.011,-1.429,0.0,2.506,3.867,2.567,3.968,-3.803,-5.056,-6.309,-87.518,1.3877787807814457e-17,0.0,1.772
Zr2SbSe2,,,0.0,,0.11099999999999999,-1.019,0.0,0.0,0.9643333333333335,0.0,0.9643333333333335,-4.517,-4.747,-4.880000000000001,-31.27,1.3877787807814457e-17,0.0,3.22
Ir2Nb2S8,,,0.361,1.253,0.0,-0.818,0.0,0.361,1.253,0.361,1.253,-5.484,-5.664,-5.845,-81.641,1.3877787807814457e-17,0.0,2.17
InAs2NaS6,,,1.94,2.862,0.084,-0.346,0.0,1.9139999999999997,2.836,1.94,2.862,-4.645,-5.602,-6.56,-41.329,1.3877787807814457e-17,0.0,1.591
Cr2Se6P2,,,0.634,1.297,0.012999999999999998,-0.312,1.0000000000000002,0.43100000000000005,0.8239999999999998,0.634,1.297,-4.344,-4.56,-4.775,-53.563,0.115,0.116,3.681
CdSn2S2Cl2,,,2.147,2.89,0.047,-0.708,0.0,2.093,2.822,2.147,2.89,-3.329,-4.376,-5.422,-25.721,1.3877787807814457e-17,0.0,1.628
Zr2I2Cl2,,,0.567,1.076,0.071,-1.237,0.0,0.4790000000000001,0.9969999999999999,0.567,1.076,-3.807,-4.047,-4.287,-28.753,1.3877787807814457e-17,0.0,3.788
ZrBr2O,,,2.184,3.377,0.0,-2.085,0.0,1.048,2.245,2.184,3.377,-5.056,-5.58,-6.104,-24.035,1.3877787807814457e-17,0.0,3.9939999999999998
Zr3PdBr6N2,,,1.657,3.179,0.1,-1.297,0.0,1.622,3.116,1.657,3.179,-4.521,-5.332,-6.143,-67.8,1.3877787807814457e-17,0.0,3.64
Ni4As4S4,,,0.513,1.722,0.094,-0.256,0.0,0.513,1.507,0.513,1.722,-4.998,-5.254,-5.51,-67.023,1.3877787807814457e-17,0.0,2.266
Au2SeO4,,,1.109,2.237,0.079,-0.257,0.0,0.843,1.925,1.109,2.237,-5.101,-5.523,-5.944,-32.036,1.3877787807814457e-17,0.0,1.178
Mo2Te2Mg2O12,,,3.257,4.756,0.003999999999999997,-1.951,0.0,3.167,4.611,3.257,4.756,-4.837,-6.421,-8.004,-128.662,1.3877787807814457e-17,0.0,2.797
Rh2Se2F2,,,1.007,2.234,0.0,-1.058,0.0,0.97,2.223,1.007,2.234,-4.691,-5.176,-5.661,-30.781,1.3877787807814457e-17,0.0,1.6390000000000002
Ba4Sb4Se8Cl4,,,1.745,2.485,0.024,-1.308,0.0,1.584,2.345,1.745,2.485,-3.839,-4.631,-5.423,-86.1,1.3877787807814457e-17,0.0,3.198
Te4MgAl2,,,0.439,1.16,0.031,-0.543,0.0,0.43899999999999995,1.16,0.43900000000000006,1.16,-3.746,-3.965,-4.184,-25.71,1.3877787807814457e-17,0.0,3.097
Nb2Se2C,,,0.0,,0.0,-0.837,0.0,0.0,0.9336666666666666,0.0,1.4169999999999998,-4.865333333333333,-5.018,-5.182666666666666,-41.021,1.3877787807814457e-17,0.0,6.545
VBrCl,,,1.342,3.814,0.011,-1.009,1.0000000000000002,1.289,3.751,1.342,3.814,-3.336,-3.981,-4.625,-14.920000000000005,-0.035,-0.03500000000000002,2.78
In2Te4Mg,,,0.232,0.862,0.0,-0.488,0.0,0.23199999999999998,0.8620000000000003,0.23199999999999998,0.8620000000000003,-4.282,-4.398,-4.514,-23.375,1.3877787807814457e-17,0.0,3.177
Ca2O4F4H8,,,6.025,7.966,0.064,-2.014,0.0,6.025,7.966,6.025,7.966,-2.159,-5.172,-8.184,-93.712,1.3877787807814457e-17,0.0,1.185
CdSn2Br2O2,,,2.488,3.337,0.022,-1.11,0.0,2.48,3.318,2.488,3.337,-3.381,-4.621,-5.861,-30.226,1.3877787807814457e-17,0.0,1.864
CdSn2Br2S2,,,2.106,2.826,0.036,-0.627,0.0,2.038,2.755,2.106,2.826,-3.364,-4.383,-5.401,-24.752,1.3877787807814457e-17,0.0,1.669
In2S5,,,1.707,2.558,0.072,-0.342,0.0,1.671,2.557,1.707,2.558,-3.93,-4.766,-5.601,-28.308,1.3877787807814457e-17,0.0,1.506
HfI6Mn,,,1.359,2.788,0.0,-0.743,1.0000000000000002,1.359,2.788,1.359,2.788,-4.207,-4.887,-5.566,-32.04,-0.098,-0.09400000000000001,3.218
AgSbAs2Se6,,,0.614,1.446,0.077,-0.061000000000000054,0.0,0.597,1.18,0.6139999999999999,1.446,-4.955,-5.253,-5.551,-38.079,1.3877787807814457e-17,0.0,2.032
Ta2Cl2C,,,0.0,,0.032,-0.947,0.0,0.0,0.9946666666666666,0.0,1.3316666666666668,-4.822666666666667,-3.793,-5.104333333333333,-37.156,1.3877787807814457e-17,0.0,5.777999999999999
Sb8S8O4,,,1.879,2.729,0.013999999999999999,-0.624,0.0,1.879,2.729,1.879,2.729,-3.508,-4.448,-5.387,-100.85,1.3877787807814457e-17,0.0,1.561
CdGeSeBr2S,,,0.657,1.591,0.086,-0.518,0.0,0.617,1.544,0.657,1.591,-5.387,-5.695,-6.003,-19.282,1.3877787807814457e-17,0.0,2.799
Ag2Br6,,,0.048,0.831,0.131,-0.05800000000000005,1.0000000000000002,0.04600000000000004,0.768,0.04800000000000004,0.831,-6.499,-6.522,-6.545,-15.648,-4.027,-4.019,2.598
Nb3TeF7,,,0.812,1.719,0.012999999999999998,-2.615,0.0,0.812,1.719,0.812,1.7189999999999999,-4.371,-4.777,-5.183,-74.053,1.3877787807814457e-17,0.0,1.594
Sb2TeSe2,,,0.829,1.296,0.035,-0.19100000000000006,0.0,0.5729999999999998,1.022,0.829,1.296,-4.931,-5.218,-5.504,-19.938,1.3877787807814457e-17,0.0,4.865
Tl3I3,,,1.744,2.388,0.024,-0.653,0.0,1.737,2.381,1.744,2.388,-3.398,-4.267,-5.136,-15.847000000000001,1.3877787807814457e-17,0.0,3.596
Ti2NH2,,,0.0,,0.077,-0.903,0.0,0.0,0.5536666666666665,0.0,0.7706666666666666,-4.268333333333333,-4.078,-4.495,-32.894,1.3877787807814457e-17,0.0,3.837
Sb2Sc2O6,,,3.948,5.622,0.017999999999999995,-2.471,0.0,3.376,5.077,3.948,5.622,-2.049,-3.737,-5.425,-73.59,1.3877787807814457e-17,0.0,3.227
Pd2Se6P2,,,0.0,,0.091,-0.15400000000000003,0.0,0.0,0.4653333333333334,0.0,0.6399999999999997,-4.707333333333334,-4.778,-4.841,-40.808,1.3877787807814457e-17,0.0,3.826
Nb4Te12I2,,,0.686,1.135,0.006999999999999999,-0.3970000000000001,0.0,0.673,1.135,0.686,1.135,-4.068,-4.405,-4.741,-89.861,1.3877787807814457e-17,0.0,2.009
Cu4F8,,,0.603,2.703,0.0,-1.6059999999999999,1.0000000000000002,0.383,2.682,0.603,2.703,-6.965,-7.157,-7.348,-46.67,-0.258,-0.614,2.979
Mo2Zn2S2O12,,,3.529,5.276,0.09,-1.5550000000000002,0.0,3.518,5.202,3.529,5.276,-4.682,-6.441,-8.2,-122.413,1.3877787807814457e-17,0.0,2.331
Pt2N4O12,,,2.24,3.896,0.012999999999999998,-0.348,0.0,2.206,3.864,2.24,3.896,-4.596,-5.699,-6.802,-113.866,1.3877787807814457e-17,0.0,1.339
Cd2I6Li2,,,2.482,3.386,0.069,-0.811,0.0,2.482,3.376,2.482,3.386,-3.437,-4.678,-5.919,-22.613,1.3877787807814457e-17,0.0,2.988
Hg2I6Cu2,,,0.658,2.016,0.048,-0.238,0.0,0.658,2.016,0.658,2.016,-4.695,-5.024,-5.353,-20.378,1.3877787807814457e-17,0.0,3.279
W2Br6NaO2,,,0.0,,0.0,-1.2,0.0,0.0,0.6713333333333336,0.0,0.673,-4.750666666666667,-5.271,-5.221666666666667,-57.235,1.3877787807814457e-17,0.0,1.723
Ag2Br6,,,0.0,,0.038,-0.1509999999999999,0.0,0.0,0.9263333333333332,0.0,0.9576666666666669,-5.786666666666666,-6.191,-6.064,-16.395999999999997,1.3877787807814457e-17,0.0,2.71
Ga2Ge2S6,,,1.833,2.658,0.082,-0.409,0.0,1.551,2.331,1.833,2.658,-4.608,-5.384,-6.159,-43.4,1.3877787807814457e-17,0.0,1.995
I2Sc2S2,,,1.662,3.187,0.0,-1.679,0.0,1.662,3.06,1.662,3.187,-4.413,-5.245,-6.076,-30.508,1.3877787807814457e-17,0.0,3.859
PdNiS4,,,0.977,1.492,0.079,-0.21899999999999997,0.0,0.711,1.153,0.977,1.492,-5.311,-5.667,-6.023,-28.695,1.3877787807814457e-17,0.0,3.465
Ni2Se2O6,,,0.703,3.04,0.0020000000000000018,-0.734,0.0,0.555,2.815,0.7030000000000001,3.04,-4.224,-4.501,-4.779,-59.548,1.3877787807814457e-17,0.0,1.523
HfTeS,,,0.0,1.002,0.011,-1.201,0.0,0.0,0.20699999999999985,0.0,1.0019999999999998,-4.2156666666666665,-4.636,-4.517,-18.392000000000003,1.3877787807814457e-17,0.0,3.665
Cu4S4Cl4H4,,,0.0,,0.05,-0.31999999999999995,0.0,0.0,0.5206666666666666,0.0,0.6193333333333333,-5.939666666666666,-5.936,-6.253,-56.568,1.3877787807814457e-17,0.0,1.432
Cu2Se4F2,,,0.9,2.387,0.0,-0.65,0.0,0.88,2.27,0.9,2.387,-4.517,-4.956,-5.396,-29.66,1.3877787807814457e-17,0.0,2.169
SbTe2Co2,,,0.0,,0.028999999999999998,-0.17500000000000004,0.0,0.0,0.2709999999999999,0.0,0.4743333333333335,-4.79,-4.771,-4.883333333333333,-28.147,1.3877787807814457e-17,0.0,3.086
Bi2I6,,,1.466,2.228,0.0,-0.495,0.0,1.377,2.106,1.466,2.228,-4.931,-5.619,-6.308,-22.176,1.3877787807814457e-17,0.0,2.955
Re4S8,,,1.023,1.591,0.122,-0.471,0.0,0.977,1.5700000000000003,1.023,1.591,-4.644,-5.133,-5.621,-84.901,1.3877787807814457e-17,0.0,4.385
Cu2Cl2C6N2F8,,,0.44,2.31,0.087,-0.961,0.0,0.4119999999999999,2.306,0.43999999999999995,2.31,-4.985,-5.192,-5.398,-114.852,1.3877787807814457e-17,0.0,1.741
Tl2Pd4Se6,,,0.861,1.316,0.03,-0.376,0.0,0.834,1.316,0.861,1.316,-3.991,-4.408,-4.825,-45.682,1.3877787807814457e-17,0.0,1.802
Cd2Cu2Br2S2,,,0.944,2.575,0.06,-0.51,0.0,0.944,2.573,0.944,2.575,-4.182,-4.654,-5.126,-24.613,1.3877787807814457e-17,0.0,1.589
Cu2As4Se3Br2,,,0.96,2.483,0.038,-0.17799999999999994,0.0,0.96,2.483,0.96,2.483,-4.047,-4.526,-5.006,-41.581,1.3877787807814457e-17,0.0,1.526
Pb2P2S6Cl2,,,2.202,3.209,0.072,-0.453,0.0,2.103,3.072,2.202,3.209,-4.179,-5.231,-6.283,-51.717,1.3877787807814457e-17,0.0,1.889
Pd2I4O12,,,1.18,2.901,0.026,-0.15700000000000003,0.0,1.034,2.732,1.18,2.901,-4.753,-5.27,-5.787,-77.862,1.3877787807814457e-17,0.0,1.798
Mo2Sb4O12,,,2.03,3.31,0.038,-1.627,0.0,1.913,3.217,2.03,3.31,-5.035,-5.992,-6.949,-130.806,1.3877787807814457e-17,0.0,2.712
GeO2,6.731,6.874,3.182,4.971,0.152,-1.496,0.0,3.006,4.863,3.182,4.971,-5.388,-6.891,-8.395,-19.252,1.3877787807814457e-17,0.0,2.663
Ni4Se3S5,,,0.781,1.172,0.042,-0.256,0.0,0.2869999999999999,0.6099999999999999,0.781,1.172,-5.059,-5.203,-5.346,-62.897,1.3877787807814457e-17,0.0,3.444
In2Br2,,,2.374,3.06,0.02,-0.675,0.0,2.371,3.038,2.374,3.06,-2.675,-3.861,-5.046,-11.393999999999998,1.3877787807814457e-17,0.0,2.488
Zr2I2GeSe3Br2O,,,1.257,2.149,0.131,-1.164,0.0,1.195,2.088,1.257,2.149,-5.212,-5.81,-6.408,-53.823,1.3877787807814457e-17,0.0,3.366
Au2Cl2,,,1.124,1.477,0.037,-0.19999999999999996,0.0,1.118,1.477,1.124,1.477,-5.648,-6.207,-6.765,-10.630000000000003,1.3877787807814457e-17,0.0,3.528
BiTeBr,1.632,1.632,0.529,1.162,0.11699999999999999,-0.387,0.0,0.5290000000000001,1.162,0.529,1.162,-5.305,-5.569,-5.834,-10.625,1.3877787807814457e-17,0.0,3.582
PtPd3Cl4O4,,,0.631,1.878,0.091,-0.408,0.0,0.5590000000000002,1.79,0.6310000000000001,1.878,-5.635,-5.915,-6.194,-50.345,1.3877787807814457e-17,0.0,3.384
SrIOH,,,1.203,2.016,0.087,-1.743,0.0,1.203,2.016,1.203,2.016,-3.034,-3.636,-4.238,-18.575,1.3877787807814457e-17,0.0,2.448
IVBrO,,,0.74,2.112,0.005999999999999998,-1.277,1.0000000000000002,0.74,2.112,0.74,2.112,-4.985,-5.355,-5.725,-21.819,0.071,0.047,1.768
Pb2As2Cl2O6,,,3.116,4.543,0.067,-1.187,0.0,3.017,4.402,3.116,4.543,-3.998,-5.507,-7.015,-65.397,1.3877787807814457e-17,0.0,1.991
Cr2Si2S6,,,1.132,2.628,0.047,-0.633,1.0000000000000002,1.022,2.584,1.132,2.628,-4.903,-5.414,-5.925,-60.413,0.049,0.05,2.049
Tl4S2,,,1.188,1.893,0.034,-0.317,0.0,1.169,1.858,1.188,1.893,-3.289,-3.874,-4.458,-20.053,1.3877787807814457e-17,0.0,2.903
Sc2Br2N,,,0.0,,0.0,-1.752,0.0,0.0,1.0206666666666666,0.0,1.1083333333333332,-4.148666666666666,-4.187,-4.483333333333333,-29.599,1.3877787807814457e-17,0.0,2.837
Ca2P4S12,,,2.448,3.527,0.069,-0.588,0.0,2.355,3.435,2.448,3.527,-4.181,-5.358,-6.536,-84.995,1.3877787807814457e-17,0.0,1.858
In2Se4Mg,,,0.581,1.376,0.0,-0.766,0.0,0.581,1.376,0.581,1.376,-4.619,-4.91,-5.2,-26.435,1.3877787807814457e-17,0.0,3.116
Ba2CuCl2O2,,,0.0,,0.010000000000000002,-2.057,0.0,0.0,1.8809999999999998,0.0,1.9116666666666666,-5.145333333333333,-5.652,-5.9910000000000005,-35.549,1.3877787807814457e-17,0.0,4.748
Te2Mn3Si,,,0.0,,0.048,-0.21999999999999997,1.0000000000000002,0.0,0.23633333333333306,0.0,0.33166666666666655,-4.607333333333333,-4.265,-4.729666666666667,-42.276,6.788000000000001,6.788,4.856
CdBrSH,,,2.775,3.829,0.051,-0.522,0.0,2.762,3.809,2.775,3.829,-3.316,-4.697,-6.078,-12.003,1.3877787807814457e-17,0.0,1.41
Zn2Cl2O,,,2.442,3.868,0.044,-1.243,0.0,2.442,3.793,2.442,3.868,-5.104,-6.326,-7.547,-17.277,1.3877787807814457e-17,0.0,3.468
Tl4Se5,,,1.278,2.0,0.06,-0.18199999999999994,0.0,1.134,1.809,1.278,2.0,-3.262,-3.829,-4.396,-29.045,1.3877787807814457e-17,0.0,2.136
TlI4NaO12,,,2.108,3.364,0.005999999999999998,-0.38800000000000007,0.0,2.078,3.313,2.108,3.364,-5.364,-6.403,-7.442,-78.198,1.3877787807814457e-17,0.0,2.174
Ti2S4Cl4,,,1.084,2.576,0.027,-1.175,0.0,1.018,2.523,1.084,2.576,-5.155,-5.664,-6.173,-48.578,1.3877787807814457e-17,0.0,3.157
In2Se6Si2,,,1.475,2.18,0.0,-0.502,0.0,1.41,2.114,1.475,2.18,-4.51,-5.215,-5.921,-42.236,1.3877787807814457e-17,0.0,2.058
Se6P4,,,1.815,2.723,0.028,-0.038000000000000034,0.0,1.794,2.7,1.815,2.723,-3.528,-4.424,-5.321,-42.735,1.3877787807814457e-17,0.0,1.297
HgF2,,,1.728,3.431,0.032,-1.543,0.0,1.728,3.431,1.728,3.431,-6.259,-7.123,-7.987,-8.689,1.3877787807814457e-17,0.0,2.124
Cd2I6Cu2,,,1.507,3.151,0.027,-0.418,0.0,1.507,3.151,1.507,3.151,-3.841,-4.595,-5.348,-22.254,1.3877787807814457e-17,0.0,3.316
Ir2Te6As2,,,0.336,0.336,0.045,-0.20699999999999996,0.0,0.3360000000000001,0.33599999999999985,0.3360000000000001,0.33599999999999985,-4.328,-4.496,-4.664,-49.173,1.3877787807814457e-17,0.0,3.942
I6Sc2,,,1.073,2.628,0.047,-1.242,0.0,1.073,2.628,1.073,2.628,-4.458,-4.994,-5.531,-28.123,1.3877787807814457e-17,0.0,3.1
Hf2AgIBr3S3,,,0.443,1.201,0.128,-0.983,1.0000000000000002,0.19999999999999996,1.05,0.44300000000000006,1.201,-5.409,-5.509,-5.609,-46.145,0.028999999999999998,-0.046,3.254
Ir2F6,,,1.681,3.672,0.033,-1.409,0.0,1.632,3.601,1.681,3.672,-4.699,-5.515,-6.331,-39.347,1.3877787807814457e-17,0.0,2.373
AgGa3Cl4O4,,,0.465,1.408,0.099,-1.135,0.0,0.251,1.215,0.4650000000000001,1.408,-6.621,-6.747,-6.873,-52.809,1.3877787807814457e-17,0.0,3.638
Sb4I2Cu2S3,,,0.993,2.458,0.095,-0.14500000000000002,0.0,0.988,2.231,0.993,2.458,-3.758,-4.252,-4.747,-41.768,1.3877787807814457e-17,0.0,1.754
Ca2Cu2Cl6,,,2.718,5.028,0.022,-1.617,0.0,2.718,5.028,2.718,5.028,-3.093,-4.452,-5.811,-38.26,1.3877787807814457e-17,0.0,2.872
Bi2SnS4,,,0.566,0.979,0.011,-0.382,0.0,0.29200000000000004,0.768,0.5660000000000001,0.9790000000000001,-5.772,-5.918,-6.064,-32.389,1.3877787807814457e-17,0.0,3.465
Nb2Cr2Se10,,,0.0,,0.0049999999999999975,-0.613,1.0000000000000002,0.0,1.1273333333333333,0.0,1.1573333333333335,-4.275333333333333,-4.653,-4.325666666666667,-82.886,0.154,-0.41000000000000003,2.541
MnO2,3.192,3.241,1.186,4.383,0.017999999999999995,-1.642,1.0000000000000002,1.132,4.137,1.186,4.383,-6.6,-7.166,-7.732,-24.892,-0.32499999999999996,-0.325,3.05
Nb4Te12Cl2,,,0.78,1.185,0.015,-0.488,0.0,0.749,1.182,0.78,1.185,-3.962,-4.336,-4.711,-92.121,1.3877787807814457e-17,0.0,1.951
Nb4Pd2Te10,,,0.077,,0.011,-0.442,0.0,0.040999999999999925,0.363,0.07699999999999974,0.4736666666666669,-4.677,-4.698,-4.719,-88.071,1.3877787807814457e-17,0.0,2.403
Te2TiNi3,,,0.0,,0.023,-0.4139999999999999,0.0,0.0,0.6956666666666669,0.0,0.8200000000000001,-4.333666666666667,-4.184,-4.543666666666667,-37.323,1.3877787807814457e-17,0.0,4.615
INi3Se5Cl,,,0.241,,0.087,-0.20599999999999996,0.0,0.0020000000000000018,0.33700000000000063,0.2410000000000001,0.35299999999999976,-5.457,-5.458,-5.459,-44.475,1.3877787807814457e-17,0.0,3.369
Tl2Cu2S2,,,0.614,1.863,0.034,-0.23399999999999999,0.0,0.614,1.863,0.6139999999999999,1.863,-3.919,-4.226,-4.533,-21.909,1.3877787807814457e-17,0.0,2.797
I2Cu2As4Se3,,,0.897,2.282,0.036,-0.118,0.0,0.8940000000000001,2.282,0.897,2.282,-4.016,-4.463,-4.91,-40.703,1.3877787807814457e-17,0.0,1.656
Sr4Se8P4F4,,,1.648,2.397,0.055,-1.66,0.0,1.648,2.397,1.648,2.397,-4.119,-4.943,-5.767,-95.56,1.3877787807814457e-17,0.0,3.33
Bi2Se2S,,,0.636,1.126,0.0,-0.391,0.0,0.35399999999999987,0.857,0.636,1.126,-5.65,-5.827,-6.004,-22.346,1.3877787807814457e-17,0.0,4.707
Ta2Cl2O4,,,2.367,4.04,0.0,-2.431,0.0,2.367,4.04,2.367,4.04,-5.712,-6.895,-8.079,-63.151,1.3877787807814457e-17,0.0,2.751
Cr2Br2Cl2,,,1.157,3.416,0.091,-0.805,1.0000000000000002,1.064,3.34,1.157,3.416,-4.282,-4.814,-5.346,-30.389,-0.087,-0.546,2.845
Nb2Pd4Te6,,,0.0,,0.012,-0.457,0.0,0.0,0.022333333333333538,0.0,0.028999999999999915,-4.461333333333333,-4.712,-4.519,-60.642,1.3877787807814457e-17,0.0,2.398
Sc2As2Se6,,,0.951,1.451,0.0,-0.851,0.0,0.839,1.299,0.9509999999999998,1.451,-4.424,-4.843,-5.263,-48.057,1.3877787807814457e-17,0.0,3.534
TiNiBr3Cl3,,,1.042,3.451,0.047,-1.055,1.0000000000000002,1.042,3.451,1.042,3.451,-5.491,-6.011,-6.532,-32.487,-0.11199999999999999,0.066,2.775
Ta4Pd2Se10,,,0.078,0.215,0.013999999999999999,-0.729,0.0,0.07099999999999995,0.19700000000000006,0.07799999999999985,0.21499999999999986,-4.983,-5.018,-5.054,-93.403,1.3877787807814457e-17,0.0,2.219
Sc2Se4Br4,,,1.4,2.138,0.07,-1.167,0.0,1.277,2.021,1.4,2.138,-4.725,-5.364,-6.003,-41.261,1.3877787807814457e-17,0.0,2.861
Pb2Ag2Cl6,,,2.653,3.93,0.0,-0.888,0.0,2.439,3.708,2.653,3.93,-4.345,-5.564,-6.784,-32.789,1.3877787807814457e-17,0.0,2.806
MoSe2,2.119,2.119,1.321,1.804,0.0,-0.708,0.0,1.321,1.804,1.321,1.804,-3.911,-4.572,-5.233,-20.291,1.3877787807814457e-17,0.0,4.584
AuTe6VAs2,,,0.42,1.06,0.097,-0.051000000000000045,1.0000000000000002,0.235,0.6820000000000002,0.4199999999999998,1.06,-4.54,-4.658,-4.775,-40.721,-0.38600000000000007,-0.724,2.033
K2GeS6H6,,,2.336,3.388,0.045,-0.443,0.0,2.31,3.373,2.336,3.388,-3.249,-4.404,-5.559,-58.021,1.3877787807814457e-17,0.0,1.0670000000000002
Au4Te4Br4,,,1.302,1.878,0.0,-0.251,0.0,1.293,1.86,1.302,1.878,-4.927,-5.573,-6.219,-34.689,1.3877787807814457e-17,0.0,1.772
Ag2Te2S6,,,0.0,,0.135,0.10299999999999998,0.0,0.0,0.1346666666666665,0.0,0.32466666666666644,-5.07,-5.622,-5.177333333333333,-35.523,1.3877787807814457e-17,0.0,3.643
Au2Te4Cl2,,,1.217,2.001,0.128,-0.15800000000000003,0.0,0.981,1.589,1.217,2.001,-4.507,-4.997,-5.488,-23.917,1.3877787807814457e-17,0.0,2.579
ZrPdF6,,,1.441,3.999,0.085,-2.815,1.0000000000000002,1.375,3.952,1.441,3.999,-6.575,-7.263,-7.951,-43.263,-0.13100000000000003,-0.14200000000000002,2.148
CdIn2S4,,,0.623,1.542,0.051,-0.582,0.0,0.597,1.5,0.6230000000000001,1.5419999999999998,-4.9,-5.198,-5.497,-26.837,1.3877787807814457e-17,0.0,3.109
Hf2I4SeS,,,2.074,3.14,0.037,-1.094,0.0,1.889,2.883,2.074,3.14,-4.123,-5.067,-6.012,-37.239,1.3877787807814457e-17,0.0,3.18
I4Cu4O4H4,,,0.164,0.631,0.053,-0.539,0.0,0.13600000000000012,0.615,0.16399999999999992,0.631,-5.183,-5.251,-5.32,-63.041,1.3877787807814457e-17,0.0,1.904
Y2I2O2,,,2.117,2.984,0.061,-2.72,0.0,1.816,2.834,2.117,2.984,-3.544,-4.452,-5.36,-38.908,1.3877787807814457e-17,0.0,3.24
I2Zn2,,,2.17,2.968,0.09,-0.372,0.0,2.091,2.882,2.17,2.968,-3.402,-4.448,-5.493,-6.813000000000002,1.3877787807814457e-17,0.0,3.694
Ga8S12,,,2.384,3.44,0.011,-0.652,0.0,2.384,3.44,2.384,3.44,-3.721,-4.913,-6.106,-85.204,1.3877787807814457e-17,0.0,1.599
PtTeSe,,,0.988,1.453,0.032,-0.385,0.0,0.706,1.092,0.988,1.453,-4.207,-4.56,-4.914,-14.196000000000002,1.3877787807814457e-17,0.0,3.752
Pb4Sr2Cl12,,,3.026,4.132,0.076,-1.547,0.0,2.998,4.087,3.026,4.132,-3.289,-4.788,-6.287,-67.654,1.3877787807814457e-17,0.0,2.058
AgGeF6,,,0.773,2.72,0.0,-2.047,1.0000000000000002,0.575,2.553,0.773,2.72,-8.231,-8.518,-8.806,-33.248,-0.40299999999999997,-0.527,1.166
NiC4N2O4H8,,,1.326,4.409,0.135,-0.557,1.0000000000000002,1.326,4.256,1.326,4.409,-3.567,-4.23,-4.892,-118.513,-0.08400000000000002,0.064,0.976
Au2Sb2S6,,,1.382,2.237,0.092,-0.08199999999999996,0.0,1.226,2.046,1.382,2.237,-4.807,-5.42,-6.034,-40.362,1.3877787807814457e-17,0.0,2.743
Bi2SeS2,,,0.831,1.416,0.024,-0.355,0.0,0.4119999999999999,0.972,0.831,1.416,-5.996,-6.202,-6.408,-22.763,1.3877787807814457e-17,0.0,4.744
Hg2Ag2Br2S2,,,1.321,2.381,0.023,-0.278,0.0,1.319,2.363,1.321,2.381,-4.657,-5.316,-5.976,-21.002,1.3877787807814457e-17,0.0,1.514
Pd2Te2O6,,,0.369,1.8,0.08,-0.764,0.0,0.3689999999999999,1.8,0.369,1.8,-3.817,-4.001,-4.186,-52.433,1.3877787807814457e-17,0.0,1.632
Cu4O4F4,,,0.71,2.299,0.066,-0.915,0.0,0.687,2.259,0.71,2.299,-7.806,-8.15,-8.493,-52.531,1.3877787807814457e-17,0.0,1.31
As8Se8S4,,,1.412,2.179,0.035,-0.08899999999999997,0.0,1.395,2.167,1.412,2.179,-4.051,-4.749,-5.446,-83.266,1.3877787807814457e-17,0.0,1.27
WAu2O4,,,2.992,4.491,0.192,-1.096,0.0,2.962,4.436,2.992,4.491,-3.681,-5.162,-6.643,-45.916,1.3877787807814457e-17,0.0,1.478
Ba2AgBr2O2,,,0.0,,0.0,-1.84,0.0,0.0,1.4263333333333335,0.0,1.4283333333333335,-5.589333333333333,-5.666,-6.022666666666667,-32.796,1.3877787807814457e-17,0.0,4.726
Nb3Cl8,,,0.391,1.138,0.0,-1.345,1.0000000000000002,0.20599999999999996,0.9119999999999999,0.391,1.138,-4.48,-4.584,-4.687,-60.058,0.11,0.11,1.898
Ag4S4Cl4H4,,,0.457,0.706,0.064,-0.22799999999999998,0.0,0.38,0.6220000000000001,0.4570000000000001,0.706,-6.045,-6.235,-6.425,-51.753,1.3877787807814457e-17,0.0,1.574
I4GaNaO12,,,2.776,4.133,0.019000000000000003,-0.522,0.0,2.731,4.098,2.776,4.133,-4.695,-6.06,-7.426,-81.02,1.3877787807814457e-17,0.0,2.206
Cd2Cu2Se2Br2,,,0.885,2.461,0.07,-0.47300000000000003,0.0,0.885,2.461,0.885,2.461,-4.253,-4.696,-5.138,-23.126,1.3877787807814457e-17,0.0,1.575
PdNa2O6H6,,,2.468,4.355,0.003999999999999997,-1.103,0.0,2.468,4.355,2.468,4.355,-2.896,-4.13,-5.364,-73.669,1.3877787807814457e-17,0.0,0.8599999999999999
Pb2Cl4,,,2.776,3.749,0.045,-1.132,0.0,2.776,3.736,2.776,3.749,-3.953,-5.341,-6.729,-21.452,1.3877787807814457e-17,0.0,1.139
Ba2CuBr2O2,,,0.0,,0.013999999999999999,-1.92,0.0,0.0,2.0976666666666666,0.0,2.099666666666667,-5.803333333333333,-6.109,-6.422666666666666,-34.19,1.3877787807814457e-17,0.0,4.98
Sb4Cu2Se3Br2,,,0.911,2.472,0.094,-0.18900000000000006,0.0,0.911,2.472,0.911,2.472,-3.782,-4.238,-4.693,-40.671,1.3877787807814457e-17,0.0,1.622
Zr2Se6P2,,,0.623,1.344,0.191,-0.672,0.0,0.3939999999999999,1.074,0.6230000000000001,1.344,-4.719,-4.916,-5.113,-53.151,1.3877787807814457e-17,0.0,3.577
Te4VAl2,,,0.355,1.244,0.035,-0.37400000000000005,1.0000000000000002,0.17799999999999994,1.195,0.355,1.244,-3.575,-3.664,-3.753,-31.438,0.272,0.272,3.197
NiCl2,3.413,3.414,1.403,4.222,0.0,-0.641,1.0000000000000002,1.219,4.082,1.403,4.222,-5.394,-6.004,-6.613,-12.739000000000004,0.0050000000000000044,0.0010000000000000009,3.094
IrI2GaS2,,,0.467,1.237,0.089,-0.407,0.0,0.43700000000000006,1.18,0.4670000000000001,1.237,-4.606,-4.825,-5.043,-25.735,1.3877787807814457e-17,0.0,4.195
Mo2KBr6O2,,,0.0,,0.0,-1.218,0.0,0.0,0.9016666666666668,0.0,0.9016666666666666,-5.249666666666666,-5.672,-5.659666666666666,-56.773,1.3877787807814457e-17,0.0,1.701
Sc2Se8P2,,,1.171,2.154,0.0,-0.746,0.0,1.171,2.154,1.171,2.154,-4.721,-5.307,-5.892,-56.868,1.3877787807814457e-17,0.0,1.949
ScSe2,,,0.682,1.612,0.126,-1.126,1.0000000000000002,0.56,1.49,0.682,1.612,-5.058,-5.338,-5.618,-15.005000000000006,0.195,0.195,3.198
Ag2Cd2I6,,,1.834,2.816,0.028,-0.458,0.0,1.834,2.816,1.834,2.816,-3.893,-4.81,-5.727,-20.984,1.3877787807814457e-17,0.0,3.265
Ag2Se4F2,,,1.553,2.772,0.022,-0.569,0.0,1.422,2.442,1.553,2.772,-4.309,-5.02,-5.731,-27.337,1.3877787807814457e-17,0.0,2.078
W2Sb4O12,,,1.773,2.988,0.038,-1.722,0.0,1.745,2.951,1.773,2.988,-5.216,-6.088,-6.961,-133.084,1.3877787807814457e-17,0.0,2.861
Sr4P4S8F4,,,2.07,2.936,0.061,-1.754,0.0,2.07,2.936,2.07,2.936,-3.984,-5.019,-6.054,-102.201,1.3877787807814457e-17,0.0,3.217
Cu12S6,,,0.95,1.987,0.068,-0.10499999999999998,0.0,0.627,1.597,0.95,1.987,-4.268,-4.582,-4.895,-70.469,1.3877787807814457e-17,0.0,3.881
Os2Rb2Cl10N2O2,,,0.624,1.958,0.0,-0.896,1.0000000000000002,0.41100000000000003,1.751,0.624,1.958,-6.243,-6.449,-6.655,-85.129,0.347,-0.958,2.027
ZrI6Mn,,,1.052,2.559,0.0,-0.756,1.0000000000000002,1.052,2.559,1.052,2.559,-4.531,-5.057,-5.583,-32.04,-0.14199999999999996,-0.14200000000000002,3.201
Ba2AuI2O2,,,0.0,,0.08,-1.61,0.0,0.0,1.5926666666666667,0.0,2.0566666666666666,-5.577333333333333,-5.781,-5.995666666666667,-31.262,1.3877787807814457e-17,0.0,5.332
Hf3ScBr4N3O,,,2.677,4.148,0.027,-1.953,0.0,2.677,4.148,2.6770000000000005,4.148,-3.92,-5.259,-6.597,-87.138,1.3877787807814457e-17,0.0,4.227
Te2Ti,,,0.389,1.35,0.10899999999999999,-0.591,0.0,0.03600000000000003,0.722,0.3890000000000001,1.35,-5.132,-5.15,-5.168,-14.872,1.3877787807814457e-17,0.0,4.15
Zr2Br5Cl,,,0.424,1.113,0.098,-1.398,0.0,0.371,1.053,0.42399999999999993,1.1129999999999998,-4.088,-4.274,-4.459,-35.698,1.3877787807814457e-17,0.0,3.007
K2Cu2S2,,,1.623,3.13,0.076,-0.712,0.0,1.623,3.13,1.623,3.13,-1.286,-2.097,-2.909,-22.219,1.3877787807814457e-17,0.0,2.116
In2Cl6,,,3.768,5.121,0.0,-1.139,0.0,3.761,5.116,3.768,5.121,-4.438,-6.319,-8.199,-25.348,1.3877787807814457e-17,0.0,2.771
In4Br4,,,2.966,3.647,0.05,-0.645,0.0,2.922,3.624,2.966,3.647,-2.508,-3.969,-5.43,-22.551,1.3877787807814457e-17,0.0,1.999
Cu4Se4Cl4,,,0.872,1.464,0.0030000000000000027,-0.3509999999999999,0.0,0.872,1.454,0.872,1.464,-5.853,-6.289,-6.725,-39.985,1.3877787807814457e-17,0.0,1.737
Pt4In2Te6,,,0.762,1.019,0.027,-0.411,0.0,0.666,0.98,0.762,1.019,-3.938,-4.271,-4.604,-55.107,1.3877787807814457e-17,0.0,1.899
Te2Al2O8H2,,,3.993,5.563,0.048,-1.736,0.0,3.86,5.331,3.993,5.563000000000001,-1.8690000000000002,-3.799,-5.729,-85.828,1.3877787807814457e-17,0.0,1.609
Tl2Sn2P2,,,0.693,1.134,0.049,0.026000000000000023,0.0,0.276,0.625,0.693,1.134,-3.421,-3.559,-3.697,-23.678,1.3877787807814457e-17,0.0,3.088
Tl2Cl2,,,3.699,4.698,0.059,-0.965,0.0,3.629,4.598,3.699,4.698,-2.057,-3.872,-5.687,-12.427,1.3877787807814457e-17,0.0,2.0
Pb2P2O6F2,,,3.815,5.163,0.0,-2.135,0.0,3.7279999999999998,5.124,3.8150000000000004,5.163,-3.328,-5.193,-7.057,-77.787,1.3877787807814457e-17,0.0,1.815
I2Ca2H2,,,3.628,4.933,0.0,-1.154,0.0,3.6280000000000006,4.709,3.628,4.933,-2.654,-4.468,-6.282,-20.554,1.3877787807814457e-17,0.0,2.35
V4O8,,,0.503,1.639,0.083,-2.239,0.0,0.30400000000000005,1.552,0.503,1.6390000000000002,-6.587,-6.739,-6.892,-101.961,1.3877787807814457e-17,0.0,2.136
Sc2Cl2C,,,1.178,2.256,0.0,-1.585,0.0,0.883,1.907,1.178,2.256,-5.069,-5.51,-5.952,-30.033,1.3877787807814457e-17,0.0,2.683
Os2Na2S2Cl10N2,,,0.604,1.736,0.0,-0.657,1.0000000000000002,0.546,1.6999999999999997,0.604,1.736,-5.688,-5.961,-6.234,-79.539,0.742,-2.31,1.846
W2V2O10,,,0.386,2.642,0.033,-2.246,1.0000000000000002,0.386,2.642,0.386,2.642,-5.242,-5.435,-5.628,-122.7,-0.21200000000000002,-0.21200000000000002,1.335
Rh2As2Se6,,,0.127,0.089,0.028,-0.321,0.0,0.127,0.08899999999999997,0.12700000000000022,0.08899999999999997,-4.898,-4.962,-5.025,-47.726,1.3877787807814457e-17,0.0,3.694
Ba2Bi4O8,,,2.887,4.235,0.0,-1.75,0.0,2.868,4.146,2.8870000000000005,4.235,-1.956,-3.391,-4.825,-87.845,1.3877787807814457e-17,0.0,2.275
Nb2Te2C,,,0.0,,0.0,-0.558,0.0,0.0,0.9336666666666666,0.0,1.4169999999999998,-4.865333333333333,-4.431,-5.182666666666666,-39.07,1.3877787807814457e-17,0.0,6.913
Nb3TeI7,,,0.565,1.256,0.005999999999999998,-0.561,0.0,0.565,1.241,0.565,1.256,-4.406,-4.689,-4.971,-50.702,1.3877787807814457e-17,0.0,2.1
Rh2Sb2Te6,,,0.249,0.221,0.072,-0.259,0.0,0.249,0.20800000000000018,0.2490000000000001,0.22100000000000009,-4.34,-4.464,-4.589,-44.926,1.3877787807814457e-17,0.0,3.924
Hf2Te2C,,,0.0,,0.092,-0.771,0.0,0.0,0.48766666666666647,0.0,0.5100000000000002,-4.606,-4.534,-5.011333333333334,-34.497,1.3877787807814457e-17,0.0,6.859
MoAg2Te4,,,0.618,1.332,0.11299999999999999,-0.04500000000000004,0.0,0.31299999999999994,1.115,0.618,1.332,-4.214,-4.37,-4.527,-30.017,1.3877787807814457e-17,0.0,3.043
Sb2I2,,,0.586,0.621,0.127,-0.122,0.0,0.586,0.6210000000000002,0.586,0.621,-4.175,-4.468,-4.761,-12.256,1.3877787807814457e-17,0.0,3.083
Ta2Se4Br4,,,0.996,1.727,0.041,-0.745,0.0,0.99,1.725,0.996,1.7269999999999999,-4.034,-4.529,-5.024,-47.349,1.3877787807814457e-17,0.0,1.927
Ag4Te2,,,0.786,1.441,0.0,-0.06800000000000006,0.0,0.786,1.4410000000000003,0.786,1.441,-4.439,-4.832,-5.226,-18.178,1.3877787807814457e-17,0.0,2.589
Sb4Zn2O8,,,2.878,4.025,0.028,-1.363,0.0,2.81,3.9829999999999997,2.878,4.025,-2.614,-4.019,-5.424,-80.075,1.3877787807814457e-17,0.0,2.362
Ta3TeBr7,,,0.741,1.397,0.0,-0.867,0.0,0.741,1.397,0.741,1.397,-4.151,-4.521,-4.892,-53.281,1.3877787807814457e-17,0.0,1.906
Ta2S4Cl4,,,1.55,2.422,0.017,-1.033,0.0,1.55,2.422,1.55,2.422,-3.848,-4.623,-5.398,-53.415,1.3877787807814457e-17,0.0,1.898
Pb2IBr3,,,2.123,3.061,0.08,-0.818,0.0,1.955,2.832,2.123,3.061,-4.738,-5.716,-6.694,-18.66,1.3877787807814457e-17,0.0,3.088
Sb2Te6Si2,,,1.161,1.673,0.0,-0.122,0.0,0.832,1.286,1.161,1.673,-4.172,-4.588,-5.004,-40.055,1.3877787807814457e-17,0.0,3.707
Nb4Te10Fe2,,,0.0,,0.0,-0.387,1.0000000000000002,0.0,0.5146666666666666,0.0,0.5283333333333333,-4.275333333333333,-4.775,-4.325666666666667,-97.623,0.883,-4.118,2.453
Ag2I6Ge2,,,2.14,3.142,0.021,-0.304,0.0,2.064,2.907,2.14,3.142,-3.761,-4.793,-5.825,-26.626,1.3877787807814457e-17,0.0,3.259
Ti2Se4Br4,,,0.918,2.303,0.038,-0.924,0.0,0.883,2.268,0.918,2.303,-4.871,-5.312,-5.754,-42.885,1.3877787807814457e-17,0.0,3.177
Zr2Sn2Se8,,,0.99,1.694,0.012,-0.851,0.0,0.887,1.636,0.99,1.694,-4.184,-4.628,-5.072,-60.991,1.3877787807814457e-17,0.0,2.123
Nb3Te6,,,0.0,,0.0,-0.4600000000000001,0.0,0.0,0.04266666666666685,0.0,0.10499999999999998,-4.414,-4.711,-4.491666666666667,-54.35,1.3877787807814457e-17,0.0,2.466
Ag4Te4I4,,,0.746,1.121,0.062,-0.11699999999999999,0.0,0.727,1.098,0.746,1.121,-5.238,-5.602,-5.965,-31.495999999999995,1.3877787807814457e-17,0.0,1.949
Mn2SeSCl2,,,0.0,0.408,0.087,-0.703,1.0000000000000002,0.0,0.2200000000000002,0.0,0.4079999999999999,-5.289,-5.268,-5.378,-34.782,-0.5640000000000001,-0.42300000000000004,2.724
FeBr2MgO2,,,0.16,0.755,0.054,-1.28,1.0000000000000002,0.137,0.7549999999999997,0.15999999999999992,0.7549999999999999,-6.398,-6.466,-6.534,-31.757999999999996,0.536,0.382,2.532
Cr2S2F2,,,0.541,1.523,0.066,-1.564,1.0000000000000002,0.4940000000000001,1.523,0.541,1.5229999999999997,-6.15,-6.397,-6.644,-39.528,0.0050000000000000044,-0.011999999999999997,3.158
Sb4Na4O8,,,3.68,4.919,0.0,-1.561,0.0,3.541,4.747,3.68,4.919,-1.9370000000000003,-3.708,-5.478,-88.83,1.3877787807814457e-17,0.0,1.85
ZrNiSeS,,,1.163,2.385,0.052,-1.057,0.0,0.789,1.881,1.163,2.385,-4.128,-4.523,-4.917,-26.44,1.3877787807814457e-17,0.0,3.885
CoCl2,,,0.168,2.676,0.010000000000000002,-0.613,1.0000000000000002,0.16799999999999993,2.667,0.16799999999999993,2.676,-5.882,-5.966,-6.05,-13.637999999999998,-0.14599999999999996,-0.14600000000000002,2.456
IV2BrS2,,,0.311,0.638,0.045,-0.826,1.0000000000000002,0.30200000000000005,0.6379999999999999,0.31099999999999994,0.6379999999999999,-4.957,-5.108,-5.259,-33.222,-0.556,-0.83,3.921
C2,,,0.0,0.0,0.0,-0.006999999999999895,0.0,0.0,0.0,0.0,0.0,-4.248,-4.248,-4.249,-18.453999999999997,1.3877787807814457e-17,0.0,2.336
Re4Se8,,,1.116,1.621,0.0,-0.403,0.0,1.115,1.621,1.116,1.621,-3.929,-4.487,-5.045,-79.325,1.3877787807814457e-17,0.0,4.402
I2TiGeS2,,,0.49,1.636,0.068,-0.768,0.0,0.486,1.621,0.49,1.6360000000000001,-4.812,-5.056,-5.299,-26.928,1.3877787807814457e-17,0.0,3.301
Zr2Se4Br4,,,1.439,2.498,0.0,-1.167,0.0,1.381,2.451,1.439,2.498,-4.457,-5.147,-5.837,-46.743,1.3877787807814457e-17,0.0,3.203
Mn5Br2Cl3O6,,,0.275,1.005,0.077,-1.242,1.0000000000000002,0.16900000000000004,1.002,0.2749999999999999,1.005,-6.105,-6.189,-6.274,-107.733,-0.05199999999999999,0.062,3.159
HfI2,1.421,2.108,1.283,1.768,0.11399999999999999,-0.674,0.0,0.63,1.022,1.283,1.768,-2.474,-2.789,-3.104,-12.486000000000004,1.3877787807814457e-17,0.0,4.318
HfPdBr6,,,0.658,2.031,0.0,-0.988,1.0000000000000002,0.642,2.003,0.658,2.031,-5.432,-5.753,-6.074,-28.739,0.151,0.15,2.868
Cu2Br6,,,0.144,0.705,0.091,-0.15200000000000002,1.0000000000000002,0.10699999999999998,0.6430000000000002,0.1439999999999999,0.7050000000000001,-6.363,-6.416,-6.47,-18.074999999999996,-3.576,-3.5710000000000006,2.706
Ag4Te4Li4,,,1.09,1.831,0.048,-0.508,0.0,1.09,1.831,1.09,1.831,-2.923,-3.468,-4.013,-37.836,1.3877787807814457e-17,0.0,3.536
Tl4Te4,,,0.933,1.561,0.083,-0.14300000000000013,0.0,0.8440000000000001,1.419,0.933,1.561,-3.318,-3.74,-4.162,-23.957,1.3877787807814457e-17,0.0,2.831
Ca2P4O12,,,5.203,7.042,0.003999999999999997,-2.402,0.0,5.2010000000000005,7.038,5.203,7.042,-3.306,-5.906,-8.507,-130.201,1.3877787807814457e-17,0.0,1.617
WAg2Te4,,,0.885,1.592,0.085,-0.0019999999999998908,0.0,0.587,1.318,0.885,1.592,-3.938,-4.232,-4.526,-30.0,1.3877787807814457e-17,0.0,3.042
Te6Cr2Ge2,,,0.817,1.474,0.0020000000000000018,-0.18399999999999994,1.0000000000000002,0.125,0.8739999999999999,0.817,1.474,-4.57,-4.633,-4.695,-48.919,0.463,0.463,2.144
NaAlP2S6,,,3.05,4.107,0.0,-0.642,0.0,2.952,3.965,3.05,4.107,-3.559,-5.035,-6.511,-46.663,1.3877787807814457e-17,0.0,1.651
Co2As4Cl4O6,,,0.869,3.906,0.05,-0.946,1.0000000000000002,0.82,3.9059999999999997,0.869,3.906,-4.858,-5.267,-5.677,-88.138,0.286,-0.474,1.882
BiSeBr,2.01,2.153,0.88,1.521,0.0,-0.583,0.0,0.733,1.363,0.88,1.521,-5.616,-5.982,-6.349,-11.489000000000004,1.3877787807814457e-17,0.0,3.089
Ag2Cd2Te2I2,,,1.193,2.047,0.034,-0.344,0.0,1.193,2.047,1.193,2.047,-3.939,-4.536,-5.132,-19.656,1.3877787807814457e-17,0.0,1.622
Ag4Cl4O4H4,,,0.008,,0.1,-0.53,0.0,0.008000000000000007,0.97,0.008000000000000007,0.9836666666666667,-6.348,-6.352,-6.356,-60.769,1.3877787807814457e-17,0.0,1.483
Te2Cr,0.812,0.812,0.453,0.869,0.10799999999999998,-0.10599999999999998,0.0,0.45300000000000007,0.8689999999999998,0.45300000000000007,0.869,-4.322,-4.548,-4.775,-16.135999999999996,1.3877787807814457e-17,0.0,4.547
In2Te4Co,,,0.0,,0.088,-0.20699999999999996,0.0,0.0,0.9046666666666667,0.0,1.0726666666666669,-4.208333333333333,-4.232,-4.335666666666667,-28.024,1.3877787807814457e-17,0.0,3.607
MgS2H2,,,3.508,4.552,0.033,-0.656,0.0,3.5080000000000005,4.552,3.508,4.552,-1.448,-3.202,-4.956,-19.701,1.3877787807814457e-17,0.0,1.994
CoAl2S4,,,0.0,,0.098,-0.808,1.0000000000000002,0.0,0.76,0.0,0.8256666666666668,-4.022,-4.008,-4.275,-37.67,0.006000000000000019,0.0050000000000000044,3.229
Al2Si2S2,,,1.386,2.12,0.003999999999999997,-0.591,0.0,1.094,1.719,1.386,2.12,-3.659,-4.206,-4.753,-29.974,1.3877787807814457e-17,0.0,2.709
Au2MoO4,,,2.699,4.227,0.10899999999999999,-1.04,0.0,2.64,4.11,2.699,4.227,-3.949,-5.269,-6.589,-45.24,1.3877787807814457e-17,0.0,1.455
Ca2Cl4O8,,,2.864,4.669,0.181,-0.861,0.0,2.819,4.623,2.864,4.669,-2.114,-3.523,-4.932,-64.215,1.3877787807814457e-17,0.0,1.528
Hf2AsSe2,,,0.0,,0.016,-1.193,0.0,0.0,0.575,0.0,1.7946666666666666,-4.490333333333333,-4.896,-4.799,-32.604,1.3877787807814457e-17,0.0,3.21
PbBi2Te4,,,0.297,0.672,0.0,-0.285,0.0,0.11699999999999999,0.5060000000000002,0.29699999999999993,0.6720000000000002,-5.219,-5.277,-5.336,-27.919,1.3877787807814457e-17,0.0,3.571
Hf2CF2,,,0.0,,0.04,-2.26,0.0,0.0,1.3643333333333334,0.0,1.4473333333333336,-3.946,-3.63,-4.640333333333333,-38.707,1.3877787807814457e-17,0.0,4.754
CoAs2Se6Na,,,0.441,1.747,0.093,-0.254,0.0,0.34299999999999997,1.295,0.44100000000000006,1.747,-4.929,-5.101,-5.272,-42.302,1.3877787807814457e-17,0.0,1.941
TiNiBr3Cl3,,,1.042,3.451,0.047,-1.055,1.0000000000000002,1.042,3.451,1.042,3.451,-5.491,-6.011,-6.532,-32.487,-0.11199999999999999,0.066,2.775
MoO2,2.317,2.834,1.691,2.428,0.028,-1.979,0.0,0.912,1.651,1.691,2.428,-5.757,-6.213,-6.669,-27.388,1.3877787807814457e-17,0.0,4.128
Ga2Se2,3.445,3.524,1.844,2.578,0.0,-0.601,0.0,1.765,2.506,1.844,2.578,-4.032,-4.914,-5.796,-15.177,1.3877787807814457e-17,0.0,3.798
Pb2Te6,,,0.427,0.847,0.129,-0.08199999999999996,0.0,0.268,0.6539999999999999,0.42700000000000005,0.847,-4.689,-4.823,-4.957,-27.401,1.3877787807814457e-17,0.0,4.238
Pt2Te4,,,1.357,2.062,0.144,-0.276,0.0,1.309,2.001,1.357,2.062,-3.779,-4.433,-5.088,-27.181,1.3877787807814457e-17,0.0,2.896
Ta3SF7,,,0.96,1.799,0.095,-2.5999999999999996,0.0,0.96,1.799,0.96,1.799,-4.136,-4.616,-5.096,-73.232,1.3877787807814457e-17,0.0,1.567
Sb2Co2Se6,,,0.235,0.022,0.076,-0.21099999999999997,0.0,0.235,0.021999999999999797,0.23499999999999988,0.021999999999999797,-4.694,-4.811,-4.929,-48.273,1.3877787807814457e-17,0.0,3.799
Ta2Te6Ni4,,,0.0,,0.0010000000000000009,-0.382,0.0,0.0,0.061666666666666536,0.0,0.07266666666666666,-4.399333333333333,-4.511,-4.445666666666666,-72.441,1.3877787807814457e-17,0.0,2.378
As2Na2Be2,,,0.505,0.949,0.073,-0.33,0.0,0.505,0.9489999999999998,0.505,0.9489999999999996,-1.4059999999999997,-1.6589999999999998,-1.911,-21.325,1.3877787807814457e-17,0.0,2.286
Ba2Cl2H2,,,3.801,4.845,0.056,-1.574,0.0,3.7470000000000003,4.823,3.801,4.845,-2.363,-4.237,-6.11,-23.317,1.3877787807814457e-17,0.0,2.189
Nb2Te2B,,,0.0,,0.059,-0.547,0.0,0.0,0.48766666666666647,0.0,0.5100000000000002,-4.606,-4.569,-5.011333333333334,-36.5,1.3877787807814457e-17,0.0,6.699
Sc2Cl6,,,3.94,6.001,0.0,-2.163,0.0,3.922,5.970000000000001,3.94,6.001,-4.285,-6.246,-8.207,-37.337,1.3877787807814457e-17,0.0,2.705
Au2Hg2Te2Cl2,,,0.494,1.09,0.089,-0.265,0.0,0.4940000000000001,1.09,0.494,1.09,-4.542,-4.789,-5.036,-20.131,1.3877787807814457e-17,0.0,1.592
Ge4As4S4,,,2.085,2.907,0.0,-0.22399999999999998,0.0,2.041,2.844,2.085,2.907,-3.899,-4.92,-5.94,-55.717,1.3877787807814457e-17,0.0,1.644
Te2S8Li6H2,,,2.22,3.148,0.044,-0.694,0.0,2.093,2.992,2.22,3.148,-3.21,-4.257,-5.303,-69.517,1.3877787807814457e-17,0.0,1.274
Li2B2O8H8,,,4.88,6.616,0.028,-1.594,0.0,4.88,6.616,4.88,6.616,-1.1710000000000003,-3.611,-6.05,-116.658,1.3877787807814457e-17,0.0,0.915
Ta2Te2Ni4Se2,,,0.0,,0.0,-0.507,0.0,0.0,0.022333333333333538,0.0,0.028999999999999915,-4.461333333333333,-4.495,-4.519,-67.063,1.3877787807814457e-17,0.0,3.004
I4CrMnCuS2,,,0.0,,0.097,-0.335,1.0000000000000002,0.0,0.8413333333333335,0.0,1.073,-5.28,-5.393,-5.479666666666667,-39.884,0.6519999999999999,1.855,3.0
CrBrS,,,1.54,3.007,0.044,-0.766,1.0000000000000002,1.155,2.693,1.54,3.007,-4.548,-5.125,-5.703,-17.368,-0.04999999999999999,-0.051000000000000004,1.876
Cr2NiS4,,,0.0,,0.051,-0.58,1.0000000000000002,0.0,1.1013333333333335,0.0,1.4183333333333334,-5.290333333333334,-5.779,-5.484333333333333,-46.44,0.05199999999999999,0.049,3.763
Sn2P2O6H2,,,4.365,5.436,0.0,-1.532,0.0,4.3,5.337,4.365,5.436,-1.847,-3.997,-6.147,-74.615,1.3877787807814457e-17,0.0,1.377
W2Te2Mg2O12,,,3.524,4.982,0.028,-2.003,0.0,3.464,4.867,3.524,4.982,-4.71,-6.442,-8.174,-130.159,1.3877787807814457e-17,0.0,2.888
InI4LiO12,,,2.86,4.311,0.0,-0.548,0.0,2.788,4.136,2.86,4.311,-4.238,-5.632,-7.026,-81.915,1.3877787807814457e-17,0.0,2.31
Sc2Se2Cl2,,,1.51,2.864,0.0,-1.911,0.0,1.409,2.702,1.51,2.864,-4.635,-5.34,-6.044,-31.323,1.3877787807814457e-17,0.0,3.393
Ru2F8,,,0.749,2.286,0.0,-1.855,1.0000000000000002,0.628,2.286,0.749,2.286,-7.315,-7.629,-7.943,-50.168,12.594,14.015,1.426
Ir2PdNiSe8,,,0.453,1.057,0.039,-0.285,0.0,0.44399999999999995,1.033,0.45300000000000007,1.057,-4.708,-4.93,-5.152,-60.895,1.3877787807814457e-17,0.0,3.739
Mo2Br2Cl2O2,,,0.0,,0.0,-1.257,0.0,0.0,0.4803333333333335,0.0,0.4803333333333337,-4.891,-4.856,-5.053,-49.45,1.3877787807814457e-17,0.0,3.377
Na2O2H2,,,2.802,4.458,0.0,-1.365,0.0,2.802,4.458,2.802,4.458,-1.3399999999999999,-2.742,-4.143,-27.7,1.3877787807814457e-17,0.0,0.6030000000000002
I4Co2As4O6,,,0.817,3.342,0.077,-0.741,1.0000000000000002,0.762,3.183,0.817,3.342,-4.705,-5.086,-5.467,-83.624,-0.688,-1.32,2.222
Ta2Pd4Te6,,,0.0,,0.011,-0.427,0.0,0.0,0.011666666666666714,0.0,0.015000000000000124,-4.414,-4.672,-4.491666666666667,-59.269,1.3877787807814457e-17,0.0,2.415
In2ZnS4,,,0.021,0.87,0.07,-0.581,0.0,0.018999999999999906,0.8700000000000001,0.020999999999999908,0.8700000000000001,-5.373,-5.382,-5.392,-27.086,1.3877787807814457e-17,0.0,3.183
Nb2Br6,,,0.109,1.005,0.045,-0.917,0.0,0.10899999999999999,1.004,0.10899999999999976,1.005,-4.57,-4.625,-4.679,-37.5,1.3877787807814457e-17,0.0,3.126
Rh2P2S6,,,0.862,1.468,0.02,-0.346,0.0,0.7870000000000001,1.348,0.862,1.468,-4.591,-4.985,-5.378,-52.95,1.3877787807814457e-17,0.0,3.707
Pb2Sb2S6C2H6,,,1.973,2.889,0.086,-0.20199999999999996,0.0,1.973,2.889,1.973,2.889,-3.462,-4.448,-5.435,-82.823,1.3877787807814457e-17,0.0,1.613
CdSn2S2Cl2,,,2.147,2.89,0.047,-0.708,0.0,2.093,2.822,2.147,2.89,-3.329,-4.376,-5.422,-25.721,1.3877787807814457e-17,0.0,1.628
Re2MnO8,,,1.653,4.097,0.0,-1.73,1.0000000000000002,1.565,4.03,1.653,4.097,-5.205,-5.988,-6.77,-93.057,2.251,2.254,1.607
Hg2I6Cu2,,,0.658,2.016,0.048,-0.238,0.0,0.658,2.016,0.658,2.016,-4.695,-5.024,-5.353,-20.378,1.3877787807814457e-17,0.0,3.279
Nb3I7O,,,0.239,0.954,0.091,-0.742,0.0,0.239,0.9519999999999997,0.23899999999999988,0.9540000000000002,-4.69,-4.809,-4.929,-54.611,1.3877787807814457e-17,0.0,2.081
Sn2AsSe6,,,0.0,,0.052,-0.21199999999999997,0.0,0.0,0.9726666666666666,0.0,1.0096666666666665,-5.927999999999999,-5.746,-6.246666666666666,-35.581,1.3877787807814457e-17,0.0,1.991
K2O2H2,,,3.26,4.89,0.04,-1.329,0.0,3.26,4.89,3.26,4.89,-1.3549999999999995,-2.985,-4.615,-27.31,1.3877787807814457e-17,0.0,1.014
Sb4Ni2Br4O6,,,1.064,3.769,0.031,-0.985,1.0000000000000002,1.018,3.717,1.064,3.769,-4.71,-5.219,-5.728,-84.956,-0.6540000000000001,-0.404,1.979
Bi2I2O2,,,1.148,2.015,0.0,-0.997,0.0,1.017,1.849,1.148,2.015,-5.153,-5.662,-6.17,-28.537,1.3877787807814457e-17,0.0,4.875
Hf2Se4Cl4,,,1.64,2.561,0.021,-1.309,0.0,1.623,2.539,1.64,2.561,-4.192,-5.004,-5.815,-49.175,1.3877787807814457e-17,0.0,3.282
Ta4Ge2Se8,,,0.293,0.419,0.028,-0.697,0.0,0.17599999999999993,0.19700000000000006,0.2929999999999999,0.41900000000000004,-4.38,-4.468,-4.555,-85.912,1.3877787807814457e-17,0.0,2.336
I4KAlO12,,,3.107,4.61,0.031,-0.683,0.0,3.107,4.572,3.107,4.61,-3.996,-5.55,-7.103,-84.661,1.3877787807814457e-17,0.0,2.051
Ca2S6H8,,,3.591,4.911,0.034,-0.646,0.0,3.591,4.911,3.591,4.911,-2.206,-4.001,-5.797,-65.429,1.3877787807814457e-17,0.0,1.575
Nb2Te10Ni2,,,0.0,,0.012999999999999998,-0.33799999999999997,0.0,0.0,0.061666666666666536,0.0,0.07266666666666666,-4.399333333333333,-4.711,-4.445666666666666,-71.934,1.3877787807814457e-17,0.0,2.232
Nb2PdSe6,,,0.0,,0.0,-0.732,0.0,0.0,0.2243333333333335,0.0,0.24300000000000033,-4.823333333333333,-5.188,-5.052,-51.959,1.3877787807814457e-17,0.0,2.198
PdNi2Se6,,,0.512,0.957,0.005999999999999998,-0.263,0.0,0.20199999999999996,0.546,0.512,0.9569999999999999,-4.822,-4.923,-5.024,-41.578,1.3877787807814457e-17,0.0,3.534
InCuP2S6,,,1.546,3.033,0.0,-0.346,0.0,1.546,2.828,1.546,3.033,-4.497,-5.27,-6.043,-45.097,1.3877787807814457e-17,0.0,1.989
Nb4Sn2Te8,,,0.301,0.467,0.0,-0.461,0.0,0.29600000000000004,0.42700000000000005,0.30099999999999993,0.4670000000000001,-4.23,-4.378,-4.526,-81.508,1.3877787807814457e-17,0.0,2.428
Zr2Ge2Se8,,,1.086,1.835,0.0,-0.828,0.0,0.999,1.776,1.086,1.835,-4.177,-4.676,-5.176,-61.63,1.3877787807814457e-17,0.0,2.15
MoCu2S4,,,1.549,2.871,0.03,-0.486,0.0,1.17,2.617,1.549,2.871,-4.534,-5.119,-5.704,-38.27,1.3877787807814457e-17,0.0,2.811
HgPb2I2S2,,,1.873,2.696,0.028,-0.487,0.0,1.81,2.633,1.873,2.696,-3.985,-4.89,-5.796,-22.926,1.3877787807814457e-17,0.0,1.907
Re4O8,,,1.403,2.244,0.092,-1.4340000000000002,0.0,1.304,2.098,1.403,2.244,-5.38,-6.032,-6.684,-104.83500000000001,1.3877787807814457e-17,0.0,3.843
AuSbSe6P2,,,1.143,1.919,0.005999999999999998,-0.11699999999999999,0.0,0.866,1.4929999999999999,1.143,1.919,-4.637,-5.07,-5.503,-40.337,1.3877787807814457e-17,0.0,2.013
AgSbTe6P2,,,0.475,1.13,0.084,0.039000000000000146,0.0,0.475,1.123,0.475,1.13,-4.363,-4.601,-4.839,-36.81,1.3877787807814457e-17,0.0,2.107
Pt4Br8,,,1.303,2.542,0.0,-0.269,0.0,1.302,2.538,1.303,2.542,-4.435,-5.086,-5.737,-41.316,1.3877787807814457e-17,0.0,1.336
Sn2AsS6,,,0.0,,0.076,-0.22999999999999998,0.0,0.0,0.7173333333333334,0.0,0.8029999999999999,-5.917333333333334,-6.057,-6.248666666666667,-39.318,1.3877787807814457e-17,0.0,1.951
Au2O2,0.97,1.581,0.439,1.328,0.006999999999999999,-0.010000000000000009,0.0,0.17399999999999993,0.865,0.43900000000000006,1.328,-5.228,-5.315,-5.402,-16.547,1.3877787807814457e-17,0.0,2.137
PdZnSe6P2,,,0.126,0.925,0.075,-0.20799999999999996,1.0000000000000002,0.06499999999999995,0.796,0.1260000000000001,0.9250000000000003,-4.804,-4.836,-4.868,-38.706,0.484,0.486,3.77
Pb2P2Cl2O6,,,3.807,5.201,0.033,-1.729,0.0,3.7270000000000003,5.175,3.807,5.201,-3.366,-5.23,-7.093,-73.31,1.3877787807814457e-17,0.0,2.004
SrIOH,,,1.203,2.016,0.087,-1.743,0.0,1.203,2.016,1.203,2.016,-3.034,-3.636,-4.238,-18.575,1.3877787807814457e-17,0.0,2.448
Ga2Mg2S5,,,1.229,2.246,0.0,-1.034,0.0,1.229,2.246,1.229,2.246,-4.279,-4.893,-5.507,-38.739,1.3877787807814457e-17,0.0,3.4
Ag2Sn2Br6,,,2.467,3.283,0.0,-0.622,0.0,2.207,3.095,2.4669999999999996,3.283,-4.005,-5.109,-6.212,-29.522,1.3877787807814457e-17,0.0,2.841
Cs2Se2Na2,,,1.372,2.141,0.046,-1.067,0.0,1.372,2.141,1.372,2.141,-0.9539999999999997,-1.6399999999999997,-2.326,-17.648000000000003,1.3877787807814457e-17,0.0,2.232
Nb2PdS6,,,0.0,,0.0,-0.864,0.0,0.0,1.2249999999999999,0.0,1.2249999999999999,-5.027,-5.657,-5.539000000000001,-56.721,1.3877787807814457e-17,0.0,2.116
V2Cl6,,,0.0,0.023,0.0,-1.271,1.0000000000000002,0.0,0.02300000000000013,0.0,0.02300000000000013,-5.373666666666667,-5.886,-5.449,-37.926,-0.704,-0.702,2.785
Ag2S4F2,,,1.48,2.162,0.005999999999999998,-0.552,0.0,1.354,1.99,1.48,2.162,-4.876,-5.553,-6.23,-29.581,1.3877787807814457e-17,0.0,2.16
Ti2N2F2,,,0.729,2.328,0.0,-2.297,0.0,0.729,2.328,0.729,2.328,-5.75,-6.114,-6.479,-47.039,1.3877787807814457e-17,0.0,3.268
Cr2P2S8,,,0.819,2.404,0.0,-0.458,1.0000000000000002,0.819,2.404,0.819,2.404,-4.966,-5.376,-5.786,-67.666,-0.09099999999999997,-0.09700000000000002,3.252
Bi4S12B4,,,1.489,2.378,0.085,-0.315,0.0,1.486,2.378,1.489,2.378,-4.191,-4.934,-5.677,-100.753,1.3877787807814457e-17,0.0,1.935
Sr2Ag2I6,,,2.677,3.707,0.019000000000000003,-1.134,0.0,2.677,3.707,2.6770000000000005,3.707,-3.452,-4.79,-6.128,-29.24,1.3877787807814457e-17,0.0,3.082
Ag2I6V2,,,1.309,3.131,0.03,-0.381,1.0000000000000002,1.286,3.1,1.309,3.131,-3.321,-3.964,-4.607,-35.41,-0.316,-0.317,3.393
HfTeS,,,0.603,1.252,0.164,-1.048,0.0,0.038000000000000034,0.48099999999999987,0.603,1.252,-5.172,-5.191,-5.21,-17.931999999999995,1.3877787807814457e-17,0.0,4.167
Zn2Se6P2,,,1.496,2.392,0.023,-0.29699999999999993,0.0,1.307,2.222,1.496,2.392,-4.223,-4.877,-5.53,-36.966,1.3877787807814457e-17,0.0,3.676
Se2S8Li6H2,,,2.145,3.144,0.083,-0.637,0.0,2.124,3.065,2.145,3.144,-3.276,-4.338,-5.4,-69.041,1.3877787807814457e-17,0.0,1.285
W2Cr2Se8,,,0.759,1.203,0.015,-0.525,0.0,0.759,1.203,0.759,1.203,-4.327,-4.706,-5.086,-75.952,1.3877787807814457e-17,0.0,4.494
Ag4Cl8,,,0.318,0.778,0.08,-0.284,0.0,0.255,0.778,0.31800000000000006,0.7779999999999998,-7.257,-7.385,-7.512,-29.047,1.3877787807814457e-17,0.0,2.446
IrTeI,,,1.304,2.141,0.048,-0.18900000000000006,0.0,1.038,1.821,1.304,2.141,-3.596,-4.115,-4.635,-14.524999999999999,1.3877787807814457e-17,0.0,3.962
Hf2N2F2,,,2.683,3.903,0.048,-2.531,0.0,2.683,3.903,2.683,3.903,-3.496,-4.837,-6.178,-50.077,1.3877787807814457e-17,0.0,2.524
I2Zn,5.193,5.193,2.431,3.419,0.0030000000000000027,-0.613,0.0,2.431,3.419,2.431,3.419,-3.409,-4.625,-5.84,-5.978999999999999,1.3877787807814457e-17,0.0,2.619
In4Cl4,,,0.21,0.612,0.054,-0.788,0.0,0.20999999999999996,0.6120000000000001,0.20999999999999996,0.6120000000000001,-4.695,-4.8,-4.905,-24.498,1.3877787807814457e-17,0.0,2.185
Ag2I2,,,1.768,2.782,0.010000000000000002,-0.259,0.0,1.768,2.782,1.768,2.782,-3.646,-4.531,-5.415,-9.671999999999997,1.3877787807814457e-17,0.0,3.342
Bi4I4Ni2O6,,,0.605,3.263,0.069,-0.812,1.0000000000000002,0.605,3.236,0.605,3.263,-4.64,-4.943,-5.245,-82.842,-3.8250000000000006,-3.095,2.175
Ge2Se6Al2,,,1.67,2.445,0.006999999999999999,-0.547,0.0,1.645,2.408,1.67,2.445,-4.243,-5.065,-5.888,-42.879,1.3877787807814457e-17,0.0,2.041
Ta2Br2O4,,,1.719,3.207,0.0,-2.332,0.0,1.644,3.107,1.719,3.207,-5.376,-6.198,-7.019,-61.955,1.3877787807814457e-17,0.0,2.783
Tl2As2Be2,,,0.963,1.376,0.067,0.005999999999999894,0.0,0.09600000000000009,0.5939999999999999,0.963,1.376,-4.297,-4.345,-4.393,-21.689,1.3877787807814457e-17,0.0,2.931
Hg2Sn2Se6,,,0.397,0.953,0.041,-0.273,0.0,0.397,0.9529999999999996,0.39700000000000013,0.9530000000000001,-5.094,-5.292,-5.491,-33.513,1.3877787807814457e-17,0.0,3.598
Ge2As2S6C2H6,,,1.731,2.598,0.076,-0.14300000000000013,0.0,1.726,2.592,1.731,2.598,-3.327,-4.19,-5.053,-83.791,1.3877787807814457e-17,0.0,1.403
Pt4Tl2S6,,,1.526,2.343,0.025,-0.459,0.0,1.253,2.074,1.526,2.343,-3.596,-4.222,-4.849,-60.392,1.3877787807814457e-17,0.0,1.828
Au2Cd2I6,,,1.421,2.278,0.05,-0.367,0.0,1.421,2.278,1.421,2.278,-4.11,-4.82,-5.531,-20.655,1.3877787807814457e-17,0.0,3.373
IVSeBr,,,0.847,2.53,0.11599999999999999,-0.545,1.0000000000000002,0.847,2.323,0.847,2.53,-4.537,-4.961,-5.385,-17.249,-0.043999999999999984,-0.09900000000000002,1.319
Pb2Te6,,,0.427,0.847,0.129,-0.08199999999999996,0.0,0.268,0.6539999999999999,0.42700000000000005,0.847,-4.689,-4.823,-4.957,-27.401,1.3877787807814457e-17,0.0,4.238
Ti2CH2,,,0.0,,0.053,-0.586,0.0,0.0,1.085,0.0,1.1876666666666669,-3.8129999999999997,-4.077,-4.193666666666667,-32.176,1.3877787807814457e-17,0.0,3.597
Te4FeGa2,,,0.66,1.17,0.095,-0.20100000000000007,0.0,0.18599999999999994,0.9180000000000001,0.66,1.17,-3.953,-4.046,-4.139,-29.078,1.3877787807814457e-17,0.0,3.454
W2Mo2S8,,,1.532,2.062,0.0,-0.9,0.0,1.532,2.062,1.532,2.062,-4.172,-4.938,-5.704,-88.804,1.3877787807814457e-17,0.0,4.584
Au2Ag2Cl8,,,0.979,2.375,0.0,-0.389,0.0,0.909,2.332,0.979,2.375,-5.898,-6.352,-6.807,-30.882,1.3877787807814457e-17,0.0,1.357
Se6Al4,,,2.217,3.034,0.017,-0.839,0.0,2.204,3.01,2.217,3.034,-4.0,-5.102,-6.204,-44.243,1.3877787807814457e-17,0.0,2.717
BiSeBr,2.351,2.544,1.244,1.953,0.11099999999999999,-0.471,0.0,1.02,1.742,1.244,1.953,-5.49,-6.0,-6.511,-11.155000000000001,1.3877787807814457e-17,0.0,3.537
InMnSe2Br2,,,0.255,0.87,0.088,-0.578,1.0000000000000002,0.18999999999999995,0.79,0.2549999999999999,0.8700000000000001,-5.271,-5.365,-5.46,-26.085,-0.199,0.535,2.801
Sr4Sb4Se8F4,,,0.878,1.249,0.0,-1.76,0.0,0.878,1.249,0.878,1.249,-4.418,-4.857,-5.296,-93.724,1.3877787807814457e-17,0.0,3.513
Ti2NO2H2,,,0.0,,0.147,-1.645,0.0,0.0,1.6139999999999999,0.0,1.9413333333333331,-3.0393333333333334,-2.173,-3.7800000000000002,-50.141,1.3877787807814457e-17,0.0,3.92
IVBrS,,,0.613,2.241,0.128,-0.602,1.0000000000000002,0.537,1.98,0.613,2.241,-5.051,-5.319,-5.588,-18.074,0.05099999999999999,-0.02600000000000001,1.65
CaSe2H2,,,3.177,4.172,0.043,-0.771,0.0,3.177,4.172,3.1769999999999996,4.172,-1.794,-3.382,-4.971,-19.479,1.3877787807814457e-17,0.0,2.081
PdNi2Se6,,,0.512,0.957,0.005999999999999998,-0.263,0.0,0.20199999999999996,0.546,0.512,0.9569999999999999,-4.822,-4.923,-5.024,-41.578,1.3877787807814457e-17,0.0,3.534
Hf2Zr2Se8,,,0.867,1.757,0.161,-1.2,0.0,0.841,1.715,0.867,1.757,-5.435,-5.855,-6.276,-72.086,1.3877787807814457e-17,0.0,4.025
Ag2Br4Cl2,,,1.505,2.772,0.011,-0.22699999999999998,0.0,1.456,2.684,1.505,2.772,-5.094,-5.822,-6.55,-17.405999999999995,1.3877787807814457e-17,0.0,2.345
Mo2I4O4,,,0.0,,0.0049999999999999975,-1.2,0.0,0.0,0.2243333333333335,0.0,0.24300000000000033,-4.823333333333333,-5.098,-5.052,-60.812,1.3877787807814457e-17,0.0,2.144
Ta3I7S,,,0.689,1.306,0.0,-0.557,0.0,0.684,1.295,0.689,1.306,-4.244,-4.586,-4.928,-50.003,1.3877787807814457e-17,0.0,2.115
SrP2F12,,,6.876,9.426,0.0,-2.982,0.0,6.876,9.426,6.8759999999999994,9.426,-3.456,-6.894,-10.332,-76.173,1.3877787807814457e-17,0.0,2.447
Sb4Co2Br4O6,,,0.867,3.435,0.02,-1.018,1.0000000000000002,0.831,3.435,0.867,3.435,-4.442,-4.858,-5.273,-87.461,1.148,0.593,2.075
Nb4Se12Cl2,,,0.642,1.081,0.015,-0.728,0.0,0.625,1.081,0.642,1.0809999999999997,-4.399,-4.712,-5.024,-99.78,1.3877787807814457e-17,0.0,1.812
SnSeS,,,1.366,2.064,0.010000000000000002,-0.364,0.0,0.837,1.476,1.366,2.064,-5.263,-5.682,-6.101,-12.71,1.3877787807814457e-17,0.0,3.623
HfZrBrClN2,,,1.93,3.213,0.009000000000000001,-1.783,0.0,1.93,3.213,1.93,3.213,-4.407,-5.372,-6.337,-45.682,1.3877787807814457e-17,0.0,4.303
Pt2Cl2,2.43,2.43,1.308,2.264,0.0,-0.33799999999999997,0.0,1.308,2.232,1.308,2.264,-4.413,-5.067,-5.721,-17.631,1.3877787807814457e-17,0.0,4.311
Mo2Cl6,,,0.507,0.815,0.139,-0.78,0.0,0.507,0.8149999999999997,0.507,0.815,-4.558,-4.811,-5.065,-39.351,1.3877787807814457e-17,0.0,3.695
CoGa2S4,,,0.0,,0.045,-0.569,1.0000000000000002,0.0,1.5043333333333333,0.0,1.5043333333333333,-4.350666666666667,-4.349,-4.469666666666667,-34.33,0.066,0.066,3.262
Ag2Cd2Se2Cl2,,,1.043,2.081,0.078,-0.532,0.0,1.043,2.081,1.043,2.081,-4.471,-4.993,-5.514,-22.325,1.3877787807814457e-17,0.0,1.471
Ga2MgS4,,,1.128,2.151,0.0,-0.914,0.0,1.128,2.151,1.128,2.151,-4.405,-4.969,-5.533,-30.133,1.3877787807814457e-17,0.0,2.957
Ta2Pd2S10,,,0.0,,0.073,-0.559,0.0,0.0,0.8303333333333331,0.0,0.8590000000000002,-5.578333333333333,-5.937,-5.8500000000000005,-75.878,1.3877787807814457e-17,0.0,2.073
Cr4O10,,,0.507,1.321,0.0,-1.626,0.0,0.5,1.321,0.507,1.321,-6.23,-6.48,-6.73,-111.637,1.3877787807814457e-17,0.0,1.5340000000000003
Ba2I2Cl2,,,3.693,4.709,0.034,-2.19,0.0,3.69,4.709,3.693,4.709,-2.6949999999999994,-4.54,-6.385,-23.322,1.3877787807814457e-17,0.0,2.532
Te6O14,,,2.509,3.795,0.093,-0.926,0.0,2.29,3.556,2.509,3.795,-5.706,-6.851,-7.996,-109.483,1.3877787807814457e-17,0.0,2.31
Nb2Cl2C,,,0.0,,0.0,-1.051,0.0,0.0,0.9336666666666666,0.0,1.4169999999999998,-4.865333333333333,-4.241,-5.182666666666666,-38.698,1.3877787807814457e-17,0.0,5.761
Hg2Ag2Se2Cl2,,,1.348,2.362,0.03,-0.352,0.0,1.348,2.362,1.348,2.362,-4.43,-5.104,-5.778,-20.801,1.3877787807814457e-17,0.0,1.462
Te4I4Ti4,,,0.173,0.733,0.081,-0.68,1.0000000000000002,0.1339999999999999,0.6179999999999999,0.17300000000000004,0.7330000000000003,-4.374,-4.44,-4.507,-53.657,4.311,4.287,4.03
Cr2F4,,,1.407,4.28,0.11699999999999999,-2.3290000000000006,1.0000000000000002,1.396,4.28,1.407,4.28,-3.69,-4.389,-5.087,-39.14,-0.15499999999999997,-0.588,1.122
Ba4P4S8F4,,,2.11,2.987,0.087,-1.746,0.0,2.056,2.96,2.11,2.987,-3.996,-5.024,-6.052,-102.667,1.3877787807814457e-17,0.0,3.293
V2Br3ClO2,,,0.995,1.983,0.028999999999999998,-1.452,0.0,0.901,1.976,0.995,1.983,-4.819,-5.27,-5.721,-45.452,1.3877787807814457e-17,0.0,3.042
Y2F6,,,7.728,9.894,0.0,-4.154,0.0,7.728,9.894,7.728,9.894,-2.07,-5.934,-9.798,-52.137,1.3877787807814457e-17,0.0,2.021
Cu2Cl2C2O2,,,2.769,5.038,0.119,-0.613,0.0,2.508,4.689,2.769,5.038,-3.252,-4.506,-5.76,-44.514,1.3877787807814457e-17,0.0,1.553
MgO2H2,,,3.352,5.028,0.009000000000000001,-1.7680000000000002,0.0,3.352,5.028,3.352,5.028,-1.2119999999999997,-2.888,-4.564,-27.354,1.3877787807814457e-17,0.0,1.4
Hf4Se6S2,,,0.536,1.344,0.0,-1.414,0.0,0.536,1.344,0.536,1.344,-5.022,-5.29,-5.558,-76.042,1.3877787807814457e-17,0.0,3.82
AgInSe6P2,,,0.997,1.904,0.0,-0.23299999999999998,0.0,0.863,1.707,0.997,1.904,-4.509,-4.941,-5.372,-39.557,1.3877787807814457e-17,0.0,2.019
Nb3SCl7,,,0.886,1.654,0.0,-1.375,0.0,0.886,1.654,0.886,1.654,-4.772,-5.215,-5.658,-62.674,1.3877787807814457e-17,0.0,1.852
Cs2S6C4H6,,,2.246,3.351,0.067,-0.276,0.0,2.243,3.345,2.246,3.351,-2.65,-3.772,-4.893,-87.929,1.3877787807814457e-17,0.0,1.675
Hg2Cu2Cl6,,,0.676,2.677,0.005999999999999998,-0.569,0.0,0.676,2.677,0.676,2.677,-5.203,-5.542,-5.88,-25.524,1.3877787807814457e-17,0.0,2.935
Os2Rb2S2N2F10,,,0.964,2.545,0.0,-1.791,1.0000000000000002,0.865,2.52,0.964,2.545,-4.68,-5.113,-5.545,-97.173,-1.849,-5.454,1.868
Bi2Cl6,,,2.381,3.321,0.0,-1.014,0.0,2.36,3.317,2.381,3.321,-5.423,-6.603,-7.783,-28.175,1.3877787807814457e-17,0.0,2.597
Hf2CO2,,,2.036,2.911,0.168,-2.307,0.0,0.938,1.681,2.036,2.911,-4.41,-4.879,-5.348,-46.017,1.3877787807814457e-17,0.0,4.979
Mn2SeCl2,,,0.446,2.883,0.048,-0.729,1.0000000000000002,0.09800000000000009,2.366,0.44599999999999995,2.883,-4.868,-4.917,-4.966,-30.130000000000003,0.064,0.064,4.244
Pt4Hg2Te6,,,0.157,0.212,0.073,-0.2879999999999999,0.0,0.1140000000000001,0.2120000000000002,0.15700000000000003,0.2120000000000002,-4.588,-4.645,-4.702,-49.876,1.3877787807814457e-17,0.0,2.753
Ag4Se4O12,,,0.121,0.477,0.013999999999999999,-0.522,0.0,0.121,0.47699999999999987,0.121,0.47699999999999987,-5.585,-5.645,-5.705,-97.229,1.3877787807814457e-17,0.0,1.072
Nb4Se8Si2,,,0.538,0.747,0.0,-0.825,0.0,0.44599999999999995,0.6360000000000001,0.538,0.7469999999999999,-4.314,-4.537,-4.76,-91.51,1.3877787807814457e-17,0.0,2.329
Cs2Os2N2O2F10,,,0.983,2.93,0.0,-1.9749999999999999,1.0000000000000002,0.929,2.891,0.983,2.93,-5.552,-6.016,-6.48,-102.412,-1.103,-3.286,2.057
In2I2Cl2,,,2.496,3.394,0.019000000000000003,-0.774,0.0,2.473,3.359,2.496,3.394,-3.755,-4.991,-6.228,-16.7,1.3877787807814457e-17,0.0,2.221
Cr4S6,,,0.636,1.845,0.03,-0.703,1.0000000000000002,0.636,1.775,0.636,1.845,-5.285,-5.603,-5.921,-69.132,-0.15799999999999997,-0.15700000000000003,5.254
Pt4Hg2Te6,,,0.157,0.212,0.073,-0.2879999999999999,0.0,0.1140000000000001,0.2120000000000002,0.15700000000000003,0.2120000000000002,-4.588,-4.645,-4.702,-49.876,1.3877787807814457e-17,0.0,2.753
Hf2CH2,,,0.0,,0.082,-0.588,0.0,0.0,0.7889999999999999,0.0,0.8086666666666666,-3.937666666666667,-3.426,-4.263,-33.82,1.3877787807814457e-17,0.0,3.976
Se4MgAl2,,,1.064,1.984,0.011,-0.962,0.0,1.064,1.984,1.064,1.984,-3.772,-4.304,-4.836,-29.756,1.3877787807814457e-17,0.0,2.983
Rb2Se2S6C2H6,,,0.968,1.809,0.064,-0.268,0.0,0.968,1.809,0.968,1.809,-3.412,-3.896,-4.38,-76.458,1.3877787807814457e-17,0.0,1.45
Pd4Te4P4,,,0.944,1.757,0.076,-0.323,0.0,0.733,1.419,0.944,1.757,-4.438,-4.804,-5.171,-53.437,1.3877787807814457e-17,0.0,2.405
Hg4I8,,,1.664,2.49,0.0,-0.357,0.0,1.664,2.49,1.664,2.49,-4.501,-5.333,-6.165,-19.648,1.3877787807814457e-17,0.0,1.329
PtK2S6H6,,,2.286,3.423,0.0,-0.476,0.0,2.284,3.419,2.286,3.423,-2.842,-3.984,-5.126,-60.352,1.3877787807814457e-17,0.0,1.111
Co2O2F2,,,0.101,1.39,0.0,-1.454,0.0,0.10099999999999998,1.39,0.10099999999999998,1.39,-7.137,-7.187,-7.238,-38.601,1.3877787807814457e-17,0.0,3.438
I4Cu4O4H4,,,0.164,0.631,0.053,-0.539,0.0,0.13600000000000012,0.615,0.16399999999999992,0.631,-5.183,-5.251,-5.32,-63.041,1.3877787807814457e-17,0.0,1.904
YBr2,1.574,2.283,0.916,1.566,0.016,-1.729,1.0000000000000002,0.34399999999999986,0.9010000000000002,0.916,1.5659999999999998,-3.59,-3.762,-3.934,-13.046999999999997,0.119,0.119,3.476
Nb2Te2N,,,0.0,,0.076,-0.687,0.0,0.0,0.48766666666666647,0.0,0.5100000000000002,-4.606,-4.095,-5.011333333333334,-38.851,1.3877787807814457e-17,0.0,6.918999999999999
Zr2N2F2,,,2.342,3.566,0.02,-2.566,0.0,2.342,3.566,2.342,3.566,-3.861,-5.032,-6.203,-50.078,1.3877787807814457e-17,0.0,2.501
Te6V2,,,0.0,,0.067,-0.17500000000000004,1.0000000000000002,0.0,2.264,0.0,2.5083333333333333,-4.759666666666667,-4.705,-4.836333333333333,-37.676,1.305,0.284,5.222
Cr3Se6,,,0.478,1.162,0.054,-0.432,0.0,0.478,1.158,0.478,1.162,-4.76,-4.999,-5.238,-53.011,1.3877787807814457e-17,0.0,4.363
Ta4Se6,,,0.142,0.257,0.0,-0.79,0.0,0.04499999999999993,0.20100000000000007,0.14200000000000013,0.2570000000000001,-4.769,-4.792,-4.814,-68.066,1.3877787807814457e-17,0.0,2.392
Rh2Te2F2,,,0.987,2.129,0.097,-1.017,0.0,0.942,2.115,0.987,2.129,-4.402,-4.873,-5.344,-29.982,1.3877787807814457e-17,0.0,1.688
VBr2O,,,0.811,3.109,0.0,-1.426,1.0000000000000002,0.77,3.019,0.8110000000000002,3.109,-5.163,-5.548,-5.933,-22.52,0.037000000000000005,-0.02600000000000001,1.646
BiBrS,2.666,2.908,1.487,2.29,0.124,-0.442,0.0,1.188,1.98,1.487,2.29,-5.605,-6.199,-6.793,-11.661000000000001,1.3877787807814457e-17,0.0,3.521
In4F4,,,2.465,3.003,0.0,-1.763,0.0,2.465,3.003,2.465,3.003,-2.697,-3.929,-5.161,-31.501,1.3877787807814457e-17,0.0,2.663
Rb2K2O2,,,0.495,1.813,0.07,-0.913,0.0,0.495,1.772,0.495,1.8130000000000002,-1.3619999999999997,-1.609,-1.8570000000000002,-19.983,1.3877787807814457e-17,0.0,1.51
Te4Se2O14,,,3.123,4.531,0.036,-0.875,0.0,2.888,4.219,3.123,4.531,-5.229,-6.672,-8.116,-109.031,1.3877787807814457e-17,0.0,2.173
Cr2Se2Cl2,,,0.176,1.015,0.026,-0.834,1.0000000000000002,0.17599999999999993,0.9140000000000001,0.17599999999999993,1.0149999999999997,-5.963,-6.051,-6.139,-34.354,0.117,0.224,3.632
Au2Se4Cl2,,,1.127,1.88,0.071,-0.121,0.0,1.088,1.737,1.127,1.88,-5.038,-5.582,-6.125,-24.726,1.3877787807814457e-17,0.0,2.517
Pd2I6Cu2,,,0.0,,0.088,-0.131,1.0000000000000002,0.0,1.9166666666666665,0.0,1.9823333333333335,-4.284,-4.959,-4.787,-25.17,-11.799,-11.887,3.485
Ni2Se2P,,,0.0,,0.011,-0.327,0.0,0.0,1.0923333333333334,0.0,1.0923333333333336,-4.908,-5.057,-5.230666666666667,-28.458,1.3877787807814457e-17,0.0,2.758
AgAs2Se6Al,,,0.764,1.593,0.076,-0.23199999999999998,0.0,0.764,1.577,0.764,1.593,-4.592,-4.974,-5.356,-39.116,1.3877787807814457e-17,0.0,2.025
Ir4Te8,,,0.591,0.934,0.066,-0.268,0.0,0.551,0.8980000000000001,0.591,0.9340000000000002,-4.174,-4.45,-4.725,-65.956,1.3877787807814457e-17,0.0,4.013
Cu4O4F4H4,,,0.46,2.845,0.078,-1.069,1.0000000000000002,0.45999999999999996,2.835,0.45999999999999996,2.845,-6.416,-6.646,-6.877,-71.943,-0.314,-0.266,1.369
Cd2Te2Cu2Cl2,,,1.124,2.458,0.093,-0.46399999999999997,0.0,1.124,2.458,1.124,2.458,-3.781,-4.343,-4.905,-22.902,1.3877787807814457e-17,0.0,1.554
ZrSeS,2.206,2.584,1.136,2.232,0.0,-1.478,0.0,0.613,1.514,1.136,2.232,-5.133,-5.44,-5.746,-19.399,1.3877787807814457e-17,0.0,3.476
Hg2Cu2Se2F2,,,0.523,2.003,0.038,-0.698,0.0,0.523,2.003,0.523,2.003,-4.207,-4.468,-4.73,-24.849,1.3877787807814457e-17,0.0,1.425
CoSe4Al2,,,0.0,,0.074,-0.619,1.0000000000000002,0.0,1.1523333333333334,0.0,1.2303333333333333,-3.973,-3.953,-4.208666666666667,-33.966,-0.11900000000000002,-0.11899999999999998,3.254
Mn8S4Cl8,,,0.221,,0.036,-0.795,1.0000000000000002,0.22100000000000009,1.8103333333333333,0.22100000000000009,1.8556666666666666,-5.084,-5.195,-5.305,-124.237,-0.07900000000000001,-0.078,4.276
Sr4Te8As4F4,,,0.557,1.004,0.06,-1.511,0.0,0.44100000000000006,1.004,0.557,1.0040000000000002,-4.589,-4.81,-5.03,-87.553,1.3877787807814457e-17,0.0,3.622
Pt2Nb4Te14,,,0.066,0.072,0.012999999999999998,-0.413,0.0,0.06299999999999994,0.0129999999999999,0.06600000000000006,0.07200000000000006,-4.501,-4.533,-4.564,-107.147,1.3877787807814457e-17,0.0,2.382
HgTe,0.028,0.028,0.153,0.279,0.165,-0.038000000000000034,0.0,0.15300000000000002,0.2789999999999999,0.15300000000000002,0.2789999999999999,-4.953,-5.03,-5.107,-4.165999999999997,1.3877787807814457e-17,0.0,2.069
Sr4Sb4S8F4,,,1.526,2.092,0.0,-1.818,0.0,1.526,2.092,1.526,2.092,-4.058,-4.821,-5.584,-99.651,1.3877787807814457e-17,0.0,3.3
Ir4Se2S6,,,0.861,1.692,0.064,-0.372,0.0,0.722,1.536,0.861,1.6919999999999997,-4.82,-5.181,-5.543,-72.997,1.3877787807814457e-17,0.0,3.929
Ta2Te2C,,,0.0,,0.0,-0.507,0.0,0.0,0.6046666666666669,0.0,0.9833333333333336,-4.865333333333333,-4.206,-5.182666666666666,-37.799,1.3877787807814457e-17,0.0,6.942
Tl2I6Mg2,,,2.652,3.525,0.071,-0.849,0.0,2.652,3.525,2.652,3.525,-2.427,-3.753,-5.079,-25.589,1.3877787807814457e-17,0.0,2.511
CdIn2S4,,,0.623,1.542,0.051,-0.582,0.0,0.597,1.5,0.6230000000000001,1.5419999999999998,-4.9,-5.198,-5.497,-26.837,1.3877787807814457e-17,0.0,3.109
Ni2Cu2Br6,,,0.647,3.154,0.006999999999999999,-0.359,1.0000000000000002,0.478,3.043,0.6469999999999999,3.154,-4.94,-5.179,-5.418,-34.943,-0.29600000000000004,-0.292,3.078
Nb2Mn2Se6,,,0.0,,0.031,-0.639,1.0000000000000002,0.0,1.7409999999999999,0.0,1.7786666666666666,-5.146,-5.059,-5.408,-67.371,-0.259,-0.582,2.183
Ti2BrClN2,,,0.617,2.123,0.0,-1.501,0.0,0.617,2.117,0.617,2.123,-5.806,-6.114,-6.423,-42.459,1.3877787807814457e-17,0.0,4.17
Ta2K2Cl12,,,2.894,4.447,0.0,-1.584,0.0,2.886,4.44,2.894,4.447,-5.013,-6.456,-7.899,-68.84,1.3877787807814457e-17,0.0,1.719
K2C2O6H2,,,4.463,6.216,0.0,-1.542,0.0,4.463,6.216,4.463,6.216,-1.126,-3.358,-5.589,-76.773,1.3877787807814457e-17,0.0,1.221
Ta2I12Na2,,,0.881,1.931,0.012,-0.666,0.0,0.881,1.931,0.881,1.931,-4.847,-5.287,-5.727,-50.645,1.3877787807814457e-17,0.0,2.154
Si2Cl2,,,1.253,2.029,0.095,-0.681,0.0,1.253,2.029,1.253,2.029,-4.623,-5.249,-5.875,-17.092,1.3877787807814457e-17,0.0,3.397
Cs2C2O6H2,,,4.336,6.068,0.0,-1.537,0.0,4.324,6.047000000000001,4.336,6.068,-1.1269999999999998,-3.289,-5.451,-75.938,1.3877787807814457e-17,0.0,1.397
Pb2I6Cu2,,,1.478,3.215,0.021,-0.461,0.0,1.456,3.085,1.478,3.215,-4.189,-4.917,-5.645,-28.347,1.3877787807814457e-17,0.0,3.126
IGe2ClO3,,,0.987,1.946,0.091,-1.189,0.0,0.986,1.946,0.987,1.946,-4.474,-4.967,-5.46,-35.99,1.3877787807814457e-17,0.0,3.094
Cd2Sb2Br2O4,,,2.374,3.541,0.017999999999999995,-1.146,0.0,2.365,3.518,2.374,3.541,-4.319,-5.502,-6.684,-45.795,1.3877787807814457e-17,0.0,1.959
CoSe4Al2,,,0.0,,0.075,-0.618,1.0000000000000002,0.0,1.1523333333333334,0.0,1.2303333333333333,-3.973,-3.98,-4.208666666666667,-33.963,-0.04999999999999999,-0.05,3.291
Sb2Mn2S4Cl2,,,0.55,1.895,0.084,-0.496,1.0000000000000002,0.355,1.619,0.5499999999999999,1.895,-4.347,-4.524,-4.701,-53.088,0.267,0.942,1.578
Nb2Se6,,,0.0,,0.037,-0.666,0.0,0.0,0.9946666666666666,0.0,1.3316666666666668,-4.822666666666667,-4.662,-5.104333333333333,-46.88,1.3877787807814457e-17,0.0,5.536
IV2Br3O2,,,0.918,1.868,0.035,-1.319,0.0,0.83,1.857,0.918,1.868,-4.654,-5.069,-5.485,-44.083,1.3877787807814457e-17,0.0,3.172
Ga2Br2S2,,,1.577,2.361,0.121,-0.653,0.0,1.485,2.265,1.577,2.361,-4.936,-5.678,-6.421,-21.051,1.3877787807814457e-17,0.0,3.442
Nb3SeCl7,,,0.831,1.601,0.0,-1.339,0.0,0.831,1.601,0.831,1.601,-4.68,-5.095,-5.51,-61.682,1.3877787807814457e-17,0.0,1.859
Ag2Cl2C6N2H8,,,1.867,3.525,0.089,-0.17500000000000004,0.0,1.671,3.278,1.867,3.525,-3.591,-4.427,-5.263,-111.368,1.3877787807814457e-17,0.0,1.1719999999999997
Ta2Na2F12,,,6.245,8.86,0.0,-3.336,0.0,6.241,8.85,6.244999999999999,8.86,-4.216,-7.337,-10.457,-94.668,1.3877787807814457e-17,0.0,1.846
Au2MoSe4,,,0.656,1.377,0.142,-0.23099999999999998,0.0,0.592,1.247,0.656,1.377,-4.039,-4.335,-4.631,-33.011,1.3877787807814457e-17,0.0,2.951
Ga2F6,,,5.929,8.234,0.0,-2.708,0.0,5.827,8.149,5.929,8.234,-4.772,-7.685,-10.599,-36.989,1.3877787807814457e-17,0.0,2.22
Pd5InBr2,,,0.0,,0.033,-0.35,0.0,0.0,0.6593333333333333,0.0,0.7736666666666665,-5.155333333333333,-5.089,-5.331666666666666,-27.829,1.3877787807814457e-17,0.0,4.929
Nb2CO2,,,0.0,,0.10999999999999999,-1.728,0.0,0.0,1.5926666666666667,0.0,2.0566666666666666,-5.577333333333333,-5.76,-5.995666666666667,-48.758,1.3877787807814457e-17,0.0,5.545
Rh2S2Cl2,,,0.083,0.11,0.094,-0.533,0.0,0.08299999999999996,0.08099999999999996,0.08299999999999996,0.10999999999999988,-5.881,-5.922,-5.963,-29.216,1.3877787807814457e-17,0.0,3.555
Fe3Se2Si,,,0.0,,0.093,-0.268,1.0000000000000002,0.0,1.045,0.0,1.2076666666666669,-4.447,-4.606,-4.542,-41.095,-1.364,-1.355,4.571
Ag4S4Cl4,,,0.662,1.164,0.10399999999999998,-0.18799999999999994,0.0,0.662,1.164,0.662,1.164,-6.263,-6.594,-6.924,-37.07,1.3877787807814457e-17,0.0,1.579
Ag3Cl3,,,1.937,3.209,0.0,-0.439,0.0,1.937,3.209,1.937,3.209,-4.493,-5.461,-6.43,-16.506,1.3877787807814457e-17,0.0,2.731
ZrI6Fe,,,0.679,2.598,0.09,-0.535,0.0,0.661,2.598,0.679,2.598,-4.248,-4.578,-4.909,-29.598,1.3877787807814457e-17,0.0,3.399
CoGa2Se4,,,0.0,,0.027,-0.4769999999999999,1.0000000000000002,0.0,1.0476666666666667,0.0,1.0476666666666667,-4.350666666666667,-4.274,-4.469666666666667,-31.307,-0.033,-0.033000000000000015,3.293
Te2Fe3Ge,,,0.0,,0.021,-0.127,1.0000000000000002,0.0,1.3453333333333333,0.0,1.4700000000000002,-4.756333333333333,-4.149,-4.858,-38.81,-5.591,-5.567,4.867
Hf2I4,,,0.673,1.054,0.063,-0.725,0.0,0.627,1.014,0.673,1.054,-3.387,-3.7,-4.014,-25.278,1.3877787807814457e-17,0.0,4.215
SnK2S6H6,,,2.626,3.698,0.0,-0.491,0.0,2.626,3.698,2.626,3.698,-3.072,-4.385,-5.698,-58.281,1.3877787807814457e-17,0.0,1.085
Cr2Cl4C16N8H16,,,0.0,,0.137,-0.18500000000000005,1.0000000000000002,0.0,2.8403333333333336,0.0,2.942333333333333,-4.04,-4.433,-4.973333333333334,-302.01300000000003,0.28,0.281,1.557
In4ISe3Br2SCl,,,1.428,2.297,0.045,-0.656,0.0,1.428,2.297,1.428,2.297,-4.994,-5.708,-6.422,-39.885,1.3877787807814457e-17,0.0,3.135
Cd2Sb2Cl2O4,,,2.882,3.951,0.035,-1.201,0.0,2.882,3.951,2.882,3.951,-4.365,-5.806,-7.247,-46.742,1.3877787807814457e-17,0.0,1.898
Se2Na2MgO8H4,,,4.611,5.999,0.0,-1.399,0.0,4.574,5.982999999999999,4.611,5.999,-1.3780000000000001,-3.665,-5.953,-89.268,1.3877787807814457e-17,0.0,1.342
I2Ni5Al,,,0.0,,0.095,-0.20799999999999996,0.0,0.0,0.4409999999999996,0.0,0.4976666666666669,-4.276,-3.871,-4.592666666666667,-44.592,1.3877787807814457e-17,0.0,4.84
Rh2I2Se2,,,0.984,1.863,0.0,-0.40099999999999997,0.0,0.887,1.725,0.984,1.863,-4.198,-4.642,-5.085,-26.625,1.3877787807814457e-17,0.0,2.007
Na2MgS2O8H4,,,4.483,5.771,0.053,-1.541,0.0,4.454,5.738,4.483,5.771,-1.1550000000000002,-3.382,-5.609,-92.874,1.3877787807814457e-17,0.0,1.327
Se2Al2Cl2,,,3.268,4.455,0.012999999999999998,-1.16,0.0,3.268,4.455,3.268,4.455,-3.87,-5.504,-7.138,-24.973,1.3877787807814457e-17,0.0,2.921
Au2Hg2Te2Br2,,,0.538,1.138,0.074,-0.22299999999999998,0.0,0.538,1.138,0.538,1.138,-4.587,-4.857,-5.126,-19.393,1.3877787807814457e-17,0.0,1.615
HfTeSe,0.738,1.457,0.649,1.335,0.149,-0.941,0.0,0.1419999999999999,0.637,0.649,1.335,-5.165,-5.236,-5.307,-17.016,1.3877787807814457e-17,0.0,4.214
Ta2Te6Ni2,,,0.0,,0.034,-0.341,0.0,0.0,0.14100000000000001,0.0,0.14433333333333298,-4.693666666666667,-4.732,-4.8020000000000005,-56.771,1.3877787807814457e-17,0.0,2.285
TeIAs,1.795,2.086,1.215,1.725,0.0,-0.124,0.0,0.982,1.5019999999999998,1.215,1.725,-4.347,-4.838,-5.329,-9.718000000000004,1.3877787807814457e-17,0.0,3.369
Se8Si4,,,2.724,3.647,0.003999999999999997,-0.44599999999999995,0.0,2.64,3.613,2.724,3.647,-3.291,-4.611,-5.931,-54.81,1.3877787807814457e-17,0.0,1.624
Ta2S6,,,0.0,,0.044,-0.8,0.0,0.0,0.9946666666666666,0.0,1.3316666666666668,-4.822666666666667,-4.925,-5.104333333333333,-50.501,1.3877787807814457e-17,0.0,5.575
Ag2Te2Na2,,,0.686,1.419,0.0010000000000000009,-0.504,0.0,0.686,1.419,0.686,1.419,-2.579,-2.923,-3.266,-17.729,1.3877787807814457e-17,0.0,2.989
MnCuCl6,,,0.558,2.278,0.0,-0.73,1.0000000000000002,0.546,2.258,0.558,2.278,-6.486,-6.759,-7.032,-29.94,0.0020000000000000018,0.047,2.69
I2Mn2Cl2,,,1.552,3.937,0.036,-0.704,1.0000000000000002,1.412,3.692,1.552,3.937,-4.299,-5.005,-5.711,-30.183,0.11,-1.118,2.482
Ag2Se4Br2,,,1.243,2.267,0.0,-0.18399999999999994,0.0,1.237,2.262,1.243,2.267,-4.745,-5.364,-5.982,-24.254,1.3877787807814457e-17,0.0,2.575
Ti2CO2H2,,,0.0,,0.162,-1.43,0.0,0.0,2.005,0.0,2.4286666666666665,-3.061333333333333,-1.912,-3.7746666666666666,-49.506,1.3877787807814457e-17,0.0,3.608
HfNiBr6,,,1.375,,0.0,-1.047,1.0000000000000002,1.355,3.8416666666666663,1.375,3.8586666666666667,-5.168,-5.845,-6.523,-32.639,0.017,0.015,2.889
AuInI2S,,,1.038,1.691,0.092,-0.312,0.0,0.99,1.6480000000000001,1.038,1.691,-4.64,-5.135,-5.63,-14.485999999999997,1.3877787807814457e-17,0.0,3.51
Ta4Pd2Te14,,,0.04,,0.013999999999999999,-0.348,0.0,0.030999999999999917,0.010333333333333528,0.040000000000000036,0.04999999999999982,-4.452,-4.468,-4.483,-98.724,1.3877787807814457e-17,0.0,2.349
PdBr2,,,0.373,1.715,0.148,-0.22599999999999998,1.0000000000000002,0.19799999999999995,1.525,0.373,1.715,-5.477,-5.577,-5.676,-7.667999999999999,0.05,0.054,3.021
Sb2,,,1.213,1.759,0.074,0.07399999999999995,0.0,0.983,1.406,1.213,1.759,-3.576,-4.067,-4.559,-8.662999999999997,1.3877787807814457e-17,0.0,2.729
RuCuSeCl3,,,0.291,0.82,0.061,-0.442,0.0,0.278,0.8200000000000001,0.2909999999999999,0.8199999999999998,-5.447,-5.586,-5.725,-24.631,1.3877787807814457e-17,0.0,3.17
Pt3PdSeSCl6,,,0.551,1.329,0.09,-0.373,0.0,0.53,1.329,0.551,1.329,-5.395,-5.66,-5.924,-45.632,1.3877787807814457e-17,0.0,2.844
Hf2S6,,,1.157,2.109,0.0,-1.209,0.0,1.157,2.109,1.157,2.109,-4.825,-5.404,-5.982,-49.149,1.3877787807814457e-17,0.0,5.001
K2Cl2F8,,,3.656,5.658,0.0,-1.528,0.0,3.656,5.658000000000001,3.656,5.658000000000001,-4.931,-6.759,-8.587,-37.034,1.3877787807814457e-17,0.0,1.122
Te4VGa2,,,0.0,0.591,0.03,-0.322,1.0000000000000002,0.0,0.591,0.0,0.591,-4.049333333333333,-4.096,-4.165,-29.401,0.224,0.21699999999999997,3.24
TlPd5Br2,,,0.0,,0.075,-0.21499999999999997,0.0,0.0,0.5573333333333335,0.0,0.7343333333333333,-4.751333333333333,-5.052,-4.944333333333333,-26.488,1.3877787807814457e-17,0.0,4.95
Ga4Se4Br4,,,2.647,3.625,0.0,-0.744,0.0,2.647,3.625,2.647,3.625,-4.154,-5.477,-6.801,-40.81,1.3877787807814457e-17,0.0,1.66
I2Cr2Br2,,,0.621,2.467,0.10599999999999998,-0.4769999999999999,1.0000000000000002,0.42599999999999993,2.217,0.621,2.467,-4.339,-4.552,-4.766,-27.807,-1.741,-0.739,3.122
InI2ScSeS,,,1.408,2.223,0.074,-1.045,0.0,1.111,1.894,1.408,2.223,-4.818,-5.373,-5.928,-24.212,1.3877787807814457e-17,0.0,3.763
Ir2As2Se6,,,0.28,0.222,0.0049999999999999975,-0.276,0.0,0.28,0.22199999999999998,0.28,0.22199999999999998,-4.85,-4.99,-5.13,-51.538,1.3877787807814457e-17,0.0,3.758
As2Si2S6,,,2.182,3.086,0.052,-0.408,0.0,2.181,3.035,2.182,3.086,-3.561,-4.651,-5.742,-48.671,1.3877787807814457e-17,0.0,2.916
GeSe,3.72,4.036,2.423,3.145,0.04,-0.18999999999999995,0.0,2.218,2.915,2.423,3.145,-3.543,-4.652,-5.76,-8.378999999999998,1.3877787807814457e-17,0.0,2.627
WSe2,2.104,2.127,1.238,1.73,0.0,-0.594,0.0,1.238,1.73,1.238,1.73,-3.614,-4.233,-4.852,-20.234,1.3877787807814457e-17,0.0,4.689
Ta4Br2S12,,,0.538,0.982,0.086,-0.726,0.0,0.538,0.982,0.538,0.982,-4.597,-4.866,-5.135,-104.44,1.3877787807814457e-17,0.0,1.789
In2Ga2O6,,,2.245,3.669,0.056,-1.66,0.0,2.183,3.665,2.245,3.669,-5.348,-6.44,-7.531,-58.675,1.3877787807814457e-17,0.0,2.284
Ta2I12Na2,,,0.881,1.931,0.012,-0.666,0.0,0.881,1.931,0.881,1.931,-4.847,-5.287,-5.727,-50.645,1.3877787807814457e-17,0.0,2.154
Cs2C2O6,,,1.1,2.737,0.0,-1.481,1.0000000000000002,1.048,2.664,1.1,2.737,-5.427,-5.951,-6.475,-65.659,-0.005000000000000018,0.0020000000000000018,1.372
Pd2AgO4,,,0.0,,0.028999999999999998,-0.332,0.0,0.0,0.7909999999999999,0.0,0.8009999999999999,-6.080666666666667,-6.503,-6.245333333333333,-33.298,1.3877787807814457e-17,0.0,3.487
Cu12S6,,,0.95,1.987,0.068,-0.10499999999999998,0.0,0.627,1.597,0.95,1.987,-4.268,-4.582,-4.895,-70.469,1.3877787807814457e-17,0.0,3.881
Ir2S2F2,,,0.462,1.453,0.0,-0.92,0.0,0.46199999999999997,1.437,0.46199999999999997,1.453,-6.116,-6.347,-6.578,-35.4,1.3877787807814457e-17,0.0,3.704
PtNa2O6H6,,,2.838,4.675,0.0,-1.142,0.0,2.835,4.674,2.838,4.675,-1.775,-3.192,-4.61,-76.794,1.3877787807814457e-17,0.0,0.8839999999999999
Nb4Pd2S10,,,0.179,0.475,0.064,-0.859,0.0,0.1479999999999999,0.4750000000000001,0.17900000000000005,0.4750000000000001,-5.516,-5.59,-5.665,-103.47,1.3877787807814457e-17,0.0,2.107
Rh5Te10,,,0.0,,0.073,-0.377,0.0,0.0,0.4750000000000001,0.0,0.48566666666666647,-4.779,-4.701,-4.814333333333333,-73.441,1.3877787807814457e-17,0.0,2.163
Au2Te4Br2,,,1.064,1.816,0.085,-0.10999999999999988,0.0,1.013,1.621,1.064,1.8160000000000003,-4.485,-4.992,-5.498,-23.131,1.3877787807814457e-17,0.0,2.629
Ba4Se8P4F4,,,1.806,2.601,0.075,-1.662,0.0,1.721,2.547,1.806,2.601,-4.055,-4.916,-5.776,-96.218,1.3877787807814457e-17,0.0,3.369
In2Te2,2.362,2.362,1.237,1.812,0.0,-0.35,0.0,1.233,1.812,1.237,1.812,-4.033,-4.649,-5.265,-13.337000000000003,1.3877787807814457e-17,0.0,3.88
Rb2C4O6F6,,,5.583,7.425,0.010000000000000002,-1.803,0.0,5.558,7.403,5.583,7.425,-1.9,-4.678,-7.457,-111.415,1.3877787807814457e-17,0.0,1.916
Hf2I4Se4,,,1.386,2.349,0.003999999999999997,-0.87,0.0,1.386,2.345,1.386,2.349,-4.226,-4.92,-5.613,-43.559,1.3877787807814457e-17,0.0,3.421
Rh2Sb2Se6,,,0.117,0.022,0.061,-0.324,0.0,0.11699999999999999,0.021999999999999797,0.11699999999999999,0.021999999999999797,-4.892,-4.95,-5.009,-47.242,1.3877787807814457e-17,0.0,3.762
Zr2I4Se4,,,1.22,2.253,0.0,-0.933,0.0,1.209,2.243,1.22,2.253,-4.47,-5.075,-5.68,-43.985,1.3877787807814457e-17,0.0,3.388
I6Co2,,,0.582,1.985,0.0,-0.13800000000000012,0.0,0.526,1.876,0.5820000000000001,1.985,-4.611,-4.874,-5.137,-26.432,1.3877787807814457e-17,0.0,3.441
Tl2Na2S2,,,2.383,3.14,0.088,-0.636,0.0,2.178,2.934,2.383,3.14,-1.9329999999999998,-3.0230000000000006,-4.112,-19.584,1.3877787807814457e-17,0.0,1.843
AsSCl,2.794,3.27,2.016,2.731,0.047,-0.352,0.0,1.535,2.258,2.016,2.731,-4.947,-5.714,-6.481,-11.582,1.3877787807814457e-17,0.0,3.073
NiO2H2,,,1.078,3.272,0.038,-0.844,1.0000000000000002,1.078,3.272,1.078,3.272,-1.447,-1.9859999999999998,-2.525,-28.364,0.010999999999999996,0.006000000000000005,1.511
Sr4P4S8F4,,,2.07,2.936,0.061,-1.754,0.0,2.07,2.936,2.07,2.936,-3.984,-5.019,-6.054,-102.201,1.3877787807814457e-17,0.0,3.217
I4Sc4O4,,,1.81,3.565,0.0,-2.597,0.0,1.792,3.35,1.81,3.565,-3.794,-4.69,-5.586,-76.211,1.3877787807814457e-17,0.0,2.705
Ti2Br6,,,0.191,1.078,0.065,-1.193,1.0000000000000002,0.16999999999999993,1.071,0.19100000000000006,1.078,-4.734,-4.819,-4.904,-32.428,-0.05199999999999999,-0.051000000000000004,2.83
In4Te4I4,,,1.732,2.444,0.0,-0.45100000000000007,0.0,1.732,2.444,1.732,2.444,-4.182,-5.048,-5.914,-35.192,1.3877787807814457e-17,0.0,1.762
BaSb2F12,,,4.966,7.344,0.0,-2.827,0.0,4.966,7.344,4.966,7.344,-5.693,-8.176,-10.659,-72.091,1.3877787807814457e-17,0.0,2.66
Se6AlP2Li,,,2.106,3.019,0.0,-0.494,0.0,2.036,2.919,2.106,3.019,-3.874,-4.892,-5.91,-42.196,1.3877787807814457e-17,0.0,1.755
AuVSe6P2,,,0.487,1.741,0.052,-0.22299999999999998,1.0000000000000002,0.43700000000000006,1.712,0.487,1.741,-4.627,-4.846,-5.064,-45.509,0.129,0.108,2.059
Bi2Sb2O6,,,2.76,3.963,0.0,-1.312,0.0,2.73,3.92,2.76,3.963,-2.522,-3.887,-5.252,-62.022,1.3877787807814457e-17,0.0,1.998
Cu2Br2O4,,,0.476,1.257,0.054,-0.21399999999999997,0.0,0.43399999999999994,1.212,0.476,1.257,-5.978,-6.195,-6.412,-32.732,1.3877787807814457e-17,0.0,2.118
CoP2S6Li,,,1.037,2.401,0.0,-0.457,0.0,1.02,2.395,1.037,2.401,-4.976,-5.486,-5.996,-49.883,1.3877787807814457e-17,0.0,2.015
Na2N2O6H4,,,2.873,4.816,0.066,-0.978,0.0,2.794,4.733,2.873,4.816,-2.563,-3.96,-5.357,-77.059,1.3877787807814457e-17,0.0,1.06
Pb2IBr3,,,2.123,3.061,0.08,-0.818,0.0,1.955,2.832,2.123,3.061,-4.738,-5.716,-6.694,-18.66,1.3877787807814457e-17,0.0,3.088
Mo3CrSe8,,,0.951,1.432,0.010000000000000002,-0.642,0.0,0.951,1.432,0.9509999999999998,1.432,-4.271,-4.747,-5.222,-78.582,1.3877787807814457e-17,0.0,4.503
IAsSe,2.03,2.214,1.301,1.868,0.019000000000000003,-0.16000000000000003,0.0,1.151,1.685,1.301,1.868,-4.436,-5.012,-5.588,-10.104,1.3877787807814457e-17,0.0,3.326
AgNi2O4,,,0.0,,0.0,-0.625,0.0,0.0,0.7833333333333334,0.0,0.7886666666666666,-6.184333333333333,-7.027,-6.344666666666667,-42.208,1.3877787807814457e-17,0.0,3.556
Sn2IMnClO2,,,1.517,2.975,0.082,-1.021,1.0000000000000002,1.404,2.248,1.517,2.975,-3.806,-4.508,-5.211,-38.488,0.56,0.444,3.707
Sb2Te6Ge2,,,0.865,1.352,0.0030000000000000027,-0.09700000000000009,0.0,0.536,0.9410000000000001,0.865,1.352,-4.43,-4.698,-4.966,-38.039,1.3877787807814457e-17,0.0,3.714
MgS2Li2O8H4,,,4.849,6.148,0.063,-1.567,0.0,4.729,6.02,4.849,6.148,-1.0750000000000002,-3.44,-5.804,-94.481,1.3877787807814457e-17,0.0,1.41
Ag6Br12,,,0.146,0.436,0.008,-0.23399999999999999,0.0,0.1200000000000001,0.42900000000000027,0.1459999999999999,0.43599999999999994,-6.209,-6.269,-6.329,-40.261,1.3877787807814457e-17,0.0,2.561
Nb2Br4S4,,,1.564,2.466,0.0,-0.903,0.0,1.556,2.465,1.564,2.466,-4.058,-4.836,-5.613,-52.334,1.3877787807814457e-17,0.0,1.851
W2Br4O4,,,1.174,2.386,0.0,-1.516,0.0,1.149,2.348,1.174,2.386,-5.682,-6.257,-6.831,-64.971,1.3877787807814457e-17,0.0,1.846
In2NiSe4,,,0.0,,0.053,-0.41000000000000003,0.0,0.0,0.6893333333333329,0.0,0.8983333333333334,-4.9013333333333335,-4.586,-5.050666666666666,-29.572,1.3877787807814457e-17,0.0,3.394
PbBr2,4.436,4.638,2.591,3.424,0.082,-0.883,0.0,2.275,3.248,2.591,3.424,-4.845,-5.982,-7.12,-9.578000000000003,1.3877787807814457e-17,0.0,3.033
Ti2O6,,,2.507,4.995,0.144,-2.166,0.0,2.461,4.995,2.507,4.995,-5.493,-6.723,-7.954,-61.457,1.3877787807814457e-17,0.0,4.408
PbCl2,4.928,5.608,2.972,4.113,0.010000000000000002,-1.168,0.0,2.367,3.406,2.972,4.113,-4.966,-6.149,-7.332,-10.832,1.3877787807814457e-17,0.0,2.721
TiBr2,1.421,1.649,0.929,1.282,0.033,-1.145,0.0,0.758,1.166,0.929,1.282,-3.117,-3.496,-3.875,-13.293999999999997,1.3877787807814457e-17,0.0,3.665
Mo2Zn2O8,,,3.062,4.948,0.054,-1.845,0.0,2.915,4.853,3.0619999999999994,4.948,-4.693,-6.151,-7.608,-87.906,1.3877787807814457e-17,0.0,2.059
As8S8O4,,,2.078,3.045,0.042,-0.458,0.0,2.078,3.045,2.078,3.045,-3.772,-4.811,-5.85,-99.589,1.3877787807814457e-17,0.0,1.3149999999999997
WMo3Se8,,,1.3,1.785,0.0,-0.681,0.0,1.3,1.785,1.3,1.785,-3.843,-4.493,-5.142,-81.13,1.3877787807814457e-17,0.0,4.609
Ag4Br4S4H4,,,0.354,0.576,0.069,-0.17300000000000004,0.0,0.279,0.47,0.354,0.5760000000000001,-5.887,-6.027,-6.167,-50.069,1.3877787807814457e-17,0.0,1.635
Co2F6,,,1.289,4.58,0.0,-1.89,0.0,1.246,4.58,1.289,4.58,-6.657,-7.28,-7.903,-41.101,1.3877787807814457e-17,0.0,2.376
I2Mg,,,3.458,4.44,0.04,-1.042,0.0,3.456,4.438,3.458,4.44,-2.812,-4.54,-6.268,-7.7010000000000005,1.3877787807814457e-17,0.0,1.462
In2TeS,,,0.607,1.141,0.041,-0.412,0.0,0.607,1.141,0.607,1.141,-4.583,-4.886,-5.19,-14.458000000000002,1.3877787807814457e-17,0.0,3.927
Sb4Ni2Cl4O6,,,1.244,4.289,0.024,-1.079,1.0000000000000002,1.23,4.289,1.244,4.289,-4.534,-5.149,-5.763,-87.267,-0.28,-0.105,1.893
Y4Te4Cl4,,,0.388,1.174,0.042,-1.7759999999999998,0.0,0.388,1.174,0.388,1.174,-5.323,-5.517,-5.711,-60.034,1.3877787807814457e-17,0.0,3.253
Sn2As2S6C2H6,,,1.897,2.75,0.052,-0.18599999999999994,0.0,1.881,2.724,1.897,2.75,-3.317,-4.258,-5.198,-83.632,1.3877787807814457e-17,0.0,1.487
GeLi2O6H6,,,4.083,5.821,0.051,-1.4,0.0,4.083,5.821,4.083,5.821,-1.6399999999999997,-3.681,-5.723,-79.989,1.3877787807814457e-17,0.0,0.9199999999999999
In3I3,,,1.698,2.243,0.089,-0.399,0.0,1.434,1.984,1.698,2.243,-3.402,-4.119,-4.836,-15.117,1.3877787807814457e-17,0.0,2.757
FeBr2,0.759,0.759,0.263,0.145,0.081,-0.38299999999999995,1.0000000000000002,0.263,0.14500000000000002,0.2629999999999999,0.14500000000000002,-5.104,-5.235,-5.367,-13.359000000000002,0.092,0.092,3.426
Sr4Sb4S8F4,,,1.526,2.092,0.0,-1.818,0.0,1.526,2.092,1.526,2.092,-4.058,-4.821,-5.584,-99.651,1.3877787807814457e-17,0.0,3.3
SnSb2Se4,,,0.67,0.899,0.0,-0.31100000000000005,0.0,0.368,0.6939999999999997,0.67,0.899,-5.045,-5.229,-5.413,-28.98,1.3877787807814457e-17,0.0,3.492
Ag2I2S4,,,1.188,2.223,0.048,-0.08599999999999997,0.0,1.188,2.223,1.188,2.223,-4.597,-5.191,-5.785,-25.637,1.3877787807814457e-17,0.0,2.97
PdSe2,1.615,1.987,0.891,1.302,0.026,-0.265,0.0,0.558,0.9060000000000004,0.891,1.302,-4.778,-5.057,-5.336,-11.579999999999998,1.3877787807814457e-17,0.0,3.523
Sn4As4Se4,,,1.572,2.317,0.086,-0.20199999999999996,0.0,1.539,2.244,1.572,2.317,-4.206,-4.975,-5.744,-51.234,1.3877787807814457e-17,0.0,1.658
Bi2Te2Se,,,0.237,0.73,0.0,-0.29699999999999993,0.0,0.121,0.5179999999999998,0.2370000000000001,0.7300000000000002,-5.239,-5.299,-5.36,-20.727,1.3877787807814457e-17,0.0,4.784
Sb2Te4Cu2,,,0.163,0.105,0.089,-0.01100000000000001,0.0,0.06400000000000006,0.10000000000000009,0.16300000000000003,0.10499999999999998,-4.119,-4.151,-4.183,-29.072,1.3877787807814457e-17,0.0,2.196
Cd2Te2I2Cu2,,,1.151,2.486,0.067,-0.308,0.0,1.151,2.486,1.151,2.486,-3.661,-4.236,-4.812,-21.037,1.3877787807814457e-17,0.0,1.676
Ga2Se6Si2,,,1.368,2.035,0.062,-0.448,0.0,1.36,2.028,1.368,2.035,-4.483,-5.163,-5.843,-41.985,1.3877787807814457e-17,0.0,2.026
Ga2Br2,,,2.488,3.275,0.035,-0.56,0.0,2.484,3.271,2.488,3.275,-2.771,-4.013,-5.255,-11.216999999999999,1.3877787807814457e-17,0.0,2.367
Y2SCl2,,,0.0,,0.0,-2.101,0.0,0.0,1.0993333333333333,0.0,1.1293333333333333,-4.008666666666667,-3.84,-4.512333333333333,-27.535,1.3877787807814457e-17,0.0,4.771
Hf2Br2N2,,,2.314,3.484,0.006999999999999999,-1.688,0.0,1.955,3.053,2.314,3.484,-4.271,-5.248,-6.225,-45.014,1.3877787807814457e-17,0.0,3.192
Te4I4Al4,,,2.409,3.241,0.0,-0.569,0.0,2.397,3.191,2.409,3.241,-3.461,-4.659,-5.857,-40.517,1.3877787807814457e-17,0.0,1.786
HfK2O6H6,,,4.19,5.846,0.034,-1.695,0.0,4.19,5.846,4.190000000000001,5.846,-1.307,-3.402,-5.497,-86.068,1.3877787807814457e-17,0.0,0.81
Ta2Ni2Se6,,,0.0,,0.028,-0.648,0.0,0.0,0.972,0.0,0.9830000000000001,-5.143333333333333,-5.246,-5.429,-61.507,1.3877787807814457e-17,0.0,2.1
K2S2H2,,,3.359,4.369,0.042,-0.766,0.0,3.359,4.369,3.359,4.369,-1.4699999999999998,-3.149,-4.829,-21.837,1.3877787807814457e-17,0.0,1.123
CdBrOH,,,1.645,2.673,0.053,-0.968,0.0,1.645,2.673,1.645,2.673,-3.531,-4.354,-5.176,-14.831,1.3877787807814457e-17,0.0,1.308
Sb2As2O6,,,4.041,5.295,0.0,-1.301,0.0,3.974,5.103,4.041,5.295,-2.051,-4.038,-6.025,-61.894,1.3877787807814457e-17,0.0,1.701
Sc2Br4S4,,,1.598,2.468,0.073,-1.206,0.0,1.533,2.394,1.598,2.468,-4.885,-5.652,-6.419,-44.031,1.3877787807814457e-17,0.0,2.813
K2S2C2N2,,,4.273,5.27,0.066,-0.415,0.0,4.188,5.188,4.273,5.27,-1.2599999999999998,-3.354,-5.448,-49.055,1.3877787807814457e-17,0.0,1.164
Ba4Bi4S8Cl4,,,1.693,2.706,0.065,-1.329,0.0,1.54,2.601,1.693,2.706,-3.665,-4.435,-5.205,-92.351,1.3877787807814457e-17,0.0,3.009
Te6Ga2Al2,,,0.93,1.452,0.036,-0.355,0.0,0.875,1.391,0.93,1.452,-4.325,-4.762,-5.2,-36.063,1.3877787807814457e-17,0.0,2.789
Sb2Te3,,,0.653,0.974,0.003999999999999997,-0.121,0.0,0.33699999999999997,0.6990000000000001,0.653,0.974,-4.629,-4.797,-4.966,-19.03,1.3877787807814457e-17,0.0,4.871
Te2Al2,,,2.173,2.904,0.0030000000000000027,-0.373,0.0,1.955,2.598,2.173,2.904,-3.293,-4.271,-5.248,-15.377999999999997,1.3877787807814457e-17,0.0,3.604
HfPdI6,,,0.386,1.376,0.061,-0.613,1.0000000000000002,0.3839999999999999,1.368,0.386,1.376,-4.985,-5.177,-5.369,-25.103,2.055,2.0560000000000005,3.263
Hf2ZrTiBr8,,,0.659,1.227,0.0010000000000000009,-1.21,0.0,0.624,1.155,0.659,1.227,-3.66,-3.972,-4.284,-56.297,1.3877787807814457e-17,0.0,3.695
Pd2Se2O6,,,0.636,2.182,0.0020000000000000018,-0.644,0.0,0.636,2.182,0.636,2.182,-4.393,-4.711,-5.029,-51.788,1.3877787807814457e-17,0.0,1.538
Na2C2N2O2,,,4.788,6.127,0.027,-0.962,0.0,4.788,6.127,4.788,6.127,-1.654,-4.048,-6.442,-55.704,1.3877787807814457e-17,0.0,1.071
Cd2Se6P2,,,1.508,2.369,0.0010000000000000009,-0.315,0.0,1.271,2.15,1.508,2.369,-4.34,-4.976,-5.611,-36.636,1.3877787807814457e-17,0.0,3.664
Te4Si2,,,0.722,1.334,0.055,0.0050000000000000044,0.0,0.516,1.088,0.722,1.334,-3.946,-4.204,-4.462,-23.587,1.3877787807814457e-17,0.0,3.327
As4Si4S4,,,2.517,3.356,0.005999999999999998,-0.37,0.0,2.39,3.254,2.517,3.356,-3.512,-4.707,-5.901,-61.007,1.3877787807814457e-17,0.0,1.671
ZnGeBr2S,,,2.292,3.159,0.08,-0.616,0.0,1.78,2.524,2.292,3.159,-4.288,-5.178,-6.068,-16.029000000000003,1.3877787807814457e-17,0.0,3.666
Pt2I2,,,0.627,0.739,0.026,-0.09999999999999998,0.0,0.355,0.4039999999999999,0.627,0.7389999999999999,-3.875,-4.053,-4.23,-16.064,1.3877787807814457e-17,0.0,4.636
WTe3MnSe,,,0.123,0.56,0.096,-0.18700000000000006,1.0000000000000002,0.123,0.45799999999999996,0.123,0.56,-4.27,-4.332,-4.394,-35.42,0.603,-0.186,4.379
Bi2Te4Mn,,,0.212,0.656,0.036,-0.17000000000000004,1.0000000000000002,0.1100000000000001,0.6560000000000001,0.21199999999999997,0.6560000000000001,-4.625,-4.68,-4.736,-33.078,-1.845,-1.9070000000000003,3.529
Pd2S2O6,,,1.299,2.962,0.06,-0.845,0.0,1.253,2.851,1.299,2.962,-4.867,-5.494,-6.12,-54.987,1.3877787807814457e-17,0.0,1.489
Bi2YO4,,,0.0,,0.127,-1.919,0.0,0.0,1.3739999999999999,0.0,1.414,-3.736666666666667,-3.134,-4.3853333333333335,-47.973,1.3877787807814457e-17,0.0,2.4
I6Ti2,,,0.268,1.156,0.083,-0.728,1.0000000000000002,0.20900000000000007,1.141,0.268,1.156,-4.564,-4.668,-4.773,-28.078,0.411,0.411,3.164
Ti2S2C,,,0.0,,0.145,-1.06,0.0,0.0,0.5173333333333332,0.0,0.8516666666666666,-5.6593333333333335,-6.168,-5.78,-36.055,1.3877787807814457e-17,0.0,5.780999999999999
PdLi2O6H6,,,2.434,4.306,0.053,-1.134,0.0,2.434,4.306,2.434,4.306,-2.803,-4.02,-5.238,-75.302,1.3877787807814457e-17,0.0,0.933
Au4Br4O4H4,,,0.072,,0.063,-0.427,0.0,0.07200000000000006,0.4750000000000001,0.07200000000000006,0.48566666666666647,-5.098,-5.134,-5.17,-59.485,1.3877787807814457e-17,0.0,1.994
MnCoBr4,,,0.476,3.526,0.024,-0.548,1.0000000000000002,0.476,3.371,0.476,3.526,-5.435,-5.673,-5.911,-27.57,-0.24,-0.084,2.423
Ta2Ni4Se4,,,0.0,,0.02,-0.549,0.0,0.0,0.08899999999999997,0.0,0.11433333333333362,-4.551666666666667,-4.888,-4.597333333333333,-68.042,1.3877787807814457e-17,0.0,2.839
InMnBrS,,,1.101,2.023,0.09,-0.501,1.0000000000000002,0.978,2.023,1.101,2.023,-3.984,-4.474,-4.963,-20.148,-0.04299999999999998,-0.043,2.159
TlI4NaO12,,,2.108,3.364,0.005999999999999998,-0.38800000000000007,0.0,2.078,3.313,2.108,3.364,-5.364,-6.403,-7.442,-78.198,1.3877787807814457e-17,0.0,2.174
Cr4S6,,,0.778,2.162,0.063,-0.669,1.0000000000000002,0.617,2.152,0.778,2.162,-5.272,-5.581,-5.889,-68.797,-0.256,-0.254,5.272
TaAgGeS4Cl2,,,1.246,2.271,0.025,-0.694,0.0,1.226,2.271,1.246,2.271,-5.132,-5.745,-6.358,-43.3,1.3877787807814457e-17,0.0,3.121
TlCdInS4,,,0.379,1.201,0.09,-0.418,0.0,0.32400000000000007,1.127,0.379,1.201,-5.321,-5.483,-5.644,-25.425,1.3877787807814457e-17,0.0,3.146
Tl3F5,,,2.956,4.191,0.0,-1.927,0.0,2.88,4.064,2.956,4.191,-3.839,-5.279,-6.719,-30.839,1.3877787807814457e-17,0.0,2.49
GaSe6NaP2,,,1.703,2.514,0.008,-0.381,0.0,1.612,2.41,1.703,2.514,-4.302,-5.108,-5.915,-39.65,1.3877787807814457e-17,0.0,1.686
Hf2Ti2Se8,,,0.651,1.633,0.16000000000000003,-1.08,0.0,0.646,1.61,0.651,1.633,-5.521,-5.843,-6.166,-69.214,1.3877787807814457e-17,0.0,3.99
Cr2Cl6,,,1.736,4.048,0.0,-1.169,1.0000000000000002,1.735,4.047,1.736,4.048,-5.034,-5.902,-6.769,-38.876,-0.065,-0.06499999999999999,2.916
Nb2S4Cl4,,,1.61,2.526,0.0,-1.075,0.0,1.61,2.526,1.61,2.526,-4.048,-4.853,-5.658,-54.858,1.3877787807814457e-17,0.0,1.87
In2Sb2O6,,,3.326,4.477,0.025,-1.464,0.0,3.123,4.247,3.326,4.477,-2.377,-3.939,-5.5,-59.729,1.3877787807814457e-17,0.0,3.328
Sb2Te2Se,,,0.629,0.961,0.005999999999999998,-0.18399999999999994,0.0,0.4,0.7759999999999998,0.629,0.9609999999999999,-4.611,-4.811,-5.011,-19.625,1.3877787807814457e-17,0.0,4.78
HgPb2Cl2O2,,,2.878,4.014,0.0,-1.02,0.0,2.623,3.761,2.878,4.014,-3.559,-4.87,-6.182,-29.363,1.3877787807814457e-17,0.0,1.888
HfTe2,0.809,1.412,0.585,1.248,0.133,-0.698,0.0,0.13200000000000012,0.6650000000000003,0.585,1.248,-5.088,-5.154,-5.22,-16.008,1.3877787807814457e-17,0.0,4.196
Ag4Te2O12,,,0.644,1.805,0.084,-0.386,0.0,0.636,1.801,0.644,1.8050000000000002,-7.119,-7.437,-7.755,-86.205,1.3877787807814457e-17,0.0,1.533
Ru2Cl6,,,0.0,,0.021,-0.549,1.0000000000000002,0.0,0.8943333333333332,0.0,0.901,-5.075333333333333,-5.827,-5.475666666666666,-34.028,2.695,2.77,3.08
Ge2P2S6F2,,,2.605,3.478,0.013999999999999999,-0.725,0.0,2.508,3.376,2.605,3.478,-3.832,-5.086,-6.34,-56.1,1.3877787807814457e-17,0.0,1.698
Ta2Mn2Se6,,,0.0,,0.022,-0.621,1.0000000000000002,0.0,1.7409999999999999,0.0,1.7786666666666666,-5.146,-4.977,-5.408,-66.178,-1.033,-1.007,2.198
Te2Br2Al2,,,2.729,3.547,0.0,-0.777,0.0,2.729,3.547,2.729,3.547,-3.73,-5.095,-6.459,-21.718,1.3877787807814457e-17,0.0,1.862
Te2I2Ga2,,,1.369,2.158,0.0030000000000000027,-0.444,0.0,1.369,2.157,1.369,2.158,-4.264,-4.948,-5.633,-17.838000000000005,1.3877787807814457e-17,0.0,2.058
AuInS2Cl2,,,2.024,2.886,0.012,-0.605,0.0,1.793,2.584,2.024,2.886,-5.164,-6.06,-6.957,-21.252,1.3877787807814457e-17,0.0,3.004
Zr2Se4Br4,,,1.439,2.498,0.0,-1.167,0.0,1.381,2.451,1.439,2.498,-4.457,-5.147,-5.837,-46.743,1.3877787807814457e-17,0.0,3.203
Zr2Ge2S8,,,1.128,1.995,0.026,-0.94,0.0,1.088,1.954,1.128,1.995,-4.446,-4.99,-5.535,-67.74,1.3877787807814457e-17,0.0,2.056
VBrClO,,,0.815,3.148,0.0020000000000000018,-1.5340000000000003,1.0000000000000002,0.784,3.075,0.815,3.148,-5.289,-5.681,-6.073,-23.153,0.008000000000000007,-0.03599999999999999,1.616
Bi2Te2S,,,0.206,0.702,0.0030000000000000027,-0.289,0.0,0.15799999999999992,0.5840000000000001,0.20599999999999996,0.702,-5.172,-5.251,-5.33,-21.279,1.3877787807814457e-17,0.0,4.741
SbAs,,,1.528,2.127,0.039,0.039000000000000146,0.0,1.262,1.745,1.528,2.127,-3.711,-4.342,-4.973,-8.991,1.3877787807814457e-17,0.0,2.724
W2O4F4,,,3.257,4.936,0.0,-2.59,0.0,2.36,3.9720000000000004,3.257,4.936,-6.43,-7.61,-8.789,-75.711,1.3877787807814457e-17,0.0,1.361
Co2As2Se6,,,0.166,0.008,0.033,-0.21199999999999997,0.0,0.16599999999999993,0.004999999999999893,0.16599999999999993,0.008000000000000007,-4.729,-4.812,-4.895,-48.798,1.3877787807814457e-17,0.0,3.73
Te6Fe3,,,0.134,0.949,0.094,-0.09999999999999998,0.0,0.08299999999999996,0.6870000000000003,0.1339999999999999,0.9489999999999996,-4.714,-4.755,-4.797,-47.249,1.3877787807814457e-17,0.0,4.289
Ba2Co2Ge2,,,0.0,,0.094,-0.317,0.0,0.0,1.0023333333333333,0.0,1.5046666666666666,-2.6823333333333337,-2.324,-3.3289999999999997,-31.049,1.3877787807814457e-17,0.0,4.745
ZrNiCl6,,,1.598,4.539,0.0030000000000000027,-1.386,1.0000000000000002,1.598,4.484,1.598,4.539,-5.509,-6.308,-7.107,-36.451,-0.035,-0.032000000000000015,2.869
W2Cl6,,,0.487,0.883,0.10799999999999998,-0.709,0.0,0.487,0.883,0.487,0.883,-4.407,-4.65,-4.894,-39.351,1.3877787807814457e-17,0.0,3.833
Sb2S2F2,,,3.052,4.121,0.071,-1.178,0.0,2.887,3.987,3.052,4.121,-3.356,-4.799,-6.243,-27.207,1.3877787807814457e-17,0.0,2.238
Rh2Sb2O6,,,1.034,2.83,0.095,-0.991,0.0,1.007,2.804,1.034,2.83,-3.072,-3.576,-4.08,-63.767,1.3877787807814457e-17,0.0,3.416
Ta2Ir2S8,,,0.492,1.331,0.0,-0.84,0.0,0.492,1.331,0.492,1.331,-5.352,-5.598,-5.844,-80.883,1.3877787807814457e-17,0.0,2.181
CdInSe4Al,,,0.301,1.108,0.087,-0.621,0.0,0.30099999999999993,1.108,0.30099999999999993,1.108,-4.572,-4.722,-4.873,-25.709,1.3877787807814457e-17,0.0,3.121
Sn2SbSe6,,,0.0,,0.023,-0.282,0.0,0.0,1.3316666666666666,0.0,1.3583333333333332,-5.210333333333334,-5.45,-5.547000000000001,-35.953,1.3877787807814457e-17,0.0,1.993
Ti2AsS2,,,0.0,,0.044,-1.117,0.0,0.0,1.0690000000000002,0.0,1.0703333333333334,-4.627666666666667,-5.331,-4.765000000000001,-31.782,1.3877787807814457e-17,0.0,3.021
Hf2IBr3,,,0.743,1.221,0.041,-1.029,0.0,0.713,1.165,0.743,1.221,-2.582,-2.938,-3.295,-27.418,1.3877787807814457e-17,0.0,4.055
Hf2Se2C,,,0.0,,0.098,-1.076,0.0,0.0,0.5863333333333334,0.0,0.79,-5.679,-5.696,-5.862,-36.578,1.3877787807814457e-17,0.0,6.299
Mn2Cl2N2,,,0.349,1.753,0.119,-0.467,1.0000000000000002,0.17599999999999993,1.607,0.349,1.753,-5.93,-6.018,-6.106,-42.512,-0.3940000000000001,-0.3539999999999999,3.831
In2Se6Al2,,,1.685,2.424,0.055,-0.648,0.0,1.685,2.424,1.685,2.424,-4.3,-5.143,-5.986,-40.379,1.3877787807814457e-17,0.0,2.712
Ta4Te8Si2,,,0.525,0.726,0.0,-0.425,0.0,0.43899999999999995,0.6549999999999998,0.525,0.726,-3.983,-4.203,-4.422,-81.657,1.3877787807814457e-17,0.0,2.541
K2MgS10H4,,,2.077,3.141,0.092,-0.395,0.0,2.059,3.111,2.077,3.141,-2.942,-3.972,-5.001,-64.855,1.3877787807814457e-17,0.0,1.469
Sc2Se6P2,,,0.96,1.546,0.0030000000000000027,-0.833,0.0,0.684,1.214,0.96,1.546,-4.178,-4.52,-4.861,-49.276,1.3877787807814457e-17,0.0,3.544
Ir2Sb2Te6,,,0.325,0.291,0.061,-0.19399999999999995,0.0,0.32499999999999996,0.2909999999999999,0.32499999999999996,0.2909999999999999,-4.314,-4.477,-4.639,-48.531,1.3877787807814457e-17,0.0,3.995
Rb2Ca2As2,,,1.017,1.631,0.085,-0.773,0.0,0.986,1.5180000000000002,1.017,1.6310000000000002,-1.202,-1.6950000000000003,-2.188,-19.809,1.3877787807814457e-17,0.0,2.041
Ta4Si2S8,,,0.379,0.558,0.1,-0.861,0.0,0.29499999999999993,0.41999999999999993,0.379,0.558,-4.511,-4.659,-4.806,-94.74,1.3877787807814457e-17,0.0,2.276
PdIn2Te4,,,0.0,,0.028,-0.321,0.0,0.0,0.7553333333333334,0.0,0.7553333333333334,-4.224333333333334,-4.386,-4.5006666666666675,-24.415,1.3877787807814457e-17,0.0,3.506
Ag2Te4Br2,,,1.242,2.174,0.0,-0.19300000000000006,0.0,1.214,2.055,1.242,2.174,-4.372,-4.979,-5.586,-23.215,1.3877787807814457e-17,0.0,2.642
Re2MnO8,,,1.653,4.097,0.0,-1.73,1.0000000000000002,1.565,4.03,1.653,4.097,-5.205,-5.988,-6.77,-93.057,2.251,2.254,1.607
Os2Te4,,,0.912,1.433,0.071,0.0,0.0,0.713,1.379,0.912,1.433,-3.717,-4.074,-4.431,-35.201,1.3877787807814457e-17,0.0,4.486
In2S2,3.086,3.159,1.683,2.43,0.003999999999999997,-0.552,0.0,1.604,2.354,1.683,2.43,-4.722,-5.524,-6.326,-15.89,1.3877787807814457e-17,0.0,4.031
Te2Na2MgS8H4,,,2.34,3.351,0.024,-0.43,0.0,2.339,3.344,2.34,3.351,-3.274,-4.444,-5.613,-63.881,1.3877787807814457e-17,0.0,1.663
Ge2P2S6H2,,,2.638,3.556,0.042,-0.20399999999999996,0.0,2.464,3.389,2.638,3.556,-3.291,-4.523,-5.755,-53.322,1.3877787807814457e-17,0.0,1.477
HfI6Fe,,,0.803,2.795,0.103,-0.521,0.0,0.781,2.795,0.803,2.795,-4.068,-4.458,-4.849,-29.587,1.3877787807814457e-17,0.0,3.422
TeMnGeS,,,0.0,,0.169,-0.122,1.0000000000000002,0.0,1.3479999999999999,0.0,1.5136666666666665,-5.144333333333334,-4.626,-5.441666666666666,-22.002,-0.21700000000000003,-0.09600000000000002,1.984
Sr4As4S8F4,,,1.965,2.707,0.0,-1.76,0.0,1.9649999999999999,2.707,1.965,2.707,-4.141,-5.124,-6.107,-99.517,1.3877787807814457e-17,0.0,3.193
I6V2,,,0.0,0.002,0.0049999999999999975,-0.509,1.0000000000000002,0.0,0.0019999999999997797,0.0,0.0019999999999997797,-4.967,-5.265,-5.226666666666667,-29.992,5.787,5.789,3.148
Hg4Mo2O8,,,2.354,3.709,0.045,-1.311,0.0,2.278,3.407,2.354,3.709,-4.591,-5.73,-6.87,-85.291,1.3877787807814457e-17,0.0,1.731
Ga2Br2O2,,,2.578,3.616,0.019000000000000003,-1.365,0.0,2.515,3.601,2.5779999999999994,3.616,-4.268,-5.525,-6.782,-27.415,1.3877787807814457e-17,0.0,3.742
Cd2I6Cu2,,,1.507,3.151,0.027,-0.418,0.0,1.507,3.151,1.507,3.151,-3.841,-4.595,-5.348,-22.254,1.3877787807814457e-17,0.0,3.316
Nb2Te4I4,,,0.688,1.308,0.023,-0.4139999999999999,0.0,0.649,1.284,0.688,1.308,-4.141,-4.466,-4.79,-43.526,1.3877787807814457e-17,0.0,2.077
V2Se4Br4,,,0.682,1.814,0.052,-0.592,0.0,0.68,1.81,0.682,1.814,-4.539,-4.879,-5.219,-43.237,1.3877787807814457e-17,0.0,3.247
Zr2Te10,,,0.33,0.321,0.0,-0.514,0.0,0.19100000000000006,0.1419999999999999,0.33000000000000007,0.3210000000000002,-4.393,-4.489,-4.584,-53.026,1.3877787807814457e-17,0.0,2.101
K2GeO6H6,,,4.237,5.959,0.0,-1.366,0.0,4.237,5.959,4.237,5.959,-1.604,-3.723,-5.841,-78.139,1.3877787807814457e-17,0.0,0.8460000000000001
Sc2Se2Br2,,,1.531,2.888,0.0,-1.752,0.0,1.51,2.82,1.531,2.888,-4.547,-5.302,-6.058,-29.965,1.3877787807814457e-17,0.0,3.483
Ni2SeS3,,,0.679,1.657,0.017,-0.284,0.0,0.255,1.35,0.679,1.657,-4.945,-5.072,-5.2,-31.915999999999997,1.3877787807814457e-17,0.0,2.526
TeIAs,1.091,1.419,0.589,1.238,0.162,0.038000000000000034,0.0,0.32900000000000007,0.8719999999999999,0.589,1.238,-4.444,-4.609,-4.774,-9.233000000000004,1.3877787807814457e-17,0.0,3.869
Pb2CdCl2O2,,,2.869,3.928,0.0,-1.212,0.0,2.869,3.928,2.869,3.928,-3.144,-4.578,-6.012,-30.75,1.3877787807814457e-17,0.0,1.802
Ni2Cu2Cl6,,,0.792,3.634,0.0010000000000000009,-0.563,1.0000000000000002,0.614,3.542,0.792,3.634,-5.031,-5.339,-5.646,-38.191,-0.11599999999999999,-0.111,3.089
Ir2BrS2Cl,,,1.097,2.134,0.053,-0.396,0.0,1.089,2.127,1.097,2.134,-4.229,-4.774,-5.318,-32.452,1.3877787807814457e-17,0.0,3.574
TeCrBr,,,1.442,2.082,0.0,-0.528,1.0000000000000002,0.834,1.327,1.442,2.082,-4.338,-4.755,-5.172,-15.782000000000004,1.277,1.273,1.911
I6Ga2,,,1.153,1.898,0.11599999999999999,-0.396,0.0,1.153,1.884,1.153,1.898,-4.723,-5.3,-5.876,-17.847,1.3877787807814457e-17,0.0,3.143
Ta2Te2B,,,0.0,,0.047,-0.523,0.0,0.0,0.9770000000000001,0.0,1.336,-5.013999999999999,-4.48,-5.341333333333333,-35.362,1.3877787807814457e-17,0.0,6.737
Tl2Pd4S6,,,1.312,1.967,0.0,-0.362,0.0,1.305,1.909,1.312,1.967,-3.714,-4.366,-5.018,-49.091,1.3877787807814457e-17,0.0,1.761
Te4Al4Cl4,,,2.985,3.786,0.003999999999999997,-0.935,0.0,2.985,3.786,2.985,3.786,-3.502,-4.995,-6.487,-46.133,1.3877787807814457e-17,0.0,1.569
I2Se2Al2,,,1.906,2.831,0.006999999999999999,-0.778,0.0,1.9050000000000002,2.831,1.906,2.831,-3.764,-4.717,-5.669,-22.068,1.3877787807814457e-17,0.0,2.111
Cr2Cu2P4S12,,,1.09,2.607,0.0,-0.37400000000000005,1.0000000000000002,1.078,2.607,1.09,2.607,-4.787,-5.326,-5.865,-104.03900000000002,0.119,0.123,2.01
W2I6,,,0.244,0.251,0.19,0.18999999999999995,0.0,0.2230000000000001,0.21099999999999985,0.244,0.2509999999999999,-3.811,-3.923,-4.034,-30.319000000000003,1.3877787807814457e-17,0.0,3.978
WTe3MnSe,,,0.123,0.56,0.096,-0.18700000000000006,1.0000000000000002,0.123,0.45799999999999996,0.123,0.56,-4.27,-4.332,-4.394,-35.42,0.603,-0.186,4.379
Hg4Te4,,,0.373,0.899,0.044,-0.15900000000000003,0.0,0.373,0.899,0.373,0.899,-4.312,-4.498,-4.684,-17.632000000000005,1.3877787807814457e-17,0.0,3.534
Pt2F4,,,1.141,2.92,0.084,-1.075,0.0,1.099,2.781,1.141,2.92,-5.159,-5.708,-6.258,-25.504,1.3877787807814457e-17,0.0,1.182
Ru2K2S2N2F10,,,1.046,2.653,0.03,-1.736,1.0000000000000002,0.881,2.625,1.046,2.653,-4.581,-5.022,-5.462,-93.342,-0.09900000000000003,-0.616,1.627
Ag2Cd2Br6,,,2.24,3.456,0.0,-0.682,0.0,2.24,3.456,2.24,3.456,-4.232,-5.352,-6.472,-23.859,1.3877787807814457e-17,0.0,2.933
WTeS,2.065,2.065,1.263,1.745,0.086,-0.41900000000000004,0.0,1.141,1.681,1.263,1.745,-3.824,-4.394,-4.965,-20.026,1.3877787807814457e-17,0.0,4.834
Tl2Br6,,,1.661,2.546,0.0,-0.515,0.0,1.661,2.546,1.661,2.546,-5.531,-6.362,-7.193,-18.625000000000004,1.3877787807814457e-17,0.0,2.688
CoBr2,1.401,1.504,0.389,3.594,0.023,-0.33799999999999997,1.0000000000000002,0.348,3.528,0.3890000000000001,3.594,-5.608,-5.782,-5.956,-12.411999999999999,0.561,0.5650000000000001,3.14
AgCo2S4,,,0.0,,0.025,-0.316,0.0,0.0,0.32299999999999995,0.0,0.32366666666666655,-6.007666666666667,-6.025,-6.034666666666666,-37.824,1.3877787807814457e-17,0.0,4.098
PtLi2H2,,,0.0,,0.046,-0.48,0.0,0.0,1.7746666666666666,0.0,1.7883333333333336,-1.4200000000000004,-1.7889999999999997,-1.75,-19.185,1.3877787807814457e-17,0.0,1.012
Ag2O2,,,0.759,1.829,0.058,-0.04600000000000004,0.0,0.16399999999999992,1.126,0.759,1.829,-5.388,-5.47,-5.552,-16.113,1.3877787807814457e-17,0.0,1.855
Sr4Te4S12,,,2.244,3.213,0.055,-0.812,0.0,2.244,3.213,2.244,3.213,-3.479,-4.601,-5.723,-84.697,1.3877787807814457e-17,0.0,1.69
In2Br6,,,2.745,3.84,0.0,-0.871,0.0,2.745,3.84,2.745,3.84,-4.48,-5.852,-7.224,-21.999,1.3877787807814457e-17,0.0,2.744
BiTeCuSe,,,0.0,0.382,0.077,-0.16000000000000003,0.0,0.0,0.33899999999999997,0.0,0.3820000000000001,-4.799666666666667,-4.863,-4.913666666666667,-15.678999999999998,1.3877787807814457e-17,0.0,3.793
TeICr,,,1.283,2.094,0.008,-0.341,1.0000000000000002,0.654,1.21,1.283,2.094,-4.26,-4.588,-4.915,-15.113999999999997,0.831,0.829,2.024
ZrK2S6H6,,,2.689,4.118,0.005999999999999998,-0.706,0.0,2.689,4.118,2.689,4.118,-2.899,-4.243,-5.588,-64.85,1.3877787807814457e-17,0.0,1.0700000000000003
Os2Rb2S2Cl10N2,,,0.547,1.527,0.0,-0.725,1.0000000000000002,0.356,1.486,0.547,1.527,-5.69,-5.868,-6.046,-79.955,0.6339999999999999,-4.802,1.999
NiO2H2,,,1.078,3.272,0.038,-0.844,1.0000000000000002,1.078,3.272,1.078,3.272,-1.447,-1.9859999999999998,-2.525,-28.364,0.010999999999999996,0.006000000000000005,1.511
Ta3Br7S,,,0.847,1.51,0.003999999999999997,-0.967,0.0,0.847,1.5100000000000002,0.847,1.51,-4.289,-4.712,-5.136,-55.256,1.3877787807814457e-17,0.0,1.894
SbISe,1.968,2.179,1.168,1.922,0.149,-0.18300000000000005,0.0,1.007,1.592,1.168,1.922,-4.538,-5.042,-5.545,-9.915,1.3877787807814457e-17,0.0,3.805
Hf2Ge2Se8,,,1.154,1.784,0.022,-0.785,0.0,1.072,1.759,1.154,1.784,-4.059,-4.594,-5.13,-61.327,1.3877787807814457e-17,0.0,2.167
I2Mn2Cl2,,,1.594,4.288,0.012999999999999998,-0.727,1.0000000000000002,1.531,4.269,1.594,4.288,-4.177,-4.942,-5.708,-30.323,-0.6260000000000001,-0.4660000000000001,2.684
PdP2S6Li,,,0.323,1.057,0.04,-0.412,1.0000000000000002,0.10299999999999998,0.8529999999999998,0.32299999999999995,1.057,-5.53,-5.582,-5.633,-45.027,0.094,0.0010000000000000009,1.985
Bi4Ni2Br4O6,,,0.851,3.726,0.057,-0.941,1.0000000000000002,0.825,3.696,0.851,3.726,-4.55,-4.963,-5.375,-85.333,-0.11999999999999997,0.778,1.985
Ag2I8Cu2,,,0.149,0.303,0.043,-0.11099999999999999,1.0000000000000002,0.11799999999999988,0.30299999999999994,0.14900000000000002,0.30299999999999994,-5.474,-5.533,-5.592,-26.186,0.7969999999999999,-9.056,1.655
Ir4S8,,,0.889,1.695,0.076,-0.381,0.0,0.692,1.52,0.889,1.6949999999999998,-4.995,-5.342,-5.688,-74.297,1.3877787807814457e-17,0.0,3.934
Nb2I12Na2,,,0.552,1.641,0.019000000000000003,-0.648,0.0,0.552,1.641,0.552,1.641,-5.072,-5.349,-5.625,-51.374,1.3877787807814457e-17,0.0,2.16
I4NaAlO12,,,2.819,4.369,0.028999999999999998,-0.676,0.0,2.813,4.269,2.819,4.369,-4.604,-6.011,-7.418,-84.623,1.3877787807814457e-17,0.0,2.23
Ga2Se3,,,0.833,1.626,0.066,-0.528,0.0,0.833,1.626,0.833,1.626,-4.054,-4.471,-4.888,-18.893,1.3877787807814457e-17,0.0,4.201
Hg4Se4,,,0.366,0.937,0.04,-0.20499999999999996,0.0,0.366,0.937,0.366,0.9369999999999998,-4.786,-4.969,-5.152,-19.113,1.3877787807814457e-17,0.0,3.463
Ba2Bi4S8,,,1.439,2.335,0.061,-0.811,0.0,1.436,2.313,1.439,2.335,-3.615,-4.333,-5.051,-66.336,1.3877787807814457e-17,0.0,2.319
In4Te4Cl4,,,2.175,2.916,0.0,-0.705,0.0,2.175,2.916,2.175,2.916,-4.266,-5.353,-6.44,-39.468,1.3877787807814457e-17,0.0,1.6
ReIr2RhSe8,,,0.318,0.701,0.083,-0.313,0.0,0.19199999999999995,0.504,0.31800000000000006,0.7010000000000003,-4.529,-4.625,-4.721,-68.98,1.3877787807814457e-17,0.0,3.923
ScMnBr6,,,0.554,1.867,0.0,-1.224,1.0000000000000002,0.521,1.826,0.554,1.867,-5.877,-6.138,-6.398,-33.676,-0.283,-0.079,2.696
FeBr2,,,0.0,1.923,0.028999999999999998,-0.435,1.0000000000000002,0.0,1.875,0.0,1.923,-4.963666666666667,-5.155,-5.2876666666666665,-13.515999999999998,0.958,0.958,2.325
Mo2Se2B,,,0.0,,0.188,-0.45499999999999996,0.0,0.0,0.36933333333333307,0.0,0.7146666666666666,-5.094,-4.757,-5.212,-38.349,1.3877787807814457e-17,0.0,6.557
SnI3Cu5As2S4Cl5,,,0.0,,0.089,-0.345,0.0,0.0,0.708333333333333,0.0,0.8426666666666667,-5.514666666666667,-6.03,-5.813000000000001,-68.338,1.3877787807814457e-17,0.0,3.32
Ta3Cl7O,,,0.884,1.573,0.075,-1.389,0.0,0.879,1.569,0.884,1.573,-4.48,-4.92,-5.359,-62.348,1.3877787807814457e-17,0.0,1.889
Sn4S4,,,1.866,2.505,0.037,-0.421,0.0,1.737,2.426,1.866,2.505,-3.127,-3.995,-4.864,-35.905,1.3877787807814457e-17,0.0,1.723
In2Te2Si2,,,0.418,1.037,0.095,-0.13800000000000012,0.0,0.4179999999999999,1.037,0.4179999999999999,1.037,-4.469,-4.678,-4.886,-23.565,1.3877787807814457e-17,0.0,3.034
In4F4,,,0.068,0.089,0.037,-1.726,0.0,0.06800000000000006,0.08499999999999996,0.06800000000000006,0.08899999999999997,-3.701,-3.735,-3.769,-31.205,1.3877787807814457e-17,0.0,2.727
Pd4Se4P4,,,1.234,2.03,0.0020000000000000018,-0.4060000000000001,0.0,1.103,1.963,1.234,2.03,-4.421,-4.973,-5.525,-55.541,1.3877787807814457e-17,0.0,2.348
Ta2Ni4Se2S2,,,0.0,,0.022,-0.606,0.0,0.0,0.08899999999999997,0.0,0.11433333333333362,-4.551666666666667,-5.003,-4.597333333333333,-69.806,1.3877787807814457e-17,0.0,2.788
Rh2P2S6,,,0.862,1.468,0.02,-0.346,0.0,0.7870000000000001,1.348,0.862,1.468,-4.591,-4.985,-5.378,-52.95,1.3877787807814457e-17,0.0,3.707
Ga2O2,3.851,4.388,2.067,3.271,0.06,-1.45,0.0,1.556,2.472,2.067,3.271,-5.557,-6.335,-7.113,-21.857,1.3877787807814457e-17,0.0,3.733
Zn2As4S8,,,1.701,2.457,0.076,-0.261,0.0,1.653,2.457,1.701,2.457,-4.232,-5.058,-5.885,-57.301,1.3877787807814457e-17,0.0,2.647
PdCr2Se4,,,0.0,,0.076,-0.42,1.0000000000000002,0.0,0.7153333333333336,0.0,0.9000000000000001,-4.948,-5.47,-5.0023333333333335,-39.512,0.291,0.288,3.774
Y2Br6,,,4.139,5.551,0.0,-1.963,0.0,4.087,5.478,4.138999999999999,5.551,-3.349,-5.392,-7.435,-34.597,1.3877787807814457e-17,0.0,2.666
Cs2Ru2N2O2F10,,,1.032,3.154,0.0,-1.925,1.0000000000000002,0.981,3.138,1.032,3.154,-5.709,-6.2,-6.69,-98.057,-0.07100000000000001,-0.305,1.901
Ge2Cl2O3,,,3.006,4.462,0.064,-1.329,0.0,3.006,4.462,3.006,4.462,-4.801,-6.304,-7.807,-37.28,1.3877787807814457e-17,0.0,2.94
I2Ca,5.912,6.173,3.281,4.443,0.10799999999999998,-1.559,0.0,2.946,4.063,3.281,4.443,-3.409,-4.882,-6.355,-9.644999999999996,1.3877787807814457e-17,0.0,3.284
Bi2SnSe4,,,0.413,0.789,0.0,-0.405,0.0,0.15599999999999992,0.5499999999999998,0.4129999999999999,0.7890000000000001,-5.519,-5.597,-5.675,-30.169,1.3877787807814457e-17,0.0,3.491
I6Cr2,,,0.891,2.091,0.0,-0.46399999999999997,1.0000000000000002,0.891,2.091,0.891,2.091,-4.563,-5.009,-5.454,-31.399,-1.7079999999999997,-1.705,3.262
Nb2Br2Cl4,,,0.195,1.201,0.047,-1.168,0.0,0.19399999999999995,1.199,0.19500000000000006,1.201,-4.743,-4.84,-4.937,-40.304,1.3877787807814457e-17,0.0,3.177
P8S12,,,1.892,2.777,0.047,-0.11699999999999999,0.0,1.832,2.644,1.892,2.777,-3.876,-4.792,-5.708,-94.184,1.3877787807814457e-17,0.0,1.19
Ta2S4F4,,,1.457,2.348,0.058,-1.925,0.0,1.42,2.327,1.457,2.348,-3.826,-4.536,-5.245,-61.543,1.3877787807814457e-17,0.0,1.84
In4Br4S4,,,2.572,3.507,0.0,-0.719,0.0,2.571,3.507,2.572,3.507,-4.445,-5.73,-7.016,-42.332,1.3877787807814457e-17,0.0,1.692
Bi2Cd2Br2O4,,,2.538,3.697,0.003999999999999997,-1.111,0.0,2.4450000000000003,3.667,2.538,3.697,-4.119,-5.341,-6.564,-45.977,1.3877787807814457e-17,0.0,1.852
MoTe8Cr3,,,0.467,0.893,0.087,-0.14900000000000002,0.0,0.4670000000000001,0.893,0.4670000000000001,0.893,-4.293,-4.526,-4.76,-66.85,1.3877787807814457e-17,0.0,4.576
Nb2Cr2S10,,,0.0,,0.0,-0.761,1.0000000000000002,0.0,3.3609999999999998,0.0,3.4210000000000003,-4.452,-4.92,-5.262333333333333,-90.905,-0.15799999999999997,-0.09200000000000001,2.416
Nb4Se12Cl2,,,0.642,1.081,0.015,-0.728,0.0,0.625,1.081,0.642,1.0809999999999997,-4.399,-4.712,-5.024,-99.78,1.3877787807814457e-17,0.0,1.812
PbGeSeS,,,1.016,1.453,0.071,-0.359,0.0,0.846,1.303,1.016,1.453,-3.538,-3.961,-4.384,-17.270000000000003,1.3877787807814457e-17,0.0,3.199
K2Se2S6C2H6,,,0.873,,0.067,-0.266,0.0,0.871,1.8333333333333333,0.873,1.8366666666666664,-3.526,-3.961,-4.397,-77.041,1.3877787807814457e-17,0.0,1.483
Mo2Cd4O8,,,1.75,2.742,0.037,-1.505,0.0,1.649,2.701,1.75,2.742,-4.507,-5.332,-6.156,-88.18,1.3877787807814457e-17,0.0,1.715
Zr2Br5Cl,,,0.424,1.113,0.098,-1.398,0.0,0.371,1.053,0.42399999999999993,1.1129999999999998,-4.088,-4.274,-4.459,-35.698,1.3877787807814457e-17,0.0,3.007
PdAgBrCl5,,,0.341,1.213,0.0,-0.357,1.0000000000000002,0.264,1.132,0.34099999999999997,1.213,-6.736,-6.868,-7.0,-20.027,-0.07,-0.11,2.599
Rh2I2S2,,,0.0,0.578,0.038,-0.398,0.0,0.0,0.4830000000000003,0.0,0.5779999999999998,-5.299333333333333,-5.116,-5.407666666666667,-27.794,1.3877787807814457e-17,0.0,4.248
Pb6I12,,,1.464,2.257,0.037,-0.655,0.0,1.255,2.02,1.464,2.257,-4.848,-5.475,-6.102,-52.084,1.3877787807814457e-17,0.0,2.999
Rh2Se2Cl2,,,0.0,0.197,0.034,-0.579,0.0,0.0,0.19499999999999984,0.0,0.19700000000000006,-6.007666666666667,-6.271,-6.034666666666666,-28.304,1.3877787807814457e-17,0.0,3.86
I2Mn,,,1.278,3.871,0.012,-0.408,1.0000000000000002,1.224,3.636,1.278,3.871,-4.181,-4.793,-5.405,-13.896999999999998,-0.364,-0.36399999999999993,2.559
HfMn3SeS4Cl3,,,0.821,1.861,0.059,-0.949,1.0000000000000002,0.777,1.828,0.821,1.861,-5.233,-5.621,-6.01,-73.198,-0.336,-0.05600000000000001,3.303
Re6Se8F2,,,1.376,2.15,0.0,-0.727,0.0,1.266,1.957,1.376,2.15,-4.951,-5.584,-6.217,-112.619,1.3877787807814457e-17,0.0,2.479
Ca2Cl4O4H8,,,5.762,7.148,0.005999999999999998,-1.5340000000000003,0.0,5.714,7.085,5.761999999999999,7.148,-2.166,-5.023,-7.88,-85.86,1.3877787807814457e-17,0.0,1.195
Zr2Se4Cl4,,,1.501,2.571,0.0,-1.356,0.0,1.437,2.54,1.501,2.571,-4.444,-5.163,-5.881,-49.433,1.3877787807814457e-17,0.0,3.235
Sb2I6,,,1.953,2.624,0.0,-0.37400000000000005,0.0,1.826,2.484,1.953,2.624,-4.22,-5.133,-6.046,-20.671,1.3877787807814457e-17,0.0,2.985
Ge2H2,2.353,2.353,0.92,1.488,0.082,0.08199999999999996,0.0,0.92,1.488,0.92,1.488,-3.954,-4.414,-4.874,-15.350999999999999,1.3877787807814457e-17,0.0,1.965
PdNa2H2,,,0.0,,0.044,-0.257,0.0,0.0,1.7746666666666666,0.0,1.7883333333333336,-1.4200000000000004,-1.726,-1.75,-14.369999999999997,1.3877787807814457e-17,0.0,0.7810000000000001
As4S6,,,2.439,3.37,0.0,-0.14,0.0,2.272,3.236,2.439,3.37,-3.737,-4.873,-6.009,-44.518,1.3877787807814457e-17,0.0,1.293
SbTeBr,2.07,2.402,1.351,1.902,0.0,-0.377,0.0,1.052,1.615,1.351,1.902,-4.708,-5.234,-5.76,-10.326999999999998,1.3877787807814457e-17,0.0,3.14
Ba2Sb4O8,,,3.521,4.692,0.0,-1.9,0.0,3.414,4.562,3.521,4.692,-1.959,-3.666,-5.373,-88.873,1.3877787807814457e-17,0.0,2.376
Ga2Se4Mg,,,0.329,1.145,0.0,-0.788,0.0,0.32900000000000007,1.145,0.32899999999999996,1.145,-4.613,-4.777,-4.941,-26.869,1.3877787807814457e-17,0.0,3.006
MnBr2,,,1.879,4.424,0.033,-0.75,1.0000000000000002,1.775,4.424,1.879,4.424,-4.254,-5.142,-6.03,-15.136,-0.176,-0.176,2.269
Zr2I4S4,,,1.398,2.514,0.0,-1.001,0.0,1.386,2.514,1.398,2.514,-4.617,-5.31,-6.003,-47.046,1.3877787807814457e-17,0.0,3.354
AuAgBr2S,,,0.0,,0.066,-0.15600000000000014,0.0,0.0,0.7510000000000001,0.0,0.7826666666666668,-5.539666666666667,-5.71,-5.860666666666667,-13.997999999999998,1.3877787807814457e-17,0.0,4.039
AuTl2Se4,,,0.0,,0.046,-0.14400000000000002,0.0,0.0,0.7126666666666668,0.0,0.8036666666666665,-4.054666666666667,-4.185,-4.441,-23.068,1.3877787807814457e-17,0.0,3.049
ReCu2Cl6,,,0.474,,0.033,-0.554,1.0000000000000002,0.4670000000000001,1.2436666666666667,0.474,1.5303333333333335,-5.194,-5.428,-5.661,-34.707,0.99,1.013,2.872
Au2Pb2I6,,,1.256,2.135,0.041,-0.4139999999999999,0.0,1.256,2.135,1.256,2.135,-4.549,-5.177,-5.805,-26.79,1.3877787807814457e-17,0.0,3.265
MgB2H8,,,6.448,7.884,0.04,-0.23199999999999998,0.0,6.082,7.486,6.448,7.884,-1.835,-4.876,-7.917,-44.173,1.3877787807814457e-17,0.0,0.9990000000000001
Ag2S2,,,1.355,1.891,0.12,0.06299999999999994,0.0,0.962,1.557,1.355,1.891,-5.238,-5.718,-6.199,-13.582,1.3877787807814457e-17,0.0,2.343
ZrPdCl6,,,0.831,2.473,0.059,-1.284,1.0000000000000002,0.79,2.434,0.831,2.473,-5.849,-6.244,-6.639,-32.202,-0.125,-0.129,2.837
Pd3As2Se8,,,0.912,1.758,0.092,-0.15300000000000002,0.0,0.845,1.601,0.912,1.758,-5.143,-5.565,-5.988,-50.638,1.3877787807814457e-17,0.0,1.804
Zr2I2N2,,,1.355,2.567,0.033,-1.441,0.0,0.28400000000000003,1.235,1.355,2.567,-4.421,-4.563,-4.705,-43.111,1.3877787807814457e-17,0.0,3.436
SeBr2Al2S,,,1.893,2.737,0.058,-1.003,0.0,1.893,2.737,1.893,2.737,-3.851,-4.797,-5.744,-24.224,1.3877787807814457e-17,0.0,3.612
Al2F6,,,8.543,10.923,0.033,-3.566,0.0,8.409000000000002,10.792000000000002,8.543,10.923000000000002,-2.247,-6.452,-10.656,-45.522,1.3877787807814457e-17,0.0,2.305
In2ZnS4,,,0.021,0.87,0.07,-0.581,0.0,0.018999999999999906,0.8700000000000001,0.020999999999999908,0.8700000000000001,-5.373,-5.382,-5.392,-27.086,1.3877787807814457e-17,0.0,3.183
NiAl2S4,,,0.474,2.383,0.066,-0.806,1.0000000000000002,0.18700000000000006,2.149,0.474,2.383,-4.024,-4.118,-4.211,-36.68,0.117,0.117,3.093
Se6P4,,,2.04,2.952,0.012,-0.05400000000000005,0.0,1.992,2.896,2.04,2.952,-3.63,-4.626,-5.622,-42.896,1.3877787807814457e-17,0.0,1.317
Bi2Br6,,,1.435,2.268,0.028999999999999998,-0.763,0.0,1.356,2.138,1.435,2.268,-5.656,-6.334,-7.012,-24.957,1.3877787807814457e-17,0.0,2.707
Cs2I2Cl8,,,2.481,3.62,0.0,-0.86,0.0,2.481,3.62,2.481,3.62,-4.834,-6.075,-7.316,-29.221,1.3877787807814457e-17,0.0,1.436
SbTeI,1.676,1.941,1.089,1.572,0.0,-0.25,0.0,0.838,1.322,1.089,1.572,-4.52,-4.939,-5.358,-9.840000000000003,1.3877787807814457e-17,0.0,3.349
Sn2Te6Cr2,,,0.739,1.284,0.078,-0.16100000000000014,1.0000000000000002,0.08600000000000008,0.7159999999999997,0.739,1.284,-4.568,-4.611,-4.654,-47.773,1.047,1.047,2.139
Hf2I6,,,0.0,,0.151,-0.736,1.0000000000000002,0.0,1.4663333333333335,0.0,1.5616666666666665,-4.055666666666667,-3.779,-4.492666666666667,-29.772,-1.501,-1.501,3.468
Bi2Cd2I2O4,,,1.725,2.702,0.0,-1.029,0.0,1.597,2.598,1.725,2.702,-4.108,-4.906,-5.705,-44.949,1.3877787807814457e-17,0.0,2.037
I6Ga2,,,1.153,1.898,0.11599999999999999,-0.396,0.0,1.153,1.884,1.153,1.898,-4.723,-5.3,-5.876,-17.847,1.3877787807814457e-17,0.0,3.143
Nb2I12K2,,,0.615,1.716,0.009000000000000001,-0.714,0.0,0.615,1.716,0.615,1.7159999999999997,-5.106,-5.414,-5.722,-52.259,1.3877787807814457e-17,0.0,2.114
Re2RhCoS8,,,0.345,0.778,0.074,-0.43,0.0,0.29000000000000004,0.73,0.345,0.7779999999999998,-4.942,-5.087,-5.232,-76.482,1.3877787807814457e-17,0.0,3.878
Rh2O2F2,,,0.121,1.129,0.026,-1.125,0.0,0.121,1.129,0.121,1.129,-6.638,-6.698,-6.759,-34.469,1.3877787807814457e-17,0.0,3.225
Pd2F4,,,0.9,2.767,0.0,-1.285,0.0,0.782,2.606,0.9,2.767,-6.187,-6.578,-6.969,-21.699,1.3877787807814457e-17,0.0,1.124
Cd2Se2,,,1.402,2.197,0.10999999999999999,-0.521,0.0,1.402,2.197,1.402,2.197,-4.44,-5.141,-5.842,-10.903999999999996,1.3877787807814457e-17,0.0,3.248
Ga2S2O8H2,,,4.481,5.983,0.017999999999999995,-1.381,0.0,4.421,5.937999999999999,4.481,5.983,-2.558,-4.769,-6.98,-80.946,1.3877787807814457e-17,0.0,1.647
Bi4Sr4S8F4,,,0.826,1.381,0.008,-1.823,0.0,0.826,1.381,0.8260000000000001,1.381,-4.609,-5.022,-5.436,-100.833,1.3877787807814457e-17,0.0,3.419
CoNaP2S6,,,0.616,1.851,0.024,-0.412,0.0,0.616,1.851,0.616,1.851,-5.279,-5.588,-5.896,-48.853,1.3877787807814457e-17,0.0,1.953
SnI2,3.332,3.563,2.172,2.779,0.085,-0.454,0.0,1.926,2.504,2.172,2.779,-3.951,-4.914,-5.876,-8.374000000000002,1.3877787807814457e-17,0.0,3.324
CdSClH,,,2.774,3.853,0.065,-0.588,0.0,2.774,3.853,2.774,3.853,-3.411,-4.798,-6.185,-12.468000000000004,1.3877787807814457e-17,0.0,1.383
Rb2S6C4H6,,,2.249,3.362,0.069,-0.263,0.0,2.231,3.348,2.249,3.362,-2.651,-3.767,-4.883,-87.853,1.3877787807814457e-17,0.0,1.602
CdGaAlS4,,,0.713,1.692,0.092,-0.752,0.0,0.713,1.6919999999999997,0.713,1.6919999999999997,-4.47,-4.826,-5.183,-29.142,1.3877787807814457e-17,0.0,3.022
Sc2S4Cl4,,,1.639,2.487,0.074,-1.407,0.0,1.531,2.388,1.639,2.487,-4.873,-5.639,-6.404,-46.843,1.3877787807814457e-17,0.0,2.825
Ge4P8,,,1.336,2.068,0.0020000000000000018,0.0020000000000000018,0.0,1.333,2.044,1.336,2.068,-4.289,-4.955,-5.622,-60.954,1.3877787807814457e-17,0.0,1.997
I4Cu4,,,1.566,3.21,0.031,-0.135,0.0,1.566,3.21,1.566,3.21,-3.223,-4.006,-4.789,-21.698,1.3877787807814457e-17,0.0,3.392
BiTeF,,,0.584,1.179,0.065,-1.191,0.0,0.584,1.179,0.584,1.179,-4.62,-4.912,-5.204,-13.04,1.3877787807814457e-17,0.0,2.766
Nb2Ni2Se10,,,0.0,,0.0,-0.531,0.0,0.0,1.2789999999999997,0.0,1.2790000000000001,-5.44,-5.37,-5.844666666666667,-77.414,1.3877787807814457e-17,0.0,2.138
Pd2Te2As,,,0.0,,0.08,-0.275,0.0,0.0,1.1179999999999999,0.0,1.205,-4.7763333333333335,-4.618,-4.825666666666667,-20.087,1.3877787807814457e-17,0.0,2.867
Hg2I8Na4,,,1.969,2.857,0.043,-0.85,0.0,1.968,2.857,1.969,2.857,-4.281,-5.265,-6.249,-30.731,1.3877787807814457e-17,0.0,1.525
SbSeCl,2.856,3.169,1.994,2.646,0.136,-0.405,0.0,1.674,2.29,1.994,2.646,-4.817,-5.653,-6.49,-10.89,1.3877787807814457e-17,0.0,3.524
Ca2P4S12,,,2.448,3.527,0.069,-0.588,0.0,2.355,3.435,2.448,3.527,-4.181,-5.358,-6.536,-84.995,1.3877787807814457e-17,0.0,1.858
PbBi2S4,,,0.739,1.176,0.003999999999999997,-0.424,0.0,0.4940000000000001,1.039,0.739,1.176,-5.901,-6.148,-6.395,-32.388,1.3877787807814457e-17,0.0,3.51
Te2MgLi2O8H4,,,4.225,5.637,0.044,-1.481,0.0,4.041,5.434,4.225,5.637,-1.658,-3.678,-5.699,-91.271,1.3877787807814457e-17,0.0,1.383
Cs2S2C2O6H6,,,4.573,6.162,0.096,-1.065,0.0,4.52,6.116,4.573,6.162000000000001,-0.944,-3.204,-5.464,-98.129,1.3877787807814457e-17,0.0,1.41
Ta4Se12Cl2,,,0.671,1.103,0.04,-0.683,0.0,0.671,1.103,0.6709999999999999,1.103,-4.205,-4.541,-4.877,-96.919,1.3877787807814457e-17,0.0,1.837
Mg2Cl6Li2,,,5.719,7.012,0.034,-1.832,0.0,5.719,7.012,5.718999999999999,7.012,-1.669,-4.529,-7.388,-36.048,1.3877787807814457e-17,0.0,2.449
Hf2Zr2Se8,,,0.867,1.757,0.161,-1.2,0.0,0.841,1.715,0.867,1.757,-5.435,-5.855,-6.276,-72.086,1.3877787807814457e-17,0.0,4.025
Mo2Te2Zn2O12,,,3.161,4.761,0.006999999999999999,-1.621,0.0,3.118,4.549,3.1609999999999996,4.761,-4.854,-6.413,-7.972,-121.855,1.3877787807814457e-17,0.0,2.818
Sr2Ag2I6,,,2.677,3.707,0.019000000000000003,-1.134,0.0,2.677,3.707,2.6770000000000005,3.707,-3.452,-4.79,-6.128,-29.24,1.3877787807814457e-17,0.0,3.082
Zr2S2C,,,0.0,,0.171,-1.219,0.0,0.0,0.5173333333333332,0.0,0.8516666666666666,-5.661666666666666,-6.239,-5.7476666666666665,-38.278,1.3877787807814457e-17,0.0,5.938
Mo2Cl2O4,,,0.807,1.927,0.094,-1.624,0.0,0.71,1.762,0.807,1.927,-5.29,-5.645,-6.0,-59.462,1.3877787807814457e-17,0.0,2.994
Ag2I6Ni2,,,0.401,2.172,0.036,-0.14900000000000002,1.0000000000000002,0.263,2.047,0.401,2.172,-4.746,-4.878,-5.009,-30.537,-1.66,-1.661,3.443
Mo2O6,,,2.899,4.644,0.0,-2.003,0.0,2.067,3.738,2.899,4.644,-6.476,-7.51,-8.544,-69.176,1.3877787807814457e-17,0.0,2.335
Cr2Cl2F2,,,1.255,3.942,0.15,-1.592,1.0000000000000002,1.131,3.853,1.255,3.942,-4.068,-4.634,-5.199,-35.113,-0.449,0.33100000000000007,2.549
Te4Ga2Mg,,,0.112,,0.019000000000000003,-0.469,0.0,0.09800000000000009,0.6983333333333333,0.11200000000000032,0.6983333333333335,-4.256,-4.306,-4.355,-23.524,1.3877787807814457e-17,0.0,3.098
Nb2Te6Fe2,,,0.0,,0.017999999999999995,-0.321,1.0000000000000002,0.0,0.6186666666666667,0.0,0.6193333333333333,-4.576333333333333,-4.775,-4.661666666666667,-61.171,1.336,-2.002,2.417
K6P2,,,0.01,,0.087,-0.14300000000000013,0.0,0.0040000000000000036,1.5459999999999998,0.010000000000000009,1.571,-1.8330000000000002,-1.835,-1.8369999999999997,-19.187,1.3877787807814457e-17,0.0,1.344
Co2S4F2,,,0.239,,0.07,-0.754,0.0,0.0129999999999999,0.5153333333333334,0.23899999999999988,0.6806666666666668,-6.045,-6.052,-6.058,-41.973,1.3877787807814457e-17,0.0,4.637
Fe3Se6,,,0.368,1.436,0.068,-0.292,0.0,0.31200000000000006,1.362,0.368,1.436,-4.991,-5.147,-5.303,-50.652,1.3877787807814457e-17,0.0,4.028
Hf2ZrSe6,,,1.105,2.138,0.0,-1.359,0.0,0.382,1.212,1.105,2.138,-5.019,-5.21,-5.401,-55.547,1.3877787807814457e-17,0.0,3.849
Na6S2O8H2,,,3.857,5.084,0.064,-1.557,0.0,3.857,5.084,3.857,5.084,-1.286,-3.214,-5.142,-91.662,1.3877787807814457e-17,0.0,1.031
TlAgP2S6,,,0.625,1.487,0.052,-0.19999999999999996,0.0,0.587,1.421,0.625,1.487,-5.286,-5.579,-5.872,-42.538,1.3877787807814457e-17,0.0,1.972
I6Al2,,,2.093,2.955,0.053,-0.63,0.0,2.093,2.955,2.093,2.955,-3.772,-4.819,-5.866,-21.383,1.3877787807814457e-17,0.0,3.183
BiSCl,2.98,3.206,1.688,2.528,0.13,-0.538,0.0,1.43,2.271,1.688,2.528,-5.723,-6.438,-7.154,-12.150999999999996,1.3877787807814457e-17,0.0,3.481
BiTeI,1.402,1.402,0.349,1.023,0.11299999999999999,-0.261,0.0,0.346,0.9950000000000001,0.349,1.023,-5.159,-5.332,-5.505,-10.14,1.3877787807814457e-17,0.0,3.809
Ag2Cd2Te2Cl2,,,1.293,2.153,0.085,-0.476,0.0,1.293,2.153,1.293,2.153,-3.975,-4.621,-5.268,-21.319,1.3877787807814457e-17,0.0,1.498
CoGa2S4,,,0.0,,0.046,-0.569,1.0000000000000002,0.0,1.5043333333333333,0.0,1.5043333333333333,-4.350666666666667,-4.3,-4.469666666666667,-34.328,0.024999999999999994,0.024000000000000007,3.23
I4Se4Al4,,,2.699,3.667,0.0,-0.786,0.0,2.699,3.667,2.699,3.667,-3.215,-4.564,-5.913,-44.224,1.3877787807814457e-17,0.0,1.848
Ga4Se6,,,0.405,1.254,0.071,-0.523,0.0,0.405,1.254,0.40500000000000014,1.254,-4.37,-4.572,-4.775,-37.736,1.3877787807814457e-17,0.0,3.17
Pb2P2S6F2,,,2.175,3.178,0.011,-0.853,0.0,1.996,2.969,2.175,3.178,-4.467,-5.465,-6.463,-56.124,1.3877787807814457e-17,0.0,1.838
K2Br2Cl8,,,2.442,3.684,0.0020000000000000018,-0.66,0.0,2.441,3.673,2.442,3.684,-5.307,-6.527,-7.748,-27.803,1.3877787807814457e-17,0.0,1.393
Hf2Mn2Br8,,,0.495,1.109,0.161,-0.949,1.0000000000000002,0.44199999999999995,1.091,0.495,1.109,-3.914,-4.135,-4.356,-58.511,0.368,0.695,3.218
Te4NiGa2,,,0.0,,0.049,-0.268,0.0,0.0,0.813,0.0,1.107,-4.379333333333333,-4.186,-4.565333333333333,-27.746,1.3877787807814457e-17,0.0,3.435
Sc2Se2F2,,,1.459,2.862,0.0,-2.691,0.0,0.859,2.156,1.459,2.862,-4.027,-4.457,-4.886,-35.605,1.3877787807814457e-17,0.0,2.842
Nb4Ni6Se10,,,0.107,0.406,0.0,-0.649,0.0,0.10400000000000009,0.40600000000000014,0.10699999999999998,0.40600000000000014,-4.676,-4.728,-4.78,-132.606,1.3877787807814457e-17,0.0,2.235
I2Mn7GaBr4S4Cl2,,,0.222,,0.067,-0.603,1.0000000000000002,0.129,1.9360000000000002,0.22199999999999998,1.9613333333333334,-5.047,-5.111,-5.175,-112.15,0.443,0.262,4.247
Nb2P2S6,,,0.508,0.679,0.192,-0.519,0.0,0.508,0.679,0.508,0.679,-3.806,-4.059,-4.313,-61.038,1.3877787807814457e-17,0.0,4.292
I6Sc2,,,1.073,2.628,0.047,-1.242,0.0,1.073,2.628,1.073,2.628,-4.458,-4.994,-5.531,-28.123,1.3877787807814457e-17,0.0,3.1
K2N2O6,,,3.166,5.261,0.008,-1.059,0.0,3.166,5.261,3.166,5.261,-2.907,-4.49,-6.074,-60.475,1.3877787807814457e-17,0.0,1.298
Hf2ZrSe6,,,1.105,2.138,0.0,-1.359,0.0,0.382,1.212,1.105,2.138,-5.019,-5.21,-5.401,-55.547,1.3877787807814457e-17,0.0,3.849
VSe4Al2,,,0.0,1.43,0.035,-0.762,1.0000000000000002,0.0,1.197,0.0,1.43,-3.5136666666666665,-3.65,-3.578333333333333,-35.266,0.246,0.246,3.098
Bi2As2,,,0.179,0.071,0.067,0.06699999999999995,0.0,0.17300000000000004,0.07100000000000017,0.17900000000000005,0.07100000000000017,-3.933,-4.02,-4.106,-18.405000000000005,1.3877787807814457e-17,0.0,3.32
Te4Be4,,,1.816,2.505,0.098,-0.271,0.0,1.816,2.505,1.816,2.505,-2.788,-3.696,-4.604,-29.797,1.3877787807814457e-17,0.0,3.211
Pd2I2Br2,,,0.852,1.831,0.028,-0.286,0.0,0.585,1.541,0.852,1.831,-5.027,-5.32,-5.612,-15.484000000000002,1.3877787807814457e-17,0.0,2.783
Pb2Cu2Br6,,,1.283,3.423,0.010000000000000002,-0.691,0.0,1.283,3.395,1.283,3.423,-4.512,-5.154,-5.795,-31.286,1.3877787807814457e-17,0.0,2.902
Mo2P2O10,,,1.11,3.047,0.0,-2.064,1.0000000000000002,1.04,3.024,1.11,3.047,-4.853,-5.373,-5.893,-113.273,-0.174,-0.174,1.465
ScMnBr6,,,0.554,1.867,0.0,-1.224,1.0000000000000002,0.521,1.826,0.554,1.867,-5.877,-6.138,-6.398,-33.676,-0.283,-0.079,2.696
K2As2Mg2,,,0.616,1.14,0.055,-0.64,0.0,0.616,1.14,0.616,1.14,-1.2649999999999997,-1.573,-1.8810000000000002,-18.842,1.3877787807814457e-17,0.0,2.097
Cr2Ge2Se6,,,1.126,2.228,0.0,-0.421,1.0000000000000002,0.703,1.736,1.126,2.228,-4.765,-5.116,-5.468,-52.958,-0.009000000000000008,-0.008999999999999994,2.083
Na2C2O6H2,,,4.605,6.37,0.0,-1.5190000000000001,0.0,4.539,6.301,4.605,6.37,-1.117,-3.386,-5.656,-76.671,1.3877787807814457e-17,0.0,1.115
Nb4Ni2S10,,,0.093,0.343,0.0,-0.94,0.0,0.07800000000000007,0.34299999999999997,0.09299999999999975,0.34299999999999997,-5.481,-5.52,-5.558,-111.613,1.3877787807814457e-17,0.0,2.073
Ag2K2Se2,,,0.466,1.3,0.045,-0.633,0.0,0.46599999999999997,1.3,0.46599999999999997,1.3,-1.666,-1.899,-2.132,-18.882,1.3877787807814457e-17,0.0,2.56
Ag2P2O6,,,2.999,4.737,0.053,-1.462,0.0,2.568,4.204,2.999,4.737,-3.835,-5.12,-6.404,-61.772,1.3877787807814457e-17,0.0,1.748
Ir2I6,,,1.404,2.489,0.0,-0.15700000000000003,0.0,1.358,2.45,1.404,2.489,-3.76,-4.439,-5.118,-28.675,1.3877787807814457e-17,0.0,3.495
Zr3N2O2,,,0.78,1.164,0.094,-2.427,0.0,0.401,0.6159999999999999,0.78,1.164,-4.227,-4.427,-4.628,-66.151,1.3877787807814457e-17,0.0,6.624
Zr2Se6P2,,,0.623,1.344,0.191,-0.672,0.0,0.3939999999999999,1.074,0.6230000000000001,1.344,-4.719,-4.916,-5.113,-53.151,1.3877787807814457e-17,0.0,3.577
SnS,3.912,4.196,2.541,3.263,0.118,-0.34,0.0,2.289,2.978,2.541,3.263,-3.793,-4.937,-6.081,-8.814,1.3877787807814457e-17,0.0,2.678
Sc2Br2C,,,1.174,2.262,0.0,-1.327,0.0,0.663,1.736,1.174,2.262,-4.849,-5.181,-5.512,-28.346,1.3877787807814457e-17,0.0,2.733
Cd2P2S6,,,2.315,3.341,0.0,-0.416,0.0,1.887,2.921,2.315,3.341,-4.319,-5.262,-6.205,-41.216,1.3877787807814457e-17,0.0,3.62
Bi2SeSCl2,,,1.131,1.804,0.028999999999999998,-0.645,0.0,0.826,1.515,1.131,1.804,-6.038,-6.45,-6.863,-24.35,1.3877787807814457e-17,0.0,3.479
PbBi2Se4,,,0.547,0.95,0.0,-0.44599999999999995,0.0,0.28900000000000003,0.756,0.547,0.95,-5.663,-5.807,-5.952,-30.16,1.3877787807814457e-17,0.0,3.528
Ge2P2O6F2,,,4.636,5.857,0.0,-2.037,0.0,4.634,5.827,4.636,5.856999999999999,-2.454,-4.771,-7.088,-78.121,1.3877787807814457e-17,0.0,1.524
Al2Si2S6,,,2.903,3.824,0.039,-0.798,0.0,2.67,3.652,2.9030000000000005,3.824,-3.509,-4.844,-6.179,-50.719,1.3877787807814457e-17,0.0,2.012
Ti3N2O2,,,0.0,0.541,0.032,-2.232,0.0,0.0,0.2469999999999999,0.0,0.5409999999999999,-4.229666666666667,-5.539,-4.681666666666667,-62.648,1.3877787807814457e-17,0.0,6.485
CdSn2I2S2,,,2.024,2.718,0.045,-0.507,0.0,1.906,2.617,2.024,2.718,-3.45,-4.403,-5.356,-23.704,1.3877787807814457e-17,0.0,1.824
Ni2Cu2Cl6,,,0.792,3.634,0.0010000000000000009,-0.563,1.0000000000000002,0.614,3.542,0.792,3.634,-5.031,-5.339,-5.646,-38.191,-0.11599999999999999,-0.111,3.089
I4Ni2As4O6,,,0.643,2.672,0.095,-0.716,1.0000000000000002,0.594,2.672,0.643,2.672,-5.033,-5.33,-5.627,-81.27,-1.264,-1.107,2.134
YCuCl4,,,2.433,4.903,0.03,-1.6830000000000003,0.0,2.322,4.813,2.433,4.903,-3.692,-4.853,-6.014,-25.609,1.3877787807814457e-17,0.0,2.574
Nb2Se2N,,,0.0,,0.042,-0.973,0.0,0.0,0.9946666666666666,0.0,1.3316666666666668,-4.822666666666667,-4.794,-5.104333333333333,-40.835,1.3877787807814457e-17,0.0,6.486
Rb2S2Li2,,,1.265,2.088,0.036,-1.168,0.0,1.265,2.088,1.265,2.088,-0.8679999999999999,-1.501,-2.134,-20.76,1.3877787807814457e-17,0.0,1.846
Ir2Cl6,,,1.823,3.318,0.0,-0.55,0.0,1.823,3.302,1.823,3.318,-4.093,-5.004,-5.915,-33.658,1.3877787807814457e-17,0.0,3.106
Nb2Li2F12,,,5.441,8.153,0.0,-3.285,0.0,5.441,8.141,5.440999999999999,8.153,-4.693,-7.413,-10.134,-96.038,1.3877787807814457e-17,0.0,1.922
InNaP2S6,,,2.45,3.46,0.0,-0.529,0.0,2.384,3.386,2.45,3.46,-4.158,-5.35,-6.542,-44.557,1.3877787807814457e-17,0.0,1.614
I4AlLiO12,,,2.76,4.272,0.028999999999999998,-0.685,0.0,2.704,4.112,2.76,4.272,-4.719,-6.071,-7.423,-85.364,1.3877787807814457e-17,0.0,2.323
Mo2F6,,,1.745,2.609,0.095,-2.31,0.0,1.745,2.609,1.745,2.609,-4.961,-5.834,-6.706,-50.406,1.3877787807814457e-17,0.0,3.333
I2Al2S2,,,1.481,2.434,0.017999999999999995,-0.88,0.0,1.481,2.434,1.481,2.434,-3.979,-4.72,-5.46,-23.867,1.3877787807814457e-17,0.0,2.154
Te6Ti2,,,0.0,,0.034,-0.491,0.0,0.0,0.8543333333333334,0.0,0.9586666666666663,-4.728666666666666,-4.696,-4.957333333333334,-36.535,1.3877787807814457e-17,0.0,5.272
Au2Se2Li2,,,1.614,2.363,0.074,-0.603,0.0,1.614,2.363,1.614,2.363,-3.894,-4.701,-5.508,-20.624,1.3877787807814457e-17,0.0,2.05
I2As2S2,,,1.797,2.473,0.0,-0.18599999999999994,0.0,1.64,2.297,1.797,2.473,-4.395,-5.215,-6.035,-21.558,1.3877787807814457e-17,0.0,3.216
Cu4Br4O4H4,,,0.357,2.178,0.03,-0.635,1.0000000000000002,0.33899999999999986,2.143,0.357,2.178,-6.003,-6.173,-6.342,-65.003,-0.193,-1.587,1.737
SrAs2F12,,,4.689,7.119,0.0,-2.614,0.0,4.689,7.119,4.689,7.119,-5.818,-8.162,-10.507,-69.247,1.3877787807814457e-17,0.0,2.458
Au4Br4S4F4,,,0.968,1.553,0.073,-0.536,0.0,0.8740000000000001,1.438,0.968,1.553,-5.6,-6.037,-6.475,-50.096,1.3877787807814457e-17,0.0,1.711
Ba4Sb4Te8F4,,,0.544,0.896,0.049,-1.582,0.0,0.512,0.8959999999999999,0.544,0.8959999999999999,-4.587,-4.843,-5.099,-88.558,1.3877787807814457e-17,0.0,3.822
Ag2Cu2Cl6,,,0.0,,0.013999999999999999,-0.467,1.0000000000000002,0.0,1.4413333333333336,0.0,1.4583333333333333,-6.085666666666667,-6.501,-6.383333333333334,-28.409,0.819,0.805,2.834
Ir2IBrS2,,,0.355,1.164,0.023,-0.32899999999999996,0.0,0.26,1.045,0.355,1.164,-4.651,-4.781,-4.911,-31.742,1.3877787807814457e-17,0.0,4.416
I2Ti2N2,,,0.062,0.078,0.0020000000000000018,-1.18,0.0,0.062000000000000055,0.07799999999999985,0.06199999999999983,0.07799999999999985,-5.278,-5.309,-5.34,-40.119,1.3877787807814457e-17,0.0,4.467
V2P2O10,,,1.785,4.38,0.0,-2.218,0.0,1.566,4.032,1.785,4.38,-6.12,-6.903,-7.687,-110.06699999999998,1.3877787807814457e-17,0.0,1.341
Bi2Se2S,,,0.636,1.126,0.0,-0.391,0.0,0.35399999999999987,0.857,0.636,1.126,-5.65,-5.827,-6.004,-22.346,1.3877787807814457e-17,0.0,4.707
Ga2Se6Si2,,,1.368,2.035,0.062,-0.448,0.0,1.36,2.028,1.368,2.035,-4.483,-5.163,-5.843,-41.985,1.3877787807814457e-17,0.0,2.026
HgS2H2,,,2.352,3.319,0.0,-0.18900000000000006,0.0,2.352,3.319,2.352,3.319,-3.834,-5.011,-6.187,-16.636,1.3877787807814457e-17,0.0,2.257
Al2S5,,,2.211,3.268,0.077,-0.688,0.0,2.211,3.268,2.211,3.268,-3.428,-4.534,-5.639,-32.681,1.3877787807814457e-17,0.0,1.5659999999999998
Au2Se2Li2,,,1.614,2.363,0.074,-0.603,0.0,1.614,2.363,1.614,2.363,-3.894,-4.701,-5.508,-20.624,1.3877787807814457e-17,0.0,2.05
In2Te4V,,,0.413,,0.024,-0.314,1.0000000000000002,0.1519999999999999,1.0476666666666667,0.4129999999999999,1.0476666666666667,-4.065,-4.141,-4.217,-29.069,0.643,0.643,3.33
Mo2Cl6,,,0.736,1.546,0.0,-0.918,1.0000000000000002,0.639,1.546,0.736,1.546,-4.837,-5.156,-5.476,-40.462,0.101,0.21699999999999997,1.808
Au2Te2,,,1.253,1.742,0.0,-0.10499999999999998,0.0,0.618,1.067,1.253,1.742,-4.239,-4.548,-4.857,-13.090000000000003,1.3877787807814457e-17,0.0,2.48
Nb3Br7S,,,0.81,1.525,0.003999999999999997,-1.051,0.0,0.81,1.525,0.81,1.525,-4.65,-5.055,-5.46,-57.708,1.3877787807814457e-17,0.0,1.885
Ba2I2Cl2,,,4.149,5.209,0.084,-2.14,0.0,4.108,5.159,4.149,5.209,-2.242,-4.296,-6.35,-23.022,1.3877787807814457e-17,0.0,2.79
Rb2Cl2O6,,,5.5,6.974,0.062,-0.726,0.0,5.432,6.795,5.5,6.974,-0.875,-3.591,-6.307,-43.391,1.3877787807814457e-17,0.0,1.428
Sn4As8,,,0.867,1.346,0.011,-0.030000000000000138,0.0,0.75,1.229,0.867,1.346,-4.253,-4.629,-5.004,-53.884,1.3877787807814457e-17,0.0,2.046
Si4S8,,,3.585,4.715,0.010000000000000002,-0.661,0.0,3.428,4.553,3.585,4.715,-3.179,-4.893,-6.607,-62.149,1.3877787807814457e-17,0.0,1.575
W2Cd4O8,,,2.645,3.681,0.055,-1.6059999999999999,0.0,2.469,3.477,2.6450000000000005,3.681,-3.637,-4.872,-6.106,-90.154,1.3877787807814457e-17,0.0,1.71
W2Br4O4,,,1.174,2.386,0.0,-1.516,0.0,1.149,2.348,1.174,2.386,-5.682,-6.257,-6.831,-64.971,1.3877787807814457e-17,0.0,1.846
Pt2Nb2Se10,,,0.0,,0.010000000000000002,-0.569,0.0,0.0,0.1983333333333337,0.0,0.22899999999999965,-4.911666666666666,-5.269,-4.974,-76.15,1.3877787807814457e-17,0.0,2.149
Hg2Ag2Te2I2,,,1.127,1.923,0.016,-0.21899999999999997,0.0,1.127,1.923,1.127,1.923,-4.16,-4.724,-5.287,-18.571999999999996,1.3877787807814457e-17,0.0,1.63
CdClOH,,,2.517,3.774,0.033,-1.071,0.0,2.517,3.774,2.517,3.774,-3.613,-4.871,-6.13,-15.445000000000004,1.3877787807814457e-17,0.0,1.29
PtNa2O6H6,,,2.838,4.675,0.0,-1.142,0.0,2.835,4.674,2.838,4.675,-1.775,-3.192,-4.61,-76.794,1.3877787807814457e-17,0.0,0.8839999999999999
Pd4I8,,,1.104,2.061,0.0,-0.254,0.0,1.069,2.017,1.104,2.061,-4.722,-5.257,-5.792,-30.155,1.3877787807814457e-17,0.0,1.561
MoTeS,1.988,2.055,1.274,1.746,0.065,-0.546,0.0,0.992,1.585,1.274,1.746,-4.142,-4.638,-5.135,-20.124,1.3877787807814457e-17,0.0,4.729
Nb2I4O2,,,1.034,2.04,0.0,-1.358,0.0,1.024,1.845,1.034,2.04,-4.191,-4.703,-5.215,-47.682,1.3877787807814457e-17,0.0,2.049
VBr2,3.35,3.514,1.302,3.708,0.0,-0.863,1.0000000000000002,1.252,3.665,1.302,3.708,-3.347,-3.973,-4.598,-14.283000000000001,-0.04200000000000001,-0.041999999999999996,3.062
Ni2Se2O6,,,0.31,2.554,0.0,-0.737,0.0,0.31000000000000005,2.554,0.31000000000000005,2.554,-4.224,-4.379,-4.534,-59.572,1.3877787807814457e-17,0.0,1.456
Ga4Se4Cl4,,,3.011,3.966,0.0,-0.869,0.0,3.011,3.966,3.011,3.966,-4.218,-5.724,-7.229,-43.113,1.3877787807814457e-17,0.0,1.615
W2I6,,,0.706,2.035,0.069,0.06899999999999995,1.0000000000000002,0.705,2.03,0.706,2.035,-4.015,-4.368,-4.721,-31.287999999999997,-10.343,-10.359,3.317
As4Be6,,,1.279,1.958,0.098,0.09799999999999998,0.0,1.279,1.958,1.279,1.958,-4.228,-4.868,-5.507,-39.884,1.3877787807814457e-17,0.0,2.674
As2Mg2S6,,,2.029,3.081,0.074,-0.576,0.0,2.029,3.081,2.029,3.081,-4.633,-5.647,-6.662,-42.786,1.3877787807814457e-17,0.0,1.9329999999999998
Au2Br2,,,1.985,2.926,0.0,-0.15900000000000003,0.0,1.9849999999999999,2.926,1.985,2.926,-3.372,-4.365,-5.357,-10.067,1.3877787807814457e-17,0.0,1.515
HgPb2I2O2,,,2.128,3.053,0.010000000000000002,-0.808,0.0,1.821,2.706,2.128,3.053,-3.888,-4.798,-5.708,-27.262,1.3877787807814457e-17,0.0,2.178
Cd2Cu2Cl6,,,1.645,3.891,0.003999999999999997,-0.847,0.0,1.645,3.891,1.645,3.891,-4.1,-4.923,-5.745,-28.384,1.3877787807814457e-17,0.0,2.99
TiSe2,1.481,2.174,0.867,2.046,0.126,-1.005,0.0,0.522,1.46,0.867,2.046,-5.571,-5.832,-6.093,-16.670000000000005,1.3877787807814457e-17,0.0,3.98
Au4Te2O12,,,1.08,2.47,0.041,-0.368,0.0,1.08,2.467,1.08,2.47,-6.509,-7.049,-7.589,-87.04,1.3877787807814457e-17,0.0,1.592
Ta4Pt2Te14,,,0.059,0.039,0.019000000000000003,-0.36500000000000005,0.0,0.05899999999999994,0.008999999999999897,0.05899999999999994,0.039000000000000146,-4.418,-4.447,-4.476,-104.149,1.3877787807814457e-17,0.0,2.388
Nb2Pd2Te10,,,0.0,,0.005999999999999998,-0.385,0.0,0.0,0.022333333333333538,0.0,0.028999999999999915,-4.461333333333333,-4.686,-4.519,-65.733,1.3877787807814457e-17,0.0,2.216
Rb2Ru2Cl10N2O2,,,0.443,1.657,0.0,-0.876,1.0000000000000002,0.43300000000000005,1.645,0.44300000000000006,1.657,-6.517,-6.734,-6.951,-81.318,-0.017999999999999988,-0.040999999999999995,1.986
Ti2Br2N,,,0.0,,0.0,-1.387,0.0,0.0,1.0433333333333334,0.0,1.3586666666666667,-4.798,-4.099,-5.1259999999999994,-31.839,1.3877787807814457e-17,0.0,5.122
TlAgSe6P2,,,0.33,0.981,0.017999999999999995,-0.127,0.0,0.266,0.9010000000000002,0.33000000000000007,0.9809999999999999,-5.094,-5.227,-5.36,-38.229,1.3877787807814457e-17,0.0,2.001
Ir2Te6As2,,,0.336,0.336,0.045,-0.20699999999999996,0.0,0.3360000000000001,0.33599999999999985,0.3360000000000001,0.33599999999999985,-4.328,-4.496,-4.664,-49.173,1.3877787807814457e-17,0.0,3.942
ZnBr2,5.864,5.864,3.381,4.583,0.08,-0.843,0.0,3.353,4.563,3.381,4.583,-3.587,-5.263,-6.939,-6.883000000000003,1.3877787807814457e-17,0.0,2.966
AuSbP2S6,,,1.861,2.606,0.0,-0.19599999999999995,0.0,1.683,2.371,1.861,2.606,-4.208,-5.05,-5.891,-44.694,1.3877787807814457e-17,0.0,1.968
ICr2BrS2,,,0.904,2.346,0.038,-0.677,1.0000000000000002,0.841,2.218,0.904,2.346,-4.573,-4.994,-5.414,-34.097,-0.287,-0.196,3.39
Se4Mg4,,,3.195,4.089,0.082,-1.181,0.0,3.089,3.986,3.195,4.089,-3.168,-4.713,-6.258,-29.849,1.3877787807814457e-17,0.0,2.884
Hg2Bi2Cl2O4,,,2.556,3.745,0.026,-0.897,0.0,2.556,3.745,2.556,3.745,-3.882,-5.16,-6.438,-44.158,1.3877787807814457e-17,0.0,1.691
WAu2O4,,,2.992,4.491,0.192,-1.096,0.0,2.962,4.436,2.992,4.491,-3.681,-5.162,-6.643,-45.916,1.3877787807814457e-17,0.0,1.478
VBrClO,,,0.815,3.148,0.0020000000000000018,-1.5340000000000003,1.0000000000000002,0.784,3.075,0.815,3.148,-5.289,-5.681,-6.073,-23.153,0.008000000000000007,-0.03599999999999999,1.616
Sn3CaBr4S4,,,0.96,1.585,0.097,-0.827,0.0,0.712,1.304,0.96,1.585,-5.196,-5.552,-5.908,-46.756,1.3877787807814457e-17,0.0,3.4
Ta3I8,,,0.264,0.804,0.012,-0.42,1.0000000000000002,0.15500000000000003,0.6939999999999997,0.264,0.804,-3.922,-4.0,-4.077,-45.893,1.049,1.048,2.161
SbTeBr,2.253,2.46,1.469,2.133,0.13,-0.247,0.0,1.319,1.819,1.469,2.133,-4.525,-5.184,-5.844,-9.936999999999998,1.3877787807814457e-17,0.0,3.614
Nb2Te4Cl4,,,0.662,1.172,0.087,-0.758,0.0,0.596,1.02,0.662,1.172,-4.204,-4.502,-4.8,-48.194,1.3877787807814457e-17,0.0,2.025
Cr2P2S6,,,0.763,1.609,0.05,-0.43,1.0000000000000002,0.622,1.234,0.763,1.609,-4.553,-4.864,-5.176,-58.311,-0.10699999999999996,-0.107,3.629
HgPb2Br2O2,,,2.576,3.602,0.0,-0.936,0.0,2.329,3.357,2.576,3.602,-3.721,-4.886,-6.051,-28.371,1.3877787807814457e-17,0.0,1.966
Zr2Te4Br4,,,1.022,1.821,0.0,-0.975,0.0,0.972,1.795,1.022,1.821,-4.308,-4.794,-5.28,-43.714,1.3877787807814457e-17,0.0,3.281
Ba4Te8As4F4,,,1.067,1.677,0.052,-1.525,0.0,0.76,1.409,1.067,1.677,-4.325,-4.705,-5.086,-88.457,1.3877787807814457e-17,0.0,3.63
Ti2P2S6,,,0.0,,0.155,-0.704,1.0000000000000002,0.0,1.0773333333333335,0.0,1.1396666666666666,-4.412333333333334,-4.296,-4.773666666666666,-55.619,0.018000000000000002,0.019000000000000003,3.874
NbMnSe4,,,0.407,0.906,0.027,-0.647,0.0,0.21100000000000008,0.5979999999999999,0.40700000000000003,0.9060000000000001,-5.146,-5.252,-5.357,-37.854,1.3877787807814457e-17,0.0,4.321
Nb2S2B,,,0.0,,0.121,-0.932,0.0,0.0,0.5863333333333334,0.0,0.79,-5.356999999999999,-5.714,-5.549666666666667,-40.174,1.3877787807814457e-17,0.0,6.143000000000001
Ta2Se4Br4,,,0.996,1.727,0.041,-0.745,0.0,0.99,1.725,0.996,1.7269999999999999,-4.034,-4.529,-5.024,-47.349,1.3877787807814457e-17,0.0,1.927
Ga2S2Cl2,,,1.607,2.416,0.125,-0.778,0.0,1.417,2.23,1.607,2.416,-5.021,-5.73,-6.439,-22.199,1.3877787807814457e-17,0.0,3.393
GeNa2S6H6,,,2.284,3.327,0.058,-0.398,0.0,2.274,3.318,2.284,3.327,-3.31,-4.447,-5.584,-57.509,1.3877787807814457e-17,0.0,1.091
Rh2Br2S2,,,1.009,2.15,0.0020000000000000018,-0.523,0.0,1.004,2.135,1.009,2.15,-4.669,-5.171,-5.673,-28.758,1.3877787807814457e-17,0.0,1.871
Ni2N4O12,,,0.825,3.697,0.011,-0.42800000000000005,0.0,0.825,3.653,0.825,3.697,-5.804,-6.216,-6.628,-117.093,1.3877787807814457e-17,0.0,1.263
Se6Al4,,,1.524,2.462,0.024,-0.833,0.0,1.524,2.462,1.524,2.462,-3.576,-4.338,-5.1,-44.175,1.3877787807814457e-17,0.0,2.929
Te12Al8,,,1.863,2.576,0.0030000000000000027,-0.448,0.0,1.775,2.441,1.863,2.576,-3.141,-4.028,-4.915,-77.32,1.3877787807814457e-17,0.0,1.7360000000000002
IVBr,,,1.231,3.533,0.02,-0.657,1.0000000000000002,1.188,3.5,1.231,3.533,-3.369,-3.964,-4.558,-13.558,-0.046999999999999986,-0.047,3.0
TeTiBr,,,0.73,1.051,0.057,-0.903,1.0000000000000002,0.18300000000000005,0.7629999999999999,0.73,1.051,-4.441,-4.533,-4.624,-14.186999999999998,0.911,0.909,3.875
CoSCl,,,1.313,2.882,0.012999999999999998,-0.554,0.0,1.065,2.669,1.313,2.882,-4.858,-5.39,-5.923,-15.753000000000004,1.3877787807814457e-17,0.0,1.966
Te6Cr2As2,,,0.0,,0.035,-0.10099999999999998,1.0000000000000002,0.0,0.6493333333333335,0.0,0.996,-4.767666666666666,-4.689,-5.0023333333333335,-48.381,2.331,2.33,3.902
Zr4N4F4,,,1.934,3.293,0.0,-2.585,0.0,1.934,3.293,1.934,3.293,-3.697,-4.664,-5.631,-100.39,1.3877787807814457e-17,0.0,3.661
Ta2Ir2Te8,,,0.047,0.132,0.006999999999999999,-0.39,0.0,0.04699999999999993,0.11899999999999977,0.04699999999999993,0.13200000000000012,-4.312,-4.336,-4.359,-68.501,1.3877787807814457e-17,0.0,2.394
Cs4Cu4Se4,,,1.546,2.928,0.0,-0.716,0.0,1.546,2.928,1.546,2.928,-1.221,-1.9939999999999998,-2.767,-40.562,1.3877787807814457e-17,0.0,2.531
Co2Br4,,,0.132,2.428,0.0010000000000000009,-0.35999999999999993,1.0000000000000002,0.131,2.428,0.13200000000000012,2.428,-5.56,-5.625,-5.69,-24.954,-0.353,-0.324,2.673
I2Cu2Se4,,,0.912,2.111,0.0,-0.14300000000000013,0.0,0.791,2.099,0.912,2.111,-4.643,-5.038,-5.434,-25.386,1.3877787807814457e-17,0.0,2.849
Hg2Cu2Se2Br2,,,0.812,2.253,0.025,-0.3,0.0,0.812,2.253,0.812,2.253,-4.521,-4.926,-5.332,-21.66,1.3877787807814457e-17,0.0,1.596
In2Se2,,,1.359,1.998,0.0030000000000000027,-0.534,0.0,1.321,1.963,1.359,1.998,-4.573,-5.234,-5.894,-14.628999999999998,1.3877787807814457e-17,0.0,3.955
TeI2Sc2,,,0.0,,0.0,-1.167,0.0,0.0,0.7700000000000002,0.0,0.7956666666666667,-3.7956666666666665,-3.687,-4.151666666666666,-21.315,1.3877787807814457e-17,0.0,4.753
Te6Cr3,,,0.0,,0.028999999999999998,-0.18500000000000005,1.0000000000000002,0.0,1.0556666666666668,0.0,1.3473333333333333,-4.767666666666666,-5.042,-5.0023333333333335,-49.123,2.148,2.161,4.143
Zr2I4,,,0.536,0.892,0.0,-0.911,0.0,0.42899999999999994,0.889,0.536,0.8919999999999999,-3.692,-3.907,-4.121,-26.186,1.3877787807814457e-17,0.0,4.111
Ta4S12Cl2,,,0.546,1.01,0.075,-0.78,0.0,0.546,1.01,0.546,1.01,-4.552,-4.825,-5.098,-105.807,1.3877787807814457e-17,0.0,1.773
Zr2Te4I4,,,0.856,1.715,0.006999999999999999,-0.752,0.0,0.821,1.681,0.856,1.715,-4.34,-4.75,-5.16,-41.061,1.3877787807814457e-17,0.0,3.452
HfICl,1.783,2.419,1.46,1.988,0.14000000000000004,-1.032,0.0,0.814,1.295,1.46,1.988,-2.632,-3.039,-3.446,-13.866,1.3877787807814457e-17,0.0,4.289
AgGaSe4P2S2,,,1.022,1.921,0.0049999999999999975,-0.248,0.0,0.923,1.801,1.022,1.921,-4.524,-4.985,-5.447,-41.041,1.3877787807814457e-17,0.0,3.631
As8Si4,,,1.427,2.023,0.0030000000000000027,-0.07999999999999996,0.0,1.422,2.023,1.427,2.023,-3.865,-4.576,-5.287,-59.857,1.3877787807814457e-17,0.0,1.963
Ir2Cl6,,,1.823,3.318,0.0,-0.55,0.0,1.823,3.302,1.823,3.318,-4.093,-5.004,-5.915,-33.658,1.3877787807814457e-17,0.0,3.106
Ge4As8,,,1.201,1.751,0.005999999999999998,-0.04700000000000004,0.0,1.186,1.729,1.201,1.751,-3.967,-4.56,-5.153,-55.927,1.3877787807814457e-17,0.0,1.981
W2Mo2O8,,,1.517,2.353,0.0049999999999999975,-2.01,0.0,1.083,1.84,1.517,2.353,-5.441,-5.982,-6.523,-110.488,1.3877787807814457e-17,0.0,4.031
Nb4Ni2S10,,,0.093,0.343,0.0,-0.94,0.0,0.07800000000000007,0.34299999999999997,0.09299999999999975,0.34299999999999997,-5.481,-5.52,-5.558,-111.613,1.3877787807814457e-17,0.0,2.073
Cr2As2O6,,,1.324,3.931,0.005999999999999998,-1.582,1.0000000000000002,1.295,3.931,1.324,3.931,-3.334,-3.981,-4.629,-74.71,-0.025999999999999995,-0.023999999999999994,3.25
Pt5InI2,,,0.0,,0.11199999999999999,-0.15500000000000003,0.0,0.0,0.29433333333333334,0.0,0.351,-4.270666666666666,-3.849,-4.623333333333334,-38.731,1.3877787807814457e-17,0.0,5.68
TlI4LiO12,,,2.198,3.459,0.0,-0.395,0.0,2.17,3.421,2.198,3.459,-5.239,-6.324,-7.409,-78.906,1.3877787807814457e-17,0.0,2.258
Pd4I4Br4,,,0.609,1.425,0.068,-0.246,0.0,0.537,1.352,0.609,1.425,-5.312,-5.58,-5.849,-30.489,1.3877787807814457e-17,0.0,2.585
Ti8SeSCl6N4,,,0.0,,0.0020000000000000018,-1.605,0.0,0.0,1.337,0.0,1.3370000000000002,-4.545333333333334,-4.721,-5.389333333333333,-137.296,1.3877787807814457e-17,0.0,5.269
Sb2Se2O10H2,,,3.012,4.468,0.09,-0.94,0.0,2.86,4.28,3.012,4.468,-5.368,-6.798,-8.228,-88.704,1.3877787807814457e-17,0.0,2.186
Ni2AsSe2,,,0.0,,0.0020000000000000018,-0.295,0.0,0.0,1.0693333333333335,0.0,1.0853333333333333,-4.982,-5.162,-5.281000000000001,-27.597,1.3877787807814457e-17,0.0,2.662
Ta2I12K2,,,0.989,2.053,0.0,-0.735,0.0,0.989,2.053,0.989,2.053,-4.875,-5.369,-5.864,-51.57,1.3877787807814457e-17,0.0,2.071
Ga2S2Cl2,,,2.92,4.207,0.0020000000000000018,-0.901,0.0,2.92,4.207,2.92,4.207,-4.799,-6.259,-7.719,-22.937,1.3877787807814457e-17,0.0,1.9
Pd3ZnBr3ClO4,,,0.0,,0.082,-0.478,0.0,0.0,0.5470000000000002,0.0,0.5566666666666666,-5.586,-5.776,-5.6273333333333335,-45.413,1.3877787807814457e-17,0.0,3.66
PdIn2Se4,,,0.0,,0.023,-0.457,0.0,0.0,0.7430000000000001,0.0,0.7430000000000001,-4.306,-4.607,-4.462,-26.479,1.3877787807814457e-17,0.0,3.343
Ag2Cl2,,,2.521,3.807,0.0,-0.439,0.0,2.521,3.807,2.521,3.807,-3.897,-5.158,-6.418,-11.003999999999998,1.3877787807814457e-17,0.0,1.225
Sr4Te4S12,,,2.244,3.213,0.055,-0.812,0.0,2.244,3.213,2.244,3.213,-3.479,-4.601,-5.723,-84.697,1.3877787807814457e-17,0.0,1.69
Ga2O2,,,1.985,3.185,0.061,-1.4490000000000003,0.0,1.468,2.423,1.985,3.185,-5.607,-6.341,-7.074,-21.853,1.3877787807814457e-17,0.0,3.408
Ta2Cr2Se10,,,0.0,,0.003999999999999997,-0.593,1.0000000000000002,0.0,1.1273333333333333,0.0,1.1573333333333335,-4.2683333333333335,-4.613,-4.322,-81.58,0.411,0.312,2.554
Au4Te4Cl4,,,1.377,1.965,0.0010000000000000009,-0.319,0.0,1.36,1.924,1.377,1.965,-5.0,-5.68,-6.36,-36.311,1.3877787807814457e-17,0.0,1.717
Sc2Se8P2,,,1.171,2.154,0.0,-0.746,0.0,1.171,2.154,1.171,2.154,-4.721,-5.307,-5.892,-56.868,1.3877787807814457e-17,0.0,1.949
V2Br3ClO2,,,0.995,1.983,0.028999999999999998,-1.452,0.0,0.901,1.976,0.995,1.983,-4.819,-5.27,-5.721,-45.452,1.3877787807814457e-17,0.0,3.042
Ag2Br6Mg2,,,2.989,4.269,0.011,-1.047,0.0,2.989,4.269,2.989,4.269,-3.585,-5.079,-6.574,-28.896,1.3877787807814457e-17,0.0,2.896
Hg2Ag2Te2Cl2,,,1.424,2.272,0.015,-0.342,0.0,1.424,2.272,1.424,2.272,-3.956,-4.668,-5.38,-20.17,1.3877787807814457e-17,0.0,1.471
Sr2I4O4H8,,,4.115,5.095,0.0,-1.31,0.0,4.111,5.091,4.115,5.095,-2.435,-4.49,-6.545,-79.944,1.3877787807814457e-17,0.0,1.323
I6Al2,,,2.093,2.955,0.053,-0.63,0.0,2.093,2.955,2.093,2.955,-3.772,-4.819,-5.866,-21.383,1.3877787807814457e-17,0.0,3.183
I2Fe,,,0.144,0.02,0.11199999999999999,-0.008000000000000007,1.0000000000000002,0.1439999999999999,0.020000000000000018,0.1439999999999999,0.020000000000000018,-4.849,-4.921,-4.993,-12.021999999999998,5.255,5.254,3.801
CdGaAlS4,,,0.713,1.692,0.092,-0.752,0.0,0.713,1.6919999999999997,0.713,1.6919999999999997,-4.47,-4.826,-5.183,-29.142,1.3877787807814457e-17,0.0,3.022
CdS2H2,,,3.156,4.206,0.0010000000000000009,-0.37400000000000005,0.0,3.156,4.206,3.156,4.206,-3.253,-4.831,-6.409,-17.601,1.3877787807814457e-17,0.0,2.242
Sr4Sb4Te8Cl4,,,0.834,1.325,0.078,-1.087,0.0,0.727,1.303,0.8339999999999999,1.325,-4.496,-4.86,-5.223,-78.846,1.3877787807814457e-17,0.0,3.534
W2Mo2Te8,,,0.862,1.279,0.011,-0.20699999999999996,0.0,0.862,1.279,0.862,1.279,-3.743,-4.173,-4.604,-73.497,1.3877787807814457e-17,0.0,4.791
Se12Al8,,,2.654,3.6,0.0,-0.857,0.0,2.654,3.6,2.654,3.6,-3.065,-4.392,-5.719,-88.833,1.3877787807814457e-17,0.0,1.659
In2MnSe4,,,0.0,,0.006999999999999999,-0.501,1.0000000000000002,0.0,1.5260000000000002,0.0,1.5260000000000002,-4.350666666666667,-4.341,-4.469666666666667,-32.679,-1.6699999999999997,-1.67,3.232
Sb4Na4S8,,,1.529,2.102,0.037,-0.672,0.0,1.529,2.102,1.529,2.102,-4.075,-4.84,-5.604,-66.235,1.3877787807814457e-17,0.0,2.85
Tl2Se3,,,0.757,1.24,0.087,-0.131,0.0,0.679,1.171,0.757,1.24,-3.001,-3.341,-3.68,-16.098,1.3877787807814457e-17,0.0,3.223
Rh2Sb2O6,,,1.034,2.83,0.095,-0.991,0.0,1.007,2.804,1.034,2.83,-3.072,-3.576,-4.08,-63.767,1.3877787807814457e-17,0.0,3.416
Ag2Se4Cl2,,,1.343,2.423,0.0,-0.237,0.0,1.34,2.421,1.343,2.423,-4.772,-5.442,-6.112,-25.078,1.3877787807814457e-17,0.0,2.458
Se2Na2H2,,,3.022,3.958,0.0,-0.593,0.0,3.022,3.958,3.022,3.958,-1.9930000000000003,-3.504,-5.015,-19.79,1.3877787807814457e-17,0.0,1.205
In2F2,,,2.918,3.561,0.0,-1.763,0.0,2.513,3.051,2.918,3.561,-2.671,-3.927,-5.183,-15.750999999999998,1.3877787807814457e-17,0.0,2.508
Mn2NO2H2,,,0.0,,0.165,-0.778,1.0000000000000002,0.0,2.2616666666666667,0.0,2.715,-2.909333333333333,-1.549,-3.272,-50.131,-0.20400000000000001,-0.20400000000000001,2.972
Au2Cl6,,,0.251,1.301,0.169,-0.09799999999999998,1.0000000000000002,0.20799999999999996,1.276,0.2509999999999999,1.301,-6.485,-6.589,-6.693,-17.757,-1.447,-1.453,2.715
Sn2Te6Cr2,,,0.739,1.284,0.078,-0.16100000000000014,1.0000000000000002,0.08600000000000008,0.7159999999999997,0.739,1.284,-4.568,-4.611,-4.654,-47.773,1.047,1.047,2.139
Hf2Cl2B,,,0.0,,0.0,-1.38,0.0,0.0,0.9336666666666666,0.0,1.4169999999999998,-4.865333333333333,-4.22,-5.182666666666666,-32.186,1.3877787807814457e-17,0.0,5.347
Nb4Pd2Se10,,,0.066,0.283,0.038,-0.729,0.0,0.020999999999999908,0.2829999999999999,0.06600000000000006,0.2829999999999999,-5.144,-5.155,-5.166,-95.431,1.3877787807814457e-17,0.0,2.199
I2Sc2C,,,0.0,2.191,0.0,-0.931,0.0,0.0,0.7590000000000001,0.0,2.191,-4.494000000000001,-4.512,-4.745666666666667,-26.149,1.3877787807814457e-17,0.0,3.02
Pb4Sr2Cl12,,,3.026,4.132,0.076,-1.547,0.0,2.998,4.087,3.026,4.132,-3.289,-4.788,-6.287,-67.654,1.3877787807814457e-17,0.0,2.058
Cu2S4Cl2,,,0.996,2.363,0.0,-0.303,0.0,0.996,2.363,0.996,2.363,-4.978,-5.476,-5.974,-29.656,1.3877787807814457e-17,0.0,2.473
Mo2I6KO2,,,0.0,,0.025,-0.912,0.0,0.0,0.2243333333333335,0.0,0.24300000000000033,-4.823333333333333,-4.868,-5.052,-52.78,1.3877787807814457e-17,0.0,1.959
TaZrVBr4S3,,,0.48,1.025,0.092,-1.099,1.0000000000000002,0.42899999999999994,1.002,0.48,1.025,-4.579,-4.793,-5.008,-55.307,-0.03,0.109,3.127
Sb4P2O12H2,,,4.363,5.611,0.0,-1.631,0.0,4.217,5.462999999999999,4.363,5.611,-2.253,-4.362,-6.47,-129.118,1.3877787807814457e-17,0.0,1.393
Ta2Cl4O2,,,0.911,1.815,0.0,-1.903,0.0,0.805,1.702,0.911,1.815,-4.892,-5.294,-5.697,-52.244,1.3877787807814457e-17,0.0,1.794
Tl6Br6,,,2.098,2.887,0.021,-0.858,0.0,2.092,2.88,2.098,2.887,-3.267,-4.313,-5.359,-34.793,1.3877787807814457e-17,0.0,3.309
Ge2Se6Al2,,,1.67,2.445,0.006999999999999999,-0.547,0.0,1.645,2.408,1.67,2.445,-4.243,-5.065,-5.888,-42.879,1.3877787807814457e-17,0.0,2.041
Nb2Ni4Se2S2,,,0.0,,0.038,-0.601,0.0,0.0,0.4756666666666667,0.0,0.5603333333333333,-4.980333333333333,-5.02,-5.078666666666667,-70.77,1.3877787807814457e-17,0.0,2.724
Te2Al2,3.016,3.672,2.345,3.032,0.0,-0.376,0.0,1.748,2.363,2.345,3.032,-3.525,-4.399,-5.273,-15.389999999999997,1.3877787807814457e-17,0.0,3.751
Cr3Se6,,,0.478,1.162,0.054,-0.432,0.0,0.478,1.158,0.478,1.162,-4.76,-4.999,-5.238,-53.011,1.3877787807814457e-17,0.0,4.363
I3MnCuS2,,,0.215,0.771,0.088,-0.20999999999999996,1.0000000000000002,0.131,0.74,0.21500000000000008,0.7709999999999999,-5.375,-5.441,-5.507,-27.456,-1.848,-2.4,3.127
Pt2Te2S6,,,0.907,1.743,0.091,-0.15300000000000002,0.0,0.724,1.731,0.907,1.7429999999999999,-3.858,-4.219,-4.581,-45.114,1.3877787807814457e-17,0.0,2.323
Ag4Cl8,,,0.278,1.043,0.003999999999999997,-0.35999999999999993,0.0,0.16799999999999993,0.9710000000000001,0.278,1.043,-6.72,-6.804,-6.888,-29.959,1.3877787807814457e-17,0.0,1.38
Zr2S6,,,1.19,2.202,0.0,-1.254,0.0,1.182,2.202,1.19,2.202,-4.841,-5.432,-6.023,-49.304,1.3877787807814457e-17,0.0,4.91
Sb4Na4S8,,,1.527,2.102,0.037,-0.672,0.0,1.527,2.102,1.527,2.102,-4.073,-4.837,-5.6,-66.23,1.3877787807814457e-17,0.0,2.803
K4Se4O8,,,1.932,2.753,0.0,-1.263,0.0,1.929,2.751,1.932,2.753,-2.385,-3.35,-4.315,-80.007,1.3877787807814457e-17,0.0,1.343
I6As2,,,2.013,2.749,0.0020000000000000018,-0.20999999999999996,0.0,1.911,2.625,2.013,2.749,-4.118,-5.073,-6.029,-19.876,1.3877787807814457e-17,0.0,3.089
Cr2Br2S2,,,0.455,2.087,0.0030000000000000027,-0.807,1.0000000000000002,0.45500000000000007,2.023,0.45500000000000007,2.087,-5.475,-5.703,-5.931,-34.982,0.182,0.115,3.699
I2Cu2C6N2F8,,,0.237,1.633,0.09,-0.9,0.0,0.21799999999999997,1.621,0.2370000000000001,1.633,-4.915,-5.023,-5.132,-113.032,1.3877787807814457e-17,0.0,1.849
Tl4O2,,,0.819,1.469,0.0,-0.586,0.0,0.819,1.469,0.819,1.469,-3.947,-4.356,-4.766,-23.755,1.3877787807814457e-17,0.0,3.408
ZnBrCl,,,3.418,4.615,0.088,-0.967,0.0,3.418,4.615,3.418,4.615,-3.518,-5.227,-6.936,-7.454999999999998,1.3877787807814457e-17,0.0,2.972
I4Ca2O4H8,,,4.213,5.199,0.0,-1.292,0.0,4.191,5.179,4.213,5.199,-2.349,-4.445,-6.541,-80.295,1.3877787807814457e-17,0.0,1.334
Ni5GaBr2,,,0.0,,0.125,-0.20799999999999996,1.0000000000000002,0.0,0.3879999999999999,0.0,0.5800000000000001,-4.2973333333333334,-4.317,-4.382333333333333,-43.975,0.6699999999999999,0.67,4.575
Pb6Te6,,,0.331,0.591,0.08,-0.341,0.0,0.279,0.591,0.33099999999999996,0.591,-4.294,-4.434,-4.574,-45.873,1.3877787807814457e-17,0.0,4.463
Zr2P2S6,,,0.933,1.657,0.199,-0.822,0.0,0.759,1.498,0.933,1.657,-4.801,-5.181,-5.56,-58.221,1.3877787807814457e-17,0.0,3.409
Fe2Cu2Cl6,,,0.88,3.656,0.184,-0.442,0.0,0.856,3.656,0.88,3.656,-3.87,-4.298,-4.726,-40.564,1.3877787807814457e-17,0.0,3.216
Te4S2O14,,,3.207,4.647,0.026,-1.169,0.0,3.194,4.609,3.207,4.647,-5.013,-6.61,-8.207,-116.085,1.3877787807814457e-17,0.0,2.085
Ta2Te6Fe4,,,0.0,,0.02,-0.23399999999999999,1.0000000000000002,0.0,0.3596666666666666,0.0,0.46433333333333326,-4.275333333333333,-4.333,-4.325666666666667,-77.832,1.73,-3.7210000000000005,2.456
In4Se6,,,1.158,1.754,0.0020000000000000018,-0.531,0.0,1.136,1.731,1.158,1.754,-5.047,-5.615,-6.183,-37.263,1.3877787807814457e-17,0.0,2.729
I2Zn,3.584,3.996,2.11,2.994,0.124,-0.491,0.0,1.749,2.595,2.11,2.994,-4.077,-4.951,-5.826,-5.615000000000002,1.3877787807814457e-17,0.0,3.335
Te2Zn2N4H8,,,1.822,2.567,0.131,-0.23299999999999998,0.0,1.822,2.567,1.822,2.567,-1.0350000000000001,-1.9459999999999997,-2.857,-72.513,1.3877787807814457e-17,0.0,1.072
Hf2Ge2S8,,,1.274,2.068,0.061,-0.909,0.0,1.21,2.006,1.274,2.068,-4.289,-4.893,-5.498,-67.571,1.3877787807814457e-17,0.0,2.074
Sr2I4O8,,,1.64,2.968,0.0,-0.909,0.0,1.64,2.968,1.64,2.968,-2.348,-3.168,-3.988,-62.977,1.3877787807814457e-17,0.0,1.662
ZrPdCl6,,,0.831,2.473,0.059,-1.284,1.0000000000000002,0.79,2.434,0.831,2.473,-5.849,-6.244,-6.639,-32.202,-0.125,-0.129,2.837
FeSe4Al2,,,0.772,2.462,0.10399999999999998,-0.585,0.0,0.739,2.338,0.772,2.462,-3.138,-3.508,-3.877,-34.544,1.3877787807814457e-17,0.0,3.249
Y2Se4Br4,,,1.444,2.157,0.035,-1.336,0.0,1.337,2.04,1.444,2.157,-4.749,-5.417,-6.086,-43.015,1.3877787807814457e-17,0.0,2.825
Sb4Si4S4,,,2.238,2.959,0.057,-0.278,0.0,2.168,2.922,2.238,2.959,-3.354,-4.438,-5.522,-58.874,1.3877787807814457e-17,0.0,1.703
In2Se4Mg,,,0.581,1.376,0.0,-0.766,0.0,0.581,1.376,0.581,1.376,-4.619,-4.91,-5.2,-26.435,1.3877787807814457e-17,0.0,3.116
Au2Cd2Te2I2,,,0.824,1.501,0.088,-0.295,0.0,0.824,1.501,0.824,1.501,-4.166,-4.578,-4.99,-19.843,1.3877787807814457e-17,0.0,1.708
Zr4Se4S2Cl4,,,0.842,1.787,0.073,-1.51,0.0,0.594,1.317,0.842,1.787,-6.15,-6.447,-6.743,-79.986,1.3877787807814457e-17,0.0,3.895
Mn2Br6Li2,,,2.033,4.81,0.04,-1.056,1.0000000000000002,2.03,4.745,2.033,4.81,-3.544,-4.559,-5.574,-43.284,0.048,0.049,2.579
Cu2Br2C6N2F8,,,0.374,2.093,0.086,-0.933,0.0,0.346,2.093,0.374,2.093,-4.99,-5.163,-5.337,-113.897,1.3877787807814457e-17,0.0,1.763
Hf2Br2Cl2,,,0.869,1.443,0.032,-1.323,0.0,0.818,1.413,0.869,1.443,-3.52,-3.929,-4.338,-29.688,1.3877787807814457e-17,0.0,3.728
BiBrS,2.335,2.515,1.145,1.876,0.009000000000000001,-0.557,0.0,0.891,1.6,1.145,1.876,-5.709,-6.155,-6.6,-12.009,1.3877787807814457e-17,0.0,3.065
ZrMo2O8,,,3.294,5.13,0.011,-2.473,0.0,3.205,5.054,3.294,5.13,-5.587,-7.19,-8.792,-98.002,1.3877787807814457e-17,0.0,1.6360000000000001
Sn2Te2,,,1.267,1.688,0.10399999999999998,-0.17399999999999993,0.0,1.252,1.674,1.267,1.688,-3.43,-4.056,-4.682,-15.219999999999995,1.3877787807814457e-17,0.0,2.663
V2F8,,,0.634,3.12,0.0,-2.928,1.0000000000000002,0.597,3.112,0.634,3.12,-6.981,-7.28,-7.578,-59.016,0.126,0.119,1.2799999999999998
Ge2Al2S6,,,2.343,3.214,0.045,-0.65,0.0,2.014,2.909,2.343,3.214,-4.091,-5.098,-6.105,-47.474,1.3877787807814457e-17,0.0,2.004
Os2S4,,,0.982,1.769,0.081,-0.3,0.0,0.53,1.387,0.982,1.769,-4.865,-5.13,-5.394,-40.491,1.3877787807814457e-17,0.0,4.231
Sb2Te6Cr2,,,0.355,0.62,0.083,-0.10299999999999998,1.0000000000000002,0.006999999999999895,0.24800000000000022,0.355,0.6199999999999999,-4.352,-4.356,-4.359,-47.891,1.803,1.809,3.883
Nb3TeBr7,,,0.72,1.437,0.0,-0.952,0.0,0.719,1.436,0.72,1.437,-4.469,-4.828,-5.188,-55.749,1.3877787807814457e-17,0.0,1.878
Te2Na2H2,,,2.703,3.492,0.097,-0.382,0.0,2.703,3.492,2.703,3.492,-2.083,-3.434,-4.785,-17.968,1.3877787807814457e-17,0.0,1.371
Ta4Sn2Te8,,,0.248,0.412,0.003999999999999997,-0.352,0.0,0.248,0.3620000000000001,0.248,0.4119999999999999,-4.071,-4.195,-4.319,-77.943,1.3877787807814457e-17,0.0,2.45
Ni2Se2O6,,,0.31,2.554,0.0,-0.737,0.0,0.31000000000000005,2.554,0.31000000000000005,2.554,-4.224,-4.379,-4.534,-59.572,1.3877787807814457e-17,0.0,1.456
Au2Hg2I2Se2,,,0.308,0.94,0.087,-0.14600000000000002,0.0,0.30800000000000005,0.9400000000000002,0.30799999999999994,0.94,-4.951,-5.104,-5.258,-19.123,1.3877787807814457e-17,0.0,1.727
Te4Cu2Br2,,,1.017,2.474,0.012,-0.20899999999999996,0.0,0.873,2.299,1.017,2.474,-4.291,-4.728,-5.164,-25.01,1.3877787807814457e-17,0.0,2.729
Hf2Te2P,,,0.0,,0.0,-1.039,0.0,0.0,0.925,0.0,1.8796666666666666,-4.579666666666667,-4.814,-4.9446666666666665,-31.980000000000004,1.3877787807814457e-17,0.0,3.359
WTeSe,1.8,1.8,1.037,1.493,0.042,-0.324,0.0,1.037,1.4929999999999999,1.037,1.493,-3.649,-4.167,-4.685,-19.143,1.3877787807814457e-17,0.0,4.849
TlCdInSe4,,,0.049,,0.069,-0.417,0.0,0.03299999999999992,0.5850000000000002,0.04899999999999993,0.5893333333333335,-5.204,-5.22,-5.237,-23.035,1.3877787807814457e-17,0.0,3.174
I2Cr2SeS,,,0.288,1.343,0.011,-0.56,1.0000000000000002,0.18300000000000005,1.232,0.28800000000000003,1.343,-5.206,-5.298,-5.39,-32.693,0.3340000000000001,-0.8229999999999998,4.071
P2,,,2.108,2.988,0.04,0.040000000000000036,0.0,1.929,2.734,2.108,2.988,-4.242,-5.206,-6.171,-10.649000000000001,1.3877787807814457e-17,0.0,1.4960000000000002
In2Ge2Se2,,,0.553,1.005,0.0,-0.359,0.0,0.553,1.005,0.553,1.005,-4.857,-5.134,-5.41,-23.675,1.3877787807814457e-17,0.0,2.995
HfZr3BrCl7,,,0.63,1.185,0.031,-1.589,0.0,0.616,1.18,0.63,1.185,-3.864,-4.172,-4.48,-62.86,1.3877787807814457e-17,0.0,3.796
HfK2S6H6,,,3.014,4.343,0.0010000000000000009,-0.713,0.0,3.014,4.336,3.0140000000000002,4.343,-2.533,-4.04,-5.547,-65.055,1.3877787807814457e-17,0.0,1.073
MgB2F8,,,8.243,10.619,0.0,-3.138,0.0,8.241,10.618000000000002,8.243,10.619,-1.7079999999999997,-5.828,-9.949,-62.235,1.3877787807814457e-17,0.0,1.321
Te2Ti2As,,,0.0,,0.0,-0.803,0.0,0.0,1.0163333333333333,0.0,1.4936666666666667,-4.579666666666667,-4.854,-4.9446666666666665,-28.468,1.3877787807814457e-17,0.0,3.222
MoS2,2.533,2.533,1.58,2.087,0.0,-0.921,0.0,1.58,2.087,1.58,2.087,-4.307,-5.097,-5.888,-22.121,1.3877787807814457e-17,0.0,4.531
Cs4S2,,,1.269,2.089,0.063,-0.938,0.0,1.269,2.089,1.269,2.089,-0.9599999999999995,-1.5949999999999998,-2.229,-17.116,1.3877787807814457e-17,0.0,1.787
SnNa2O6H6,,,3.959,5.675,0.011,-1.355,0.0,3.937,5.655,3.959,5.675,-1.9779999999999998,-3.947,-5.915,-77.684,1.3877787807814457e-17,0.0,0.837
SnTe4As2,,,0.566,0.78,0.025,-0.06699999999999995,0.0,0.365,0.6270000000000002,0.5660000000000001,0.7800000000000002,-4.401,-4.584,-4.766,-26.668,1.3877787807814457e-17,0.0,3.536
Bi2Te3,,,0.209,0.662,0.0,-0.22799999999999998,0.0,0.08299999999999996,0.4680000000000002,0.20900000000000007,0.6619999999999999,-5.25,-5.291,-5.333,-20.105,1.3877787807814457e-17,0.0,4.854
Hg4I8,,,1.664,2.49,0.0,-0.357,0.0,1.664,2.49,1.664,2.49,-4.501,-5.333,-6.165,-19.648,1.3877787807814457e-17,0.0,1.329
Nb2Te6Co4,,,0.0,,0.028,-0.308,1.0000000000000002,0.0,0.2506666666666666,0.0,0.2873333333333332,-4.2683333333333335,-4.431,-4.322,-76.496,0.457,1.808,2.423
Ag2Cd2Te2I2,,,1.193,2.047,0.034,-0.344,0.0,1.193,2.047,1.193,2.047,-3.939,-4.536,-5.132,-19.656,1.3877787807814457e-17,0.0,1.622
Pt4In2S6,,,1.563,2.306,0.083,-0.425,0.0,1.53,2.306,1.563,2.306,-3.686,-4.451,-5.216,-60.513,1.3877787807814457e-17,0.0,1.833
Sr2P4S12,,,2.412,3.494,0.072,-0.623,0.0,2.344,3.398,2.412,3.494,-4.169,-5.341,-6.513,-84.95,1.3877787807814457e-17,0.0,1.881
Ge2As2S6C2H6,,,1.731,2.598,0.076,-0.14300000000000013,0.0,1.726,2.592,1.731,2.598,-3.327,-4.19,-5.053,-83.791,1.3877787807814457e-17,0.0,1.403
Nb2I4Se4,,,1.106,1.855,0.0,-0.605,0.0,1.06,1.81,1.106,1.855,-4.099,-4.629,-5.158,-46.549,1.3877787807814457e-17,0.0,2.001
Ta4Ni2Se10,,,0.04,0.177,0.0,-0.763,0.0,0.03200000000000003,0.17399999999999993,0.040000000000000036,0.17700000000000005,-4.943,-4.959,-4.975,-100.792,1.3877787807814457e-17,0.0,2.189
BiS2O6F,,,2.581,3.936,0.0,-1.384,0.0,2.4960000000000004,3.805,2.581,3.936,-5.254,-6.502,-7.751,-59.002,1.3877787807814457e-17,0.0,1.928
Se2Na2MgS8H4,,,2.111,3.128,0.08,-0.37400000000000005,0.0,2.104,3.123,2.111,3.128,-3.449,-4.501,-5.553,-63.479,1.3877787807814457e-17,0.0,1.579
IVSeBr,,,0.847,2.53,0.11599999999999999,-0.545,1.0000000000000002,0.847,2.323,0.847,2.53,-4.537,-4.961,-5.385,-17.249,-0.043999999999999984,-0.09900000000000002,1.319
Se4O8,,,2.822,3.98,0.023,-0.679,0.0,2.822,3.98,2.822,3.98,-4.268,-5.679,-7.09,-63.076,1.3877787807814457e-17,0.0,1.487
I2Ti,1.09,1.331,0.616,0.828,0.052,-0.67,0.0,0.596,0.8279999999999998,0.616,0.8279999999999998,-3.031,-3.33,-3.628,-11.655000000000001,1.3877787807814457e-17,0.0,4.024
Cr2Br2Cl2,,,0.843,3.106,0.063,-0.833,1.0000000000000002,0.645,2.869,0.843,3.106,-4.476,-4.798,-5.12,-30.555,-0.288,-0.14,2.599
IAsS,2.356,2.358,1.366,2.048,0.079,-0.10799999999999998,0.0,1.336,1.95,1.366,2.048,-4.44,-5.108,-5.777,-10.542000000000002,1.3877787807814457e-17,0.0,3.315
Te2V2C,,,0.0,,0.035,-0.35,0.0,0.0,0.7276666666666669,0.0,0.8123333333333334,-4.151,-4.309,-4.638,-34.428,1.3877787807814457e-17,0.0,6.497
In3F3,,,1.878,2.515,0.015,-1.748,0.0,1.631,2.211,1.878,2.515,-3.155,-3.971,-4.786,-23.535,1.3877787807814457e-17,0.0,2.923
Ag2Br2,,,1.724,2.962,0.009000000000000001,-0.33799999999999997,0.0,1.724,2.962,1.724,2.962,-4.513,-5.375,-6.237,-10.201999999999998,1.3877787807814457e-17,0.0,2.918
Bi6Se2S7,,,0.633,1.269,0.019000000000000003,-0.35600000000000004,0.0,0.392,0.9840000000000002,0.633,1.269,-6.025,-6.221,-6.417,-68.898,1.3877787807814457e-17,0.0,4.82
PtNb2Se6,,,0.0,,0.0,-0.739,0.0,0.0,0.2243333333333335,0.0,0.24300000000000033,-4.823333333333333,-5.065,-5.052,-54.558,1.3877787807814457e-17,0.0,2.223
Tl2Ni4Se6,,,0.54,0.819,0.0,-0.31999999999999995,0.0,0.54,0.8190000000000002,0.54,0.819,-4.008,-4.278,-4.548,-58.719,1.3877787807814457e-17,0.0,1.8
Tl4Cl4,,,2.74,3.596,0.091,-0.934,0.0,2.74,3.596,2.74,3.596,-2.862,-4.232,-5.602,-24.601,1.3877787807814457e-17,0.0,1.823
Te2Al2Cl2,,,2.886,3.659,0.0,-0.939,0.0,2.886,3.659,2.886,3.659,-3.801,-5.244,-6.687,-23.09,1.3877787807814457e-17,0.0,1.815
In2Ge2Se6,,,1.202,1.879,0.0,-0.41900000000000004,0.0,1.202,1.879,1.202,1.879,-4.693,-5.294,-5.895,-39.641,1.3877787807814457e-17,0.0,2.061
Ba2As4O12,,,3.19,5.027,0.027,-1.626,0.0,3.182,5.014,3.19,5.027,-4.581,-6.173,-7.764,-113.076,1.3877787807814457e-17,0.0,1.549
Zr2Te2P,,,0.0,,0.0020000000000000018,-1.141,0.0,0.0,0.390333333333333,0.0,1.3686666666666665,-4.579666666666667,-4.971,-4.9446666666666665,-32.284,1.3877787807814457e-17,0.0,3.342
In2Ge2S6,,,1.909,2.767,0.003999999999999997,-0.445,0.0,1.641,2.429,1.909,2.767,-4.723,-5.543,-6.363,-43.472,1.3877787807814457e-17,0.0,2.039
Zr2Se4,,,0.434,1.343,0.08,-1.287,0.0,0.251,1.131,0.43399999999999994,1.343,-4.978,-5.103,-5.229,-36.461,1.3877787807814457e-17,0.0,3.719
Mo2I6,,,0.977,2.509,0.101,-0.21099999999999997,1.0000000000000002,0.977,2.509,0.977,2.509,-4.23,-4.719,-5.207,-32.963,-3.309,-3.306,3.312
Ta2Te6Co2,,,0.0,,0.036,-0.294,1.0000000000000002,0.0,1.6269999999999998,0.0,1.658,-4.839333333333333,-4.593,-5.132666666666667,-58.26,0.5979999999999999,-2.11,2.326
Mo2Se4,,,0.113,0.156,0.10899999999999999,-0.598,0.0,0.040999999999999925,0.1080000000000001,0.11299999999999999,0.15600000000000014,-5.079,-5.1,-5.121,-39.926,1.3877787807814457e-17,0.0,4.449
Nb2Br2O4,,,2.136,3.652,0.0,-2.229,0.0,2.007,3.469,2.136,3.652,-5.095,-6.098,-7.101,-62.147,1.3877787807814457e-17,0.0,2.709
AuTlI6,,,0.709,1.44,0.058,-0.139,0.0,0.622,1.359,0.709,1.44,-5.356,-5.668,-5.979,-15.611,1.3877787807814457e-17,0.0,2.821
Cr2Cl6,,,1.736,4.048,0.0,-1.169,1.0000000000000002,1.735,4.047,1.736,4.048,-5.034,-5.902,-6.769,-38.876,-0.065,-0.06499999999999999,2.916
Hg2I8Na4,,,1.969,2.857,0.043,-0.85,0.0,1.968,2.857,1.969,2.857,-4.281,-5.265,-6.249,-30.731,1.3877787807814457e-17,0.0,1.525
HfI6Mn,,,1.359,2.788,0.0,-0.743,1.0000000000000002,1.359,2.788,1.359,2.788,-4.207,-4.887,-5.566,-32.04,-0.098,-0.09400000000000001,3.218
Pd2S2O6,,,1.299,2.962,0.06,-0.845,0.0,1.253,2.851,1.299,2.962,-4.867,-5.494,-6.12,-54.987,1.3877787807814457e-17,0.0,1.489
Hf2PS2,,,0.0,,0.027,-1.448,0.0,0.0,1.2613333333333334,0.0,1.3656666666666666,-4.863,-5.249,-5.179,-35.775,1.3877787807814457e-17,0.0,3.164
PbSe2,,,1.027,1.847,0.18,-0.20899999999999996,0.0,1.027,1.847,1.027,1.847,-3.946,-4.46,-4.973,-11.350000000000001,1.3877787807814457e-17,0.0,2.376
Rb4As4Mg4,,,0.392,0.904,0.0,-0.63,0.0,0.392,0.9039999999999999,0.392,0.9039999999999997,-1.218,-1.4139999999999997,-1.6100000000000003,-36.319,1.3877787807814457e-17,0.0,2.157
Bi2MnSe4,,,0.312,1.199,0.016,-0.37,1.0000000000000002,0.16999999999999993,0.8529999999999998,0.31200000000000006,1.199,-5.05,-5.135,-5.22,-35.588,0.188,0.183,3.461
I2Na2,,,4.001,4.922,0.085,-1.212,0.0,3.961,4.881,4.001,4.922,-2.457,-4.437,-6.418,-10.418,1.3877787807814457e-17,0.0,1.761
Tl2Sb2O6,,,3.0,4.374,0.126,-1.192,0.0,2.828,4.173,3.0,4.374,-2.422,-3.836,-5.25,-56.478,1.3877787807814457e-17,0.0,1.648
As4P2S12H2,,,2.044,3.042,0.027,-0.125,0.0,2.041,3.042,2.044,3.042,-3.882,-4.903,-5.923,-87.473,1.3877787807814457e-17,0.0,1.408
Zr2Te4Cl4,,,1.049,1.701,0.061,-1.154,0.0,1.028,1.701,1.049,1.701,-4.266,-4.78,-5.294,-46.307,1.3877787807814457e-17,0.0,3.329
Au4S4Cl4F4,,,1.015,1.638,0.074,-0.587,0.0,0.921,1.54,1.015,1.638,-5.793,-6.254,-6.715,-51.715,1.3877787807814457e-17,0.0,1.686
I6Mg2Li2,,,3.565,4.514,0.053,-1.097,0.0,3.565,4.514,3.565,4.514,-2.37,-4.153,-5.935,-26.856,1.3877787807814457e-17,0.0,2.903
I4Sc2Se4,,,1.013,1.831,0.064,-0.914,0.0,0.984,1.809,1.013,1.831,-4.763,-5.256,-5.748,-38.309,1.3877787807814457e-17,0.0,3.057
Mo2Cr2S8,,,1.021,,0.017,-0.779,0.0,1.014,1.5793333333333335,1.021,1.5793333333333335,-4.846,-5.353,-5.86,-83.199,1.3877787807814457e-17,0.0,4.394
Au2Hg2Te2Cl2,,,0.494,1.09,0.089,-0.265,0.0,0.4940000000000001,1.09,0.494,1.09,-4.542,-4.789,-5.036,-20.131,1.3877787807814457e-17,0.0,1.592
Sb2I2Mn2Se4,,,0.072,0.702,0.11599999999999999,-0.266,1.0000000000000002,0.05400000000000005,0.7010000000000001,0.07200000000000006,0.702,-4.349,-4.376,-4.403,-47.79,0.166,4.204,1.756
Zr2CH2,,,0.0,,0.095,-0.627,0.0,0.0,0.8193333333333335,0.0,0.9873333333333334,-4.062,-3.652,-4.255333333333334,-33.807,1.3877787807814457e-17,0.0,3.88
V2S4Cl4,,,0.989,2.232,0.021,-0.84,0.0,0.989,2.232,0.989,2.232,-4.667,-5.162,-5.657,-48.904,1.3877787807814457e-17,0.0,3.239
TeFeCoSe,,,0.0,,0.118,-0.123,1.0000000000000002,0.0,1.146,0.0,1.3706666666666667,-4.594666666666667,-4.593,-4.867333333333334,-24.45,-0.39099999999999996,-0.44700000000000006,2.28
Mo2Te2Zn2O12,,,3.161,4.761,0.006999999999999999,-1.621,0.0,3.118,4.549,3.1609999999999996,4.761,-4.854,-6.413,-7.972,-121.855,1.3877787807814457e-17,0.0,2.818
Hf2Ti2Br3S4Cl,,,0.0,,0.0,-1.497,0.0,0.0,0.07333333333333325,0.0,0.0733333333333337,-5.1706666666666665,-4.97,-5.201,-69.208,1.3877787807814457e-17,0.0,4.053
Ge2Al2S2,,,0.187,0.835,0.035,-0.56,0.0,0.18700000000000006,0.835,0.18700000000000006,0.835,-3.786,-3.88,-3.973,-28.022,1.3877787807814457e-17,0.0,2.729
Bi8S8O4,,,1.385,2.313,0.048,-0.626,0.0,1.356,2.212,1.385,2.313,-4.019,-4.696,-5.374,-103.041,1.3877787807814457e-17,0.0,1.557
Te5Mg2Al2,,,0.492,1.209,0.036,-0.606,0.0,0.492,1.209,0.492,1.209,-3.681,-3.927,-4.173,-32.188,1.3877787807814457e-17,0.0,3.557
Cu2Cl4,,,0.43,2.184,0.0030000000000000027,-0.506,1.0000000000000002,0.264,2.023,0.42999999999999994,2.184,-6.466,-6.598,-6.73,-17.528,-0.088,-0.041999999999999996,1.579
OsRuCl6,,,0.276,1.196,0.03,-0.444,0.0,0.274,1.196,0.276,1.196,-5.276,-5.413,-5.55,-34.92,1.3877787807814457e-17,0.0,3.252
V2S2N,,,0.0,,0.047,-0.942,0.0,0.0,0.9946666666666666,0.0,1.3316666666666668,-4.822666666666667,-5.373,-5.104333333333333,-38.268,1.3877787807814457e-17,0.0,5.947
Sn2Sb2S6C2H6,,,1.749,2.563,0.088,-0.17500000000000004,0.0,1.627,2.426,1.749,2.563,-3.442,-4.255,-5.069,-82.937,1.3877787807814457e-17,0.0,1.479
Cu3Cl3,,,1.585,3.609,0.058,-0.394,0.0,1.296,3.284,1.585,3.609,-3.859,-4.507,-5.155,-18.745,1.3877787807814457e-17,0.0,2.058
Se2Al2,,,2.584,3.36,0.032,-0.685,0.0,1.642,2.356,2.584,3.36,-3.516,-4.337,-5.158,-17.183000000000003,1.3877787807814457e-17,0.0,1.464
Rh2I6,,,1.018,2.024,0.0,-0.313,0.0,0.991,1.965,1.018,2.024,-4.373,-4.869,-5.364,-25.669,1.3877787807814457e-17,0.0,3.394
OsMoCl6,,,0.853,2.044,0.047,-0.647,1.0000000000000002,0.819,2.009,0.853,2.044,-4.553,-4.962,-5.371,-38.277,-0.5330000000000001,-1.161,3.279
Nb4S12Cl2,,,0.405,0.865,0.035,-0.812,0.0,0.391,0.865,0.40500000000000014,0.865,-4.851,-5.047,-5.243,-108.436,1.3877787807814457e-17,0.0,1.732
ReCu2F6,,,0.974,,0.0,-1.673,1.0000000000000002,0.872,1.8376666666666666,0.974,1.9793333333333334,-4.422,-4.857,-5.293,-43.583,5.298,-6.283,2.081
Au4Se4O12,,,0.268,0.685,0.064,-0.399,0.0,0.268,0.685,0.268,0.6850000000000003,-4.96,-5.094,-5.228,-95.929,1.3877787807814457e-17,0.0,1.118
W2V2S8,,,0.0,,0.013999999999999999,-0.862,0.0,0.0,0.31433333333333335,0.0,0.41033333333333344,-5.417666666666667,-5.873,-5.546333333333333,-82.992,1.3877787807814457e-17,0.0,4.305
Rh2As2O6,,,0.934,2.77,0.089,-0.904,0.0,0.857,2.726,0.934,2.77,-3.829,-4.258,-4.686,-63.402,1.3877787807814457e-17,0.0,3.334
I6Cr2,,,0.891,2.091,0.0,-0.46399999999999997,1.0000000000000002,0.891,2.091,0.891,2.091,-4.563,-5.009,-5.454,-31.399,-1.7079999999999997,-1.705,3.262
BiISe,1.772,1.888,0.771,1.403,0.0,-0.443,0.0,0.607,1.216,0.771,1.403,-5.401,-5.705,-6.009,-10.963999999999999,1.3877787807814457e-17,0.0,3.302
CdSn2I2O2,,,1.968,2.764,0.06,-0.954,0.0,1.968,2.764,1.968,2.764,-3.378,-4.362,-5.345,-28.925,1.3877787807814457e-17,0.0,2.03
IGa2Cl,,,1.84,2.436,0.062,-0.511,0.0,1.84,2.436,1.84,2.436,-2.817,-3.737,-4.657,-11.113,1.3877787807814457e-17,0.0,2.384
In4Br4,,,1.824,2.35,0.064,-0.631,0.0,1.824,2.35,1.824,2.35,-3.361,-4.273,-5.185,-22.44,1.3877787807814457e-17,0.0,2.032
Pb2P2S6C2H6,,,2.246,3.221,0.0,-0.33799999999999997,0.0,2.11,3.079,2.246,3.221,-3.407,-4.462,-5.517,-87.181,1.3877787807814457e-17,0.0,1.631
Ge2Se2Al2,,,0.617,1.24,0.0,-0.493,0.0,0.617,1.24,0.617,1.24,-3.753,-4.062,-4.37,-26.432,1.3877787807814457e-17,0.0,2.764
OsPtIBr5,,,0.34,0.9,0.0,-0.16000000000000003,0.0,0.31900000000000006,0.8519999999999999,0.3400000000000001,0.8999999999999999,-4.802,-4.962,-5.121,-28.226,1.3877787807814457e-17,0.0,3.039
Ti2Se4Br4,,,0.918,2.303,0.038,-0.924,0.0,0.883,2.268,0.918,2.303,-4.871,-5.312,-5.754,-42.885,1.3877787807814457e-17,0.0,3.177
Hf2S6,,,1.157,2.109,0.0,-1.209,0.0,1.157,2.109,1.157,2.109,-4.825,-5.404,-5.982,-49.149,1.3877787807814457e-17,0.0,5.001
I2Ni5Ga,,,0.0,,0.089,-0.1329999999999999,0.0,0.0,0.6343333333333334,0.0,0.6973333333333334,-4.232,-3.891,-4.466333333333333,-43.157,1.3877787807814457e-17,0.0,4.818
BiAgTe6P2,,,0.401,1.075,0.081,0.010000000000000009,0.0,0.401,1.075,0.401,1.075,-4.487,-4.687,-4.887,-37.375,1.3877787807814457e-17,0.0,2.1
ReAg2I6,,,0.17,1.405,0.08,-0.06499999999999995,1.0000000000000002,0.16900000000000004,1.376,0.16999999999999993,1.405,-5.311,-5.395,-5.48,-26.794,3.344,3.461,3.341
Au2Rb2S2,,,1.211,1.778,0.096,-0.691,0.0,1.211,1.778,1.211,1.778,-1.6219999999999999,-2.227,-2.833,-20.381,1.3877787807814457e-17,0.0,2.246
K2Se2MgS8H4,,,1.957,2.966,0.084,-0.404,0.0,1.957,2.966,1.957,2.966,-3.269,-4.247,-5.226,-63.81,1.3877787807814457e-17,0.0,1.522
Y2I6,,,2.962,4.122,0.0010000000000000009,-1.471,0.0,2.756,3.889,2.962,4.122,-3.469,-4.847,-6.225,-30.02,1.3877787807814457e-17,0.0,3.009
Ir4Se8,,,0.913,1.638,0.036,-0.336,0.0,0.824,1.568,0.913,1.638,-4.41,-4.823,-5.235,-68.996,1.3877787807814457e-17,0.0,3.988
Nb4Te8Si2,,,0.589,0.784,0.0020000000000000018,-0.518,0.0,0.521,0.722,0.589,0.784,-4.091,-4.351,-4.611,-84.996,1.3877787807814457e-17,0.0,2.506
Au2Se4Cl2,,,0.915,1.608,0.079,-0.11299999999999999,0.0,0.883,1.586,0.915,1.608,-5.006,-5.448,-5.889,-24.664,1.3877787807814457e-17,0.0,2.588
Au4Se4,,,1.332,1.991,0.0,-0.123,0.0,0.58,1.1,1.332,1.991,-4.618,-4.908,-5.198,-27.435,1.3877787807814457e-17,0.0,3.594
Hg2Bi2Br2O4,,,2.395,3.519,0.017999999999999995,-0.849,0.0,2.395,3.519,2.395,3.519,-4.006,-5.204,-6.401,-43.276,1.3877787807814457e-17,0.0,1.757
Pd2F6,,,0.439,1.794,0.04,-1.326,0.0,0.42500000000000004,1.794,0.43900000000000006,1.794,-8.063,-8.276,-8.488,-27.77,1.3877787807814457e-17,0.0,2.232
I16Be8,,,4.348,,0.032,-0.563,0.0,4.348,4.900666666666666,4.348,4.904333333333334,-1.685,-3.859,-6.033,-66.785,1.3877787807814457e-17,0.0,2.546
Te6Al4,,,1.039,1.587,0.047,-0.404,0.0,1.005,1.529,1.039,1.587,-4.302,-4.804,-5.306,-38.223,1.3877787807814457e-17,0.0,2.791
Bi2TeSe2,,,0.111,,0.034,-0.31,0.0,0.11099999999999999,0.5550000000000004,0.11100000000000021,0.5550000000000002,-5.643,-5.698,-5.754,-21.066,1.3877787807814457e-17,0.0,4.844
IBrAl2S2,,,1.237,2.198,0.02,-0.987,0.0,1.233,2.192,1.237,2.198,-4.211,-4.827,-5.444,-24.619,1.3877787807814457e-17,0.0,3.074
HfGeBr2S2,,,0.85,1.617,0.063,-1.037,0.0,0.728,1.4339999999999997,0.85,1.617,-4.879,-5.243,-5.606,-29.568,1.3877787807814457e-17,0.0,3.719
TeIV,,,0.578,0.85,0.133,-0.273,0.0,0.5779999999999998,0.8500000000000001,0.578,0.8500000000000001,-3.711,-3.999,-4.288,-14.025999999999996,1.3877787807814457e-17,0.0,2.35
Ta2Te6Fe2,,,0.0,,0.024,-0.276,1.0000000000000002,0.0,0.5230000000000001,0.0,0.5263333333333333,-4.576333333333333,-4.698,-4.661666666666667,-59.706,1.545,-2.25,2.421
AgTe6VAs2,,,0.426,1.211,0.074,-0.05300000000000016,1.0000000000000002,0.2909999999999999,0.9180000000000001,0.42599999999999993,1.211,-4.531,-4.676,-4.822,-40.453,-0.728,-1.156,2.017
HgCl2,,,2.468,3.708,0.033,-0.624,0.0,2.468,3.708,2.468,3.708,-5.224,-6.458,-7.691,-6.3260000000000005,1.3877787807814457e-17,0.0,2.29
Sr2I4S4H8,,,4.053,5.002,0.0,-0.71,0.0,4.042,4.991,4.053,5.002,-2.328,-4.349,-6.369,-64.943,1.3877787807814457e-17,0.0,1.488
Re2PdO8,,,0.955,2.816,0.0,-1.42,1.0000000000000002,0.88,2.78,0.9549999999999998,2.816,-6.658,-7.098,-7.538,-83.752,-1.355,-1.379,1.69
In2I2S2,,,0.969,1.828,0.012999999999999998,-0.549,0.0,0.969,1.828,0.969,1.828,-4.829,-5.314,-5.798,-19.932,1.3877787807814457e-17,0.0,2.196
PbS2,,,1.39,2.299,0.191,-0.18700000000000006,0.0,1.39,2.299,1.39,2.299,-3.979,-4.674,-5.369,-12.477000000000004,1.3877787807814457e-17,0.0,2.323
Sc2Br6,,,3.117,4.988,0.0,-1.779,0.0,2.9750000000000005,4.822,3.117,4.988,-4.172,-5.659,-7.147,-33.061,1.3877787807814457e-17,0.0,2.713
Pb2I4,,,1.771,2.459,0.073,-0.619,0.0,1.701,2.385,1.771,2.459,-4.258,-5.109,-5.959,-17.145,1.3877787807814457e-17,0.0,1.346
Cd2Cl2,,,2.7,3.47,0.041,-0.797,0.0,1.675,2.31,2.7,3.47,-4.633,-5.47,-6.307,-8.612000000000002,1.3877787807814457e-17,0.0,3.873
Mo2Cl4O4,,,2.392,3.902,0.0,-1.545,0.0,2.369,3.8809999999999993,2.392,3.902,-5.736,-6.921,-8.105,-65.487,1.3877787807814457e-17,0.0,1.649
Cr2Cl2F2,,,1.216,3.822,0.13,-1.612,1.0000000000000002,1.057,3.731,1.216,3.822,-4.25,-4.778,-5.307,-35.233,0.32499999999999996,-0.43400000000000005,3.463
Hg2Br6Li2,,,2.19,3.191,0.065,-0.879,0.0,2.19,3.191,2.19,3.191,-4.388,-5.483,-6.578,-23.852,1.3877787807814457e-17,0.0,2.626
Nb3Cl7O,,,0.86,1.594,0.053,-1.486,0.0,0.86,1.594,0.86,1.594,-4.927,-5.357,-5.788,-64.941,1.3877787807814457e-17,0.0,1.865
Ga2Se6Al2,,,2.034,2.808,0.012,-0.713,0.0,1.97,2.729,2.034,2.808,-4.093,-5.078,-6.063,-41.311,1.3877787807814457e-17,0.0,2.705
Sr2Sb4O8,,,3.424,4.559,0.0,-1.927,0.0,3.237,4.358,3.424,4.559,-2.056,-3.674,-5.293,-88.943,1.3877787807814457e-17,0.0,2.342
Ba2Br2H2,,,3.849,4.947,0.041,-1.439,0.0,3.677,4.78,3.8490000000000006,4.947,-2.559,-4.397,-6.236,-22.111,1.3877787807814457e-17,0.0,2.227
SnIGe2As2Se2SCl5,,,0.852,1.388,0.083,-0.497,0.0,0.668,1.198,0.852,1.388,-5.608,-5.942,-6.276,-50.814,1.3877787807814457e-17,0.0,3.738
PtNb2S6,,,0.0,,0.0,-0.885,0.0,0.0,0.5676666666666668,0.0,0.5676666666666668,-5.047,-5.554,-5.415,-59.439,1.3877787807814457e-17,0.0,2.145
Na2P2Be2,,,0.597,1.061,0.0,-0.404,0.0,0.597,1.061,0.597,1.061,-1.2889999999999997,-1.5869999999999997,-1.8860000000000001,-23.171,1.3877787807814457e-17,0.0,2.179
Ti2Se4Cl4,,,0.958,2.376,0.048,-1.096,0.0,0.8940000000000001,2.325,0.958,2.376,-4.875,-5.322,-5.769,-45.416,1.3877787807814457e-17,0.0,3.195
MnGaBr4Cl2,,,0.469,1.892,0.012,-0.83,1.0000000000000002,0.42599999999999993,1.832,0.46899999999999986,1.892,-5.898,-6.111,-6.324,-29.171,-0.22200000000000003,-0.626,2.749
Ag2Mn2Cl6,,,2.121,3.95,0.0,-0.814,1.0000000000000002,1.991,3.95,2.121,3.95,-3.828,-4.824,-5.82,-43.963,0.167,0.166,2.944
I2Mg,5.744,6.06,3.602,4.554,0.0010000000000000009,-1.08,0.0,3.273,4.201,3.6019999999999994,4.554,-2.801,-4.437,-6.074,-7.814999999999998,1.3877787807814457e-17,0.0,3.194
Ag4Br4S4H4,,,0.354,0.576,0.069,-0.17300000000000004,0.0,0.279,0.47,0.354,0.5760000000000001,-5.887,-6.027,-6.167,-50.069,1.3877787807814457e-17,0.0,1.635
SrCa2Br2S2,,,3.63,4.806,0.042,-2.134,0.0,3.106,4.244,3.63,4.806,-3.872,-5.425,-6.978,-31.96,1.3877787807814457e-17,0.0,4.947
Ba2AgCl2O2,,,0.0,,0.0,-1.953,0.0,0.0,1.2013333333333331,0.0,1.23,-4.969333333333333,-5.236,-5.63,-33.989,1.3877787807814457e-17,0.0,4.522
Ge2P2S6H2,,,2.638,3.556,0.042,-0.20399999999999996,0.0,2.464,3.389,2.638,3.556,-3.291,-4.523,-5.755,-53.322,1.3877787807814457e-17,0.0,1.477
Se2Al2P2S4,,,2.384,3.366,0.066,-0.529,0.0,2.236,3.164,2.384,3.366,-3.838,-4.956,-6.074,-46.772,1.3877787807814457e-17,0.0,3.152
I6Mn2Cu2,,,1.168,3.783,0.013999999999999999,-0.304,1.0000000000000002,0.947,3.52,1.168,3.783,-4.159,-4.632,-5.106,-38.693,0.6239999999999999,0.625,3.369
Hg2Te2Cu2Cl2,,,0.905,2.058,0.025,-0.332,0.0,0.897,2.058,0.905,2.058,-4.085,-4.534,-4.982,-21.76,1.3877787807814457e-17,0.0,1.553
Zr2NF2,,,0.0,,0.082,-2.592,0.0,0.0,1.078,0.0,1.3436666666666666,-4.148666666666667,-3.54,-4.692666666666667,-39.29,1.3877787807814457e-17,0.0,4.764
In2Se2Cl2,,,1.067,1.747,0.058,-0.757,0.0,1.067,1.747,1.067,1.747,-5.159,-5.692,-6.226,-20.605,1.3877787807814457e-17,0.0,3.421
CrOFH,,,0.522,1.53,0.187,-1.558,1.0000000000000002,0.43599999999999994,1.53,0.522,1.53,-3.072,-3.29,-3.508,-25.675,-0.247,0.143,1.062
Bi2S4H2,,,1.119,1.752,0.005999999999999998,-0.292,0.0,0.962,1.581,1.119,1.752,-4.926,-5.407,-5.888,-34.642,1.3877787807814457e-17,0.0,3.279
W2Te4,,,0.0,0.17,0.0,-0.136,0.0,0.0,0.04400000000000004,0.0,0.16999999999999993,-4.617,-4.38,-4.996,-36.604,1.3877787807814457e-17,0.0,4.751
VSe2,0.179,0.779,0.678,1.035,0.0,-0.708,1.0000000000000002,0.248,0.9769999999999999,0.678,1.035,-5.31,-5.434,-5.557,-17.614,0.606,0.606,4.135
Au4S4Cl4F4,,,1.015,1.638,0.074,-0.587,0.0,0.921,1.54,1.015,1.638,-5.793,-6.254,-6.715,-51.715,1.3877787807814457e-17,0.0,1.686
Sb2Ge2S6C2H6,,,1.591,2.426,0.093,-0.1329999999999999,0.0,1.549,2.386,1.591,2.426,-3.433,-4.208,-4.982,-83.093,1.3877787807814457e-17,0.0,1.387
HfFeH6,,,1.741,3.294,0.055,-0.139,0.0,1.741,3.294,1.741,3.294,-3.502,-4.372,-5.242,-37.605,1.3877787807814457e-17,0.0,1.948
Zn2Se6P2,,,1.496,2.392,0.023,-0.29699999999999993,0.0,1.307,2.222,1.496,2.392,-4.223,-4.877,-5.53,-36.966,1.3877787807814457e-17,0.0,3.676
Mo2Zn2O8,,,3.062,4.948,0.054,-1.845,0.0,2.915,4.853,3.0619999999999994,4.948,-4.693,-6.151,-7.608,-87.906,1.3877787807814457e-17,0.0,2.059
Pb2S2,2.225,2.226,1.163,1.806,0.054,-0.514,0.0,1.162,1.806,1.163,1.806,-3.346,-3.927,-4.508,-17.73,1.3877787807814457e-17,0.0,3.387
Ta4Ge2Se8,,,0.293,0.419,0.028,-0.697,0.0,0.17599999999999993,0.19700000000000006,0.2929999999999999,0.41900000000000004,-4.38,-4.468,-4.555,-85.912,1.3877787807814457e-17,0.0,2.336
Sb4I4Co2O6,,,0.832,3.414,0.025,-0.9,1.0000000000000002,0.801,3.324,0.832,3.414,-4.457,-4.857,-5.257,-85.148,0.688,0.133,2.319
W2Zn2O8,,,3.514,5.375,0.021,-1.98,0.0,3.37,5.335,3.514,5.375,-4.242,-5.927,-7.612,-90.088,1.3877787807814457e-17,0.0,2.101
Zr2Se10,,,0.304,0.243,0.0,-0.727,0.0,0.30400000000000005,0.24299999999999988,0.30400000000000005,0.24299999999999988,-4.869,-5.021,-5.173,-58.362,1.3877787807814457e-17,0.0,2.003
Pb2CdI2O2,,,2.153,3.14,0.0,-0.973,0.0,2.153,3.104,2.153,3.14,-3.334,-4.411,-5.487,-28.462,1.3877787807814457e-17,0.0,2.066
I2Cu2P4S3,,,1.135,2.694,0.038,-0.14100000000000001,0.0,1.131,2.692,1.135,2.694,-4.142,-4.707,-5.273,-45.555,1.3877787807814457e-17,0.0,1.707
Sb2Mn2Br2S4,,,0.374,1.646,0.096,-0.41900000000000004,1.0000000000000002,0.37,1.63,0.374,1.646,-4.287,-4.472,-4.657,-51.913,0.415,1.504,1.611
Nb2Se4Br4,,,1.101,1.868,0.0,-0.804,0.0,1.096,1.866,1.101,1.868,-4.144,-4.692,-5.24,-48.958,1.3877787807814457e-17,0.0,1.885
Ta2Se4Cl4,,,0.939,1.647,0.051,-0.921,0.0,0.939,1.6470000000000002,0.9390000000000001,1.6470000000000002,-4.079,-4.548,-5.018,-49.911,1.3877787807814457e-17,0.0,1.939
Cr2Cu2P4S12,,,1.09,2.607,0.0,-0.37400000000000005,1.0000000000000002,1.078,2.607,1.09,2.607,-4.787,-5.326,-5.865,-104.03900000000002,0.119,0.123,2.01
Mo2As4O12,,,2.086,3.495,0.031,-1.538,0.0,1.978,3.396,2.086,3.495,-5.472,-6.461,-7.45,-130.226,1.3877787807814457e-17,0.0,2.471
Ti2Cl6,,,0.121,,0.071,-1.564,1.0000000000000002,0.121,1.8783333333333334,0.121,1.8986666666666667,-4.934,-4.995,-5.055,-36.604,-0.064,-0.06399999999999999,2.858
K2GeS6H6,,,2.336,3.388,0.045,-0.443,0.0,2.31,3.373,2.336,3.388,-3.249,-4.404,-5.559,-58.021,1.3877787807814457e-17,0.0,1.0670000000000002
Ir4Se8,,,0.913,1.638,0.036,-0.336,0.0,0.824,1.568,0.913,1.638,-4.41,-4.823,-5.235,-68.996,1.3877787807814457e-17,0.0,3.988
I8Zn4,,,2.392,3.369,0.0,-0.616,0.0,2.392,3.369,2.392,3.369,-3.454,-4.65,-5.846,-23.954,1.3877787807814457e-17,0.0,2.867
Ni2Se2O6,,,0.703,3.04,0.0020000000000000018,-0.734,0.0,0.555,2.815,0.7030000000000001,3.04,-4.224,-4.501,-4.779,-59.548,1.3877787807814457e-17,0.0,1.523
Te2Sc2Br2,,,0.63,1.742,0.012,-1.464,0.0,0.552,1.617,0.63,1.742,-4.486,-4.762,-5.038,-27.685,1.3877787807814457e-17,0.0,3.447
Co2As4Br4O6,,,0.854,3.781,0.046,-0.858,1.0000000000000002,0.801,3.781,0.854,3.781,-4.837,-5.238,-5.638,-85.927,0.0030000000000000027,-0.595,1.975
YSeBr,,,3.266,4.382,0.0,-1.886,0.0,3.045,4.122,3.266,4.382,-3.568,-5.09,-6.613,-15.416000000000004,1.3877787807814457e-17,0.0,3.24
Ni4Br8,,,0.636,2.183,0.098,-0.308,0.0,0.634,2.174,0.636,2.183,-5.086,-5.403,-5.72,-45.366,1.3877787807814457e-17,0.0,1.383
TaNiSe4,,,0.0,,0.097,-0.502,1.0000000000000002,0.0,0.8839999999999999,0.0,1.108,-4.869666666666667,-4.909,-4.9990000000000006,-34.006,-0.126,0.169,3.885
Sb2Co2Se6,,,0.235,0.022,0.076,-0.21099999999999997,0.0,0.235,0.021999999999999797,0.23499999999999988,0.021999999999999797,-4.694,-4.811,-4.929,-48.273,1.3877787807814457e-17,0.0,3.799
Mn5ZnGe2S12,,,0.0,,0.067,-0.469,1.0000000000000002,0.0,1.643,0.0,1.6706666666666665,-5.134333333333333,-5.54,-5.456333333333333,-117.113,-0.13299999999999998,-0.22100000000000003,4.764
Ta4Co2Se10,,,0.0,,0.0,-0.745,1.0000000000000002,0.0,3.3609999999999998,0.0,3.4210000000000003,-4.452,-5.067,-5.262333333333333,-102.476,0.139,0.243,2.263
Sn2P2S6C2H6,,,2.534,3.374,0.0,-0.308,0.0,2.463,3.301,2.534,3.374,-2.85,-4.081,-5.313,-87.231,1.3877787807814457e-17,0.0,1.529
Nb2Te2Co4Se2,,,0.0,,0.0,-0.449,0.0,0.0,0.061666666666666536,0.0,0.07266666666666666,-4.399333333333333,-4.475,-4.445666666666666,-71.436,1.3877787807814457e-17,0.0,3.104
Pt4Tl2S6,,,1.526,2.343,0.025,-0.459,0.0,1.253,2.074,1.526,2.343,-3.596,-4.222,-4.849,-60.392,1.3877787807814457e-17,0.0,1.828
AuInF4,,,1.972,3.441,0.079,-1.911,0.0,1.053,2.106,1.972,3.441,-5.241,-5.767,-6.294,-23.704,1.3877787807814457e-17,0.0,2.171
In2Te2Cl2,,,1.885,2.622,0.006999999999999999,-0.698,0.0,1.858,2.622,1.885,2.622,-4.794,-5.723,-6.652,-19.691,1.3877787807814457e-17,0.0,1.901
YI2,,,0.688,1.209,0.0030000000000000027,-1.305,1.0000000000000002,0.1419999999999999,0.5440000000000003,0.688,1.209,-3.512,-3.583,-3.654,-11.564999999999998,0.6339999999999999,0.634,3.811
In4Br4O4,,,1.028,2.115,0.053,-1.242,0.0,1.028,2.115,1.028,2.115,-5.876,-6.39,-6.904,-52.791,1.3877787807814457e-17,0.0,3.697
Zr2CO2,,,1.812,2.873,0.172,-2.288,0.0,0.95,1.729,1.812,2.873,-4.341,-4.817,-5.292,-45.712,1.3877787807814457e-17,0.0,4.867
Hg2Br6Na2,,,2.291,3.358,0.037,-0.923,0.0,2.291,3.358,2.291,3.358,-4.544,-5.689,-6.835,-23.127,1.3877787807814457e-17,0.0,2.522
I6Sc8Se4SCl,,,0.0,,0.0,-1.523,0.0,0.0,0.8359999999999999,0.0,0.8393333333333333,-4.1786666666666665,-3.989,-4.590333333333334,-96.404,1.3877787807814457e-17,0.0,4.789
Ti2Se4Cl4,,,0.958,2.376,0.048,-1.096,0.0,0.8940000000000001,2.325,0.958,2.376,-4.875,-5.322,-5.769,-45.416,1.3877787807814457e-17,0.0,3.195
Bi4Sr2S8,,,0.492,0.756,0.073,-0.808,0.0,0.45599999999999996,0.756,0.492,0.756,-4.812,-5.039,-5.267,-65.988,1.3877787807814457e-17,0.0,3.267
In2VSe4,,,0.0,,0.043,-0.568,1.0000000000000002,0.0,1.5043333333333333,0.0,1.5043333333333333,-4.350666666666667,-4.343,-4.469666666666667,-31.957,0.389,0.389,3.259
Ag2Cd2Te2Cl2,,,1.293,2.153,0.085,-0.476,0.0,1.293,2.153,1.293,2.153,-3.975,-4.621,-5.268,-21.319,1.3877787807814457e-17,0.0,1.498
Sb4S8Li4,,,1.963,2.811,0.017,-0.665,0.0,1.707,2.535,1.963,2.811,-3.533,-4.386,-5.239,-68.447,1.3877787807814457e-17,0.0,2.271
As2Al2S6,,,1.392,2.033,0.087,-0.518,0.0,1.139,1.783,1.392,2.033,-4.379,-4.948,-5.518,-46.454,1.3877787807814457e-17,0.0,3.556
In2Te2I2,,,1.291,2.054,0.0049999999999999975,-0.44599999999999995,0.0,1.291,2.054,1.291,2.054,-4.552,-5.197,-5.843,-17.565999999999995,1.3877787807814457e-17,0.0,2.093
Ta2Rh2Te8,,,0.076,0.001,0.0,-0.444,0.0,0.07600000000000007,0.0009999999999998899,0.07600000000000007,0.0009999999999998899,-4.372,-4.41,-4.448,-64.89,1.3877787807814457e-17,0.0,2.343
In6I6,,,1.445,1.938,0.058,-0.429,0.0,1.445,1.938,1.445,1.938,-3.571,-4.293,-5.016,-30.598,1.3877787807814457e-17,0.0,2.939
Hf2Te6,,,0.0,,0.024,-0.619,0.0,0.0,0.9383333333333335,0.0,1.3146666666666667,-4.810333333333333,-4.818,-5.0776666666666666,-39.191,1.3877787807814457e-17,0.0,5.323
Pt2Se6,,,0.0,,0.18,-0.13,0.0,0.0,0.4139999999999997,0.0,0.5323333333333331,-4.117666666666667,-4.838,-4.3533333333333335,-34.643,1.3877787807814457e-17,0.0,4.395
Ni4Se4P4,,,0.683,2.231,0.026,-0.304,0.0,0.628,2.021,0.683,2.231,-4.604,-4.918,-5.232,-68.025,1.3877787807814457e-17,0.0,2.29
Ti2Br4,,,0.385,0.885,0.0,-1.178,0.0,0.28800000000000003,0.817,0.385,0.885,-4.105,-4.249,-4.392,-26.787,1.3877787807814457e-17,0.0,3.636
SbSeBr,2.572,2.903,1.786,2.438,0.124,-0.31999999999999995,0.0,1.464,2.037,1.786,2.438,-4.662,-5.393,-6.125,-10.435000000000002,1.3877787807814457e-17,0.0,3.563
GeNa2S6H6,,,2.284,3.327,0.058,-0.398,0.0,2.274,3.318,2.284,3.327,-3.31,-4.447,-5.584,-57.509,1.3877787807814457e-17,0.0,1.091
W2I6,,,0.451,1.31,0.0010000000000000009,0.0010000000000000009,1.0000000000000002,0.376,1.31,0.45100000000000007,1.31,-4.095,-4.282,-4.47,-31.83,1.406,2.16,2.087
I2Cu2Se3P4,,,0.894,2.305,0.03,-0.08799999999999997,0.0,0.879,2.302,0.894,2.305,-4.281,-4.721,-5.16,-43.184,1.3877787807814457e-17,0.0,1.672
Te2Cu4O12,,,0.466,1.781,0.088,-0.581,0.0,0.44899999999999995,1.738,0.46599999999999997,1.7810000000000001,-7.471,-7.696,-7.92,-93.071,1.3877787807814457e-17,0.0,1.53
VSe4Al2,,,0.0,1.43,0.035,-0.762,1.0000000000000002,0.0,1.197,0.0,1.43,-3.5136666666666665,-3.65,-3.578333333333333,-35.266,0.246,0.246,3.098
Sn2As2S6C2H6,,,1.897,2.75,0.052,-0.18599999999999994,0.0,1.881,2.724,1.897,2.75,-3.317,-4.258,-5.198,-83.632,1.3877787807814457e-17,0.0,1.487
Ba2I2CuS2,,,0.0,,0.006999999999999999,-1.451,0.0,0.0,0.994,0.0,0.994,-5.153333333333333,-5.205,-5.37,-28.602,1.3877787807814457e-17,0.0,4.95
Cd2Cu2Br2S2,,,0.944,2.575,0.06,-0.51,0.0,0.944,2.573,0.944,2.575,-4.182,-4.654,-5.126,-24.613,1.3877787807814457e-17,0.0,1.589
Te6Ga2Ge2,,,0.338,0.75,0.074,-0.132,0.0,0.3380000000000001,0.7430000000000001,0.3380000000000001,0.75,-4.523,-4.692,-4.861,-35.385,1.3877787807814457e-17,0.0,2.068
HfZrPd2I4S4,,,0.951,1.925,0.063,-0.86,0.0,0.951,1.925,0.9509999999999998,1.925,-4.675,-5.15,-5.626,-55.094,1.3877787807814457e-17,0.0,3.577
AuAgBr4,,,0.806,2.032,0.0,-0.263,0.0,0.547,1.735,0.806,2.032,-5.662,-5.936,-6.21,-13.887,1.3877787807814457e-17,0.0,2.41
Cu4Se4Br4,,,0.868,1.434,0.0,-0.261,0.0,0.831,1.419,0.868,1.434,-5.651,-6.066,-6.482,-38.109,1.3877787807814457e-17,0.0,1.799
In2Se2O8H2,,,4.069,5.539,0.0,-1.176,0.0,4.027000000000001,5.487,4.069,5.539,-2.778,-4.791,-6.805,-76.592,1.3877787807814457e-17,0.0,1.58
Hg2Cu2Se2Br2,,,0.812,2.253,0.025,-0.3,0.0,0.812,2.253,0.812,2.253,-4.521,-4.926,-5.332,-21.66,1.3877787807814457e-17,0.0,1.596
Ag2F6,,,0.379,2.201,0.11299999999999999,-1.065,1.0000000000000002,0.3789999999999999,2.201,0.379,2.201,-8.391,-8.581,-8.77,-23.718,0.09,0.09,2.075
Zr2S4,,,0.827,1.87,0.066,-1.52,0.0,0.702,1.719,0.827,1.87,-5.144,-5.495,-5.847,-40.236,1.3877787807814457e-17,0.0,3.623
TeGe2S,,,0.991,1.308,0.076,-0.10999999999999988,0.0,0.89,1.216,0.991,1.308,-3.443,-3.888,-4.333,-16.753,1.3877787807814457e-17,0.0,3.195
Te6Cr2Si2,,,0.662,1.335,0.0020000000000000018,-0.20199999999999996,1.0000000000000002,0.272,1.021,0.662,1.335,-4.433,-4.569,-4.704,-50.861,-0.09900000000000003,-0.09900000000000002,2.144
Hf2S2N,,,0.0,,0.056,-1.576,0.0,0.0,1.2973333333333334,0.0,1.467,-4.895666666666666,-5.609,-5.41,-39.402,1.3877787807814457e-17,0.0,6.185
Ag4Se4O12,,,0.121,0.477,0.013999999999999999,-0.522,0.0,0.121,0.47699999999999987,0.121,0.47699999999999987,-5.585,-5.645,-5.705,-97.229,1.3877787807814457e-17,0.0,1.072
Hf2Zr2Te8,,,0.22,0.764,0.121,-0.742,0.0,0.16599999999999993,0.7170000000000001,0.21999999999999997,0.7640000000000002,-5.145,-5.228,-5.31,-64.367,1.3877787807814457e-17,0.0,4.174
IVS,,,0.272,0.585,0.131,-0.648,1.0000000000000002,0.15700000000000003,0.5389999999999999,0.272,0.5849999999999997,-4.905,-4.983,-5.061,-16.026,-0.424,-0.42400000000000004,1.91
Rb2Ru2S2N2F10,,,1.032,2.643,0.037,-1.738,1.0000000000000002,0.92,2.622,1.032,2.643,-4.632,-5.092,-5.551,-92.764,-0.08200000000000002,-0.653,1.655
Nb4Pd6Se10,,,0.064,0.118,0.034,-0.619,0.0,0.06400000000000006,0.11799999999999988,0.06400000000000006,0.11799999999999988,-4.987,-5.019,-5.051,-111.439,1.3877787807814457e-17,0.0,2.315
Ag4Br4,,,2.4,3.671,0.0049999999999999975,-0.342,0.0,2.33,3.583,2.4,3.671,-4.036,-5.201,-6.366,-20.434,1.3877787807814457e-17,0.0,2.65
Hg2Cl2,,,1.948,2.836,0.076,-0.525,0.0,1.66,2.323,1.948,2.836,-5.665,-6.495,-7.325,-7.442,1.3877787807814457e-17,0.0,3.926
Pb4O4,,,2.334,3.317,0.064,-1.099,0.0,2.269,3.125,2.334,3.317,-2.575,-3.71,-4.844,-44.321,1.3877787807814457e-17,0.0,3.011
Sb2As2,,,0.754,1.289,0.088,0.08799999999999997,0.0,0.754,1.289,0.754,1.289,-3.908,-4.285,-4.662,-17.788,1.3877787807814457e-17,0.0,2.65
Rb2Se2S6C2H6,,,0.968,1.809,0.064,-0.268,0.0,0.968,1.809,0.968,1.809,-3.412,-3.896,-4.38,-76.458,1.3877787807814457e-17,0.0,1.45
Ta4Ni2Se10,,,0.04,0.177,0.0,-0.763,0.0,0.03200000000000003,0.17399999999999993,0.040000000000000036,0.17700000000000005,-4.943,-4.959,-4.975,-100.792,1.3877787807814457e-17,0.0,2.189
Fe2Cu2Cl6,,,0.88,3.656,0.184,-0.442,0.0,0.856,3.656,0.88,3.656,-3.87,-4.298,-4.726,-40.564,1.3877787807814457e-17,0.0,3.216
Tl2In2Te2,,,1.096,1.51,0.063,-0.18399999999999994,0.0,0.955,1.366,1.096,1.51,-3.185,-3.663,-4.14,-18.036,1.3877787807814457e-17,0.0,2.883
CrSeBr,,,1.57,3.002,0.0,-0.706,1.0000000000000002,1.392,2.559,1.57,3.002,-4.339,-5.034,-5.73,-16.595,0.065,0.065,1.847
Bi4Sr2S8,,,0.492,0.756,0.073,-0.808,0.0,0.45599999999999996,0.756,0.492,0.756,-4.812,-5.039,-5.267,-65.988,1.3877787807814457e-17,0.0,3.267
Cd2Te2Cu2Br2,,,1.102,2.466,0.082,-0.395,0.0,1.102,2.466,1.102,2.466,-3.857,-4.408,-4.959,-21.947,1.3877787807814457e-17,0.0,1.572
PdNa2S6H6,,,1.744,2.794,0.033,-0.384,0.0,1.715,2.71,1.744,2.794,-3.616,-4.474,-5.331,-56.614,1.3877787807814457e-17,0.0,1.106
Al2S2,3.923,4.475,2.722,3.554,0.015,-0.877,0.0,2.142,2.945,2.722,3.554,-4.023,-5.094,-6.165,-19.14,1.3877787807814457e-17,0.0,3.849
Rh2Br6,,,1.364,2.776,0.0,-0.495,0.0,1.344,2.737,1.364,2.776,-4.691,-5.363,-6.035,-27.761,1.3877787807814457e-17,0.0,2.969
Pb4O4,,,2.893,4.081,0.006999999999999999,-1.156,0.0,2.614,3.731,2.893,4.081,-2.288,-3.595,-4.902,-44.78,1.3877787807814457e-17,0.0,1.587
Te2K2MgO8H4,,,4.037,5.392,0.02,-1.461,0.0,3.982,5.31,4.037,5.392,-1.6879999999999997,-3.679,-5.67,-89.595,1.3877787807814457e-17,0.0,1.4229999999999998
Hf2I2N2,,,1.585,2.664,0.0,-1.459,0.0,1.585,2.664,1.585,2.664,-4.067,-4.859,-5.651,-43.43,1.3877787807814457e-17,0.0,4.684
Sb2F6,,,5.427,6.814,0.0,-2.465,0.0,5.087,6.459,5.427,6.814,-2.589,-5.132,-7.676,-38.051,1.3877787807814457e-17,0.0,1.806
P4S6,,,1.842,2.715,0.096,-0.06699999999999995,0.0,1.793,2.696,1.842,2.715,-4.057,-4.954,-5.85,-46.6,1.3877787807814457e-17,0.0,1.762
Bi2As2O8,,,3.08,4.6,0.06,-1.247,0.0,3.07,4.6,3.08,4.6,-3.572,-5.107,-6.642,-74.639,1.3877787807814457e-17,0.0,1.459
Mo2Te8V2,,,0.0,,0.03,-0.281,1.0000000000000002,0.0,0.7409999999999999,0.0,1.1146666666666667,-4.947333333333333,-4.945,-5.176,-68.463,3.043,3.347,4.621
PdS2,,,1.326,1.987,0.062,-0.23399999999999999,0.0,1.095,1.791,1.326,1.987,-4.441,-4.989,-5.537,-12.679000000000002,1.3877787807814457e-17,0.0,2.602
HfTi3S8,,,0.912,2.212,0.169,-1.211,0.0,0.858,2.117,0.912,2.212,-5.909,-6.338,-6.767,-74.729,1.3877787807814457e-17,0.0,3.881
I6Ca2Cu2,,,2.336,4.149,0.028,-1.038,0.0,2.245,4.14,2.336,4.149,-3.298,-4.42,-5.543,-30.626,1.3877787807814457e-17,0.0,3.199
Sb4S2O12,,,4.131,5.447,0.0,-1.369,0.0,4.131,5.447,4.131,5.447,-2.49,-4.556,-6.621,-111.915,1.3877787807814457e-17,0.0,1.346
Ta2Br12Na2,,,1.929,3.277,0.0,-1.136,0.0,1.929,3.277,1.929,3.277,-4.922,-5.886,-6.851,-59.431,1.3877787807814457e-17,0.0,1.839
In2Te6Ge2,,,0.65,1.149,0.0049999999999999975,-0.19399999999999995,0.0,0.65,1.149,0.65,1.149,-4.366,-4.691,-5.015,-35.723,1.3877787807814457e-17,0.0,2.101
Hf2ZrTiBr8,,,0.659,1.227,0.0010000000000000009,-1.21,0.0,0.624,1.155,0.659,1.227,-3.66,-3.972,-4.284,-56.297,1.3877787807814457e-17,0.0,3.695
Nb2Na2Cl12,,,2.287,3.936,0.0,-1.453,0.0,2.287,3.936,2.287,3.936,-5.375,-6.518,-7.662,-67.935,1.3877787807814457e-17,0.0,1.811
Au4S4Cl4H4,,,1.246,2.121,0.064,-0.245,0.0,1.222,2.095,1.246,2.121,-5.713,-6.325,-6.936,-53.189,1.3877787807814457e-17,0.0,1.692
Te2Ni2P,,,0.0,,0.065,-0.262,0.0,0.0,1.2103333333333335,0.0,1.3883333333333334,-4.311,-4.349,-4.537,-27.579,1.3877787807814457e-17,0.0,2.967
Au2Br2S4,,,1.025,1.752,0.036,-0.04299999999999993,0.0,1.01,1.677,1.025,1.752,-5.294,-5.799,-6.304,-26.089,1.3877787807814457e-17,0.0,2.583
Cd2Br2Cl2,,,3.032,4.242,0.028999999999999998,-0.981,0.0,2.977,4.186,3.032,4.242,-4.237,-5.726,-7.214,-14.479,1.3877787807814457e-17,0.0,2.344
In8S12,,,1.703,2.691,0.062,-0.517,0.0,1.703,2.69,1.703,2.691,-4.369,-5.22,-6.071,-81.387,1.3877787807814457e-17,0.0,1.6360000000000001
Bi4O6,,,2.703,3.898,0.034,-1.207,0.0,2.467,3.769,2.703,3.898,-2.288,-3.522,-4.755,-61.509,1.3877787807814457e-17,0.0,2.92
Nb2I12Na2,,,0.552,1.641,0.019000000000000003,-0.648,0.0,0.552,1.641,0.552,1.641,-5.072,-5.349,-5.625,-51.374,1.3877787807814457e-17,0.0,2.16
Mn2As2Se4Br2,,,0.0,,0.097,-0.31999999999999995,1.0000000000000002,0.0,1.4540000000000002,0.0,1.4693333333333332,-4.2716666666666665,-4.81,-4.571666666666667,-49.058,0.51,2.0780000000000003,1.618
Hg2Br6Li2,,,2.19,3.191,0.065,-0.879,0.0,2.19,3.191,2.19,3.191,-4.388,-5.483,-6.578,-23.852,1.3877787807814457e-17,0.0,2.626
HfIrBr4Cl2,,,0.736,2.171,0.077,-0.953,1.0000000000000002,0.696,2.125,0.736,2.171,-4.568,-4.916,-5.264,-34.311,-1.495,0.576,3.088
Te2Fe4Ge,,,0.0,,0.052,-0.08399999999999996,1.0000000000000002,0.0,1.0193333333333332,0.0,1.1696666666666669,-4.576,-4.448,-4.724333333333333,-47.678,4.795,4.788,6.153
Ag2Ca2Br6,,,3.109,4.387,0.0010000000000000009,-1.394,0.0,3.109,4.387,3.109,4.387,-3.65,-5.205,-6.759,-33.151,1.3877787807814457e-17,0.0,2.822
Tl2Te2,,,0.38,0.716,0.137,-0.08899999999999997,0.0,0.33899999999999986,0.6810000000000003,0.38,0.716,-4.844,-5.014,-5.184,-11.762999999999998,1.3877787807814457e-17,0.0,3.839
Ni4P4S4,,,0.916,2.434,0.0,-0.387,0.0,0.8740000000000001,2.172,0.916,2.434,-4.628,-5.065,-5.502,-71.408,1.3877787807814457e-17,0.0,2.269
Cu2Br2C6N2F8,,,0.374,2.093,0.086,-0.933,0.0,0.346,2.093,0.374,2.093,-4.99,-5.163,-5.337,-113.897,1.3877787807814457e-17,0.0,1.763
Bi2Cd2Br2O4,,,2.538,3.697,0.003999999999999997,-1.111,0.0,2.4450000000000003,3.667,2.538,3.697,-4.119,-5.341,-6.564,-45.977,1.3877787807814457e-17,0.0,1.852
OsMoCl6,,,0.853,2.044,0.047,-0.647,1.0000000000000002,0.819,2.009,0.853,2.044,-4.553,-4.962,-5.371,-38.277,-0.5330000000000001,-1.161,3.279
Nb2Br6,,,0.109,1.005,0.045,-0.917,0.0,0.10899999999999999,1.004,0.10899999999999976,1.005,-4.57,-4.625,-4.679,-37.5,1.3877787807814457e-17,0.0,3.126
Sn2P2O6F2,,,3.991,5.068,0.0,-2.106,0.0,3.9849999999999994,5.048,3.991,5.068,-2.814,-4.807,-6.799,-78.035,1.3877787807814457e-17,0.0,1.651
In2S4H2,,,1.881,2.717,0.0,-0.43700000000000006,0.0,1.881,2.717,1.881,2.717,-4.037,-4.978,-5.918,-31.980000000000004,1.3877787807814457e-17,0.0,3.426
PdTe4Al2,,,0.0,,0.09,-0.367,0.0,0.0,0.9046666666666667,0.0,1.0726666666666669,-4.208333333333333,-4.049,-4.335666666666667,-26.686,1.3877787807814457e-17,0.0,3.382
Te4Ti4Br4,,,0.136,0.853,0.082,-0.877,1.0000000000000002,0.09000000000000008,0.599,0.13600000000000012,0.853,-4.599,-4.644,-4.689,-56.446,3.31,3.483,3.943
In2Cl2,,,3.174,3.859,0.036,-0.806,0.0,3.174,3.859,3.174,3.859,-2.379,-3.966,-5.553,-12.320999999999998,1.3877787807814457e-17,0.0,2.067
Se2Si,1.803,2.425,1.068,1.734,0.11599999999999999,-0.3340000000000001,0.0,0.4670000000000001,1.072,1.068,1.734,-5.175,-5.409,-5.642,-13.367000000000004,1.3877787807814457e-17,0.0,3.756
Bi4Na4O8,,,2.614,3.947,0.0,-1.41,0.0,2.602,3.947,2.614,3.947,-2.244,-3.545,-4.846,-87.48,1.3877787807814457e-17,0.0,1.973
K2Cl2O6,,,5.46,7.153,0.066,-0.727,0.0,5.441,7.004,5.459999999999999,7.153,-1.084,-3.805,-6.525,-44.023,1.3877787807814457e-17,0.0,1.47
MnCuCl6,,,0.558,2.278,0.0,-0.73,1.0000000000000002,0.546,2.258,0.558,2.278,-6.486,-6.759,-7.032,-29.94,0.0020000000000000018,0.047,2.69
Te4I4Ti2,,,0.49,1.643,0.047,-0.535,0.0,0.476,1.626,0.49,1.643,-4.581,-4.819,-5.057,-37.461,1.3877787807814457e-17,0.0,3.449
Hf2I5Se,,,0.491,1.169,0.072,-0.925,1.0000000000000002,0.28600000000000003,0.972,0.491,1.169,-4.021,-4.164,-4.307,-33.287,0.376,0.36,3.295
V2P2O10,,,1.785,4.38,0.0,-2.218,0.0,1.566,4.032,1.785,4.38,-6.12,-6.903,-7.687,-110.06699999999998,1.3877787807814457e-17,0.0,1.341
Mo2NaCl6O2,,,0.0,,0.0,-1.4209999999999998,0.0,0.0,1.6033333333333333,0.0,1.616,-5.520666666666667,-6.171,-6.2123333333333335,-60.305,1.3877787807814457e-17,0.0,1.662
Sc2CH2,,,1.16,2.185,0.071,-0.546,0.0,1.01,2.009,1.16,2.185,-4.068,-4.573,-5.078,-27.917,1.3877787807814457e-17,0.0,3.091
VBrO2H,,,0.659,2.309,0.069,-1.532,1.0000000000000002,0.473,2.282,0.659,2.309,-4.672,-4.908,-5.145,-31.341,-0.04000000000000001,-0.06499999999999999,2.649
Hf2Ge2S8,,,1.274,2.068,0.061,-0.909,0.0,1.21,2.006,1.274,2.068,-4.289,-4.893,-5.498,-67.571,1.3877787807814457e-17,0.0,2.074
TiCl2,1.636,1.854,1.182,1.645,0.006999999999999999,-1.537,0.0,0.903,1.395,1.182,1.645,-3.343,-3.794,-4.246,-14.871000000000002,1.3877787807814457e-17,0.0,3.748
Nb2K2Br12,,,1.623,3.057,0.0,-1.159,0.0,1.619,3.052,1.623,3.057,-5.302,-6.112,-6.922,-60.657,1.3877787807814457e-17,0.0,1.762
Ag2P4S3Cl2,,,1.909,3.3,0.06,-0.21699999999999997,0.0,1.878,3.271,1.909,3.3,-4.275,-5.214,-6.153,-45.325,1.3877787807814457e-17,0.0,1.38
K2O2H2,,,2.867,4.501,0.012999999999999998,-1.356,0.0,2.867,4.501,2.867,4.501,-1.146,-2.58,-4.013,-27.469,1.3877787807814457e-17,0.0,0.817
GaNaP2S6,,,2.295,3.223,0.0,-0.512,0.0,2.17,3.089,2.295,3.223,-4.338,-5.423,-6.508,-44.525,1.3877787807814457e-17,0.0,1.634
PtK2S6H6,,,2.286,3.423,0.0,-0.476,0.0,2.284,3.419,2.286,3.423,-2.842,-3.984,-5.126,-60.352,1.3877787807814457e-17,0.0,1.111
Ag2Cd2Se2Br2,,,1.08,2.102,0.054,-0.476,0.0,1.08,2.102,1.08,2.102,-4.463,-5.003,-5.543,-21.476,1.3877787807814457e-17,0.0,1.503
Sb2Cu2S4,,,0.357,1.427,0.063,-0.20699999999999996,0.0,0.357,1.411,0.357,1.427,-3.85,-4.028,-4.207,-34.136,1.3877787807814457e-17,0.0,2.098
Tl2Br6,,,1.661,2.546,0.0,-0.515,0.0,1.661,2.546,1.661,2.546,-5.531,-6.362,-7.193,-18.625000000000004,1.3877787807814457e-17,0.0,2.688
Cr2Br6,,,1.518,3.48,0.0,-0.848,1.0000000000000002,1.51,3.431,1.518,3.48,-4.829,-5.583,-6.338,-35.111,-0.419,-0.41900000000000004,2.881
Ba4Sb4Se8Cl4,,,1.745,2.485,0.024,-1.308,0.0,1.584,2.345,1.745,2.485,-3.839,-4.631,-5.423,-86.1,1.3877787807814457e-17,0.0,3.198
NiSe4Al2,,,0.0,,0.079,-0.615,0.0,0.0,0.6393333333333329,0.0,0.8299999999999998,-4.4559999999999995,-4.103,-4.657666666666667,-32.957,1.3877787807814457e-17,0.0,3.219
I6Na6,,,3.451,4.339,0.032,-1.264,0.0,3.451,4.339,3.451,4.339,-2.222,-3.947,-5.673,-31.886,1.3877787807814457e-17,0.0,3.058
Mo2Cl4O4,,,2.392,3.902,0.0,-1.545,0.0,2.369,3.8809999999999993,2.392,3.902,-5.736,-6.921,-8.105,-65.487,1.3877787807814457e-17,0.0,1.649
TeGe,2.647,2.969,1.671,2.293,0.087,-0.006000000000000005,0.0,1.474,1.994,1.671,2.293,-3.48,-4.217,-4.954,-7.732999999999997,1.3877787807814457e-17,0.0,2.628
Ba2Cl2H2,,,3.801,4.845,0.056,-1.574,0.0,3.7470000000000003,4.823,3.801,4.845,-2.363,-4.237,-6.11,-23.317,1.3877787807814457e-17,0.0,2.189
Mg4Cl8,,,5.358,6.802,0.066,-1.821,0.0,5.339,6.753,5.357999999999999,6.802,-3.158,-5.827,-8.496,-42.606,1.3877787807814457e-17,0.0,3.261
HfFeBr6,,,0.948,3.428,0.0,-0.957,0.0,0.938,3.395,0.948,3.428,-4.235,-4.705,-5.174,-33.713,1.3877787807814457e-17,0.0,3.06
SrSe2H2,,,3.192,4.146,0.031,-0.797,0.0,3.192,4.146,3.192,4.146,-1.8570000000000002,-3.453,-5.049,-19.273,1.3877787807814457e-17,0.0,2.045
Ag4S2,,,1.686,2.619,0.0,-0.07499999999999996,0.0,1.686,2.619,1.686,2.619,-4.016,-4.859,-5.702,-19.967,1.3877787807814457e-17,0.0,2.194
Sc2Br6,,,3.117,4.988,0.0,-1.779,0.0,2.9750000000000005,4.822,3.117,4.988,-4.172,-5.659,-7.147,-33.061,1.3877787807814457e-17,0.0,2.713
Se2Br2Al2,,,3.126,4.26,0.0030000000000000027,-1.002,0.0,3.126,4.26,3.126,4.26,-3.782,-5.345,-6.908,-23.622,1.3877787807814457e-17,0.0,1.91
In2Te2O8H2,,,3.789,5.209,0.021,-1.265,0.0,3.789,5.209,3.789,5.209,-2.395,-4.29,-6.185,-77.288,1.3877787807814457e-17,0.0,1.56
Nb4Ni8S8,,,0.0,,0.076,-0.624,0.0,0.0,1.0836666666666666,0.0,1.0916666666666666,-4.938666666666666,-5.252,-5.133333333333333,-144.384,1.3877787807814457e-17,0.0,2.603
Sb4Li4O8,,,3.486,4.677,0.0,-1.681,0.0,3.248,4.432,3.486,4.677,-2.201,-3.825,-5.449,-93.08,1.3877787807814457e-17,0.0,1.958
ZrTe2,0.906,1.374,0.541,1.243,0.10999999999999999,-0.787,0.0,0.259,0.8359999999999999,0.541,1.243,-5.149,-5.278,-5.408,-16.172,1.3877787807814457e-17,0.0,4.155
Te4Fe2,,,0.463,0.751,0.092,-0.10099999999999998,0.0,0.28200000000000003,0.581,0.4630000000000001,0.7509999999999999,-4.256,-4.397,-4.538,-31.512,1.3877787807814457e-17,0.0,4.358
In2BrS2Cl,,,1.849,2.685,0.012999999999999998,-0.761,0.0,1.849,2.685,1.849,2.685,-4.836,-5.761,-6.685,-21.618,1.3877787807814457e-17,0.0,3.565
IrCoBr5Cl,,,0.737,2.397,0.0,-0.415,0.0,0.726,2.366,0.737,2.397,-5.02,-5.383,-5.746,-30.529000000000003,1.3877787807814457e-17,0.0,3.038
Pt4I8,,,1.264,2.274,0.0,-0.16800000000000004,0.0,1.225,2.212,1.264,2.274,-4.14,-4.752,-5.364,-39.259,1.3877787807814457e-17,0.0,1.595
VGa2S4,,,0.0,,0.051,-0.738,1.0000000000000002,0.0,1.8316666666666666,0.0,2.0653333333333332,-3.973,-4.103,-4.208666666666667,-35.809,0.175,0.175,3.076
As2Si2S6,,,2.182,3.086,0.052,-0.408,0.0,2.181,3.035,2.182,3.086,-3.561,-4.651,-5.742,-48.671,1.3877787807814457e-17,0.0,2.916
Si2P2Cl2,,,2.33,3.172,0.025,-0.575,0.0,2.33,3.172,2.33,3.172,-4.141,-5.305,-6.47,-28.547,1.3877787807814457e-17,0.0,3.119
PtAgBr6,,,0.0,,0.0,-0.29,0.0,0.0,0.53,0.0,0.6576666666666666,-6.053333333333333,-6.404,-6.214333333333333,-21.023,1.3877787807814457e-17,0.0,2.64
Hg2Ag2Br6,,,1.419,2.502,0.017,-0.441,0.0,1.419,2.502,1.419,2.502,-4.956,-5.665,-6.375,-21.364,1.3877787807814457e-17,0.0,2.899
Sb2MnF12,,,1.756,4.074,0.0,-2.4560000000000004,1.0000000000000002,1.742,4.06,1.756,4.074,-6.229,-7.1,-7.971,-74.403,-0.01899999999999999,-0.031000000000000014,2.185
Tl2F6,,,3.101,4.836,0.0049999999999999975,-1.904,0.0,3.046,4.74,3.101,4.836,-6.776,-8.299,-9.822,-29.745,1.3877787807814457e-17,0.0,2.145
Mo2F6,,,0.597,1.014,0.0,-2.405,0.0,0.597,1.014,0.597,1.014,-6.045,-6.343,-6.642,-51.166,1.3877787807814457e-17,0.0,3.384
MoTeSe,1.844,1.882,1.136,1.594,0.025,-0.479,0.0,1.136,1.594,1.136,1.594,-3.898,-4.466,-5.034,-19.327,1.3877787807814457e-17,0.0,4.749
Au4Cu4Se4,,,0.971,1.881,0.0,-0.13,0.0,0.768,1.693,0.971,1.881,-4.357,-4.741,-5.125,-42.721,1.3877787807814457e-17,0.0,3.766
I2V2SeS,,,0.309,0.71,0.051,-0.665,1.0000000000000002,0.21399999999999997,0.7099999999999997,0.30899999999999994,0.71,-4.843,-4.95,-5.057,-31.555,-0.706,-1.672,3.997
Nb2Te4Br4,,,0.645,1.221,0.046,-0.601,0.0,0.645,1.221,0.645,1.221,-4.178,-4.5,-4.823,-45.824,1.3877787807814457e-17,0.0,1.972
Te4I4Cu4,,,0.632,1.142,0.003999999999999997,-0.14,0.0,0.564,1.097,0.632,1.142,-5.02,-5.302,-5.584,-35.116,1.3877787807814457e-17,0.0,1.991
Ba4As4Se8F4,,,1.703,2.456,0.0049999999999999975,-1.703,0.0,1.546,2.348,1.703,2.456,-4.189,-4.962,-5.736,-94.244,1.3877787807814457e-17,0.0,3.364
VClOH,,,0.0,,0.181,-1.179,1.0000000000000002,0.0,1.9689999999999999,0.0,2.1926666666666668,-2.8503333333333334,-3.168,-3.248666666666667,-23.475,-0.04200000000000001,-0.040999999999999995,1.4229999999999998
Pt4In2S6,,,1.563,2.306,0.083,-0.425,0.0,1.53,2.306,1.563,2.306,-3.686,-4.451,-5.216,-60.513,1.3877787807814457e-17,0.0,1.833
P4S6,,,2.481,3.498,0.035,-0.1279999999999999,0.0,2.47,3.478,2.481,3.498,-3.63,-4.865,-6.1,-47.206,1.3877787807814457e-17,0.0,1.1369999999999998
SbTe2O6H,,,2.882,4.102,0.041,-1.116,0.0,2.798,3.975,2.882,4.102,-2.898,-4.297,-5.696,-56.041,1.3877787807814457e-17,0.0,1.944
Sr4As4Se8Cl4,,,1.733,2.522,0.043,-1.183,0.0,1.589,2.371,1.733,2.522,-4.044,-4.838,-5.633,-84.016,1.3877787807814457e-17,0.0,3.018
ReIr2RhSe8,,,0.318,0.701,0.083,-0.313,0.0,0.19199999999999995,0.504,0.31800000000000006,0.7010000000000003,-4.529,-4.625,-4.721,-68.98,1.3877787807814457e-17,0.0,3.923
Cu4S4F4,,,1.072,1.739,0.047,-0.832,0.0,0.985,1.646,1.072,1.739,-5.963,-6.455,-6.948,-47.351,1.3877787807814457e-17,0.0,1.407
Ba2AuBr2O2,,,0.0,,0.094,-1.773,0.0,0.0,1.5926666666666667,0.0,2.0566666666666666,-5.577333333333333,-5.406,-5.995666666666667,-32.614,1.3877787807814457e-17,0.0,4.844
Ga2Se2,,,2.055,2.791,0.047,-0.554,0.0,1.609,2.259,2.055,2.791,-3.733,-4.537,-5.342,-14.989,1.3877787807814457e-17,0.0,1.485
Te2Cu2S6,,,0.0,,0.11399999999999999,0.028999999999999915,0.0,0.0,0.02833333333333332,0.0,0.02833333333333332,-5.2556666666666665,-5.684,-5.265666666666666,-37.939,1.3877787807814457e-17,0.0,3.655
Hf2Te2O2,,,0.856,1.672,0.049,-2.125,0.0,0.635,1.4570000000000003,0.856,1.672,-4.265,-4.582,-4.9,-44.42,1.3877787807814457e-17,0.0,5.685
Ir2S2Cl2,,,1.142,2.204,0.052,-0.448,0.0,1.141,2.204,1.142,2.204,-4.282,-4.853,-5.423,-32.967,1.3877787807814457e-17,0.0,1.938
ZrI6Ni,,,0.899,2.632,0.0,-0.628,1.0000000000000002,0.851,2.561,0.899,2.632,-4.832,-5.258,-5.683,-28.548,0.39,0.387,3.267
Bi2SnS4,,,0.566,0.979,0.011,-0.382,0.0,0.29200000000000004,0.768,0.5660000000000001,0.9790000000000001,-5.772,-5.918,-6.064,-32.389,1.3877787807814457e-17,0.0,3.465
Zn2Se2,,,2.042,3.054,0.157,-0.562,0.0,2.042,3.054,2.042,3.054,-3.829,-4.85,-5.871,-11.579999999999998,1.3877787807814457e-17,0.0,1.587
P4S6,,,2.297,3.333,0.021,-0.14200000000000002,0.0,2.261,3.272,2.297,3.333,-3.503,-4.634,-5.764,-47.347,1.3877787807814457e-17,0.0,1.285
Sr2Sb4O8,,,3.424,4.559,0.0,-1.927,0.0,3.237,4.358,3.424,4.559,-2.056,-3.674,-5.293,-88.943,1.3877787807814457e-17,0.0,2.342
I2Cr2S2,,,0.435,1.681,0.0,-0.619,1.0000000000000002,0.33099999999999996,1.548,0.43500000000000005,1.681,-5.075,-5.24,-5.406,-33.645,-0.7170000000000001,0.558,4.056
AgScP2S6,,,2.033,3.453,0.0,-0.669,0.0,2.017,3.453,2.033,3.453,-4.152,-5.16,-6.168,-49.387,1.3877787807814457e-17,0.0,1.992
Hg2Cu2S2Cl2,,,0.792,2.346,0.042,-0.36500000000000005,0.0,0.792,2.346,0.792,2.346,-4.684,-5.08,-5.476,-23.77,1.3877787807814457e-17,0.0,1.583
Tl2Ga2O6,,,1.047,2.03,0.08,-1.188,0.0,1.047,2.03,1.047,2.03,-6.363,-6.887,-7.41,-53.428,1.3877787807814457e-17,0.0,2.317
Ta2Te6Mn2,,,0.0,,0.055,-0.243,1.0000000000000002,0.0,0.7306666666666666,0.0,1.2216666666666667,-4.6066666666666665,-4.629,-4.7203333333333335,-60.723,1.639,3.611,2.407
Pb2Br2Cl2,,,2.447,3.458,0.035,-1.036,0.0,2.203,3.168,2.447,3.458,-4.666,-5.767,-6.869,-20.474,1.3877787807814457e-17,0.0,2.663
Hf4IBr3N4,,,2.042,3.272,0.0,-1.644,0.0,2.042,3.272,2.042,3.272,-4.041,-5.062,-6.083,-89.396,1.3877787807814457e-17,0.0,4.392
CuLi2O2,,,1.095,3.518,0.152,-1.215,1.0000000000000002,0.32299999999999995,2.847,1.095,3.518,-2.407,-2.569,-2.73,-23.778,-0.17099999999999999,-0.16500000000000004,0.6709999999999998
HfFeH6,,,1.741,3.294,0.055,-0.139,0.0,1.741,3.294,1.741,3.294,-3.502,-4.372,-5.242,-37.605,1.3877787807814457e-17,0.0,1.948
Nb3SeF7,,,0.893,1.807,0.003999999999999997,-2.683,0.0,0.893,1.807,0.893,1.807,-4.515,-4.961,-5.408,-75.079,1.3877787807814457e-17,0.0,1.565
Te6Cr2Ge2,,,0.817,1.474,0.0020000000000000018,-0.18399999999999994,1.0000000000000002,0.125,0.8739999999999999,0.817,1.474,-4.57,-4.633,-4.695,-48.919,0.463,0.463,2.144
Bi2SnTe4,,,0.215,0.473,0.0,-0.247,0.0,0.014000000000000012,0.3599999999999999,0.21500000000000008,0.47299999999999986,-5.075,-5.082,-5.089,-27.95,1.3877787807814457e-17,0.0,3.55
Nb3Br7O,,,0.772,1.444,0.064,-1.154,0.0,0.769,1.4410000000000003,0.772,1.444,-4.793,-5.177,-5.561,-59.891,1.3877787807814457e-17,0.0,1.863
Te6Co2,,,0.0,,0.193,0.026000000000000023,0.0,0.0,0.21366666666666623,0.0,0.4939999999999998,-4.139333333333333,-4.568,-4.302,-35.478,1.3877787807814457e-17,0.0,5.198
InI2Ni5,,,0.0,,0.172,-0.029000000000000026,0.0,0.0,0.367,0.0,0.3936666666666664,-3.8093333333333335,-3.877,-4.127,-42.19,1.3877787807814457e-17,0.0,4.915
Hf2S4Cl4,,,1.89,3.007,0.010000000000000002,-1.393,0.0,1.823,2.95,1.89,3.007,-4.34,-5.251,-6.163,-52.392,1.3877787807814457e-17,0.0,3.229
K2C2O6,,,1.04,2.758,0.032,-1.473,1.0000000000000002,0.987,2.692,1.04,2.758,-5.937,-6.431,-6.924,-66.353,-0.0020000000000000018,0.0030000000000000027,1.266
Mn2Cl2F2,,,2.241,4.702,0.075,-1.643,1.0000000000000002,2.012,4.702,2.241,4.702,-3.943,-4.949,-5.955,-36.035,0.113,0.012999999999999998,2.638
W2Cl6,,,0.706,1.165,0.164,-0.652,0.0,0.706,1.165,0.706,1.165,-3.833,-4.186,-4.539,-38.9,1.3877787807814457e-17,0.0,3.842
Ge2P2S6Cl2,,,2.414,3.393,0.057,-0.335,0.0,2.328,3.301,2.414,3.393,-3.758,-4.922,-6.086,-51.825,1.3877787807814457e-17,0.0,1.77
Te5Al2,,,1.303,1.927,0.0020000000000000018,-0.325,0.0,1.217,1.804,1.303,1.927,-3.675,-4.284,-4.892,-25.775,1.3877787807814457e-17,0.0,1.782
Ta4Ni8S8,,,0.0,,0.057,-0.627,0.0,0.0,0.045333333333333226,0.0,0.04699999999999971,-4.9206666666666665,-5.29,-5.027,-142.414,1.3877787807814457e-17,0.0,2.66
ZnO2H2,,,2.333,4.292,0.086,-1.161,0.0,2.333,4.267,2.333,4.292,-1.6429999999999998,-2.81,-3.976,-23.886,1.3877787807814457e-17,0.0,1.449
Te5Ga2,,,0.86,1.447,0.0,-0.246,0.0,0.86,1.389,0.86,1.447,-4.072,-4.502,-4.932,-23.551,1.3877787807814457e-17,0.0,1.769
Te4S2O14,,,3.207,4.647,0.026,-1.169,0.0,3.194,4.609,3.207,4.647,-5.013,-6.61,-8.207,-116.085,1.3877787807814457e-17,0.0,2.085
Au2AgI3MnSe3,,,0.319,0.875,0.076,-0.16500000000000004,1.0000000000000002,0.14900000000000002,0.6739999999999999,0.31899999999999995,0.8750000000000002,-5.568,-5.643,-5.718,-35.354,1.7909999999999997,2.872,2.93
IGa2SeSCl,,,0.897,1.78,0.025,-0.713,0.0,0.891,1.777,0.897,1.78,-4.829,-5.275,-5.72,-20.908,1.3877787807814457e-17,0.0,3.023
Y2Br6,,,2.911,4.203,0.056,-1.907,0.0,2.911,4.203,2.911,4.203,-3.811,-5.267,-6.722,-34.149,1.3877787807814457e-17,0.0,3.191
Ag2Cd2Cl6,,,2.611,4.056,0.0,-0.852,0.0,2.611,4.056,2.611,4.056,-4.187,-5.493,-6.798,-26.769,1.3877787807814457e-17,0.0,2.923
HfPdF6,,,1.442,4.004,0.075,-2.811,1.0000000000000002,1.38,3.959,1.442,4.004,-6.584,-7.274,-7.964,-43.338,-0.13100000000000003,-0.14200000000000002,2.16
Ba4As4Se8Cl4,,,1.749,2.52,0.048,-1.239,0.0,1.624,2.404,1.749,2.52,-4.016,-4.828,-5.64,-85.755,1.3877787807814457e-17,0.0,3.111
Ag4Te2O12,,,0.644,1.805,0.084,-0.386,0.0,0.636,1.801,0.644,1.8050000000000002,-7.119,-7.437,-7.755,-86.205,1.3877787807814457e-17,0.0,1.533
Bi2Br6,,,1.435,2.268,0.028999999999999998,-0.763,0.0,1.356,2.138,1.435,2.268,-5.656,-6.334,-7.012,-24.957,1.3877787807814457e-17,0.0,2.707
Sb2Te6Ge2,,,0.865,1.352,0.0030000000000000027,-0.09700000000000009,0.0,0.536,0.9410000000000001,0.865,1.352,-4.43,-4.698,-4.966,-38.039,1.3877787807814457e-17,0.0,3.714
Sn2IMnClO2,,,1.517,2.975,0.082,-1.021,1.0000000000000002,1.404,2.248,1.517,2.975,-3.806,-4.508,-5.211,-38.488,0.56,0.444,3.707
TiSO,,,0.561,1.777,0.087,-2.108,0.0,0.561,1.777,0.561,1.777,-4.7,-4.98,-5.261,-22.217,1.3877787807814457e-17,0.0,3.112
Zr2Ge2Se8,,,1.086,1.835,0.0,-0.828,0.0,0.999,1.776,1.086,1.835,-4.177,-4.676,-5.176,-61.63,1.3877787807814457e-17,0.0,2.15
CdInAlS4,,,0.906,1.877,0.092,-0.718,0.0,0.906,1.877,0.906,1.877,-4.425,-4.878,-5.331,-28.77,1.3877787807814457e-17,0.0,3.079
Bi2Cl6,,,2.184,3.106,0.059,-0.956,0.0,2.184,3.106,2.184,3.106,-5.365,-6.457,-7.549,-27.705,1.3877787807814457e-17,0.0,2.228
Sn2P2S6F2,,,2.495,3.316,0.0,-0.8,0.0,2.338,3.154,2.495,3.316,-3.958,-5.127,-6.295,-56.08,1.3877787807814457e-17,0.0,1.771
Tl2F6,,,2.507,,0.032,-1.877,0.0,2.507,4.8196666666666665,2.507,4.884333333333334,-7.292,-8.546,-9.799,-29.532,1.3877787807814457e-17,0.0,2.794
Y2I2S2,,,2.84,4.038,0.0,-1.845,0.0,2.543,3.616,2.84,4.038,-3.616,-4.887,-6.159,-31.567,1.3877787807814457e-17,0.0,2.975
HgPb2O2F2,,,3.087,4.439,0.012,-1.496,0.0,2.966,4.239,3.087,4.439,-2.83,-4.313,-5.796,-32.299,1.3877787807814457e-17,0.0,1.573
PdIn2S4,,,0.0,,0.086,-0.44,0.0,0.0,1.156666666666667,0.0,1.1566666666666667,-4.757000000000001,-4.686,-4.873333333333333,-28.74,1.3877787807814457e-17,0.0,3.273
Ba4As4S8F4,,,2.176,3.038,0.0,-1.758,0.0,2.095,2.995,2.176,3.038,-3.953,-5.0,-6.048,-100.1,1.3877787807814457e-17,0.0,3.211
W2Te8Cr2,,,0.497,0.876,0.082,-0.09299999999999997,0.0,0.497,0.8759999999999999,0.497,0.8759999999999999,-4.143,-4.391,-4.639,-68.544,1.3877787807814457e-17,0.0,4.651
Ag2Br2,,,2.444,3.617,0.010000000000000002,-0.337,0.0,2.444,3.617,2.444,3.617,-3.728,-4.95,-6.172,-10.198,1.3877787807814457e-17,0.0,1.299
Ir2Nb2Te8,,,0.047,0.043,0.008,-0.424,0.0,0.04699999999999993,0.03299999999999992,0.04699999999999993,0.04300000000000015,-4.443,-4.466,-4.489,-69.926,1.3877787807814457e-17,0.0,2.39
Hf3N2O2,,,0.872,1.207,0.088,-2.386,0.0,0.32000000000000006,0.508,0.872,1.207,-4.197,-4.357,-4.517,-66.174,1.3877787807814457e-17,0.0,6.773999999999999
CrSe2,1.165,1.165,0.685,1.128,0.0,-0.486,0.0,0.685,1.128,0.685,1.128,-4.541,-4.884,-5.226,-17.832,1.3877787807814457e-17,0.0,4.363
Nb3I7S,,,0.513,1.235,0.0,-0.651,0.0,0.513,1.235,0.513,1.235,-4.554,-4.81,-5.066,-52.572,1.3877787807814457e-17,0.0,2.088
Rh2Se2Cl2,,,1.092,2.271,0.0,-0.613,0.0,1.092,2.271,1.092,2.271,-4.563,-5.109,-5.655,-28.505,1.3877787807814457e-17,0.0,1.854
Sb2Te6Co2,,,0.406,,0.09,-0.09299999999999997,0.0,0.133,0.33233333333333315,0.406,0.39766666666666683,-4.388,-4.455,-4.522,-45.433,1.3877787807814457e-17,0.0,3.961
SrCu2O8,,,0.0,,0.067,-0.663,0.0,0.0,0.7226666666666668,0.0,0.7450000000000001,-5.1546666666666665,-5.79,-5.2700000000000005,-57.311,1.3877787807814457e-17,0.0,1.811
WTe8Cr3,,,0.443,0.841,0.097,-0.09799999999999998,0.0,0.44300000000000006,0.8410000000000002,0.44300000000000006,0.8409999999999997,-4.26,-4.482,-4.703,-66.521,1.3877787807814457e-17,0.0,4.59
In2Se3,,,1.394,2.046,0.051,-0.482,0.0,1.387,2.04,1.394,2.046,-4.469,-5.162,-5.856,-18.386,1.3877787807814457e-17,0.0,2.688
PtS2,2.945,3.108,1.771,2.608,0.0,-0.394,0.0,1.688,2.488,1.771,2.608,-4.558,-5.402,-6.246,-15.693999999999999,1.3877787807814457e-17,0.0,3.656
Tl2Pd4Te6,,,0.412,0.567,0.0,-0.354,0.0,0.377,0.5670000000000002,0.4119999999999998,0.5669999999999997,-4.073,-4.262,-4.45,-43.757,1.3877787807814457e-17,0.0,1.882
PdTe4Ga2,,,0.0,,0.038,-0.328,0.0,0.0,1.0183333333333333,0.0,1.0183333333333333,-4.224333333333334,-4.264,-4.5006666666666675,-24.745,1.3877787807814457e-17,0.0,3.415
Ga2Se2Br2,,,2.076,3.109,0.0020000000000000018,-0.742,0.0,2.076,3.109,2.076,3.109,-4.658,-5.696,-6.734,-20.395,1.3877787807814457e-17,0.0,1.917
P4S8Li4,,,1.52,2.29,0.067,-0.615,0.0,1.52,2.29,1.52,2.29,-4.182,-4.942,-5.702,-71.476,1.3877787807814457e-17,0.0,2.833
Te2Ga2,2.617,2.859,1.487,2.117,0.0020000000000000018,-0.372,0.0,1.297,1.862,1.487,2.117,-3.872,-4.52,-5.169,-13.703000000000003,1.3877787807814457e-17,0.0,3.77
RuI2,1.988,1.988,1.022,2.304,0.102,0.03700000000000003,0.0,1.022,2.303,1.022,2.304,-3.523,-4.034,-4.545,-12.308999999999997,1.3877787807814457e-17,0.0,3.748
Sb8Ge4,,,0.983,1.393,0.051,0.051000000000000045,0.0,0.942,1.333,0.983,1.393,-3.718,-4.189,-4.66,-52.697,1.3877787807814457e-17,0.0,2.087
I2Cu2Se,,,0.0,,0.068,-0.08899999999999997,0.0,0.0,0.5526666666666666,0.0,0.6963333333333332,-4.751333333333333,-4.971,-4.944333333333333,-14.238999999999997,1.3877787807814457e-17,0.0,4.412
Te2Co3Ge,,,0.0,,0.027,-0.16100000000000014,1.0000000000000002,0.0,2.309,0.0,2.513666666666667,-4.718333333333333,-4.137,-4.834666666666667,-36.577,0.027999999999999997,-0.029000000000000012,5.017000000000001
Ta2Br4S4,,,1.537,2.406,0.034,-0.851,0.0,1.529,2.404,1.537,2.406,-3.83,-4.595,-5.36,-50.791,1.3877787807814457e-17,0.0,1.874
NiBrCl,,,1.155,3.69,0.005999999999999998,-0.517,1.0000000000000002,0.951,3.508,1.155,3.69,-5.283,-5.758,-6.233,-12.168999999999997,0.107,0.104,3.078
Sr4Sb4S8Cl4,,,2.124,2.963,0.045,-1.28,0.0,1.989,2.862,2.124,2.963,-3.548,-4.542,-5.537,-89.694,1.3877787807814457e-17,0.0,2.913
Ga2Se5Mg2,,,0.438,1.257,0.0030000000000000027,-0.89,0.0,0.43799999999999994,1.257,0.43799999999999994,1.257,-4.513,-4.732,-4.952,-34.468,1.3877787807814457e-17,0.0,3.461
K2Br2Cl8,,,2.442,3.684,0.0020000000000000018,-0.66,0.0,2.441,3.673,2.442,3.684,-5.307,-6.527,-7.748,-27.803,1.3877787807814457e-17,0.0,1.393
Cu3Cl3,,,1.579,3.332,0.0010000000000000009,-0.45100000000000007,0.0,1.449,3.243,1.579,3.332,-3.895,-4.619,-5.343,-19.088,1.3877787807814457e-17,0.0,2.823
Ge6P8,,,1.003,1.562,0.065,0.06500000000000006,0.0,1.003,1.5619999999999998,1.003,1.562,-4.175,-4.677,-5.179,-69.103,1.3877787807814457e-17,0.0,3.179
Ga2Ge2S6,,,1.833,2.658,0.082,-0.409,0.0,1.551,2.331,1.833,2.658,-4.608,-5.384,-6.159,-43.4,1.3877787807814457e-17,0.0,1.995
AuAg2Se2,,,0.0,,0.055,-0.04799999999999993,0.0,0.0,0.36499999999999977,0.0,0.3936666666666664,-4.904333333333333,-5.292,-5.092,-16.016,1.3877787807814457e-17,0.0,3.625
Bi4S6,,,1.175,1.829,0.071,-0.296,0.0,0.889,1.536,1.175,1.829,-4.615,-5.059,-5.504,-46.125,1.3877787807814457e-17,0.0,3.197
Al2S2,3.774,4.388,2.728,3.555,0.005999999999999998,-0.886,0.0,2.085,2.881,2.728,3.555,-4.121,-5.164,-6.206,-19.175,1.3877787807814457e-17,0.0,3.869
Bi8Rh4,,,0.091,0.143,0.023,-0.22499999999999998,0.0,0.014000000000000012,0.009999999999999787,0.09099999999999997,0.1429999999999998,-3.74,-3.747,-3.754,-68.678,1.3877787807814457e-17,0.0,2.176
Pd2SbTe2,,,0.0,,0.028999999999999998,-0.35999999999999993,0.0,0.0,0.45399999999999996,0.0,0.4543333333333335,-4.464333333333333,-4.788,-4.631,-20.254,1.3877787807814457e-17,0.0,2.853
I6As2,,,2.013,2.749,0.0020000000000000018,-0.20999999999999996,0.0,1.911,2.625,2.013,2.749,-4.118,-5.073,-6.029,-19.876,1.3877787807814457e-17,0.0,3.089
Pd2ICl5,,,0.224,1.398,0.058,-0.368,1.0000000000000002,0.2230000000000001,1.393,0.22399999999999998,1.398,-5.9,-6.011,-6.123,-20.989,0.276,-0.104,2.836
SrI2,6.198,6.31,3.517,4.477,0.096,-1.646,0.0,3.418,4.355,3.517,4.477,-3.216,-4.925,-6.634,-9.569000000000003,1.3877787807814457e-17,0.0,3.203
PtSe2,2.381,2.572,1.358,1.933,0.0,-0.413,0.0,1.167,1.636,1.358,1.933,-4.3,-4.883,-5.466,-14.560000000000002,1.3877787807814457e-17,0.0,3.674
Re6Te8F2,,,0.703,1.289,0.0,-0.481,0.0,0.498,1.005,0.7030000000000001,1.289,-4.643,-4.892,-5.141,-106.449,1.3877787807814457e-17,0.0,2.521
Mo2S4,,,0.051,0.069,0.18,-0.741,0.0,0.050999999999999934,0.06899999999999995,0.050999999999999934,0.06899999999999995,-5.755,-5.78,-5.806,-43.161,1.3877787807814457e-17,0.0,4.369
SbCuP2S6,,,1.922,2.993,0.0,-0.247,0.0,1.672,2.639,1.922,2.993,-4.148,-4.984,-5.82,-45.749,1.3877787807814457e-17,0.0,1.949
Ba2P4O12,,,5.124,6.887,0.079,-2.423,0.0,5.12,6.879,5.124,6.887,-2.637,-5.197,-7.757,-130.214,1.3877787807814457e-17,0.0,1.53
Bi8Rh4,,,0.091,0.143,0.023,-0.22499999999999998,0.0,0.014000000000000012,0.009999999999999787,0.09099999999999997,0.1429999999999998,-3.74,-3.747,-3.754,-68.678,1.3877787807814457e-17,0.0,2.176
Pb2I6Cu2,,,1.478,3.215,0.021,-0.461,0.0,1.456,3.085,1.478,3.215,-4.189,-4.917,-5.645,-28.347,1.3877787807814457e-17,0.0,3.126
Ag2I6Ca2,,,2.641,3.677,0.016,-1.091,0.0,2.641,3.677,2.641,3.677,-3.36,-4.68,-6.001,-29.483,1.3877787807814457e-17,0.0,3.147
Cu2SO4,,,2.324,4.25,0.023,-0.877,0.0,2.053,3.842,2.324,4.25,-3.424,-4.45,-5.477,-38.065,1.3877787807814457e-17,0.0,1.0670000000000002
I2Na2O4H8,,,3.602,4.608,0.023,-1.121,0.0,3.591,4.596,3.6019999999999994,4.608,-2.338,-4.133,-5.929,-70.605,1.3877787807814457e-17,0.0,1.156
Mn2NO2,,,0.0,,0.12,-1.005,1.0000000000000002,0.0,1.2836666666666665,0.0,1.4023333333333334,-5.729,-6.523,-5.913333333333333,-43.058,-0.452,-0.45300000000000007,4.926
Cd2Sb2Br2O4,,,2.374,3.541,0.017999999999999995,-1.146,0.0,2.365,3.518,2.374,3.541,-4.319,-5.502,-6.684,-45.795,1.3877787807814457e-17,0.0,1.959
Ru2K2N2O2F10,,,1.05,3.169,0.0,-1.914,1.0000000000000002,0.902,3.089,1.05,3.169,-5.667,-6.118,-6.569,-98.646,-0.087,-0.297,1.758
Hf2Te4I4,,,0.983,1.701,0.051,-0.677,0.0,0.947,1.66,0.983,1.701,-4.147,-4.62,-5.094,-40.519,1.3877787807814457e-17,0.0,3.489
Bi2P2S6,,,0.689,1.35,0.084,-0.21299999999999997,0.0,0.655,1.316,0.689,1.35,-4.97,-5.297,-5.625,-46.672,1.3877787807814457e-17,0.0,3.32
Tl2O2F2,,,0.849,1.837,0.076,-1.231,0.0,0.5829999999999999,1.488,0.849,1.837,-7.392,-7.683,-7.975,-25.805,1.3877787807814457e-17,0.0,3.192
Si4P4S4,,,2.418,3.299,0.015,-0.384,0.0,2.252,3.162,2.418,3.299,-3.729,-4.855,-5.981,-63.975,1.3877787807814457e-17,0.0,1.698
Nb2Cl2O4,,,2.821,4.535,0.012,-2.322,0.0,2.754,4.453,2.821,4.535,-5.421,-6.798,-8.174,-63.292,1.3877787807814457e-17,0.0,2.69
HgPb2O2F2,,,3.087,4.439,0.012,-1.496,0.0,2.966,4.239,3.087,4.439,-2.83,-4.313,-5.796,-32.299,1.3877787807814457e-17,0.0,1.573
HfBr2,1.759,2.563,1.548,2.101,0.006999999999999999,-1.157,0.0,0.732,1.226,1.548,2.101,-2.625,-2.991,-3.357,-14.145,1.3877787807814457e-17,0.0,3.986
Nb2Te6Co2,,,0.0,,0.038,-0.32899999999999996,1.0000000000000002,0.0,1.627,0.0,1.658,-4.718333333333334,-4.667,-4.867,-59.634,-1.163,-1.131,2.341
Nb4Te12Cl2,,,0.78,1.185,0.015,-0.488,0.0,0.749,1.182,0.78,1.185,-3.962,-4.336,-4.711,-92.121,1.3877787807814457e-17,0.0,1.951
AsSeBr,2.274,2.721,1.667,2.284,0.0,-0.294,0.0,1.228,1.839,1.667,2.284,-4.722,-5.336,-5.95,-10.614000000000004,1.3877787807814457e-17,0.0,3.109
Te2Co2P,,,0.0,,0.075,-0.298,0.0,0.0,1.156666666666667,0.0,1.1566666666666667,-4.689666666666667,-4.483,-4.8406666666666665,-29.722,1.3877787807814457e-17,0.0,3.268
Pt2Nb4Te14,,,0.066,0.072,0.012999999999999998,-0.413,0.0,0.06299999999999994,0.0129999999999999,0.06600000000000006,0.07200000000000006,-4.501,-4.533,-4.564,-107.147,1.3877787807814457e-17,0.0,2.382
AgGeCl6,,,0.377,1.322,0.10899999999999999,-0.612,1.0000000000000002,0.272,1.23,0.377,1.322,-6.761,-6.897,-7.033,-22.963,-0.045999999999999985,-0.020000000000000004,2.596
I4Sc2S4,,,1.012,1.889,0.069,-0.951,0.0,0.981,1.868,1.012,1.889,-4.907,-5.398,-5.888,-41.051,1.3877787807814457e-17,0.0,2.98
Ag4Cl4,,,1.996,3.321,0.008,-0.431,0.0,1.996,3.321,1.996,3.321,-3.948,-4.946,-5.944,-21.946,1.3877787807814457e-17,0.0,2.891
Al2S6B2,,,0.803,1.785,0.079,-0.672,0.0,0.728,1.703,0.803,1.785,-5.571,-5.935,-6.299,-52.075,1.3877787807814457e-17,0.0,3.71
Pd2Se4,,,1.445,2.255,0.003999999999999997,-0.287,0.0,1.313,2.048,1.445,2.255,-4.091,-4.747,-5.404,-23.294,1.3877787807814457e-17,0.0,2.639
CrCuSe6P2,,,0.85,2.22,0.0,-0.244,1.0000000000000002,0.811,2.173,0.85,2.22,-4.373,-4.778,-5.183,-47.15,-0.10199999999999998,-0.09200000000000001,2.054
Pd2Te2O6,,,1.227,2.774,0.08,-0.764,0.0,1.001,2.509,1.227,2.774,-3.798,-4.299,-4.799,-52.431,1.3877787807814457e-17,0.0,1.623
Ag8Br8,,,2.006,3.167,0.024,-0.323,0.0,2.006,3.167,2.006,3.167,-4.121,-5.124,-6.128,-40.565,1.3877787807814457e-17,0.0,2.333
AuICuCl,,,1.986,3.826,0.05,-0.22499999999999998,0.0,1.939,3.695,1.9859999999999998,3.826,-3.516,-4.486,-5.455,-10.969999999999999,1.3877787807814457e-17,0.0,2.662
Fe2Se6P2,,,0.0,,0.147,-0.121,1.0000000000000002,0.0,1.0279999999999998,0.0,1.1540000000000001,-4.357333333333333,-4.956,-4.5183333333333335,-50.919,-1.406,-1.406,2.117
Sn2Se2,,,1.795,2.447,0.071,-0.361,0.0,1.59,2.222,1.795,2.447,-3.43,-4.224,-5.019,-16.522,1.3877787807814457e-17,0.0,2.588
Hf2IBr3,,,0.743,1.221,0.041,-1.029,0.0,0.713,1.165,0.743,1.221,-2.582,-2.938,-3.295,-27.418,1.3877787807814457e-17,0.0,4.055
Pd2Br2F2,,,0.757,2.159,0.031,-0.799,0.0,0.714,2.137,0.757,2.159,-5.539,-5.896,-6.253,-18.778,1.3877787807814457e-17,0.0,2.301
Tl2Br2,,,3.115,4.004,0.063,-0.816,0.0,3.06,3.9219999999999997,3.115,4.004,-2.396,-3.926,-5.455,-11.429000000000002,1.3877787807814457e-17,0.0,2.023
Ag2I6Mg2,,,2.621,3.636,0.02,-0.737,0.0,2.621,3.636,2.621,3.636,-3.212,-4.522,-5.832,-25.155,1.3877787807814457e-17,0.0,3.223
Bi2As2O6,,,2.956,4.221,0.0,-1.266,0.0,2.835,4.092,2.956,4.221,-2.996,-4.413,-5.831,-62.079,1.3877787807814457e-17,0.0,1.898
Ba2CuO2F2,,,0.0,,0.082,-2.5709999999999997,0.0,0.0,1.0076666666666667,0.0,1.0203333333333333,-4.118333333333333,-3.359,-4.526666666666666,-38.75,1.3877787807814457e-17,0.0,3.829
Sc2F6,,,6.887,10.029,0.085,-4.017,0.0,6.884,10.025,6.886999999999999,10.029,-3.373,-6.814,-10.256,-50.973,1.3877787807814457e-17,0.0,2.059
Nb2Co4Se6,,,0.0,,0.033,-0.518,1.0000000000000002,0.0,1.1273333333333333,0.0,1.1573333333333335,-4.576333333333333,-4.786,-4.661666666666667,-80.685,1.08,-0.292,2.216
Sc2Cl2N,,,0.0,,0.0,-2.028,0.0,0.0,0.8409999999999997,0.0,0.952333333333333,-4.191333333333334,-4.426,-4.455,-31.38,1.3877787807814457e-17,0.0,2.812
Te8Si4,,,1.31,1.968,0.0,-0.050000000000000044,0.0,1.293,1.94,1.31,1.968,-3.71,-4.357,-5.003,-47.837,1.3877787807814457e-17,0.0,1.719
MoSbClO5,,,2.503,4.226,0.083,-1.468,0.0,2.36,4.057,2.503,4.226,-5.351,-6.531,-7.711,-54.761,1.3877787807814457e-17,0.0,2.349
Hg2Cu2Br6,,,0.737,2.512,0.015,-0.425,0.0,0.737,2.512,0.737,2.512,-5.069,-5.438,-5.806,-22.885,1.3877787807814457e-17,0.0,2.933
Rh4Se8,,,0.637,1.105,0.034,-0.404,0.0,0.5829999999999999,1.046,0.637,1.105,-4.908,-5.199,-5.49,-61.302,1.3877787807814457e-17,0.0,3.771
Pd2I4,,,0.841,1.779,0.036,-0.21799999999999997,0.0,0.595,1.472,0.841,1.779,-4.798,-5.096,-5.393,-14.861000000000004,1.3877787807814457e-17,0.0,2.955
Hf3ZrCl4N4,,,2.02,3.291,0.003999999999999997,-1.863,0.0,2.02,3.291,2.02,3.291,-4.256,-5.266,-6.276,-92.829,1.3877787807814457e-17,0.0,4.273
Hg2Br2Cl2,,,2.998,4.198,0.0,-0.603,0.0,2.984,4.169,2.998,4.198,-4.352,-5.844,-7.336,-12.125999999999998,1.3877787807814457e-17,0.0,2.423
PdNi2Br4Cl4,,,0.347,1.606,0.028999999999999998,-0.42299999999999993,1.0000000000000002,0.32200000000000006,1.604,0.347,1.606,-6.135,-6.295,-6.456,-36.446,-0.506,0.205,2.869
Hf6IClCN2O4,,,0.0,,0.122,-2.124,0.0,0.0,0.7123333333333333,0.0,0.7123333333333337,-4.513333333333334,-4.236,-4.83,-126.578,1.3877787807814457e-17,0.0,5.122
Cs2Ru2S2N2F10,,,1.014,2.585,0.027,-1.751,1.0000000000000002,0.936,2.579,1.014,2.585,-4.788,-5.256,-5.724,-92.846,0.036000000000000004,-0.737,1.786
Ga2Br6,,,2.626,3.689,0.066,-0.782,0.0,2.5939999999999994,3.641,2.626,3.689,-4.434,-5.731,-7.027,-21.571,1.3877787807814457e-17,0.0,2.787
I4Cu2O12,,,0.835,2.954,0.03,-0.18999999999999995,1.0000000000000002,0.735,2.895,0.835,2.954,-5.024,-5.391,-5.758,-78.182,0.235,-0.076,1.705
W2I6,,,0.706,2.035,0.069,0.06899999999999995,1.0000000000000002,0.705,2.03,0.706,2.035,-4.015,-4.368,-4.721,-31.287999999999997,-10.343,-10.359,3.317
Au4I8,,,0.394,0.901,0.034,-0.03200000000000003,0.0,0.358,0.8800000000000001,0.394,0.901,-5.204,-5.383,-5.562,-24.731,1.3877787807814457e-17,0.0,1.58
Te6Ni2,,,0.0,,0.16000000000000003,-0.020000000000000018,0.0,0.0,0.7093333333333331,0.0,0.9296666666666666,-4.703,-4.515,-4.968666666666667,-33.887,1.3877787807814457e-17,0.0,4.544
Hg2Ag2Se2Br2,,,1.284,2.266,0.017,-0.301,0.0,1.284,2.266,1.284,2.266,-4.553,-5.195,-5.837,-19.993,1.3877787807814457e-17,0.0,1.503
Pt4Cd2Te6,,,0.198,,0.091,-0.323,0.0,0.1140000000000001,0.5593333333333335,0.19799999999999995,0.5593333333333335,-4.279,-4.336,-4.393,-50.371,1.3877787807814457e-17,0.0,2.718
I2K2Cl8,,,2.455,3.571,0.0020000000000000018,-0.815,0.0,2.455,3.571,2.455,3.571,-5.033,-6.26,-7.488,-29.459,1.3877787807814457e-17,0.0,1.472
Sr4Sb4Se8Cl4,,,1.634,2.369,0.049,-1.25,0.0,1.409,2.144,1.634,2.369,-3.888,-4.593,-5.298,-84.326,1.3877787807814457e-17,0.0,3.098
Cu2Se3P4Cl2,,,1.013,2.68,0.067,-0.19700000000000006,0.0,1.012,2.68,1.013,2.68,-4.368,-4.874,-5.38,-44.998,1.3877787807814457e-17,0.0,1.493
Bi2Sb2Se6,,,0.938,1.482,0.092,-0.23399999999999999,0.0,0.937,1.474,0.938,1.482,-4.551,-5.019,-5.488,-41.396,1.3877787807814457e-17,0.0,3.562
Bi4Sr2O8,,,2.794,4.068,0.0,-1.766,0.0,2.704,4.038,2.794,4.068,-2.072,-3.424,-4.776,-87.759,1.3877787807814457e-17,0.0,2.253
Bi2Cd2O4F2,,,2.949,4.245,0.039,-1.495,0.0,2.816,4.057,2.949,4.245,-3.342,-4.75,-6.158,-49.821,1.3877787807814457e-17,0.0,1.431
AuI3MnBr,,,0.0,,0.131,-0.20599999999999996,1.0000000000000002,0.0,0.7263333333333335,0.0,0.7889999999999999,-6.453666666666667,-5.738,-6.52,-20.103,-4.602,-5.753,2.734
Nb2Se4S4,,,0.0,,0.089,-0.561,0.0,0.0,0.11766666666666659,0.0,0.11766666666666703,-5.1146666666666665,-5.345,-5.307666666666667,-56.51,1.3877787807814457e-17,0.0,3.885
Pb2Se2,1.623,1.626,0.792,1.312,0.072,-0.51,0.0,0.789,1.312,0.792,1.312,-3.715,-4.11,-4.504,-16.523,1.3877787807814457e-17,0.0,3.495
HfPdF6,,,1.442,4.004,0.075,-2.811,1.0000000000000002,1.38,3.959,1.442,4.004,-6.584,-7.274,-7.964,-43.338,-0.13100000000000003,-0.14200000000000002,2.16
In2I2,,,1.956,2.474,0.085,-0.403,0.0,0.988,1.335,1.956,2.474,-4.448,-4.942,-5.436,-10.094000000000001,1.3877787807814457e-17,0.0,4.219
Ir2Nb2S8,,,0.361,1.253,0.0,-0.818,0.0,0.361,1.253,0.361,1.253,-5.484,-5.664,-5.845,-81.641,1.3877787807814457e-17,0.0,2.17
PdF2,,,0.806,3.298,0.134,-1.151,1.0000000000000002,0.714,3.194,0.806,3.298,-6.437,-6.794,-7.151,-10.447000000000003,0.098,0.098,2.311
Ta4Ni2S10,,,0.0,,0.0,-0.967,0.0,0.0,0.2410000000000001,0.0,0.24099999999999966,-5.462,-5.417,-5.55,-110.017,1.3877787807814457e-17,0.0,2.117
HgSn2I2S2,,,2.04,2.802,0.023,-0.398,0.0,1.837,2.589,2.04,2.802,-3.772,-4.69,-5.609,-22.899,1.3877787807814457e-17,0.0,1.917
In2Si2S6,,,2.071,2.871,0.031,-0.593,0.0,1.848,2.659,2.071,2.871,-4.535,-5.459,-6.383,-46.724,1.3877787807814457e-17,0.0,2.038
Ta2K2F12,,,6.08,8.681,0.0,-3.3869999999999996,0.0,6.08,8.681000000000001,6.080000000000002,8.681,-4.192,-7.232,-10.272,-95.311,1.3877787807814457e-17,0.0,1.998
Pb3Se3,,,0.207,0.622,0.08,-0.503,0.0,0.20700000000000007,0.6220000000000001,0.20700000000000007,0.6219999999999999,-4.28,-4.384,-4.488,-24.742,1.3877787807814457e-17,0.0,4.385
Hf3ZrS8,,,1.163,2.128,0.0,-1.594,0.0,1.163,2.128,1.163,2.128,-5.194,-5.776,-6.357,-81.671,1.3877787807814457e-17,0.0,3.744
Pt2Se2O6,,,0.828,2.187,0.035,-0.575,0.0,0.828,2.187,0.828,2.187,-3.485,-3.899,-4.313,-56.171,1.3877787807814457e-17,0.0,1.558
PdCdCl4,,,1.379,3.04,0.016,-0.8,0.0,1.183,2.813,1.379,3.04,-5.324,-5.916,-6.507,-16.686999999999998,1.3877787807814457e-17,0.0,2.733
Pb2P2S6C2H6,,,2.246,3.221,0.0,-0.33799999999999997,0.0,2.11,3.079,2.246,3.221,-3.407,-4.462,-5.517,-87.181,1.3877787807814457e-17,0.0,1.631
CdIn2Se4,,,0.179,,0.052,-0.547,0.0,0.17900000000000005,0.6876666666666664,0.17900000000000005,0.8960000000000001,-4.891,-4.98,-5.07,-24.21,1.3877787807814457e-17,0.0,3.146
Au4Br4S4H4,,,1.107,1.942,0.0,-0.18599999999999994,0.0,1.083,1.897,1.107,1.942,-5.557,-6.098,-6.639,-51.44,1.3877787807814457e-17,0.0,1.734
Pb2P2C2O6H6,,,3.834,5.183,0.0,-1.15,0.0,3.8070000000000004,5.139,3.834,5.183,-2.132,-4.036,-5.939,-108.076,1.3877787807814457e-17,0.0,1.526
MnGaBr5Cl,,,0.589,1.984,0.015,-0.785,1.0000000000000002,0.535,1.919,0.589,1.984,-5.783,-6.05,-6.318,-28.607,-0.6500000000000001,-0.20700000000000002,2.735
SnI4ZnCl2,,,1.108,1.888,0.094,-0.585,0.0,1.101,1.888,1.108,1.888,-5.118,-5.669,-6.219,-19.401,1.3877787807814457e-17,0.0,2.949
Hg2Ag2Br2S2,,,1.321,2.381,0.023,-0.278,0.0,1.319,2.363,1.321,2.381,-4.657,-5.316,-5.976,-21.002,1.3877787807814457e-17,0.0,1.514
Mo2V2O10,,,0.003,1.837,0.0,-2.166,1.0000000000000002,0.0029999999999998916,1.837,0.0029999999999998916,1.837,-5.67,-5.671,-5.673,-121.016,-0.08100000000000002,-0.081,1.328
WSO,,,2.167,2.906,0.096,-1.349,0.0,1.503,2.257,2.167,2.906,-4.136,-4.887,-5.639,-24.736,1.3877787807814457e-17,0.0,4.393
Ti4Se8,,,0.067,0.036,0.0,-1.131,0.0,0.04400000000000004,0.03600000000000003,0.06699999999999995,0.03600000000000003,-5.352,-5.374,-5.396,-68.197,1.3877787807814457e-17,0.0,3.85
In8I6BrS4Cl,,,1.353,2.062,0.037,-0.567,0.0,1.284,1.965,1.353,2.062,-4.592,-5.234,-5.876,-61.999,1.3877787807814457e-17,0.0,3.891
Te2Ga2Cl2,,,2.166,2.931,0.0,-0.73,0.0,2.163,2.893,2.166,2.931,-4.412,-5.494,-6.575,-20.167,1.3877787807814457e-17,0.0,1.847
HfNiCl6,,,1.62,4.576,0.0,-1.395,1.0000000000000002,1.62,4.523,1.62,4.576,-5.488,-6.298,-7.108,-36.627,-0.035,-0.032000000000000015,2.885
Ta2I12Li2,,,0.907,1.962,0.021,-0.646,0.0,0.907,1.962,0.907,1.962,-4.835,-5.289,-5.742,-51.484,1.3877787807814457e-17,0.0,2.194
Sc2Br2S2,,,2.147,3.624,0.0,-1.892,0.0,2.13,3.561,2.147,3.624,-4.551,-5.616,-6.681,-31.994999999999997,1.3877787807814457e-17,0.0,3.503
ITiBr,1.198,1.209,0.753,1.037,0.073,-0.877,0.0,0.679,1.037,0.753,1.037,-3.089,-3.429,-3.768,-12.381999999999998,1.3877787807814457e-17,0.0,3.908
FeAl2S4,,,0.878,2.883,0.097,-0.809,0.0,0.848,2.579,0.878,2.883,-3.071,-3.495,-3.9189999999999996,-38.494,1.3877787807814457e-17,0.0,3.169
Mo2Br4O4,,,1.433,2.713,0.0,-1.384,0.0,1.424,2.682,1.433,2.713,-5.499,-6.211,-6.923,-63.082,1.3877787807814457e-17,0.0,1.753
Nb2S4Cl4,,,1.61,2.526,0.0,-1.075,0.0,1.61,2.526,1.61,2.526,-4.048,-4.853,-5.658,-54.858,1.3877787807814457e-17,0.0,1.87
Ag2Cd2I6,,,1.834,2.816,0.028,-0.458,0.0,1.834,2.816,1.834,2.816,-3.893,-4.81,-5.727,-20.984,1.3877787807814457e-17,0.0,3.265
Pt2S2O6,,,0.86,2.324,0.087,-0.75,0.0,0.86,2.324,0.86,2.324,-4.11,-4.54,-4.97,-59.113,1.3877787807814457e-17,0.0,1.69
Mn2S2N,,,0.0,,0.051,-0.357,1.0000000000000002,0.0,1.875,0.0,2.3583333333333334,-4.804333333333333,-5.15,-5.078666666666667,-37.727,0.291,0.291,5.6
Au4Se4Cl4,,,1.453,2.245,0.0,-0.255,0.0,1.453,2.23,1.453,2.245,-5.435,-6.161,-6.887,-36.657,1.3877787807814457e-17,0.0,1.695
Hg2I2Cu2S2,,,0.808,2.038,0.04,-0.22099999999999997,0.0,0.774,2.038,0.808,2.038,-4.336,-4.723,-5.109,-22.008,1.3877787807814457e-17,0.0,1.742
Mo2O6,,,2.899,4.644,0.0,-2.003,0.0,2.067,3.738,2.899,4.644,-6.476,-7.51,-8.544,-69.176,1.3877787807814457e-17,0.0,2.335
Y2In2I2,,,0.763,1.042,0.046,-0.89,0.0,0.01200000000000001,0.2120000000000002,0.763,1.042,-3.846,-3.852,-3.859,-23.207,1.3877787807814457e-17,0.0,2.977
Te2I2Al2,,,0.69,1.162,0.101,-0.468,0.0,0.3889999999999999,0.8700000000000001,0.69,1.162,-4.43,-4.624,-4.819,-19.651,1.3877787807814457e-17,0.0,3.731
BaSe2H2,,,3.22,4.158,0.03,-0.82,0.0,3.22,4.158,3.22,4.158,-1.786,-3.397,-5.007,-19.543,1.3877787807814457e-17,0.0,2.142
SbTe4Ge,,,0.0,,0.097,0.014000000000000012,0.0,0.0,0.343666666666667,0.0,0.4200000000000004,-4.516,-4.711,-4.708666666666667,-21.657,1.3877787807814457e-17,0.0,4.117
Pd2Te2O6,,,0.369,1.8,0.08,-0.764,0.0,0.3689999999999999,1.8,0.369,1.8,-3.817,-4.001,-4.186,-52.433,1.3877787807814457e-17,0.0,1.632
ZrPdI6,,,0.369,1.351,0.05,-0.625,1.0000000000000002,0.366,1.341,0.369,1.351,-5.016,-5.2,-5.383,-25.095,1.703,1.704,3.247
W2Mo2Se8,,,1.27,1.749,0.0,-0.653,0.0,1.27,1.749,1.27,1.749,-3.782,-4.417,-5.052,-81.079,1.3877787807814457e-17,0.0,4.635
Cu4Cl4O4,,,0.313,1.237,0.1,-0.34,0.0,0.31299999999999994,1.237,0.31299999999999994,1.237,-7.166,-7.323,-7.479,-46.422,1.3877787807814457e-17,0.0,1.623
AuNi2O4,,,0.0,,0.005999999999999998,-0.602,0.0,0.0,0.7833333333333334,0.0,0.7886666666666666,-6.184333333333333,-7.045,-6.344666666666667,-42.335,1.3877787807814457e-17,0.0,3.639
Au2I6Ni2,,,0.3,1.877,0.045,-0.07199999999999995,1.0000000000000002,0.09800000000000009,1.69,0.30000000000000004,1.877,-4.822,-4.871,-4.919,-30.342,-3.807,-3.808,3.578
Sc4Br3S4Cl,,,2.15,3.605,0.0,-1.935,0.0,2.136,3.562,2.15,3.605,-4.57,-5.638,-6.706,-64.711,1.3877787807814457e-17,0.0,3.556
Te4Ni2,,,0.99,1.703,0.176,-0.06499999999999995,0.0,0.921,1.703,0.99,1.7029999999999998,-4.022,-4.483,-4.943,-27.702,1.3877787807814457e-17,0.0,2.731
Hf2Se2N,,,0.0,,0.098,-1.388,0.0,0.0,1.5926666666666667,0.0,2.0566666666666666,-5.577333333333333,-5.278,-5.995666666666667,-37.269,1.3877787807814457e-17,0.0,6.347
Cs2Mg2P2,,,0.41,0.95,0.0,-0.623,0.0,0.4099999999999999,0.95,0.4099999999999999,0.95,-1.0230000000000001,-1.2280000000000002,-1.4329999999999998,-19.368,1.3877787807814457e-17,0.0,2.633
GeS2,2.266,2.702,1.159,1.883,0.123,-0.22399999999999998,0.0,0.729,1.405,1.159,1.883,-5.73,-6.095,-6.459,-13.343000000000004,1.3877787807814457e-17,0.0,3.718
Sr4Sb4Se8F4,,,0.878,1.249,0.0,-1.76,0.0,0.878,1.249,0.878,1.249,-4.418,-4.857,-5.296,-93.724,1.3877787807814457e-17,0.0,3.513
Cd2I2Cu2Se2,,,1.036,2.498,0.059,-0.382,0.0,1.036,2.498,1.036,2.498,-3.894,-4.412,-4.93,-22.185,1.3877787807814457e-17,0.0,1.687
ZrBrCl,1.878,2.446,1.523,2.071,0.010000000000000002,-1.512,0.0,0.912,1.397,1.523,2.071,-2.917,-3.373,-3.829,-15.310000000000002,1.3877787807814457e-17,0.0,3.955
NiAl2S4,,,0.505,2.454,0.066,-0.806,1.0000000000000002,0.33299999999999996,2.363,0.505,2.454,-3.871,-4.037,-4.204,-36.681,0.106,0.105,3.068
PdK2O6H6,,,2.495,4.384,0.0,-1.111,0.0,2.493,4.384,2.495,4.384,-2.747,-3.993,-5.239,-73.617,1.3877787807814457e-17,0.0,0.887
Te6Ge2P2,,,1.038,1.5,0.067,0.028999999999999915,0.0,0.819,1.249,1.038,1.5,-4.091,-4.5,-4.91,-38.695,1.3877787807814457e-17,0.0,3.679
Pt4Tl2Te6,,,0.745,1.032,0.032,-0.42299999999999993,0.0,0.663,1.011,0.745,1.032,-3.738,-4.069,-4.401,-54.715,1.3877787807814457e-17,0.0,1.957
K2B2O8H8,,,4.387,6.126,0.027,-1.564,0.0,4.387,6.126,4.387,6.126,-1.237,-3.431,-5.624,-114.727,1.3877787807814457e-17,0.0,0.829
Ag2Sb2Se6,,,0.093,,0.068,-0.09099999999999997,0.0,0.09299999999999997,1.203,0.09299999999999975,1.2223333333333333,-5.406,-5.453,-5.499,-36.295,1.3877787807814457e-17,0.0,3.643
Pd2Te4,,,1.253,1.857,0.093,-0.257,0.0,1.212,1.743,1.253,1.857,-3.912,-4.518,-5.124,-21.999,1.3877787807814457e-17,0.0,2.763
Tl2S2Li2,,,2.366,3.122,0.053,-0.802,0.0,1.782,2.433,2.366,3.122,-2.822,-3.713,-4.604,-21.746,1.3877787807814457e-17,0.0,3.524
In2Te2S8H2,,,1.987,2.96,0.08,-0.17000000000000004,0.0,1.96,2.9,1.987,2.96,-3.922,-4.902,-5.882,-53.589,1.3877787807814457e-17,0.0,1.838
Mg2P2S6,,,2.796,3.922,0.0,-0.773,0.0,2.796,3.9219999999999997,2.796,3.922,-3.756,-5.154,-6.552,-46.164,1.3877787807814457e-17,0.0,1.95
Ag2I8Cu2,,,0.149,0.303,0.043,-0.11099999999999999,1.0000000000000002,0.11799999999999988,0.30299999999999994,0.14900000000000002,0.30299999999999994,-5.474,-5.533,-5.592,-26.186,0.7969999999999999,-9.056,1.655
Sr2Ag2Br6,,,3.123,4.414,0.015,-1.427,0.0,3.123,4.414,3.123,4.414,-3.694,-5.255,-6.817,-32.808,1.3877787807814457e-17,0.0,2.769
ZrTeSe,0.895,1.495,0.632,1.358,0.11499999999999999,-1.017,0.0,0.262,0.7829999999999999,0.632,1.358,-5.203,-5.334,-5.465,-17.143,1.3877787807814457e-17,0.0,4.163
Zr2Te8Ge2,,,0.553,1.116,0.006999999999999999,-0.522,0.0,0.522,1.116,0.553,1.116,-4.032,-4.293,-4.554,-55.739,1.3877787807814457e-17,0.0,2.286
Ta4Sn2Te8,,,0.248,0.412,0.003999999999999997,-0.352,0.0,0.248,0.3620000000000001,0.248,0.4119999999999999,-4.071,-4.195,-4.319,-77.943,1.3877787807814457e-17,0.0,2.45
In2CoSe4,,,0.0,,0.061,-0.40099999999999997,1.0000000000000002,0.0,0.7013333333333334,0.0,0.7443333333333333,-4.705333333333334,-4.569,-4.753666666666668,-30.492000000000004,-0.139,-0.14,3.458
V4Li2O10,,,0.403,0.844,0.037,-2.292,1.0000000000000002,0.30900000000000005,0.712,0.403,0.8439999999999999,-5.472,-5.627,-5.781,-125.787,-0.04299999999999998,-0.05,1.419
Hg2Te2Cu2Br2,,,0.981,2.166,0.021,-0.267,0.0,0.976,2.166,0.981,2.166,-4.095,-4.583,-5.071,-20.84,1.3877787807814457e-17,0.0,1.581
As8Se8O4,,,1.718,2.575,0.053,-0.431,0.0,1.711,2.557,1.718,2.575,-3.777,-4.633,-5.488,-94.29,1.3877787807814457e-17,0.0,1.404
Re6Te8Cl2,,,0.674,1.261,0.0,-0.255,0.0,0.4610000000000001,0.9609999999999999,0.674,1.261,-4.876,-5.106,-5.337,-103.231,1.3877787807814457e-17,0.0,2.701
Ni2SeS3,,,0.679,1.657,0.017,-0.284,0.0,0.255,1.35,0.679,1.657,-4.945,-5.072,-5.2,-31.915999999999997,1.3877787807814457e-17,0.0,2.526
Nb4Ge2Se8,,,0.329,0.477,0.009000000000000001,-0.776,0.0,0.2869999999999999,0.33099999999999996,0.32899999999999996,0.47699999999999987,-4.503,-4.646,-4.79,-89.059,1.3877787807814457e-17,0.0,2.313
Pt4In2Se6,,,1.188,1.726,0.041,-0.421,0.0,1.126,1.689,1.188,1.726,-3.92,-4.484,-5.047,-56.892,1.3877787807814457e-17,0.0,1.849
I4Ni2O12,,,0.641,3.213,0.076,-0.20899999999999996,0.0,0.545,3.103,0.641,3.213,-4.92,-5.193,-5.465,-85.658,1.3877787807814457e-17,0.0,1.851
Hg2Br6Na2,,,2.291,3.358,0.037,-0.923,0.0,2.291,3.358,2.291,3.358,-4.544,-5.689,-6.835,-23.127,1.3877787807814457e-17,0.0,2.522
Ag2Sb2S6,,,0.518,1.298,0.065,-0.10999999999999988,0.0,0.518,1.298,0.5180000000000001,1.298,-5.406,-5.665,-5.924,-40.056,1.3877787807814457e-17,0.0,3.635
I2K2Cl8,,,2.455,3.571,0.0020000000000000018,-0.815,0.0,2.455,3.571,2.455,3.571,-5.033,-6.26,-7.488,-29.459,1.3877787807814457e-17,0.0,1.472
Au2Br6,,,0.713,1.657,0.0,-0.13800000000000012,0.0,0.693,1.643,0.713,1.657,-5.583,-5.93,-6.276,-16.872,1.3877787807814457e-17,0.0,2.014
Sr4Se4O12,,,4.58,6.049,0.028999999999999998,-1.895,0.0,4.547,6.001,4.58,6.049,-1.354,-3.628,-5.901,-120.025,1.3877787807814457e-17,0.0,1.487
AuAgBr2,,,2.391,3.55,0.0,-0.271,0.0,2.391,3.55,2.391,3.55,-3.507,-4.702,-5.898,-10.224000000000004,1.3877787807814457e-17,0.0,2.643
Cr2Si2S6,,,1.132,2.628,0.047,-0.633,1.0000000000000002,1.022,2.584,1.132,2.628,-4.903,-5.414,-5.925,-60.413,0.049,0.05,2.049
Pd4In2Se6,,,0.874,1.29,0.088,-0.34,0.0,0.834,1.29,0.874,1.29,-4.26,-4.677,-5.094,-45.777,1.3877787807814457e-17,0.0,1.784
Se4Br4Al4,,,3.639,4.724,0.0,-1.005,0.0,3.639,4.724,3.639,4.724,-3.3,-5.119,-6.939,-47.281,1.3877787807814457e-17,0.0,1.668
BaSe2H2,,,3.22,4.158,0.03,-0.82,0.0,3.22,4.158,3.22,4.158,-1.786,-3.397,-5.007,-19.543,1.3877787807814457e-17,0.0,2.142
Hg2Ag2Se2Br2,,,1.284,2.266,0.017,-0.301,0.0,1.284,2.266,1.284,2.266,-4.553,-5.195,-5.837,-19.993,1.3877787807814457e-17,0.0,1.503
AuICuCl,,,1.986,3.826,0.05,-0.22499999999999998,0.0,1.939,3.695,1.9859999999999998,3.826,-3.516,-4.486,-5.455,-10.969999999999999,1.3877787807814457e-17,0.0,2.662
Ti2Se2P,,,0.0,,0.005999999999999998,-1.151,0.0,0.0,0.8386666666666667,0.0,1.0339999999999998,-4.579666666666667,-5.305,-4.9446666666666665,-31.466,1.3877787807814457e-17,0.0,3.101
BiAgTe6As2,,,0.014,0.528,0.098,0.02200000000000002,0.0,0.014000000000000012,0.5280000000000002,0.014000000000000234,0.528,-4.808,-4.815,-4.821,-35.851,1.3877787807814457e-17,0.0,2.099
Y2Se2F2,,,1.402,2.43,0.061,-2.9,0.0,1.402,2.43,1.402,2.43,-4.916,-5.617,-6.318,-36.92,1.3877787807814457e-17,0.0,5.065
Bi4O6,,,2.901,4.18,0.063,-1.178,0.0,2.876,4.095,2.901,4.18,-2.421,-3.859,-5.297,-61.22,1.3877787807814457e-17,0.0,1.225
CoSeBr,,,1.128,2.642,0.012999999999999998,-0.362,0.0,0.9040000000000001,2.153,1.128,2.642,-4.499,-4.951,-5.404,-14.383000000000003,1.3877787807814457e-17,0.0,3.618
Hg3P2,,,0.526,0.817,0.067,0.06699999999999995,0.0,0.487,0.782,0.5260000000000001,0.817,-3.731,-3.975,-4.218,-13.051000000000002,1.3877787807814457e-17,0.0,3.041
Au2Cl6,,,0.251,1.301,0.169,-0.09799999999999998,1.0000000000000002,0.20799999999999996,1.276,0.2509999999999999,1.301,-6.485,-6.589,-6.693,-17.757,-1.447,-1.453,2.715
Ta4I2Se12,,,0.635,1.014,0.049,-0.575,0.0,0.635,1.014,0.635,1.014,-4.309,-4.627,-4.944,-94.361,1.3877787807814457e-17,0.0,1.911
Ge2SeS,,,1.339,1.838,0.032,-0.22199999999999998,0.0,1.262,1.766,1.339,1.838,-3.37,-4.001,-4.632,-17.481,1.3877787807814457e-17,0.0,3.155
Tl2As2O6,,,3.055,4.564,0.033,-1.031,0.0,2.854,4.438,3.055,4.564,-2.169,-3.596,-5.023,-55.379,1.3877787807814457e-17,0.0,1.785
Ir2Br6,,,1.567,2.9,0.0,-0.339,0.0,1.567,2.893,1.567,2.9,-3.946,-4.73,-5.513,-30.769,1.3877787807814457e-17,0.0,3.07
I2Cr2Se2,,,0.0,0.997,0.0,-0.522,1.0000000000000002,0.0,0.895,0.0,0.9969999999999999,-5.3116666666666665,-5.282,-5.543,-31.872,-0.9000000000000001,0.09,4.003
Pt4Hg2Se6,,,0.177,0.195,0.063,-0.286,0.0,0.15300000000000002,0.19499999999999984,0.17700000000000005,0.19499999999999984,-4.753,-4.829,-4.905,-51.521,1.3877787807814457e-17,0.0,2.641
Nb2I2O4,,,1.273,2.484,0.0,-2.093,0.0,1.188,2.295,1.273,2.484,-4.49,-5.084,-5.678,-60.851,1.3877787807814457e-17,0.0,2.93
I2Se2Al2,,,1.493,2.239,0.061,-0.725,0.0,1.493,2.239,1.493,2.239,-4.159,-4.906,-5.652,-21.748,1.3877787807814457e-17,0.0,3.818
Ti2NF2,,,0.0,,0.0,-2.562,0.0,0.0,2.033333333333333,0.0,2.4186666666666667,-3.7143333333333333,-4.45,-4.766666666666667,-37.714,1.3877787807814457e-17,0.0,4.571
Pb6I12,,,1.464,2.257,0.037,-0.655,0.0,1.255,2.02,1.464,2.257,-4.848,-5.475,-6.102,-52.084,1.3877787807814457e-17,0.0,2.999
As4S6,,,2.313,3.313,0.021,-0.119,0.0,2.253,3.247,2.313,3.313,-3.737,-4.864,-5.99,-44.31,1.3877787807814457e-17,0.0,1.154
HfNa2S6H6,,,2.783,4.097,0.015,-0.661,0.0,2.783,4.097,2.783,4.097,-2.718,-4.11,-5.502,-64.448,1.3877787807814457e-17,0.0,1.104
Cr2O2F2,,,0.884,3.502,0.0,-2.316,1.0000000000000002,0.8840000000000001,3.502,0.884,3.502,-5.634,-6.076,-6.518,-46.133,-0.266,-0.05600000000000001,1.866
Zn2As4S8,,,1.701,2.457,0.076,-0.261,0.0,1.653,2.457,1.701,2.457,-4.232,-5.058,-5.885,-57.301,1.3877787807814457e-17,0.0,2.647
I8Ni4,,,0.641,1.965,0.039,-0.09099999999999997,0.0,0.633,1.905,0.641,1.965,-4.684,-5.001,-5.317,-41.909,1.3877787807814457e-17,0.0,1.643
Ru2O4,,,0.045,0.7,0.163,-0.925,0.0,0.04499999999999993,0.6929999999999998,0.04500000000000015,0.7,-6.638,-6.661,-6.683,-44.976,1.3877787807814457e-17,0.0,3.655
ReI6Cu2,,,0.2,1.794,0.088,-0.017000000000000015,1.0000000000000002,0.17999999999999994,1.592,0.19999999999999996,1.794,-5.06,-5.15,-5.239,-28.034,10.141,10.193,3.358
Pt2Se2O6,,,0.828,2.187,0.035,-0.575,0.0,0.828,2.187,0.828,2.187,-3.485,-3.899,-4.313,-56.171,1.3877787807814457e-17,0.0,1.558
Zr2Te8Si2,,,0.574,1.191,0.0049999999999999975,-0.487,0.0,0.574,1.191,0.5740000000000001,1.191,-3.986,-4.272,-4.559,-57.088,1.3877787807814457e-17,0.0,2.296
Nb2Ni4Se6,,,0.0,,0.0,-0.59,0.0,0.0,0.1983333333333337,0.0,0.2290000000000001,-4.648,-4.989,-4.704000000000001,-77.618,1.3877787807814457e-17,0.0,2.155
BaBi2F12,,,2.912,4.981,0.0,-2.4690000000000003,0.0,2.904,4.979,2.912,4.981,-7.638,-9.09,-10.542,-67.248,1.3877787807814457e-17,0.0,2.671
I6Fe2Cu2,,,0.792,3.033,0.14100000000000001,0.0030000000000000027,0.0,0.754,2.994,0.792,3.033,-3.774,-4.151,-4.527,-34.281,1.3877787807814457e-17,0.0,3.621
Hg2I2,,,1.302,1.946,0.0,-0.29300000000000004,0.0,1.277,1.918,1.302,1.946,-4.634,-5.273,-5.911,-5.899000000000001,1.3877787807814457e-17,0.0,3.963
CoNi2Se4,,,0.0,,0.021,-0.276,0.0,0.0,0.06099999999999994,0.0,0.06199999999999983,-4.841666666666667,-4.935,-4.9816666666666665,-38.59,1.3877787807814457e-17,0.0,3.549
Au2Hg2Te2Br2,,,0.538,1.138,0.074,-0.22299999999999998,0.0,0.538,1.138,0.538,1.138,-4.587,-4.857,-5.126,-19.393,1.3877787807814457e-17,0.0,1.615
SnSb2Te4,,,0.517,0.745,0.0020000000000000018,-0.16700000000000004,0.0,0.387,0.6379999999999999,0.517,0.7450000000000001,-4.536,-4.729,-4.922,-26.858,1.3877787807814457e-17,0.0,3.554
Hf2BF2,,,0.0,,0.072,-2.155,0.0,0.0,1.211,0.0,1.2486666666666668,-3.7933333333333334,-3.785,-4.436,-35.663,1.3877787807814457e-17,0.0,4.469
Hg2Te2Cu2Br2,,,0.981,2.166,0.021,-0.267,0.0,0.976,2.166,0.981,2.166,-4.095,-4.583,-5.071,-20.84,1.3877787807814457e-17,0.0,1.581
Ta2Rh2Te8,,,0.076,0.001,0.0,-0.444,0.0,0.07600000000000007,0.0009999999999998899,0.07600000000000007,0.0009999999999998899,-4.372,-4.41,-4.448,-64.89,1.3877787807814457e-17,0.0,2.343
In2I6,,,1.631,2.459,0.003999999999999997,-0.513,0.0,1.597,2.396,1.631,2.459,-4.506,-5.305,-6.103,-18.502,1.3877787807814457e-17,0.0,3.061
InI4NaO12,,,2.839,4.234,0.0,-0.517,0.0,2.81,4.2,2.839,4.234,-4.652,-6.057,-7.462,-80.775,1.3877787807814457e-17,0.0,2.204
Te2Na2MgS8H4,,,2.34,3.351,0.024,-0.43,0.0,2.339,3.344,2.34,3.351,-3.274,-4.444,-5.613,-63.881,1.3877787807814457e-17,0.0,1.663
Os2K2C2O2F10,,,0.544,1.834,0.012999999999999998,-1.952,0.0,0.502,1.831,0.544,1.834,-6.749,-7.0,-7.251,-104.508,1.3877787807814457e-17,0.0,2.132
Sb4Zn2O8,,,2.878,4.025,0.028,-1.363,0.0,2.81,3.9829999999999997,2.878,4.025,-2.614,-4.019,-5.424,-80.075,1.3877787807814457e-17,0.0,2.362
Ba4Sb4Te8Cl4,,,1.062,1.655,0.063,-1.146,0.0,0.823,1.411,1.062,1.6550000000000002,-4.128,-4.54,-4.952,-80.645,1.3877787807814457e-17,0.0,3.407
Au2Ge2S6,,,0.0,,0.074,-0.17000000000000004,0.0,0.0,0.6886666666666668,0.0,0.6933333333333336,-4.434333333333333,-4.756,-4.79,-41.464,1.3877787807814457e-17,0.0,1.389
In2CoSe4,,,0.0,,0.06,-0.402,1.0000000000000002,0.0,0.7013333333333334,0.0,0.7443333333333333,-4.705333333333334,-4.623,-4.753666666666668,-30.5,-0.05499999999999999,-0.05500000000000001,3.481
NiAl2S4,,,0.474,2.383,0.066,-0.806,1.0000000000000002,0.18700000000000006,2.149,0.474,2.383,-4.024,-4.118,-4.211,-36.68,0.117,0.117,3.093
Ta4Se12Cl2,,,0.671,1.103,0.04,-0.683,0.0,0.671,1.103,0.6709999999999999,1.103,-4.205,-4.541,-4.877,-96.919,1.3877787807814457e-17,0.0,1.837
I4GaLiO12,,,2.769,4.197,0.02,-0.532,0.0,2.69,4.051,2.769,4.197,-4.732,-6.077,-7.422,-81.777,1.3877787807814457e-17,0.0,2.301
Zr2S2N,,,0.0,,0.062,-1.6,0.0,0.0,1.2973333333333334,0.0,1.467,-4.895666666666666,-5.795,-5.41,-39.314,1.3877787807814457e-17,0.0,6.114
Bi2SeS2,,,0.831,1.416,0.024,-0.355,0.0,0.4119999999999999,0.972,0.831,1.416,-5.996,-6.202,-6.408,-22.763,1.3877787807814457e-17,0.0,4.744
V4O10,,,1.776,4.089,0.017,-2.261,0.0,1.564,3.877,1.776,4.089,-7.196999999999999,-7.979,-8.761,-116.991,1.3877787807814457e-17,0.0,2.175
PbSb2Se4,,,0.692,1.006,0.008,-0.347,0.0,0.42399999999999993,0.871,0.692,1.006,-5.217,-5.429,-5.641,-28.928,1.3877787807814457e-17,0.0,3.53
Cu4Br4S4H4,,,0.0,,0.041,-0.21199999999999997,0.0,0.0,0.5183333333333335,0.0,0.5943333333333336,-5.652333333333333,-5.699,-5.884666666666667,-54.038,1.3877787807814457e-17,0.0,1.62
K2MgS10H4,,,2.077,3.141,0.092,-0.395,0.0,2.059,3.111,2.077,3.141,-2.942,-3.972,-5.001,-64.855,1.3877787807814457e-17,0.0,1.469
Ir2Ni2S8,,,0.644,1.4,0.065,-0.314,0.0,0.594,1.363,0.644,1.4,-5.119,-5.416,-5.713,-69.436,1.3877787807814457e-17,0.0,3.682
Se8Si4,,,1.023,1.956,0.064,-0.387,0.0,1.023,1.956,1.023,1.956,-3.884,-4.395,-4.907,-54.099,1.3877787807814457e-17,0.0,3.0
I6Mn3,,,1.319,3.852,0.0049999999999999975,-0.415,1.0000000000000002,1.294,3.839,1.319,3.852,-4.338,-4.985,-5.632,-41.753,-0.16099999999999998,0.511,2.319
PbNa2O6H6,,,2.911,4.417,0.0,-1.187,0.0,2.904,4.41,2.911,4.417,-3.006,-4.458,-5.91,-74.863,1.3877787807814457e-17,0.0,0.8599999999999999
Te6Sc2As2,,,0.35,0.618,0.077,-0.549,0.0,0.10000000000000009,0.33199999999999985,0.35,0.6180000000000001,-4.499,-4.549,-4.599,-43.362,1.3877787807814457e-17,0.0,3.681
Mo2F6,,,0.597,1.014,0.0,-2.405,0.0,0.597,1.014,0.597,1.014,-6.045,-6.343,-6.642,-51.166,1.3877787807814457e-17,0.0,3.384
TeTiSe,,,0.493,1.418,0.10399999999999998,-0.817,0.0,0.06499999999999995,0.6000000000000001,0.4929999999999999,1.418,-5.166,-5.198,-5.231,-15.828000000000003,1.3877787807814457e-17,0.0,4.109
Ir2Br6,,,1.567,2.9,0.0,-0.339,0.0,1.567,2.893,1.567,2.9,-3.946,-4.73,-5.513,-30.769,1.3877787807814457e-17,0.0,3.07
Cu3SeBr5S,,,0.288,0.886,0.049,-0.236,0.0,0.261,0.8529999999999998,0.28800000000000003,0.8860000000000001,-5.903,-6.033,-6.164,-28.876,1.3877787807814457e-17,0.0,2.474
Ca2Br4O4H8,,,4.954,6.15,0.0,-1.429,0.0,4.906,6.093,4.954,6.15,-2.397,-4.85,-7.303,-83.183,1.3877787807814457e-17,0.0,1.203
Hf2Te4Br4,,,1.064,1.735,0.0,-0.909,0.0,1.043,1.723,1.064,1.7349999999999999,-4.165,-4.687,-5.208,-43.262,1.3877787807814457e-17,0.0,3.325
Ga4Br4S4,,,2.909,4.074,0.0,-0.774,0.0,2.909,4.074,2.909,4.074,-4.073,-5.528,-6.982,-43.557,1.3877787807814457e-17,0.0,1.673
Sn2Te6,,,0.266,0.439,0.096,-0.04299999999999993,0.0,0.1479999999999999,0.3460000000000001,0.266,0.43900000000000006,-4.646,-4.72,-4.794,-27.687,1.3877787807814457e-17,0.0,4.423
Ag2Cu2Br6,,,0.0,,0.017,-0.316,0.0,0.0,0.53,0.0,0.6576666666666666,-6.053333333333333,-6.276,-6.214333333333333,-25.704,1.3877787807814457e-17,0.0,2.936
Rh4Se8,,,0.637,1.105,0.034,-0.404,0.0,0.5829999999999999,1.046,0.637,1.105,-4.908,-5.199,-5.49,-61.302,1.3877787807814457e-17,0.0,3.771
Pb2I2S,,,0.974,1.585,0.048,-0.594,0.0,0.929,1.567,0.974,1.585,-4.889,-5.353,-5.817,-17.524,1.3877787807814457e-17,0.0,4.532
Te6Ga2Si2,,,0.489,0.916,0.035,-0.15300000000000002,0.0,0.31699999999999995,0.7260000000000002,0.489,0.9159999999999999,-4.603,-4.761,-4.92,-37.36,1.3877787807814457e-17,0.0,2.065
Ir2Se2Cl2,,,0.062,0.609,0.022,-0.408,0.0,0.062000000000000055,0.609,0.06199999999999983,0.609,-5.586,-5.617,-5.648,-31.535000000000004,1.3877787807814457e-17,0.0,4.015
Co2As4Br4O6,,,0.854,3.781,0.046,-0.858,1.0000000000000002,0.801,3.781,0.854,3.781,-4.837,-5.238,-5.638,-85.927,0.0030000000000000027,-0.595,1.975
AgI2Ga,,,1.764,2.351,0.096,-0.273,0.0,1.764,2.351,1.764,2.351,-3.638,-4.52,-5.402,-9.790999999999997,1.3877787807814457e-17,0.0,2.728
In2Se3,,,0.754,1.432,0.008,-0.526,0.0,0.754,1.432,0.754,1.432,-4.982,-5.359,-5.736,-18.604,1.3877787807814457e-17,0.0,2.686
As6O12,,,0.586,1.581,0.159,-0.976,1.0000000000000002,0.3689999999999999,1.241,0.586,1.581,-6.633,-6.817,-7.002,-107.041,-0.0030000000000000027,-0.007000000000000006,1.322
Mn4Cl12,,,0.567,1.944,0.026,-0.88,1.0000000000000002,0.497,1.919,0.567,1.944,-6.608,-6.857,-7.106,-74.365,0.111,1.395,3.579
Mo2Te8Cr2,,,0.556,0.98,0.067,-0.18999999999999995,0.0,0.556,0.98,0.556,0.98,-4.199,-4.477,-4.755,-69.139,1.3877787807814457e-17,0.0,4.621
I4KAlO12,,,3.107,4.61,0.031,-0.683,0.0,3.107,4.572,3.107,4.61,-3.996,-5.55,-7.103,-84.661,1.3877787807814457e-17,0.0,2.051
Pt2Nb2Te10,,,0.0,,0.0,-0.412,0.0,0.0,0.022333333333333538,0.0,0.028999999999999915,-4.461333333333333,-4.709,-4.519,-71.183,1.3877787807814457e-17,0.0,2.265
Nb2K2F12,,,5.491,8.179,0.0,-3.326,0.0,5.488,8.177,5.491,8.179,-4.66,-7.404,-10.148,-95.354,1.3877787807814457e-17,0.0,1.941
Pt3Bi6,,,0.0,,0.102,-0.17399999999999993,0.0,0.0,0.5549999999999999,0.0,0.5566666666666669,-4.0103333333333335,-3.832,-4.115,-48.672,1.3877787807814457e-17,0.0,2.194
CdCl2C4N2H4,,,2.318,3.798,0.14100000000000001,-0.27,0.0,2.176,3.619,2.318,3.798,-4.154,-5.242,-6.33,-74.89,1.3877787807814457e-17,0.0,1.316
Rh2Sb2Te6,,,0.249,0.221,0.072,-0.259,0.0,0.249,0.20800000000000018,0.2490000000000001,0.22100000000000009,-4.34,-4.464,-4.589,-44.926,1.3877787807814457e-17,0.0,3.924
Te4CoGa2,,,0.0,,0.068,-0.241,0.0,0.0,0.6566666666666667,0.0,0.754,-4.0376666666666665,-4.079,-4.290666666666667,-28.543,1.3877787807814457e-17,0.0,3.515
Au2Cd2Te2I2,,,0.824,1.501,0.088,-0.295,0.0,0.824,1.501,0.824,1.501,-4.166,-4.578,-4.99,-19.843,1.3877787807814457e-17,0.0,1.708
Ti2Cl2C,,,0.0,,0.0,-1.397,0.0,0.0,0.9336666666666666,0.0,1.4169999999999998,-4.865333333333333,-4.593,-5.182666666666666,-33.154,1.3877787807814457e-17,0.0,5.127
AgCuSe5P2S,,,0.095,0.245,0.016,-0.10599999999999998,0.0,0.026999999999999913,0.12699999999999978,0.09499999999999997,0.2450000000000001,-5.53,-5.543,-5.557,-39.795,1.3877787807814457e-17,0.0,3.544
Ag4Se2,,,1.251,2.07,0.0,-0.08999999999999997,0.0,1.251,2.07,1.251,2.07,-4.3,-4.925,-5.55,-18.863,1.3877787807814457e-17,0.0,2.406
Hg4Rb2S2Cl6O6,,,3.39,4.611,0.028999999999999998,-1.123,0.0,3.315,4.545,3.39,4.611,-4.345,-6.003,-7.66,-77.435,1.3877787807814457e-17,0.0,2.46
Hg2I2Br2,,,1.588,2.504,0.011,-0.433,0.0,1.585,2.486,1.588,2.504,-4.628,-5.421,-6.213,-10.496000000000002,1.3877787807814457e-17,0.0,2.482
SrSb2F12,,,4.846,7.22,0.0,-2.799,0.0,4.846,7.22,4.846,7.22,-5.787,-8.21,-10.633,-71.508,1.3877787807814457e-17,0.0,2.578
As8Si6,,,1.876,2.56,0.056,-0.03200000000000003,0.0,1.472,2.078,1.876,2.56,-3.856,-4.592,-5.328,-70.146,1.3877787807814457e-17,0.0,2.956
Hf2Te10,,,0.322,0.313,0.0,-0.45499999999999996,0.0,0.15900000000000003,0.1259999999999999,0.32200000000000006,0.31300000000000017,-4.38,-4.459,-4.539,-52.522,1.3877787807814457e-17,0.0,2.113
HfI6Ni,,,0.915,,0.011,-0.616,1.0000000000000002,0.862,2.5603333333333333,0.915,2.607666666666667,-4.8,-5.231,-5.662,-28.555,0.492,0.491,3.287
Te2Mg2,,,2.703,3.498,0.083,-0.797,0.0,2.703,3.498,2.703,3.498,-3.152,-4.504,-5.855,-12.832,1.3877787807814457e-17,0.0,2.678
Ta4Te8Si2,,,0.525,0.726,0.0,-0.425,0.0,0.43899999999999995,0.6549999999999998,0.525,0.726,-3.983,-4.203,-4.422,-81.657,1.3877787807814457e-17,0.0,2.541
I6V2,,,0.0,0.002,0.0049999999999999975,-0.509,1.0000000000000002,0.0,0.0019999999999997797,0.0,0.0019999999999997797,-4.967,-5.265,-5.226666666666667,-29.992,5.787,5.789,3.148
Pd4In2Te6,,,0.451,0.58,0.063,-0.327,0.0,0.391,0.5800000000000001,0.45100000000000007,0.5800000000000001,-4.257,-4.453,-4.648,-43.961,1.3877787807814457e-17,0.0,1.827
Bi2S3,,,0.857,1.4,0.003999999999999997,-0.363,0.0,0.47,1.041,0.857,1.4,-5.975,-6.21,-6.445,-23.396,1.3877787807814457e-17,0.0,4.698
AuInF4,,,1.972,3.441,0.079,-1.911,0.0,1.053,2.106,1.972,3.441,-5.241,-5.767,-6.294,-23.704,1.3877787807814457e-17,0.0,2.171
Cu6Cl6,,,0.739,2.322,0.016,-0.436,0.0,0.739,2.322,0.739,2.322,-4.63,-5.0,-5.369,-37.996,1.3877787807814457e-17,0.0,3.826
Au4Br4S4F4,,,0.968,1.553,0.073,-0.536,0.0,0.8740000000000001,1.438,0.968,1.553,-5.6,-6.037,-6.475,-50.096,1.3877787807814457e-17,0.0,1.711
CrSeS,1.294,1.294,0.782,1.241,0.010000000000000002,-0.569,0.0,0.782,1.241,0.782,1.241,-4.768,-5.159,-5.55,-18.675999999999995,1.3877787807814457e-17,0.0,4.296
Na2S8B2H8,,,4.088,5.21,0.0,-0.448,0.0,4.088,5.21,4.087999999999999,5.21,-1.6180000000000003,-3.662,-5.707,-84.211,1.3877787807814457e-17,0.0,1.116
Pd2ICl5,,,0.224,1.398,0.058,-0.368,1.0000000000000002,0.2230000000000001,1.393,0.22399999999999998,1.398,-5.9,-6.011,-6.123,-20.989,0.276,-0.104,2.836
MoTe8V3,,,0.0,0.257,0.031,-0.285,1.0000000000000002,0.0,0.08599999999999985,0.0,0.2570000000000001,-4.606,-4.926,-4.713666666666667,-65.838,7.518000000000001,7.662,4.444
Rb2I2,,,3.714,4.613,0.137,-1.397,0.0,3.714,4.613,3.714,4.613,-1.842,-3.699,-5.556,-10.364000000000004,1.3877787807814457e-17,0.0,1.287
CdSn2O2F2,,,2.724,3.688,0.059,-1.685,0.0,2.693,3.578,2.724,3.688,-3.239,-4.585,-5.931,-34.259,1.3877787807814457e-17,0.0,1.58
Na4O8,,,0.0,,0.0,-0.793,1.0000000000000002,0.0,0.9069999999999998,0.0,1.055,-4.3020000000000005,-4.522,-4.533,-55.744,-0.07700000000000001,-0.083,1.108
In2I2Se2,,,1.411,2.058,0.053,-0.506,0.0,1.264,1.903,1.411,2.058,-4.804,-5.436,-6.068,-18.482000000000003,1.3877787807814457e-17,0.0,3.736
Au2Hg2Te2I2,,,0.469,1.098,0.054,-0.16800000000000004,0.0,0.469,1.098,0.46899999999999986,1.0979999999999999,-4.579,-4.814,-5.048,-18.742,1.3877787807814457e-17,0.0,1.722
Ca2Br4S4H8,,,4.708,5.884,0.0,-0.82,0.0,4.708,5.884,4.708,5.884,-2.233,-4.587,-6.942,-68.033,1.3877787807814457e-17,0.0,1.415
Ba4Sb4Te8F4,,,0.544,0.896,0.049,-1.582,0.0,0.512,0.8959999999999999,0.544,0.8959999999999999,-4.587,-4.843,-5.099,-88.558,1.3877787807814457e-17,0.0,3.822
Hf2Cl2C,,,0.0,,0.0,-1.466,0.0,0.0,1.0433333333333334,0.0,1.3586666666666667,-4.798,-3.859,-5.1259999999999994,-35.133,1.3877787807814457e-17,0.0,5.601
MoAg2Te4,,,0.618,1.332,0.11299999999999999,-0.04500000000000004,0.0,0.31299999999999994,1.115,0.618,1.332,-4.214,-4.37,-4.527,-30.017,1.3877787807814457e-17,0.0,3.043
Te2Co2As,,,0.0,,0.019000000000000003,-0.235,0.0,0.0,0.718,0.0,0.718,-4.464333333333333,-4.575,-4.631,-28.706,1.3877787807814457e-17,0.0,3.103
Mn2Br2F2,,,1.806,4.404,0.086,-1.493,1.0000000000000002,1.738,4.317,1.806,4.404,-4.16,-5.03,-5.899,-34.734,0.04100000000000001,-0.326,2.797
Sb2Mn2Br2S4,,,0.124,1.201,0.102,-0.412,1.0000000000000002,0.12400000000000011,1.201,0.12400000000000011,1.201,-4.266,-4.328,-4.39,-51.849,0.010999999999999996,1.11,1.642
I2Li2O4H8,,,3.747,4.755,0.0,-1.137,0.0,3.719,4.725,3.7469999999999994,4.755,-2.384,-4.243,-6.103,-72.029,1.3877787807814457e-17,0.0,1.303
Cs2S6C4H6,,,2.246,3.351,0.067,-0.276,0.0,2.243,3.345,2.246,3.351,-2.65,-3.772,-4.893,-87.929,1.3877787807814457e-17,0.0,1.675
CdInGaS4,,,0.412,1.34,0.075,-0.591,0.0,0.4119999999999999,1.34,0.4119999999999998,1.34,-5.023,-5.229,-5.435,-27.046,1.3877787807814457e-17,0.0,3.08
Nb2Br4O2,,,1.187,2.073,0.0,-1.66,0.0,1.038,1.923,1.187,2.073,-4.611,-5.13,-5.649,-50.516,1.3877787807814457e-17,0.0,1.814
Y2Cl2N,,,0.0,,0.0,-2.026,0.0,0.0,1.205,0.0,1.2943333333333331,-4.182,-4.293,-4.700333333333333,-31.435000000000002,1.3877787807814457e-17,0.0,5.26
Pb2CdBr2O2,,,2.646,3.656,0.0,-1.12,0.0,2.646,3.656,2.646,3.656,-3.251,-4.574,-5.898,-29.703,1.3877787807814457e-17,0.0,1.869
Ti2CF2,,,0.0,,0.0,-2.274,0.0,0.0,1.4083333333333334,0.0,1.586,-4.095666666666666,-4.804,-4.742333333333333,-37.143,1.3877787807814457e-17,0.0,4.525
Sn2S2,,,1.923,2.624,0.062,-0.396,0.0,1.834,2.52,1.923,2.624,-3.213,-4.131,-5.048,-17.852000000000004,1.3877787807814457e-17,0.0,2.558
Ag6I12,,,1.164,1.981,0.023,-0.15700000000000003,0.0,1.123,1.956,1.164,1.981,-4.691,-5.253,-5.814,-37.6,1.3877787807814457e-17,0.0,2.422
Pt2I4,,,0.993,2.034,0.041,-0.127,0.0,0.784,1.742,0.993,2.034,-4.298,-4.689,-5.081,-19.383,1.3877787807814457e-17,0.0,2.999
Sc2CF2,,,1.425,2.547,0.0,-2.5410000000000004,0.0,1.02,2.067,1.425,2.547,-4.006,-4.516,-5.026,-34.419,1.3877787807814457e-17,0.0,3.807
Au2Hg2Br6,,,0.782,1.647,0.079,-0.303,0.0,0.782,1.6470000000000002,0.782,1.6470000000000002,-5.237,-5.628,-6.019,-20.572,1.3877787807814457e-17,0.0,3.013
Ta3TeI7,,,0.649,1.227,0.005999999999999998,-0.465,0.0,0.643,1.223,0.649,1.227,-4.128,-4.45,-4.771,-48.117,1.3877787807814457e-17,0.0,2.128
Ta4Co8Se8,,,0.0,,0.011,-0.511,0.0,0.0,0.38133333333333397,0.0,0.3813333333333335,-4.441333333333334,-4.69,-4.559666666666667,-143.185,1.3877787807814457e-17,0.0,3.095
Se4Be4,,,2.905,3.784,0.092,-0.709,0.0,2.905,3.784,2.905,3.784,-2.854,-4.307,-5.76,-34.408,1.3877787807814457e-17,0.0,3.083
As2Se2O10H2,,,3.253,4.95,0.023,-0.916,0.0,3.224,4.841,3.253,4.95,-5.06,-6.672,-8.284,-88.84,1.3877787807814457e-17,0.0,1.915
Tl2Te5,,,0.685,1.135,0.095,-0.03400000000000003,0.0,0.604,1.102,0.685,1.135,-4.414,-4.716,-5.018,-21.256,1.3877787807814457e-17,0.0,1.853
AuPdSeCl,,,0.995,1.949,0.071,-0.264,0.0,0.744,1.6229999999999998,0.995,1.949,-4.601,-4.973,-5.345,-13.274999999999999,1.3877787807814457e-17,0.0,2.705
Au4S4,,,1.166,1.904,0.036,-0.05600000000000005,0.0,0.669,1.337,1.166,1.904,-4.724,-5.059,-5.393,-29.276,1.3877787807814457e-17,0.0,2.412
Os2K2N2O2F10,,,0.993,2.949,0.0,-1.964,1.0000000000000002,0.858,2.833,0.993,2.949,-5.554,-5.983,-6.412,-102.987,-1.357,-3.284,1.925
Nb4Sn2Te8,,,0.301,0.467,0.0,-0.461,0.0,0.29600000000000004,0.42700000000000005,0.30099999999999993,0.4670000000000001,-4.23,-4.378,-4.526,-81.508,1.3877787807814457e-17,0.0,2.428
Nb2Rh2Te8,,,0.081,,0.0,-0.4769999999999999,0.0,0.08099999999999996,0.011666666666666714,0.08099999999999996,0.015000000000000124,-4.498,-4.538,-4.579,-66.314,1.3877787807814457e-17,0.0,2.342
V4S4F12,,,2.06,4.129,0.082,-2.267,0.0,2.06,4.129,2.06,4.129,-5.431,-6.461,-7.49,-114.793,1.3877787807814457e-17,0.0,1.55
Fe3Se6,,,0.368,1.436,0.068,-0.292,0.0,0.31200000000000006,1.362,0.368,1.436,-4.991,-5.147,-5.303,-50.652,1.3877787807814457e-17,0.0,4.028
In2Se2F2,,,2.237,3.036,0.038,-1.426,0.0,2.237,3.036,2.237,3.036,-4.427,-5.546,-6.664,-24.22,1.3877787807814457e-17,0.0,2.838
W2Cl4O4,,,2.235,3.655,0.0,-1.6909999999999998,0.0,2.187,3.613,2.235,3.655,-5.861,-6.954,-8.047,-67.515,1.3877787807814457e-17,0.0,1.748
PdLi2H2,,,0.0,,0.064,-0.402,0.0,0.0,1.582,0.0,1.5956666666666666,-1.7456666666666671,-1.984,-1.913666666666666,-16.257,1.3877787807814457e-17,0.0,0.9649999999999999
Pd2Se4,,,0.635,1.234,0.044,-0.247,0.0,0.635,1.234,0.635,1.234,-4.291,-4.608,-4.925,-23.053,1.3877787807814457e-17,0.0,2.805
I2Ni,,,0.569,2.234,0.0,-0.13,1.0000000000000002,0.1060000000000001,1.904,0.569,2.234,-4.828,-4.881,-4.934,-10.593000000000004,-0.49900000000000005,-0.517,3.513
Ta2Co4Se6,,,0.0,,0.053,-0.493,1.0000000000000002,0.0,0.5890000000000002,0.0,0.6330000000000002,-4.709333333333333,-4.703,-4.808,-79.359,2.18,-0.008999999999999994,2.242
Bi2Se4H2,,,0.568,1.113,0.005999999999999998,-0.237,0.0,0.45199999999999996,0.958,0.568,1.1129999999999998,-5.217,-5.443,-5.669,-31.824000000000005,1.3877787807814457e-17,0.0,3.449
Ge4Se4P4,,,1.694,2.461,0.0020000000000000018,-0.15200000000000002,0.0,1.675,2.433,1.694,2.461,-4.023,-4.861,-5.698,-55.272,1.3877787807814457e-17,0.0,1.706
HfPdIBr4Cl,,,1.083,2.403,0.0010000000000000009,-1.025,0.0,1.065,2.386,1.083,2.403,-5.15,-5.683,-6.215,-29.13,1.3877787807814457e-17,0.0,2.705
Ag4Cl4O4H4,,,0.329,0.989,0.099,-0.531,0.0,0.32900000000000007,0.986,0.32899999999999996,0.9889999999999999,-6.088,-6.253,-6.417,-60.786,1.3877787807814457e-17,0.0,1.62
Pb2Cu2Br6,,,1.283,3.423,0.010000000000000002,-0.691,0.0,1.283,3.395,1.283,3.423,-4.512,-5.154,-5.795,-31.286,1.3877787807814457e-17,0.0,2.902
CoSe6P2Li,,,0.833,2.091,0.009000000000000001,-0.359,0.0,0.833,2.004,0.833,2.091,-4.664,-5.08,-5.496,-45.338,1.3877787807814457e-17,0.0,2.038
Pb3Se2Br2,,,0.904,1.452,0.093,-0.654,0.0,0.896,1.452,0.904,1.452,-4.681,-5.13,-5.578,-25.986,1.3877787807814457e-17,0.0,3.951
Te4MnGa2,,,0.0,,0.04,-0.259,1.0000000000000002,0.0,0.6343333333333334,0.0,0.6343333333333334,-4.665333333333334,-3.964,-4.827,-30.159,-2.385,-2.399,3.308
ITi5Cl2N3O,,,0.087,0.129,0.144,-1.596,0.0,0.06899999999999995,0.129,0.08699999999999997,0.129,-4.362,-4.396,-4.43,-87.83,1.3877787807814457e-17,0.0,4.257
Sr4Sb4S8Cl4,,,2.124,2.963,0.045,-1.28,0.0,1.989,2.862,2.124,2.963,-3.548,-4.542,-5.537,-89.694,1.3877787807814457e-17,0.0,2.913
Ag2Se2,,,1.191,1.599,0.089,0.02200000000000002,0.0,0.75,1.179,1.191,1.599,-5.005,-5.38,-5.755,-12.555999999999997,1.3877787807814457e-17,0.0,2.421
BiScCl2O2,,,2.867,4.174,0.061,-2.1029999999999998,0.0,2.371,3.46,2.867,4.174,-5.316,-6.501,-7.687,-35.77,1.3877787807814457e-17,0.0,4.284
CdInGaS4,,,0.412,1.34,0.075,-0.591,0.0,0.4119999999999999,1.34,0.4119999999999998,1.34,-5.023,-5.229,-5.435,-27.046,1.3877787807814457e-17,0.0,3.08
Cu2Br2,3.253,3.347,1.523,3.423,0.024,-0.281,0.0,1.522,3.423,1.523,3.423,-3.739,-4.5,-5.261,-11.643999999999998,1.3877787807814457e-17,0.0,3.062
As4Se4Si4,,,2.214,3.006,0.0,-0.266,0.0,2.109,2.901,2.214,3.006,-3.5,-4.554,-5.609,-57.375,1.3877787807814457e-17,0.0,1.699
Ba4Bi4Se8F4,,,1.019,1.64,0.031,-1.785,0.0,0.903,1.618,1.019,1.64,-4.512,-4.963,-5.415,-95.924,1.3877787807814457e-17,0.0,3.613
Nb2S4F4,,,1.659,2.519,0.0,-1.951,0.0,1.617,2.495,1.659,2.519,-3.876,-4.684,-5.493,-62.818,1.3877787807814457e-17,0.0,1.807
Hf2Sn2S8,,,1.256,2.037,0.078,-0.919,0.0,1.183,1.977,1.256,2.037,-4.29,-4.882,-5.473,-66.779,1.3877787807814457e-17,0.0,2.045
Ir2S2Cl2,,,1.142,2.204,0.052,-0.448,0.0,1.141,2.204,1.142,2.204,-4.282,-4.853,-5.423,-32.967,1.3877787807814457e-17,0.0,1.938
Ag2Cd2Se2Cl2,,,1.043,2.081,0.078,-0.532,0.0,1.043,2.081,1.043,2.081,-4.471,-4.993,-5.514,-22.325,1.3877787807814457e-17,0.0,1.471
Sr2CuBr2O2,,,0.0,,0.0,-1.958,0.0,0.0,2.0976666666666666,0.0,2.099666666666667,-5.803333333333333,-5.764,-6.422666666666666,-34.148,1.3877787807814457e-17,0.0,4.42
Sb2MnS4,,,0.854,1.626,0.072,-0.30200000000000005,1.0000000000000002,0.383,1.178,0.854,1.626,-4.756,-4.948,-5.139,-36.958,0.0020000000000000018,0.0020000000000000018,3.412
Pb2I4,,,1.417,2.261,0.055,-0.637,0.0,1.226,1.965,1.417,2.261,-4.863,-5.476,-6.089,-17.255,1.3877787807814457e-17,0.0,3.12
Br2Al2S2,,,2.865,4.056,0.0020000000000000018,-1.115,0.0,2.865,4.056,2.865,4.056,-3.953,-5.386,-6.819,-25.494,1.3877787807814457e-17,0.0,1.939
Tl2Ni4S6,,,0.868,1.543,0.0020000000000000018,-0.37400000000000005,0.0,0.8440000000000001,1.462,0.868,1.543,-3.762,-4.183,-4.605,-62.943,1.3877787807814457e-17,0.0,1.767
Pb2P2S6H2,,,1.943,2.896,0.034,-0.335,0.0,1.884,2.817,1.943,2.896,-4.173,-5.115,-6.057,-53.382,1.3877787807814457e-17,0.0,1.751
Ag4F8,,,0.325,1.637,0.017,-1.229,0.0,0.32499999999999996,1.637,0.32499999999999996,1.637,-6.978,-7.14,-7.303,-38.801,1.3877787807814457e-17,0.0,1.023
Hf2Br4S4,,,1.824,2.918,0.0,-1.192,0.0,1.786,2.88,1.824,2.918,-4.333,-5.226,-6.119,-49.587,1.3877787807814457e-17,0.0,3.192
Sc2P2S8,,,2.0,3.322,0.0,-0.949,0.0,1.896,3.2,2.0,3.322,-4.616,-5.563,-6.511,-64.063,1.3877787807814457e-17,0.0,1.896
ISc2BrS,,,0.0,,0.0,-1.652,0.0,0.0,1.0993333333333333,0.0,1.1293333333333333,-4.008666666666667,-3.908,-4.512333333333333,-24.72,1.3877787807814457e-17,0.0,4.797
Co4S8,,,0.383,0.781,0.071,-0.317,0.0,0.32200000000000006,0.6179999999999999,0.383,0.7809999999999999,-5.61,-5.771,-5.932,-69.34,1.3877787807814457e-17,0.0,3.685
V2Br4S4,,,0.982,2.175,0.0020000000000000018,-0.689,0.0,0.979,2.173,0.982,2.175,-4.637,-5.127,-5.617,-46.588,1.3877787807814457e-17,0.0,3.218
Nb2Te2Ni4Se2,,,0.0,,0.0,-0.503,0.0,0.0,0.022333333333333538,0.0,0.028999999999999915,-4.461333333333333,-4.577,-4.519,-68.049,1.3877787807814457e-17,0.0,2.938
HfSeS,2.175,2.596,1.421,2.432,0.0030000000000000027,-1.471,0.0,0.684,1.512,1.421,2.432,-4.98,-5.321,-5.663,-19.479,1.3877787807814457e-17,0.0,3.526
Hg2Ag2I2S2,,,1.137,2.027,0.02,-0.21299999999999997,0.0,1.1,2.009,1.137,2.027,-4.468,-5.017,-5.567,-20.266,1.3877787807814457e-17,0.0,1.656
Bi8Se8O4,,,1.149,1.943,0.067,-0.624,0.0,1.034,1.736,1.149,1.943,-4.142,-4.658,-5.175,-98.239,1.3877787807814457e-17,0.0,1.613
Te2As2Se,,,0.829,1.344,0.0,-0.05899999999999994,0.0,0.5829999999999999,0.9929999999999999,0.829,1.344,-4.347,-4.638,-4.93,-19.516,1.3877787807814457e-17,0.0,4.713
Ta2Rh2S8,,,0.463,1.231,0.0,-0.849,0.0,0.4630000000000001,1.231,0.4630000000000001,1.231,-5.44,-5.672,-5.903,-76.737,1.3877787807814457e-17,0.0,2.105
Au4V2Li2O12,,,0.527,2.354,0.059,-1.118,0.0,0.525,2.302,0.527,2.354,-5.69,-5.952,-6.214,-117.201,1.3877787807814457e-17,0.0,1.168
PtK2O6H6,,,2.849,4.681,0.0,-1.152,0.0,2.843,4.68,2.849,4.681,-1.642,-3.064,-4.485,-76.763,1.3877787807814457e-17,0.0,0.9119999999999999
Y2Cl6,,,3.858,5.361,0.041,-2.303,0.0,3.858,5.361,3.858,5.361,-3.757,-5.686,-7.615,-38.519,1.3877787807814457e-17,0.0,3.213
Zr2Se8Si2,,,1.073,1.82,0.094,-0.815,0.0,1.012,1.787,1.073,1.82,-4.106,-4.612,-5.118,-63.241,1.3877787807814457e-17,0.0,2.165
Mo2Br4O4,,,1.433,2.713,0.0,-1.384,0.0,1.424,2.682,1.433,2.713,-5.499,-6.211,-6.923,-63.082,1.3877787807814457e-17,0.0,1.753
Ag2As4S3Cl2,,,1.81,3.122,0.037,-0.21699999999999997,0.0,1.81,3.122,1.81,3.122,-3.97,-4.875,-5.78,-42.525,1.3877787807814457e-17,0.0,1.399
Cr2As2Se6,,,0.63,1.184,0.025,-0.315,1.0000000000000002,0.3380000000000001,0.8500000000000001,0.63,1.184,-4.547,-4.716,-4.885,-52.193,0.145,0.145,3.665
Ir4Se3S5,,,0.87,1.682,0.051,-0.37400000000000005,0.0,0.75,1.558,0.87,1.682,-4.748,-5.123,-5.498,-72.429,1.3877787807814457e-17,0.0,3.975
Sr4As4S8F4,,,1.965,2.707,0.0,-1.76,0.0,1.9649999999999999,2.707,1.965,2.707,-4.141,-5.124,-6.107,-99.517,1.3877787807814457e-17,0.0,3.193
Ni2S6,,,0.0,,0.134,-0.09099999999999997,0.0,0.0,0.22666666666666657,0.0,0.2909999999999999,-4.999666666666667,-5.537,-5.098333333333333,-39.691,1.3877787807814457e-17,0.0,4.611
Bi4Ni2Br4O6,,,0.851,3.726,0.057,-0.941,1.0000000000000002,0.825,3.696,0.851,3.726,-4.55,-4.963,-5.375,-85.333,-0.11999999999999997,0.778,1.985
K4O12,,,1.089,3.218,0.0,-0.689,1.0000000000000002,0.898,3.024,1.089,3.218,-3.978,-4.427,-4.875,-77.399,0.006999999999999992,-0.0010000000000000009,1.016
Au4F8,,,0.424,1.482,0.013999999999999999,-0.92,0.0,0.235,1.286,0.42399999999999993,1.482,-6.736,-6.853,-6.97,-36.258,1.3877787807814457e-17,0.0,1.214
ZrTeS,,,0.0,0.812,0.0,-1.242,0.0,0.0,0.22599999999999998,0.0,0.8120000000000003,-4.2156666666666665,-4.733,-4.517,-18.411,1.3877787807814457e-17,0.0,3.63
V2S2C,,,0.0,,0.073,-0.739,0.0,0.0,0.7263333333333335,0.0,0.9139999999999999,-5.679,-5.564,-5.862,-38.12,1.3877787807814457e-17,0.0,5.962
Bi2Br6,,,2.07,2.93,0.0,-0.791,0.0,1.954,2.822,2.07,2.93,-5.237,-6.214,-7.191,-25.187,1.3877787807814457e-17,0.0,2.627
Ir2Te2Cl2,,,1.1,2.055,0.048,-0.363,0.0,1.096,2.05,1.1,2.055,-3.989,-4.537,-5.085,-30.711,1.3877787807814457e-17,0.0,1.95
NiCl2O8,,,1.561,5.305,0.193,0.0,1.0000000000000002,1.554,5.297,1.561,5.305,-6.37,-7.147,-7.924,-51.812,0.077,0.077,1.876
Au2I8Mn2,,,0.259,0.795,0.022,-0.22899999999999998,1.0000000000000002,0.259,0.7870000000000001,0.2589999999999999,0.7949999999999999,-5.069,-5.198,-5.328,-40.264,-0.15799999999999997,1.0050000000000001,2.372
Au4I8,,,0.394,0.901,0.034,-0.03200000000000003,0.0,0.358,0.8800000000000001,0.394,0.901,-5.204,-5.383,-5.562,-24.731,1.3877787807814457e-17,0.0,1.58
Ag2Cd2Te2Br2,,,1.242,2.114,0.062,-0.41900000000000004,0.0,1.242,2.114,1.242,2.114,-4.093,-4.714,-5.335,-20.462,1.3877787807814457e-17,0.0,1.517
ScBr2,,,0.826,1.513,0.0,-1.588,1.0000000000000002,0.15700000000000003,0.7570000000000001,0.8260000000000001,1.513,-3.768,-3.846,-3.925,-12.591999999999999,0.124,0.124,3.37
Zr2Se2N,,,0.0,,0.094,-1.437,0.0,0.0,1.5926666666666667,0.0,2.0566666666666666,-5.577333333333333,-5.47,-5.995666666666667,-37.308,1.3877787807814457e-17,0.0,6.302
Au2SeO4,,,1.109,2.237,0.079,-0.257,0.0,0.843,1.925,1.109,2.237,-5.101,-5.523,-5.944,-32.036,1.3877787807814457e-17,0.0,1.178
Sb4I4Co2O6,,,0.832,3.414,0.025,-0.9,1.0000000000000002,0.801,3.324,0.832,3.414,-4.457,-4.857,-5.257,-85.148,0.688,0.133,2.319
In3SeBr5S,,,1.932,2.919,0.061,-0.715,0.0,1.919,2.898,1.932,2.919,-4.959,-5.918,-6.877,-30.924,1.3877787807814457e-17,0.0,2.823
Ru2S4,,,1.133,1.901,0.167,-0.402,0.0,0.725,1.583,1.133,1.901,-4.987,-5.35,-5.712,-37.649,1.3877787807814457e-17,0.0,3.932
Pb2As2O6F2,,,3.342,4.677,0.059,-1.526,0.0,3.334,4.677,3.342,4.677,-3.951,-5.618,-7.285,-69.075,1.3877787807814457e-17,0.0,1.891
PdGa2Se4,,,0.0,,0.036,-0.486,0.0,0.0,0.8426666666666667,0.0,1.0456666666666665,-4.417333333333334,-4.472,-4.629333333333333,-26.962,1.3877787807814457e-17,0.0,3.238
Te3As2,,,0.596,1.002,0.013999999999999999,-0.0030000000000000027,0.0,0.5190000000000001,0.9020000000000001,0.596,1.0019999999999998,-4.373,-4.632,-4.892,-18.956,1.3877787807814457e-17,0.0,4.817
W2V2O10,,,0.386,2.642,0.033,-2.246,1.0000000000000002,0.386,2.642,0.386,2.642,-5.242,-5.435,-5.628,-122.7,-0.21200000000000002,-0.21200000000000002,1.335
In2Te2F2,,,1.903,2.647,0.078,-1.266,0.0,1.864,2.647,1.903,2.647,-4.344,-5.276,-6.208,-22.705,1.3877787807814457e-17,0.0,1.722
Cu2Br2C4N2H4,,,0.968,2.97,0.187,-0.11299999999999999,0.0,0.69,2.528,0.968,2.97,-3.738,-4.083,-4.428,-78.98,1.3877787807814457e-17,0.0,1.259
Ge4As8,,,1.201,1.751,0.005999999999999998,-0.04700000000000004,0.0,1.186,1.729,1.201,1.751,-3.967,-4.56,-5.153,-55.927,1.3877787807814457e-17,0.0,1.981
Au2I4VS,,,0.59,2.086,0.086,-0.261,1.0000000000000002,0.575,2.063,0.5899999999999999,2.086,-4.931,-5.218,-5.505,-26.86,0.181,0.103,2.722
I4Ga4S4,,,2.006,2.97,0.0,-0.597,0.0,2.006,2.97,2.006,2.97,-3.847,-4.85,-5.853,-41.007,1.3877787807814457e-17,0.0,1.855
In2Br2S2,,,1.749,2.834,0.021,-0.698,0.0,1.749,2.834,1.749,2.834,-5.24,-6.115,-6.989,-21.037,1.3877787807814457e-17,0.0,2.001
Ag2Mg2Cl6,,,3.396,4.903,0.005999999999999998,-1.302,0.0,3.396,4.903,3.396,4.903,-3.475,-5.173,-6.871,-32.645,1.3877787807814457e-17,0.0,2.884
Te2K2MgS8H4,,,2.345,3.338,0.046,-0.462,0.0,2.345,3.338,2.345,3.338,-3.093,-4.265,-5.437,-64.251,1.3877787807814457e-17,0.0,1.618
Tl2Pd4S6,,,1.312,1.967,0.0,-0.362,0.0,1.305,1.909,1.312,1.967,-3.714,-4.366,-5.018,-49.091,1.3877787807814457e-17,0.0,1.761
Te2V,4.001,4.759,0.464,0.854,0.016,-0.307,1.0000000000000002,0.21199999999999997,0.8540000000000001,0.46399999999999997,0.8540000000000001,-4.862,-4.968,-5.074,-15.854,1.9839999999999998,1.984,4.309
Pb2As2Cl2O6,,,3.116,4.543,0.067,-1.187,0.0,3.017,4.402,3.116,4.543,-3.998,-5.507,-7.015,-65.397,1.3877787807814457e-17,0.0,1.991
Rh2Se2F2,,,1.498,2.671,0.0030000000000000027,-1.055,0.0,1.355,2.458,1.498,2.671,-5.055,-5.733,-6.41,-30.766,1.3877787807814457e-17,0.0,3.261
PdGaBr6,,,0.469,1.499,0.028,-0.544,1.0000000000000002,0.355,1.429,0.46899999999999986,1.499,-5.687,-5.864,-6.042,-20.586,-0.502,-0.03699999999999999,2.763
Ir2Se2Br2,,,1.081,2.072,0.028,-0.308,0.0,1.078,2.067,1.081,2.072,-4.015,-4.554,-5.093,-30.535,1.3877787807814457e-17,0.0,1.937
Na2P2Be2,,,0.597,1.061,0.0,-0.404,0.0,0.597,1.061,0.597,1.061,-1.2889999999999997,-1.5869999999999997,-1.8860000000000001,-23.171,1.3877787807814457e-17,0.0,2.179
Hf2Sn2Se8,,,1.067,1.662,0.044,-0.804,0.0,0.946,1.6139999999999999,1.067,1.662,-4.093,-4.566,-5.039,-60.637,1.3877787807814457e-17,0.0,2.136
AgGaP2S6,,,1.463,2.539,0.0,-0.31100000000000005,0.0,1.27,2.285,1.463,2.539,-4.581,-5.216,-5.851,-44.047,1.3877787807814457e-17,0.0,1.987
In8Te12,,,0.964,1.585,0.0049999999999999975,-0.313,0.0,0.964,1.585,0.964,1.585,-3.753,-4.236,-4.718,-66.821,1.3877787807814457e-17,0.0,1.826
Mo2Te2Mg2O12,,,3.257,4.756,0.003999999999999997,-1.951,0.0,3.167,4.611,3.257,4.756,-4.837,-6.421,-8.004,-128.662,1.3877787807814457e-17,0.0,2.797
Nb4Te12I2,,,0.686,1.135,0.006999999999999999,-0.3970000000000001,0.0,0.673,1.135,0.686,1.135,-4.068,-4.405,-4.741,-89.861,1.3877787807814457e-17,0.0,2.009
Nb2Na2F12,,,5.539,8.251,0.0,-3.273,0.0,5.539,8.25,5.539,8.250999999999998,-4.707,-7.477,-10.246,-94.682,1.3877787807814457e-17,0.0,1.81
Pt2Se2O6,,,1.408,2.831,0.02,-0.59,0.0,1.305,2.732,1.408,2.831,-3.487,-4.139,-4.791,-56.321,1.3877787807814457e-17,0.0,1.525
Rb2Se2O6H2,,,1.976,3.42,0.132,-1.064,0.0,1.677,3.163,1.976,3.42,-3.081,-3.919,-4.757,-58.95,1.3877787807814457e-17,0.0,1.543
InMnBrS,,,1.101,2.023,0.09,-0.501,1.0000000000000002,0.978,2.023,1.101,2.023,-3.984,-4.474,-4.963,-20.148,-0.04299999999999998,-0.043,2.159
Mo2F6,,,1.745,2.609,0.095,-2.31,0.0,1.745,2.609,1.745,2.609,-4.961,-5.834,-6.706,-50.406,1.3877787807814457e-17,0.0,3.333
ZrP2O6H2,,,4.28,6.395,0.0,-2.17,0.0,4.28,6.395,4.28,6.395,-2.259,-4.4,-6.54,-79.395,1.3877787807814457e-17,0.0,1.193
As2Se6Mg2,,,1.312,2.137,0.052,-0.512,0.0,1.312,2.135,1.312,2.137,-4.738,-5.394,-6.05,-38.576,1.3877787807814457e-17,0.0,1.978
Nb2I6,,,0.0,,0.159,-0.363,0.0,0.0,0.8026666666666664,0.0,0.8110000000000002,-3.9103333333333334,-4.201,-4.393333333333333,-32.429,1.3877787807814457e-17,0.0,3.657
Cu4Se2,,,0.395,1.47,0.083,-0.04200000000000004,0.0,0.10000000000000009,1.209,0.395,1.47,-4.63,-4.68,-4.73,-21.922,1.3877787807814457e-17,0.0,2.685
Pb2Ag2Cl6,,,2.653,3.93,0.0,-0.888,0.0,2.439,3.708,2.653,3.93,-4.345,-5.564,-6.784,-32.789,1.3877787807814457e-17,0.0,2.806
WSeS,2.314,2.326,1.402,1.911,0.010000000000000002,-0.724,0.0,1.402,1.911,1.402,1.911,-3.797,-4.498,-5.198,-21.217,1.3877787807814457e-17,0.0,4.68
I4Ni2As4O6,,,0.643,2.672,0.095,-0.716,1.0000000000000002,0.594,2.672,0.643,2.672,-5.033,-5.33,-5.627,-81.27,-1.264,-1.107,2.134
I4KGaO12,,,2.994,4.405,0.026,-0.526,0.0,2.984,4.402,2.994,4.405,-4.143,-5.635,-7.127,-80.999,1.3877787807814457e-17,0.0,2.038
MgAl2S4,,,2.048,3.143,0.03,-1.181,0.0,2.048,3.143,2.048,3.143,-3.321,-4.345,-5.368,-33.676,1.3877787807814457e-17,0.0,2.945
Hg2Ag2Te2I2,,,1.127,1.923,0.016,-0.21899999999999997,0.0,1.127,1.923,1.127,1.923,-4.16,-4.724,-5.287,-18.571999999999996,1.3877787807814457e-17,0.0,1.63
Sc2S4Cl4,,,1.639,2.487,0.074,-1.407,0.0,1.531,2.388,1.639,2.487,-4.873,-5.639,-6.404,-46.843,1.3877787807814457e-17,0.0,2.825
Ta2I4Se4,,,1.042,1.756,0.028999999999999998,-0.534,0.0,0.993,1.708,1.042,1.756,-3.971,-4.467,-4.963,-44.815,1.3877787807814457e-17,0.0,2.025
Rb2C2O6,,,1.08,2.747,0.017,-1.469,1.0000000000000002,1.017,2.673,1.08,2.747,-5.684,-6.192,-6.701,-65.693,-0.0020000000000000018,0.0030000000000000027,1.244
Pd2Br4,,,0.916,2.227,0.016,-0.358,0.0,0.709,2.012,0.916,2.227,-5.207,-5.562,-5.916,-16.129000000000005,1.3877787807814457e-17,0.0,2.612
Hf2SbTe2,,,0.0,,0.068,-0.652,0.0,0.0,1.156666666666667,0.0,1.1566666666666667,-4.504666666666667,-4.474,-4.840333333333334,-29.086,1.3877787807814457e-17,0.0,3.31
Mn2Se5Al2,,,0.33,1.499,0.027,-0.605,1.0000000000000002,0.33000000000000007,1.499,0.33000000000000007,1.499,-3.552,-3.717,-3.882,-49.773,-0.302,-0.302,3.695
Nb4Co8Se8,,,0.0,,0.052,-0.491,0.0,0.0,0.045333333333333226,0.0,0.04700000000000015,-4.9206666666666665,-4.731,-5.027,-144.824,1.3877787807814457e-17,0.0,3.066
BiAgAs2Se6,,,0.619,1.427,0.068,-0.10200000000000009,0.0,0.619,1.323,0.619,1.427,-5.16,-5.469,-5.779,-38.753,1.3877787807814457e-17,0.0,2.029
Au2Se2,,,1.439,2.078,0.006999999999999999,-0.11599999999999999,0.0,0.956,1.561,1.439,2.078,-4.572,-5.05,-5.528,-13.688000000000002,1.3877787807814457e-17,0.0,2.455
I2Ga2Se2,,,1.152,2.003,0.006999999999999999,-0.567,0.0,1.152,2.003,1.152,2.003,-4.437,-5.012,-5.588,-19.131,1.3877787807814457e-17,0.0,2.103
Se2Si,,,1.393,2.353,0.084,-0.367,0.0,1.123,2.08,1.393,2.353,-3.715,-4.276,-4.838,-13.463999999999999,1.3877787807814457e-17,0.0,2.961
Bi2Br6,,,2.07,2.93,0.0,-0.791,0.0,1.954,2.822,2.07,2.93,-5.237,-6.214,-7.191,-25.187,1.3877787807814457e-17,0.0,2.627
Rh2Se2Br2,,,0.0,0.165,0.023,-0.495,0.0,0.0,0.16500000000000004,0.0,0.16500000000000004,-5.830333333333334,-5.799,-5.867999999999999,-27.402,1.3877787807814457e-17,0.0,3.88
Sb2P2,,,0.804,1.387,0.17,0.17000000000000004,0.0,0.804,1.379,0.804,1.387,-3.931,-4.333,-4.735,-18.863,1.3877787807814457e-17,0.0,2.697
Te4Ge4P4,,,1.292,1.924,0.06,-0.0019999999999998908,0.0,1.203,1.835,1.292,1.924,-3.9,-4.501,-5.103,-52.364,1.3877787807814457e-17,0.0,1.778
Os2Cl8,,,0.349,1.167,0.042,-0.363,1.0000000000000002,0.21500000000000008,1.01,0.349,1.167,-6.15,-6.257,-6.365,-40.292,106.319,116.28499999999998,1.8
Ag6Cl6,,,2.497,3.825,0.019000000000000003,-0.42,0.0,2.398,3.705,2.497,3.825,-4.253,-5.452,-6.651,-32.79,1.3877787807814457e-17,0.0,2.209
Ga2Br2S2,,,2.118,3.284,0.0020000000000000018,-0.772,0.0,2.118,3.284,2.118,3.284,-4.598,-5.657,-6.716,-21.767,1.3877787807814457e-17,0.0,1.936
Hf2Se4Br4,,,1.596,2.542,0.0,-1.113,0.0,1.572,2.523,1.596,2.542,-4.189,-4.975,-5.761,-46.411,1.3877787807814457e-17,0.0,3.244
Ir2Pd2Br3S4Cl,,,0.0,,0.059,-0.37400000000000005,0.0,0.0,0.4623333333333335,0.0,0.4933333333333336,-5.25,-5.521,-5.5296666666666665,-53.535,1.3877787807814457e-17,0.0,3.997
Ta2Pt2Se10,,,0.0,,0.0020000000000000018,-0.564,0.0,0.0,0.9023333333333334,0.0,0.9209999999999998,-5.245666666666667,-5.293,-5.501333333333333,-75.061,1.3877787807814457e-17,0.0,2.16
Hf2I4Se4,,,1.386,2.349,0.003999999999999997,-0.87,0.0,1.386,2.345,1.386,2.349,-4.226,-4.92,-5.613,-43.559,1.3877787807814457e-17,0.0,3.421
Te2P2O10H2,,,3.59,5.178,0.0,-1.554,0.0,3.513,5.027,3.59,5.178,-4.288,-6.045,-7.801,-99.891,1.3877787807814457e-17,0.0,2.034
Hg2Ag2I2S2,,,1.137,2.027,0.02,-0.21299999999999997,0.0,1.1,2.009,1.137,2.027,-4.468,-5.017,-5.567,-20.266,1.3877787807814457e-17,0.0,1.656
HfFeBr6,,,0.948,3.428,0.0,-0.957,0.0,0.938,3.395,0.948,3.428,-4.235,-4.705,-5.174,-33.713,1.3877787807814457e-17,0.0,3.06
Mo2Sb4O12,,,2.03,3.31,0.038,-1.627,0.0,1.913,3.217,2.03,3.31,-5.035,-5.992,-6.949,-130.806,1.3877787807814457e-17,0.0,2.712
Nb2S2C,,,0.0,,0.0030000000000000027,-0.946,0.0,0.0,1.0740000000000003,0.0,1.4106666666666665,-4.957,-5.635,-5.235666666666666,-42.76,1.3877787807814457e-17,0.0,6.369
IMnClO,,,0.0,,0.196,-0.824,1.0000000000000002,0.0,1.5460000000000003,0.0,1.625,-6.249333333333333,-6.077,-6.542,-21.402,-0.329,0.53,1.784
I2Cu2,,,1.787,3.359,0.0,-0.16600000000000004,0.0,1.787,3.359,1.787,3.359,-2.753,-3.646,-4.54,-10.974000000000004,1.3877787807814457e-17,0.0,3.466
PtLi2O6H6,,,2.837,4.67,0.042,-1.172,0.0,2.833,4.67,2.837,4.67,-1.662,-3.0790000000000006,-4.495,-78.4,1.3877787807814457e-17,0.0,0.9489999999999998
Zr2S4Cl4,,,1.672,2.852,0.0,-1.433,0.0,1.6,2.793,1.672,2.852,-4.634,-5.434,-6.234,-52.584,1.3877787807814457e-17,0.0,3.184
Ag5I5,,,1.804,2.844,0.034,-0.235,0.0,1.804,2.844,1.804,2.844,-3.592,-4.494,-5.396,-23.945,1.3877787807814457e-17,0.0,2.69
ReAg2Cl6,,,0.78,,0.0,-0.567,1.0000000000000002,0.778,1.8530000000000002,0.78,1.9123333333333332,-5.553,-5.942,-6.331,-33.154,-2.002,-2.036,2.796
ReI6Cu2,,,0.2,1.794,0.088,-0.017000000000000015,1.0000000000000002,0.17999999999999994,1.592,0.19999999999999996,1.794,-5.06,-5.15,-5.239,-28.034,10.141,10.193,3.358
Nb2Te4Br4,,,0.645,1.221,0.046,-0.601,0.0,0.645,1.221,0.645,1.221,-4.178,-4.5,-4.823,-45.824,1.3877787807814457e-17,0.0,1.972
Au4Br4S4H4,,,1.107,1.942,0.0,-0.18599999999999994,0.0,1.083,1.897,1.107,1.942,-5.557,-6.098,-6.639,-51.44,1.3877787807814457e-17,0.0,1.734
As2Se6Mg2,,,1.312,2.137,0.052,-0.512,0.0,1.312,2.135,1.312,2.137,-4.738,-5.394,-6.05,-38.576,1.3877787807814457e-17,0.0,1.978
As2Al2S6,,,1.392,2.033,0.087,-0.518,0.0,1.139,1.783,1.392,2.033,-4.379,-4.948,-5.518,-46.454,1.3877787807814457e-17,0.0,3.556
Sb2As4O12H2,,,2.772,4.025,0.094,-1.151,0.0,2.7649999999999997,4.011,2.7720000000000002,4.025,-4.148,-5.531,-6.914,-118.622,1.3877787807814457e-17,0.0,1.291
Ni4S4,,,0.635,0.895,0.096,-0.282,0.0,0.635,0.8879999999999999,0.635,0.895,-4.609,-4.926,-5.244,-47.558,1.3877787807814457e-17,0.0,2.923
CoAs2Se6Li,,,0.507,1.581,0.082,-0.268,0.0,0.33299999999999996,1.175,0.507,1.581,-4.997,-5.163,-5.33,-43.02,1.3877787807814457e-17,0.0,2.003
Re4S8,,,1.023,1.591,0.122,-0.471,0.0,0.977,1.5700000000000003,1.023,1.591,-4.644,-5.133,-5.621,-84.901,1.3877787807814457e-17,0.0,4.385
Rh2Se2Br2,,,1.026,2.141,0.0,-0.519,0.0,1.023,2.14,1.026,2.141,-4.485,-4.996,-5.508,-27.541,1.3877787807814457e-17,0.0,1.871
Mn2Cl6,,,0.116,0.879,0.073,-0.833,1.0000000000000002,0.038999999999999924,0.8790000000000002,0.1160000000000001,0.879,-5.298,-5.317,-5.337,-36.808,1.8519999999999999,1.844,2.997
CrGa2S4,,,0.0,,0.047,-0.641,1.0000000000000002,0.0,1.4516666666666667,0.0,1.607,-4.189333333333334,-3.944,-4.365,-36.018,-0.04999999999999999,-0.049,3.165
Sr4As4S8Cl4,,,2.183,3.084,0.042,-1.215,0.0,2.071,2.976,2.183,3.084,-3.89,-4.926,-5.961,-89.42,1.3877787807814457e-17,0.0,2.852
Hg3Se3,,,0.672,1.248,0.077,-0.16899999999999993,0.0,0.672,1.248,0.672,1.248,-4.588,-4.924,-5.26,-14.117999999999999,1.3877787807814457e-17,0.0,2.995
HgPb2I2S2,,,1.873,2.696,0.028,-0.487,0.0,1.81,2.633,1.873,2.696,-3.985,-4.89,-5.796,-22.926,1.3877787807814457e-17,0.0,1.907
Hg2Bi2O4F2,,,2.368,3.464,0.085,-1.176,0.0,2.221,3.344,2.368,3.464,-3.67,-4.78,-5.891,-46.549,1.3877787807814457e-17,0.0,1.414
PdO2,2.903,3.298,1.784,3.282,0.0,-0.399,0.0,1.379,2.875,1.784,3.282,-6.14,-6.83,-7.519,-15.267,1.3877787807814457e-17,0.0,3.038
Hf2I5Br,,,0.461,1.177,0.041,-0.91,0.0,0.32600000000000007,1.023,0.4610000000000001,1.177,-3.879,-4.042,-4.204,-31.269,1.3877787807814457e-17,0.0,3.3
I6Cu2Mg2,,,2.513,4.246,0.021,-0.695,0.0,2.339,4.018,2.513,4.246,-3.061,-4.23,-5.399,-26.407,1.3877787807814457e-17,0.0,3.265
Ag2Se3P4Cl2,,,1.733,2.987,0.062,-0.17100000000000004,0.0,1.732,2.987,1.733,2.987,-4.392,-5.258,-6.123,-43.04,1.3877787807814457e-17,0.0,1.35
PbO2,2.995,3.199,1.621,2.489,0.094,-0.804,0.0,1.346,2.341,1.621,2.489,-6.747,-7.42,-8.093,-16.418,1.3877787807814457e-17,0.0,3.17
Mn3GeS2,,,0.0,,0.079,-0.259,1.0000000000000002,0.0,0.6833333333333333,0.0,0.8033333333333335,-4.626,-4.728,-4.71,-43.378,0.11,0.105,4.222
TeTiS,,,0.548,1.398,0.10999999999999999,-0.921,0.0,0.09299999999999997,0.5310000000000001,0.548,1.398,-5.136,-5.183,-5.229,-16.736,1.3877787807814457e-17,0.0,4.045
Nb2I4Se4,,,1.106,1.855,0.0,-0.605,0.0,1.06,1.81,1.106,1.855,-4.099,-4.629,-5.158,-46.549,1.3877787807814457e-17,0.0,2.001
I6Ti2,,,0.268,1.156,0.083,-0.728,1.0000000000000002,0.20900000000000007,1.141,0.268,1.156,-4.564,-4.668,-4.773,-28.078,0.411,0.411,3.164
Nb4Br2S12,,,0.4,0.848,0.039,-0.76,0.0,0.3689999999999999,0.8479999999999996,0.4,0.8479999999999999,-4.883,-5.068,-5.253,-107.097,1.3877787807814457e-17,0.0,1.751
Tl2Pb2As2,,,0.0,0.461,0.0,-0.017000000000000015,0.0,0.0,0.33499999999999996,0.0,0.46099999999999985,-3.99,-3.522,-4.226666666666667,-21.943,1.3877787807814457e-17,0.0,2.987
Zn2Ge2O6,,,2.81,4.531,0.119,-1.491,0.0,2.745,4.446,2.81,4.531,-3.738,-5.111,-6.483,-57.059,1.3877787807814457e-17,0.0,1.54
Mn2Br6Li2,,,2.033,4.81,0.04,-1.056,1.0000000000000002,2.03,4.745,2.033,4.81,-3.544,-4.559,-5.574,-43.284,0.048,0.049,2.579
Pd2Se2O6,,,1.243,2.847,0.0,-0.646,0.0,1.12,2.663,1.243,2.847,-4.271,-4.831,-5.392,-51.809,1.3877787807814457e-17,0.0,1.51
W2As4O12,,,1.841,3.16,0.038,-1.638,0.0,1.811,3.138,1.841,3.16,-5.64,-6.545,-7.451,-132.595,1.3877787807814457e-17,0.0,2.579
Y2BF2,,,0.0,,0.14100000000000001,-2.251,0.0,0.0,1.0976666666666666,0.0,1.1376666666666666,-3.7953333333333332,-3.366,-4.291,-30.514,1.3877787807814457e-17,0.0,3.832
Pt4Se4P4,,,1.678,2.637,0.062,-0.496,0.0,1.503,2.435,1.678,2.637,-4.013,-4.765,-5.516,-66.754,1.3877787807814457e-17,0.0,2.503
In2Te6Ni4,,,0.37,0.293,0.056,-0.19599999999999995,0.0,0.2869999999999999,0.29300000000000015,0.37,0.29300000000000015,-4.23,-4.373,-4.517,-56.097,1.3877787807814457e-17,0.0,1.854
In2Te2,,,1.145,1.708,0.0030000000000000027,-0.347,0.0,1.145,1.708,1.145,1.7079999999999997,-4.112,-4.684,-5.257,-13.323,1.3877787807814457e-17,0.0,3.868
AgTe6CrAs2,,,0.518,1.097,0.057,-0.040000000000000036,1.0000000000000002,0.249,0.76,0.5180000000000001,1.0969999999999998,-4.493,-4.617,-4.742,-41.204,1.546,1.317,2.033
Fe2Se2O8,,,0.4,2.323,0.073,-0.846,1.0000000000000002,0.4,2.323,0.4,2.323,-5.132,-5.332,-5.532,-76.2,1.8439999999999999,2.38,1.562
HfS6Li2H6,,,3.054,4.379,0.059,-0.652,0.0,3.008,4.329,3.054,4.379,-2.982,-4.486,-5.99,-65.477,1.3877787807814457e-17,0.0,1.015
Cu2Cl2C6N2H8,,,0.888,,0.076,-0.18999999999999995,0.0,0.813,2.001333333333333,0.888,2.014666666666667,-3.351,-3.757,-4.163,-113.35,1.3877787807814457e-17,0.0,1.227
Ir2I2S2,,,1.02,1.928,0.078,-0.22599999999999998,0.0,0.863,1.749,1.02,1.928,-3.936,-4.367,-4.799,-31.022,1.3877787807814457e-17,0.0,2.092
WS2,2.532,2.532,1.534,2.055,0.0,-0.874,0.0,1.534,2.055,1.534,2.055,-3.966,-4.733,-5.5,-22.262,1.3877787807814457e-17,0.0,4.645
MnGa2S4,,,0.0,,0.122,-0.539,1.0000000000000002,0.0,1.4996666666666667,0.0,1.593,-4.489,-4.741,-4.770666666666666,-35.607,-0.10100000000000003,-0.10100000000000002,3.21
WMo3O8,,,1.423,2.247,0.012,-1.999,0.0,0.981,1.731,1.423,2.247,-5.618,-6.109,-6.599,-110.07500000000002,1.3877787807814457e-17,0.0,3.999
Te6Al2Si2,,,1.339,1.926,0.0020000000000000018,-0.27,0.0,1.115,1.673,1.339,1.926,-3.992,-4.549,-5.106,-40.2,1.3877787807814457e-17,0.0,2.094
W2Cl6,,,0.663,1.967,0.052,-0.764,1.0000000000000002,0.548,1.967,0.6629999999999999,1.967,-4.397,-4.671,-4.945,-39.797,1.359,1.655,1.849
SbSe2O6H,,,3.314,4.607,0.0,-0.955,0.0,3.173,4.431,3.314,4.607,-2.971,-4.558,-6.144,-54.994,1.3877787807814457e-17,0.0,1.822
K2Cu2Se2,,,1.574,2.957,0.027,-0.677,0.0,1.574,2.957,1.574,2.957,-1.6020000000000003,-2.389,-3.176,-20.819,1.3877787807814457e-17,0.0,2.28
Ta2Mn2S6,,,0.0,,0.065,-0.833,1.0000000000000002,0.0,2.5,0.0,2.5586666666666664,-5.227666666666666,-5.441,-5.801666666666667,-71.862,-1.204,-0.667,2.101
Bi3Sb3Se2S7,,,0.591,1.159,0.019000000000000003,-0.31100000000000005,0.0,0.29800000000000004,0.871,0.591,1.159,-5.549,-5.698,-5.847,-67.413,1.3877787807814457e-17,0.0,4.775
Te4Si4P4,,,1.658,2.365,0.035,-0.06699999999999995,0.0,1.524,2.239,1.658,2.365,-3.527,-4.289,-5.051,-56.672,1.3877787807814457e-17,0.0,1.802
Hg2I6Na2,,,1.847,2.716,0.025,-0.707,0.0,1.847,2.716,1.847,2.716,-4.177,-5.1,-6.024,-20.328,1.3877787807814457e-17,0.0,2.876
Mo2SeBr5,,,0.54,1.373,0.075,-0.523,1.0000000000000002,0.482,1.338,0.54,1.373,-4.856,-5.097,-5.338,-37.993,0.399,0.113,3.207
Ba4As4S8Cl4,,,2.218,3.098,0.012999999999999998,-1.268,0.0,2.068,2.921,2.218,3.098,-3.903,-4.937,-5.971,-91.081,1.3877787807814457e-17,0.0,2.995
Ta2Te2S,,,0.388,0.151,0.088,-0.533,0.0,0.388,0.1509999999999998,0.388,0.1509999999999998,-4.278,-4.472,-4.666,-32.788,1.3877787807814457e-17,0.0,4.667
Nb4Te8Ge2,,,0.54,0.647,0.0020000000000000018,-0.5,0.0,0.4159999999999999,0.5350000000000001,0.54,0.647,-4.207,-4.415,-4.623,-82.982,1.3877787807814457e-17,0.0,2.487
W2Mo2Se8,,,1.27,1.749,0.0,-0.653,0.0,1.27,1.749,1.27,1.749,-3.782,-4.417,-5.052,-81.079,1.3877787807814457e-17,0.0,4.635
Ta2Cl12Li2,,,2.756,4.317,0.0,-1.505,0.0,2.756,4.317,2.7560000000000002,4.317,-4.93,-6.308,-7.686,-68.91,1.3877787807814457e-17,0.0,2.122
Mo2As4O12,,,2.086,3.495,0.031,-1.538,0.0,1.978,3.396,2.086,3.495,-5.472,-6.461,-7.45,-130.226,1.3877787807814457e-17,0.0,2.471
Au2I8Mn2,,,0.259,0.795,0.022,-0.22899999999999998,1.0000000000000002,0.259,0.7870000000000001,0.2589999999999999,0.7949999999999999,-5.069,-5.198,-5.328,-40.264,-0.15799999999999997,1.0050000000000001,2.372
Te2Li6O8H2,,,4.206,5.564,0.0,-1.682,0.0,4.037,5.347,4.206,5.564,-1.2309999999999999,-3.249,-5.268,-95.662,1.3877787807814457e-17,0.0,1.119
Pd2Se2Cl4,,,0.789,1.617,0.091,-0.346,0.0,0.64,1.445,0.789,1.617,-5.63,-5.95,-6.27,-24.513,1.3877787807814457e-17,0.0,2.841
Ni2As4Br4O6,,,1.088,3.963,0.077,-0.838,1.0000000000000002,1.044,3.921,1.088,3.963,-5.019,-5.541,-6.063,-83.646,-0.819,-0.553,1.881
PdK2S6H6,,,1.786,2.852,0.026,-0.42800000000000005,0.0,1.783,2.798,1.786,2.852,-3.502,-4.393,-5.285,-57.097,1.3877787807814457e-17,0.0,1.1
Pd2F6,,,0.439,1.794,0.04,-1.326,0.0,0.42500000000000004,1.794,0.43900000000000006,1.794,-8.063,-8.276,-8.488,-27.77,1.3877787807814457e-17,0.0,2.232
Cu2Se5P2S,,,0.0,,0.021,-0.11299999999999999,0.0,0.0,0.11433333333333362,0.0,0.19300000000000006,-5.5376666666666665,-5.436,-5.564333333333334,-40.699,1.3877787807814457e-17,0.0,3.572
Hg2Te2I2Cu2,,,0.924,2.078,0.028,-0.18599999999999994,0.0,0.9239999999999999,2.078,0.924,2.078,-4.036,-4.498,-4.96,-19.979,1.3877787807814457e-17,0.0,1.694
Zr2Te8Si2,,,0.574,1.191,0.0049999999999999975,-0.487,0.0,0.574,1.191,0.5740000000000001,1.191,-3.986,-4.272,-4.559,-57.088,1.3877787807814457e-17,0.0,2.296
PbSb2Se4,,,0.692,1.006,0.008,-0.347,0.0,0.42399999999999993,0.871,0.692,1.006,-5.217,-5.429,-5.641,-28.928,1.3877787807814457e-17,0.0,3.53
I6Mn2Li2,,,1.631,4.228,0.054,-0.699,1.0000000000000002,1.623,4.21,1.631,4.228,-3.704,-4.516,-5.327,-39.072,0.192,0.189,2.977
Hg2Bi2O4F2,,,2.368,3.464,0.085,-1.176,0.0,2.221,3.344,2.368,3.464,-3.67,-4.78,-5.891,-46.549,1.3877787807814457e-17,0.0,1.414
Te4MnAl2,,,0.0,,0.05,-0.315,1.0000000000000002,0.0,1.3453333333333333,0.0,1.4700000000000002,-4.756333333333333,-3.668,-4.858,-32.217,-4.192,-4.19,3.238
Pb2Cl2F2,,,3.572,4.716,0.081,-1.786,0.0,3.5480000000000005,4.706,3.572,4.716,-3.422,-5.196,-6.97,-24.977,1.3877787807814457e-17,0.0,2.516
Al2S2O8H2,,,5.133,6.834,0.04,-1.793,0.0,5.129,6.8,5.133,6.834,-1.6,-4.164,-6.728,-88.38,1.3877787807814457e-17,0.0,1.668
Te4FeGa2,,,0.66,1.17,0.095,-0.20100000000000007,0.0,0.18599999999999994,0.9180000000000001,0.66,1.17,-3.953,-4.046,-4.139,-29.078,1.3877787807814457e-17,0.0,3.454
Au6I6,,,1.248,1.9,0.028999999999999998,-0.06899999999999984,0.0,1.079,1.703,1.248,1.9,-4.076,-4.616,-5.155,-28.483,1.3877787807814457e-17,0.0,2.952
PdNa2S6H6,,,1.744,2.794,0.033,-0.384,0.0,1.715,2.71,1.744,2.794,-3.616,-4.474,-5.331,-56.614,1.3877787807814457e-17,0.0,1.106
MnGa2Se4,,,0.0,,0.025,-0.532,1.0000000000000002,0.0,1.5043333333333333,0.0,1.5043333333333333,-4.350666666666667,-4.153,-4.469666666666667,-33.179,-1.588,-1.578,3.138
Te6Fe3,,,0.134,0.949,0.094,-0.09999999999999998,0.0,0.08299999999999996,0.6870000000000003,0.1339999999999999,0.9489999999999996,-4.714,-4.755,-4.797,-47.249,1.3877787807814457e-17,0.0,4.289
ZrS2,2.885,3.577,1.643,2.853,0.0,-1.585,0.0,1.159,2.167,1.643,2.853,-5.266,-5.846,-6.426,-20.316,1.3877787807814457e-17,0.0,3.7
MnGaCl2O2,,,0.698,2.166,0.016,-1.43,1.0000000000000002,0.18999999999999995,1.873,0.698,2.166,-5.87,-5.965,-6.06,-35.016,0.028999999999999998,-0.203,3.843
BiSF,,,1.541,2.379,0.041,-1.292,0.0,1.447,2.255,1.541,2.379,-5.308,-6.032,-6.756,-14.215,1.3877787807814457e-17,0.0,2.643
Pt2Br4,,,1.089,2.33,0.017,-0.251,0.0,0.88,2.118,1.089,2.33,-4.574,-5.014,-5.454,-20.555,1.3877787807814457e-17,0.0,2.608
InSe6P2Li,,,1.676,2.498,0.0,-0.41000000000000003,0.0,1.632,2.452,1.676,2.498,-4.266,-5.082,-5.898,-40.375,1.3877787807814457e-17,0.0,1.728
W2Te2Zn2O12,,,3.452,4.95,0.032,-1.673,0.0,3.405,4.792,3.452,4.95,-4.741,-6.443,-8.146,-123.346,1.3877787807814457e-17,0.0,2.907
In2Te6Al2,,,0.803,1.287,0.06,-0.324,0.0,0.744,1.238,0.803,1.287,-4.484,-4.856,-5.228,-35.476,1.3877787807814457e-17,0.0,2.795
ReAg2I6,,,0.17,1.405,0.08,-0.06499999999999995,1.0000000000000002,0.16900000000000004,1.376,0.16999999999999993,1.405,-5.311,-5.395,-5.48,-26.794,3.344,3.461,3.341
Ge4P8,,,1.336,2.068,0.0020000000000000018,0.0020000000000000018,0.0,1.333,2.044,1.336,2.068,-4.289,-4.955,-5.622,-60.954,1.3877787807814457e-17,0.0,1.997
Cd2Sb2Cl2O4,,,2.882,3.951,0.035,-1.201,0.0,2.882,3.951,2.882,3.951,-4.365,-5.806,-7.247,-46.742,1.3877787807814457e-17,0.0,1.898
Zr2Cl2C,,,0.0,,0.0,-1.548,0.0,0.0,1.0433333333333334,0.0,1.3586666666666667,-4.798,-4.253,-5.1259999999999994,-35.337,1.3877787807814457e-17,0.0,5.337
Ge2P2S6C2H6,,,2.614,3.515,0.0,-0.262,0.0,2.586,3.499,2.614,3.515,-2.628,-3.92,-5.213,-87.33,1.3877787807814457e-17,0.0,1.454
AuAgF6,,,0.2,0.272,0.0,-1.156,0.0,0.18100000000000005,0.27200000000000024,0.19999999999999996,0.27200000000000024,-7.901,-7.991,-8.082,-24.741,1.3877787807814457e-17,0.0,1.976
Ge2Se2,,,1.818,2.51,0.046,-0.18399999999999994,0.0,1.744,2.436,1.818,2.51,-3.485,-4.357,-5.229,-16.734999999999996,1.3877787807814457e-17,0.0,2.54
Te6As4,,,1.127,1.721,0.062,0.04600000000000004,0.0,1.025,1.616,1.127,1.721,-3.644,-4.156,-4.669,-37.426,1.3877787807814457e-17,0.0,1.504
ZrMnBr6,,,1.643,3.584,0.0,-1.209,1.0000000000000002,1.643,3.584,1.643,3.584,-4.535,-5.356,-6.178,-36.295,-0.04200000000000001,-0.041999999999999996,2.795
Hf2Te8Ge2,,,0.578,1.067,0.008,-0.46399999999999997,0.0,0.565,1.067,0.578,1.0670000000000002,-3.96,-4.243,-4.525,-55.247,1.3877787807814457e-17,0.0,2.303
Nb3I7Se,,,0.536,1.239,0.0,-0.621,0.0,0.536,1.235,0.536,1.239,-4.497,-4.765,-5.033,-51.64,1.3877787807814457e-17,0.0,2.098
Cr2F6,,,2.027,5.13,0.032,-2.719,1.0000000000000002,2.023,5.13,2.027,5.13,-5.51,-6.521,-7.532,-50.092,-0.20400000000000001,-0.20400000000000001,2.248
Re6I2S8,,,1.06,1.924,0.0,-0.525,0.0,1.034,1.915,1.06,1.924,-5.095,-5.612,-6.129,-113.921,1.3877787807814457e-17,0.0,2.771
Cd4Cl8,,,3.474,4.827,0.039,-1.078,0.0,3.474,4.827,3.474,4.827,-4.411,-6.148,-7.884,-30.93,1.3877787807814457e-17,0.0,2.54
Rh2As2Se6,,,0.127,0.089,0.028,-0.321,0.0,0.127,0.08899999999999997,0.12700000000000022,0.08899999999999997,-4.898,-4.962,-5.025,-47.726,1.3877787807814457e-17,0.0,3.694
Bi4Sr2O8,,,2.794,4.068,0.0,-1.766,0.0,2.704,4.038,2.794,4.068,-2.072,-3.424,-4.776,-87.759,1.3877787807814457e-17,0.0,2.253
Pd2Cu2Br6,,,0.0,1.517,0.077,-0.276,1.0000000000000002,0.0,1.286,0.0,1.517,-5.215666666666667,-5.325,-5.4093333333333335,-27.259,-0.8549999999999998,-0.861,3.062
Nb2I12Li2,,,0.584,1.687,0.028,-0.628,0.0,0.584,1.686,0.584,1.6870000000000003,-5.064,-5.355,-5.647,-52.227,1.3877787807814457e-17,0.0,2.186
Cd2IBrS,,,1.204,1.994,0.086,-0.64,0.0,0.907,1.715,1.204,1.994,-4.778,-5.232,-5.685,-12.197000000000003,1.3877787807814457e-17,0.0,4.432
HfMnBr6,,,0.075,,0.0,-1.209,1.0000000000000002,0.016000000000000014,1.7976666666666667,0.07499999999999996,1.807,-4.935,-4.943,-4.951,-36.398,0.099,-0.54,2.786
Ta4Pt2Te14,,,0.059,0.039,0.019000000000000003,-0.36500000000000005,0.0,0.05899999999999994,0.008999999999999897,0.05899999999999994,0.039000000000000146,-4.418,-4.447,-4.476,-104.149,1.3877787807814457e-17,0.0,2.388
Ta4Te8Ge2,,,0.468,0.572,0.0,-0.404,0.0,0.31099999999999994,0.44700000000000006,0.46799999999999997,0.5720000000000003,-4.107,-4.263,-4.418,-79.588,1.3877787807814457e-17,0.0,2.516
Ir3I4CoSeS3,,,0.0,,0.064,-0.252,0.0,0.0,1.226,0.0,1.2533333333333332,-4.837,-4.813,-5.259666666666667,-60.71,1.3877787807814457e-17,0.0,4.479
Ir4Se2S6,,,0.861,1.692,0.064,-0.372,0.0,0.722,1.536,0.861,1.6919999999999997,-4.82,-5.181,-5.543,-72.997,1.3877787807814457e-17,0.0,3.929
Ba2I2Cl2,,,3.693,4.709,0.034,-2.19,0.0,3.69,4.709,3.693,4.709,-2.6949999999999994,-4.54,-6.385,-23.322,1.3877787807814457e-17,0.0,2.532
V4S4F12,,,2.06,4.129,0.082,-2.267,0.0,2.06,4.129,2.06,4.129,-5.431,-6.461,-7.49,-114.793,1.3877787807814457e-17,0.0,1.55
ZrNbISeBr2S2,,,1.309,2.304,0.10599999999999998,-1.02,0.0,1.212,2.142,1.309,2.304,-5.123,-5.729,-6.335,-42.175,1.3877787807814457e-17,0.0,3.377
Ag2Sb2S6,,,0.518,1.298,0.065,-0.10999999999999988,0.0,0.518,1.298,0.5180000000000001,1.298,-5.406,-5.665,-5.924,-40.056,1.3877787807814457e-17,0.0,3.635
Ag2Mg2Cl6,,,3.396,4.903,0.005999999999999998,-1.302,0.0,3.396,4.903,3.396,4.903,-3.475,-5.173,-6.871,-32.645,1.3877787807814457e-17,0.0,2.884
Al2Si2S6,,,2.903,3.824,0.039,-0.798,0.0,2.67,3.652,2.9030000000000005,3.824,-3.509,-4.844,-6.179,-50.719,1.3877787807814457e-17,0.0,2.012
Nb4Se8Si2,,,0.538,0.747,0.0,-0.825,0.0,0.44599999999999995,0.6360000000000001,0.538,0.7469999999999999,-4.314,-4.537,-4.76,-91.51,1.3877787807814457e-17,0.0,2.329
Ag4S6,,,0.858,1.615,0.13,0.08499999999999996,0.0,0.618,1.39,0.858,1.615,-4.279,-4.588,-4.897,-34.978,1.3877787807814457e-17,0.0,1.969
NiS2,1.868,2.145,0.943,1.425,0.049,-0.252,0.0,0.5829999999999999,1.002,0.9430000000000001,1.425,-5.208,-5.5,-5.792,-16.158000000000005,1.3877787807814457e-17,0.0,3.468
Hf2Te8Si2,,,0.611,1.157,0.012,-0.43,0.0,0.611,1.157,0.611,1.157,-3.922,-4.228,-4.533,-56.612,1.3877787807814457e-17,0.0,2.31
Ni2AsS2,,,0.0,,0.086,-0.275,0.0,0.0,0.804,0.0,0.8533333333333335,-5.298,-5.767,-5.556666666666667,-28.687,1.3877787807814457e-17,0.0,2.593
W3MoO8,,,1.643,2.438,0.0,-2.018,0.0,1.185,1.961,1.643,2.438,-5.264,-5.857,-6.449,-110.869,1.3877787807814457e-17,0.0,4.062
Au2I2S4,,,0.879,1.441,0.056,0.007000000000000006,0.0,0.862,1.43,0.879,1.441,-4.832,-5.263,-5.694,-25.475,1.3877787807814457e-17,0.0,2.626
W3Te8Cr,,,0.543,0.937,0.056,-0.09899999999999998,0.0,0.543,0.937,0.543,0.9369999999999998,-3.995,-4.266,-4.537,-70.695,1.3877787807814457e-17,0.0,4.714
VMn2Br4O4,,,0.705,2.1,0.074,-1.294,1.0000000000000002,0.652,2.029,0.705,2.1,-5.785,-6.111,-6.437,-69.026,1.8759999999999997,1.801,2.952
I4Cu2Cl2,,,0.31,1.101,0.034,-0.20699999999999996,0.0,0.31000000000000005,1.073,0.31000000000000005,1.101,-5.554,-5.709,-5.864,-18.494000000000003,1.3877787807814457e-17,0.0,2.483
SnK2S6H6,,,2.626,3.698,0.0,-0.491,0.0,2.626,3.698,2.626,3.698,-3.072,-4.385,-5.698,-58.281,1.3877787807814457e-17,0.0,1.085
HfZr3S8,,,1.192,2.225,0.194,-1.394,0.0,1.154,2.158,1.192,2.225,-5.729,-6.306,-6.882,-79.069,1.3877787807814457e-17,0.0,3.926
AuCo2S4,,,0.0,,0.012,-0.3340000000000001,0.0,0.0,0.44233333333333347,0.0,0.44233333333333347,-6.007666666666667,-6.046,-6.034666666666666,-38.238,1.3877787807814457e-17,0.0,4.135
Zr2Cl2N,,,0.0,,0.0,-1.772,0.0,0.0,1.2340000000000002,0.0,1.4526666666666668,-4.589666666666666,-3.923,-5.039,-35.589,1.3877787807814457e-17,0.0,5.405
Ta2Co2S6,,,0.0,,0.038,-0.827,1.0000000000000002,0.0,1.8699999999999999,0.0,1.8933333333333333,-5.695,-5.499,-5.944,-68.83,0.372,-0.498,2.053
In2Se4H2,,,1.295,1.947,0.0,-0.336,0.0,1.242,1.907,1.295,1.947,-4.215,-4.836,-5.457,-28.791,1.3877787807814457e-17,0.0,3.436
Re2ZnO8,,,4.103,5.798,0.0,-1.71,0.0,3.966,5.7,4.103,5.798,-4.931,-6.915,-8.898,-84.302,1.3877787807814457e-17,0.0,1.649
Sb2Mn2Br2S4,,,0.124,1.201,0.102,-0.412,1.0000000000000002,0.12400000000000011,1.201,0.12400000000000011,1.201,-4.266,-4.328,-4.39,-51.849,0.010999999999999996,1.11,1.642
YCuCl4,,,2.433,4.903,0.03,-1.6830000000000003,0.0,2.322,4.813,2.433,4.903,-3.692,-4.853,-6.014,-25.609,1.3877787807814457e-17,0.0,2.574
AuSnF6,,,0.768,2.638,0.0,-1.94,1.0000000000000002,0.564,2.42,0.768,2.638,-7.319,-7.601,-7.883,-32.23,-2.304,-3.336,1.196
PbK2S6H6,,,1.59,2.466,0.063,-0.408,0.0,1.59,2.466,1.59,2.466,-4.122,-4.917,-5.712,-56.737,1.3877787807814457e-17,0.0,1.092
Rh2Te2I2,,,0.964,1.722,0.0020000000000000018,-0.413,0.0,0.898,1.432,0.964,1.722,-4.126,-4.575,-5.023,-26.137,1.3877787807814457e-17,0.0,2.041
Ti2S6,,,0.295,1.452,0.0,-0.991,0.0,0.29499999999999993,1.452,0.29499999999999993,1.452,-5.091,-5.238,-5.385,-45.778,1.3877787807814457e-17,0.0,4.85
Ag4S2,,,2.004,2.925,0.034,-0.041000000000000036,0.0,1.999,2.906,2.004,2.925,-3.7,-4.699,-5.699,-19.763,1.3877787807814457e-17,0.0,2.345
SnIGe2As2Se2SCl5,,,0.852,1.388,0.083,-0.497,0.0,0.668,1.198,0.852,1.388,-5.608,-5.942,-6.276,-50.814,1.3877787807814457e-17,0.0,3.738
InTe2Ga,,,0.98,1.565,0.019000000000000003,-0.3430000000000001,0.0,0.966,1.532,0.98,1.565,-4.209,-4.692,-5.175,-13.448,1.3877787807814457e-17,0.0,3.823
W2O6,,,2.165,3.754,0.066,-2.18,0.0,1.267,2.865,2.165,3.754,-7.336,-7.97,-8.604,-71.154,1.3877787807814457e-17,0.0,2.502
IVClO,,,0.765,2.158,0.017,-1.377,1.0000000000000002,0.703,2.129,0.765,2.158,-5.128,-5.479,-5.831,-22.418,-0.034,-0.047,3.196
Bi2MnS4,,,0.508,1.62,0.036,-0.381,1.0000000000000002,0.277,1.195,0.508,1.62,-5.331,-5.469,-5.608,-38.047,0.289,0.288,3.435
Cd2Br2,,,2.344,3.173,0.02,-0.657,0.0,1.841,2.473,2.344,3.173,-4.369,-5.29,-6.21,-7.649999999999999,1.3877787807814457e-17,0.0,3.793
MnS2,,,0.0,1.447,0.0,-0.567,1.0000000000000002,0.0,1.134,0.0,1.447,-5.5536666666666665,-5.722,-5.760666666666666,-19.573,0.133,0.133,3.588
In4Cl8,,,2.123,2.954,0.059,-0.981,0.0,2.067,2.881,2.123,2.954,-4.846,-5.88,-6.914,-37.107,1.3877787807814457e-17,0.0,2.384
PtSnS4,,,1.769,2.574,0.0,-0.422,0.0,1.302,2.122,1.769,2.574,-4.845,-5.496,-6.147,-29.254,1.3877787807814457e-17,0.0,3.602
Cd2Cu2Se2Cl2,,,0.84,2.442,0.081,-0.543,0.0,0.84,2.442,0.84,2.442,-4.276,-4.696,-5.116,-24.084,1.3877787807814457e-17,0.0,1.553
I6Fe2,,,0.0,0.005,0.02,-0.07699999999999996,1.0000000000000002,0.0,0.004999999999999893,0.0,0.004999999999999893,-5.247,-4.923,-5.424,-27.567,4.634,4.636,3.366
FeCl2,,,0.0,1.909,0.037,-0.704,1.0000000000000002,0.0,1.843,0.0,1.909,-5.181,-5.332,-5.487,-14.724,1.401,1.401,2.331
W3CrSe8,,,0.882,1.333,0.010000000000000002,-0.557,0.0,0.882,1.333,0.882,1.333,-4.092,-4.533,-4.974,-78.41,1.3877787807814457e-17,0.0,4.575
Al4S6,,,2.525,3.531,0.024,-1.046,0.0,2.5250000000000004,3.531,2.525,3.531,-4.038,-5.3,-6.563,-49.886,1.3877787807814457e-17,0.0,3.083
Ga2Se2Cl2,,,2.759,3.759,0.011,-0.858,0.0,2.759,3.759,2.759,3.759,-4.722,-6.101,-7.481,-21.492,1.3877787807814457e-17,0.0,2.918
In2Se2Si2,,,1.553,2.183,0.036,-0.322,0.0,1.509,2.149,1.553,2.183,-4.153,-4.907,-5.662,-25.224,1.3877787807814457e-17,0.0,3.022
NbScSeBr4O,,,2.143,3.345,0.064,-1.5909999999999997,0.0,2.043,3.242,2.143,3.345,-4.644,-5.666,-6.687,-42.662,1.3877787807814457e-17,0.0,2.795
Hf2Br4,,,0.874,1.438,0.0,-1.163,0.0,0.84,1.334,0.874,1.438,-3.43,-3.851,-4.271,-28.33,1.3877787807814457e-17,0.0,3.855
CdClOH,,,2.517,3.774,0.033,-1.071,0.0,2.517,3.774,2.517,3.774,-3.613,-4.871,-6.13,-15.445000000000004,1.3877787807814457e-17,0.0,1.29
Al2S2,,,3.004,3.887,0.047,-0.845,0.0,1.927,2.709,3.004,3.887,-3.535,-4.498,-5.462,-19.013,1.3877787807814457e-17,0.0,1.403
Ta2Mo2O11,,,2.566,4.349,0.0010000000000000009,-2.471,0.0,2.566,4.349,2.566,4.349,-6.039,-7.321,-8.604,-135.465,1.3877787807814457e-17,0.0,2.21
W2Cr2S8,,,0.953,1.442,0.013999999999999999,-0.759,0.0,0.941,1.4419999999999997,0.953,1.442,-4.776,-5.246,-5.717,-83.52,1.3877787807814457e-17,0.0,4.443
Cr2S2Cl2,,,0.46,2.148,0.0,-0.946,1.0000000000000002,0.45999999999999996,2.144,0.45999999999999996,2.148,-5.821,-6.051,-6.281,-36.222,0.057,0.025999999999999995,3.643
SbNi2Se2,,,0.0,,0.02,-0.283,0.0,0.0,1.2353333333333334,0.0,1.3376666666666666,-5.0296666666666665,-5.356,-5.307333333333333,-27.28,1.3877787807814457e-17,0.0,2.704
Tl6Cl6,,,3.139,4.172,0.061,-0.964,0.0,3.139,4.153,3.139,4.172,-2.684,-4.254,-5.824,-37.26,1.3877787807814457e-17,0.0,2.281
Hf2Te8Ti2,,,0.104,0.732,0.129,-0.636,0.0,0.03699999999999992,0.692,0.10400000000000009,0.7320000000000002,-5.15,-5.168,-5.187,-61.667,1.3877787807814457e-17,0.0,4.149
Tl2Te2Li2,,,1.045,1.534,0.022,-0.625,0.0,1.041,1.533,1.045,1.5339999999999998,-2.802,-3.323,-3.844,-18.935,1.3877787807814457e-17,0.0,3.109
TeCoBr,,,0.995,2.572,0.015,-0.286,0.0,0.896,1.81,0.995,2.572,-4.442,-4.89,-5.338,-13.875999999999998,1.3877787807814457e-17,0.0,3.709
Nb2NiS6,,,0.0,,0.0,-0.859,0.0,0.0,0.9016666666666668,0.0,0.9016666666666666,-5.249666666666666,-5.664,-5.659666666666666,-60.098,1.3877787807814457e-17,0.0,2.097
Se8Si4,,,2.724,3.647,0.003999999999999997,-0.44599999999999995,0.0,2.64,3.613,2.724,3.647,-3.291,-4.611,-5.931,-54.81,1.3877787807814457e-17,0.0,1.624
Cd2Cl6Li2,,,4.159,5.486,0.035,-1.369,0.0,4.108,5.423,4.159,5.486000000000001,-3.207,-5.261,-7.315,-30.038,1.3877787807814457e-17,0.0,2.543
As4Se2O12,,,3.192,,0.075,-0.916,0.0,3.192,3.8786666666666667,3.192,3.888,-3.91,-5.506,-7.103,-103.59,1.3877787807814457e-17,0.0,1.225
AuAgBr4,,,0.806,2.032,0.0,-0.263,0.0,0.547,1.735,0.806,2.032,-5.662,-5.936,-6.21,-13.887,1.3877787807814457e-17,0.0,2.41
BiTe2Ni2,,,0.0,,0.0,-0.17599999999999993,0.0,0.0,0.6916666666666664,0.0,0.7236666666666665,-4.7203333333333335,-4.751,-4.9366666666666665,-26.46,1.3877787807814457e-17,0.0,2.766
AsSeBr,2.503,2.727,1.708,2.383,0.161,-0.134,0.0,1.497,2.099,1.708,2.383,-4.567,-5.316,-6.064,-10.131999999999998,1.3877787807814457e-17,0.0,3.554
Hf2Br2N2,,,2.064,3.3,0.0,-1.695,0.0,2.064,3.3,2.064,3.3,-4.051,-5.083,-6.115,-45.058,1.3877787807814457e-17,0.0,4.231
Hg2I6Na2,,,1.847,2.716,0.025,-0.707,0.0,1.847,2.716,1.847,2.716,-4.177,-5.1,-6.024,-20.328,1.3877787807814457e-17,0.0,2.876
Ag2Sb4Se3Br2,,,1.395,2.434,0.095,-0.18700000000000006,0.0,1.395,2.434,1.395,2.434,-3.878,-4.576,-5.273,-38.979,1.3877787807814457e-17,0.0,1.559
Sb2Cr2Se6,,,0.653,1.292,0.093,-0.3340000000000001,1.0000000000000002,0.5290000000000001,1.123,0.653,1.292,-4.238,-4.502,-4.767,-51.868,0.178,0.178,3.756
Ir4S8,,,0.889,1.695,0.076,-0.381,0.0,0.692,1.52,0.889,1.6949999999999998,-4.995,-5.342,-5.688,-74.297,1.3877787807814457e-17,0.0,3.934
Ta2Pt2Te10,,,0.0,,0.006999999999999999,-0.377,0.0,0.0,0.061666666666666536,0.0,0.07266666666666666,-4.461333333333333,-4.683,-4.519,-69.665,1.3877787807814457e-17,0.0,2.254
I6Ni2Cu2,,,0.0,,0.011,-0.1329999999999999,0.0,0.0,0.4746666666666668,0.0,0.5983333333333332,-4.969666666666667,-4.942,-5.079666666666667,-32.047,1.3877787807814457e-17,0.0,3.504
SnK2O6H6,,,4.083,5.749,0.0010000000000000009,-1.366,0.0,4.058,5.746,4.083,5.748999999999999,-1.8090000000000002,-3.838,-5.867,-77.671,1.3877787807814457e-17,0.0,0.8559999999999999
Tl2Te6Ni4,,,0.314,0.236,0.012,-0.21399999999999997,0.0,0.273,0.23599999999999977,0.31400000000000006,0.23599999999999977,-4.045,-4.182,-4.319,-55.782,1.3877787807814457e-17,0.0,1.864
Ta2Ni4Se6,,,0.0,,0.003999999999999997,-0.572,0.0,0.0,0.08899999999999997,0.0,0.11433333333333362,-4.648,-4.928,-4.704000000000001,-76.383,1.3877787807814457e-17,0.0,2.183
Ag2Cd2Br2S2,,,1.356,2.461,0.045,-0.489,0.0,1.356,2.461,1.356,2.461,-4.352,-5.03,-5.708,-22.77,1.3877787807814457e-17,0.0,1.512
I4Sc2Se4,,,1.013,1.831,0.064,-0.914,0.0,0.984,1.809,1.013,1.831,-4.763,-5.256,-5.748,-38.309,1.3877787807814457e-17,0.0,3.057
VAl2S4,,,0.052,1.569,0.058,-0.981,1.0000000000000002,0.008000000000000007,1.486,0.052000000000000046,1.569,-3.483,-3.487,-3.491,-39.181,0.097,0.097,3.034
Sc2S6,,,0.0,,0.189,-1.033,0.0,0.0,0.5889999999999997,0.0,0.5913333333333333,-6.150333333333333,-6.029,-6.238666666666667,-42.049,1.3877787807814457e-17,0.0,4.647
Tl2Te6Si2,,,0.258,0.574,0.091,-0.05500000000000005,0.0,0.04299999999999993,0.35299999999999976,0.258,0.5739999999999998,-4.964,-4.986,-5.008,-35.574,1.3877787807814457e-17,0.0,2.064
BiTe2O6H,,,3.207,4.43,0.024,-1.129,0.0,2.979,4.226,3.207,4.43,-3.32,-4.81,-6.299,-56.441,1.3877787807814457e-17,0.0,2.013
Ca2S4F4H8,,,5.072,6.255,0.073,-1.396,0.0,5.072,6.255000000000001,5.072,6.255,-2.07,-4.606,-7.142,-78.413,1.3877787807814457e-17,0.0,1.579
Te2CoNiSeBr,,,0.229,0.981,0.049,-0.259,0.0,0.0129999999999999,0.3719999999999999,0.2290000000000001,0.9809999999999999,-4.893,-4.899,-4.906,-28.506,1.3877787807814457e-17,0.0,3.61
Ba2Bi4S8,,,1.439,2.335,0.061,-0.811,0.0,1.436,2.313,1.439,2.335,-3.615,-4.333,-5.051,-66.336,1.3877787807814457e-17,0.0,2.319
Nb2Fe2Se6,,,0.0,,0.02,-0.625,1.0000000000000002,0.0,1.6786666666666665,0.0,1.713,-5.146,-5.214,-5.408,-65.878,0.066,-1.162,2.188
Os2Na2Cl10N2O2,,,0.595,1.892,0.0,-0.823,1.0000000000000002,0.43799999999999994,1.762,0.595,1.892,-6.156,-6.375,-6.594,-84.607,-0.21200000000000002,-1.08,1.909
ZnBr2,6.366,6.366,3.272,4.507,0.0,-0.924,0.0,3.272,4.507,3.2720000000000002,4.507,-3.622,-5.258,-6.894,-7.124000000000002,1.3877787807814457e-17,0.0,2.324
Te2MgS8Li2H4,,,2.083,3.019,0.052,-0.433,0.0,2.083,3.019,2.083,3.019,-3.573,-4.615,-5.656,-65.084,1.3877787807814457e-17,0.0,1.765
Cs2Os2S2Cl10N2,,,0.553,1.572,0.0,-0.744,1.0000000000000002,0.42100000000000004,1.544,0.553,1.572,-5.732,-5.942,-6.152,-80.144,0.72,-3.436,2.088
Cd2Mn3O8,,,1.144,3.321,0.196,-1.369,1.0000000000000002,1.102,3.208,1.144,3.321,-3.684,-4.235,-4.787,-89.79,-0.39099999999999996,-0.537,1.378
As2Li2Be2,,,1.352,1.985,0.083,-0.407,0.0,1.291,1.92,1.352,1.985,-1.9409999999999998,-2.587,-3.232,-22.954,1.3877787807814457e-17,0.0,2.77
Pb2Ag2Br6,,,2.344,3.419,0.0,-0.723,0.0,2.136,3.204,2.344,3.419,-4.463,-5.531,-6.598,-29.93,1.3877787807814457e-17,0.0,2.849
Se6Al4,,,1.376,2.082,0.05,-0.807,0.0,1.319,2.034,1.376,2.082,-4.671,-5.331,-5.99,-43.921,1.3877787807814457e-17,0.0,4.733
Co2O4H2,,,0.391,2.596,0.051,-1.035,0.0,0.391,2.596,0.391,2.596,-4.295,-4.491,-4.686,-51.881,1.3877787807814457e-17,0.0,2.94
ZnGeBr2S,,,2.292,3.159,0.08,-0.616,0.0,1.78,2.524,2.292,3.159,-4.288,-5.178,-6.068,-16.029000000000003,1.3877787807814457e-17,0.0,3.666
Cu2SO4,,,2.324,4.25,0.023,-0.877,0.0,2.053,3.842,2.324,4.25,-3.424,-4.45,-5.477,-38.065,1.3877787807814457e-17,0.0,1.0670000000000002
Tl2Br2,,,2.996,3.872,0.067,-0.812,0.0,2.979,3.833,2.996,3.872,-2.637,-4.126,-5.615,-11.414000000000001,1.3877787807814457e-17,0.0,1.912
Ag4I4Se4,,,0.609,1.031,0.097,-0.08199999999999996,0.0,0.605,1.031,0.609,1.0309999999999997,-5.57,-5.873,-6.176,-32.186,1.3877787807814457e-17,0.0,1.912
IrInI3Br3,,,1.655,2.715,0.028,-0.486,0.0,1.651,2.715,1.655,2.715,-4.075,-4.901,-5.727,-25.116,1.3877787807814457e-17,0.0,3.017
Ta2Se2C,,,0.0,,0.0,-0.832,0.0,0.0,0.9336666666666666,0.0,1.4169999999999998,-4.865333333333333,-4.855,-5.182666666666666,-39.977,1.3877787807814457e-17,0.0,6.601
Ge2Al2S6,,,2.343,3.214,0.045,-0.65,0.0,2.014,2.909,2.343,3.214,-4.091,-5.098,-6.105,-47.474,1.3877787807814457e-17,0.0,2.004
BiSCl,2.527,2.679,1.178,1.937,0.010000000000000002,-0.658,0.0,1.002,1.745,1.178,1.937,-5.865,-6.366,-6.867,-12.510999999999996,1.3877787807814457e-17,0.0,3.01
SrSe2H2,,,3.192,4.146,0.031,-0.797,0.0,3.192,4.146,3.192,4.146,-1.8570000000000002,-3.453,-5.049,-19.273,1.3877787807814457e-17,0.0,2.045
Pt4Se5S3,,,1.411,2.043,0.0,-0.407,0.0,1.308,1.829,1.411,2.043,-4.429,-5.083,-5.737,-59.949,1.3877787807814457e-17,0.0,3.635
AgVSe6P2,,,0.404,1.8,0.003999999999999997,-0.272,1.0000000000000002,0.35,1.798,0.404,1.8,-4.805,-4.98,-5.155,-45.71,-0.066,-0.117,2.051
Au2MoSe4,,,0.656,1.377,0.142,-0.23099999999999998,0.0,0.592,1.247,0.656,1.377,-4.039,-4.335,-4.631,-33.011,1.3877787807814457e-17,0.0,2.951
Ag2Sn2Br6,,,2.467,3.283,0.0,-0.622,0.0,2.207,3.095,2.4669999999999996,3.283,-4.005,-5.109,-6.212,-29.522,1.3877787807814457e-17,0.0,2.841
P2S4BeF4,,,3.923,5.122,0.08,-1.465,0.0,3.923,5.122,3.923,5.122,-2.809,-4.77,-6.732,-53.211,1.3877787807814457e-17,0.0,1.476
Au2S2,,,1.605,2.373,0.0,-0.09099999999999997,0.0,1.216,2.01,1.605,2.373,-4.764,-5.372,-5.98,-14.780000000000001,1.3877787807814457e-17,0.0,2.438
Bi2Sb2O6,,,2.76,3.963,0.0,-1.312,0.0,2.73,3.92,2.76,3.963,-2.522,-3.887,-5.252,-62.022,1.3877787807814457e-17,0.0,1.998
MgAl2S4,,,2.048,3.143,0.03,-1.181,0.0,2.048,3.143,2.048,3.143,-3.321,-4.345,-5.368,-33.676,1.3877787807814457e-17,0.0,2.945
Sb2S2Cl2,,,1.941,2.734,0.019000000000000003,-0.529,0.0,1.485,2.256,1.941,2.734,-4.943,-5.685,-6.428,-23.715,1.3877787807814457e-17,0.0,2.998
SnS2,,,1.689,2.724,0.082,-0.319,0.0,1.438,2.509,1.689,2.724,-4.679,-5.399,-6.118,-13.170000000000002,1.3877787807814457e-17,0.0,2.879
HfCl2,2.092,2.88,1.723,2.343,0.006999999999999999,-1.54,0.0,0.908,1.471,1.723,2.343,-2.7910000000000004,-3.245,-3.699,-15.695999999999998,1.3877787807814457e-17,0.0,4.035
Ga2BrCl5,,,3.38,4.624,0.022,-1.038,0.0,3.333,4.579,3.38,4.624,-4.243,-5.91,-7.577,-24.618,1.3877787807814457e-17,0.0,2.804
Rh2I6,,,1.018,2.024,0.0,-0.313,0.0,0.991,1.965,1.018,2.024,-4.373,-4.869,-5.364,-25.669,1.3877787807814457e-17,0.0,3.394
AsSeCl,2.561,3.067,1.855,2.52,0.0049999999999999975,-0.382,0.0,1.373,2.06,1.855,2.52,-4.896,-5.583,-6.269,-11.076,1.3877787807814457e-17,0.0,3.078
Cu4S4Cl4,,,0.846,1.569,0.03,-0.328,0.0,0.822,1.55,0.846,1.569,-6.137,-6.548,-6.959,-42.094,1.3877787807814457e-17,0.0,1.715
Nb2Te6Fe4,,,0.0,,0.012,-0.27,1.0000000000000002,0.0,0.3596666666666666,0.0,0.46433333333333326,-4.275333333333333,-4.41,-4.325666666666667,-79.291,0.9199999999999999,-2.333,2.432
Nb4S12Cl2,,,0.405,0.865,0.035,-0.812,0.0,0.391,0.865,0.40500000000000014,0.865,-4.851,-5.047,-5.243,-108.436,1.3877787807814457e-17,0.0,1.732
Bi2Cl6,,,2.381,3.321,0.0,-1.014,0.0,2.36,3.317,2.381,3.321,-5.423,-6.603,-7.783,-28.175,1.3877787807814457e-17,0.0,2.597
I6Ni2,,,0.0,0.073,0.013999999999999999,-0.08399999999999996,1.0000000000000002,0.0,0.01100000000000012,0.0,0.07299999999999995,-5.557,-5.388,-5.715,-24.034,24.417,23.872,3.316
Te2Co3Si,,,0.0,,0.077,-0.267,1.0000000000000002,0.0,1.045,0.0,1.2076666666666669,-4.447,-4.112,-4.542,-38.096,-0.281,-0.299,5.081
Ta2PdSe6,,,0.0,,0.0,-0.717,0.0,0.0,0.5690000000000002,0.0,0.5690000000000002,-4.751666666666667,-5.128,-5.136,-50.805,1.3877787807814457e-17,0.0,2.193
Sb4I4Ni2O6,,,0.669,3.106,0.05,-0.85,1.0000000000000002,0.647,3.036,0.669,3.106,-4.882,-5.205,-5.529,-82.37,-2.114,-2.171,2.175
I2Br2Mg2,,,3.152,4.108,0.062,-1.245,0.0,3.152,4.108,3.152,4.108,-2.958,-4.534,-6.11,-16.833,1.3877787807814457e-17,0.0,2.575
Au4I4S4,,,0.736,1.366,0.065,0.0,0.0,0.663,1.343,0.736,1.366,-5.272,-5.604,-5.935,-34.752,1.3877787807814457e-17,0.0,1.913
Nb4S12,,,0.686,1.267,0.0020000000000000018,-0.82,0.0,0.376,1.03,0.686,1.267,-4.501,-4.689,-4.877,-103.369,1.3877787807814457e-17,0.0,3.051
Hg2Ag2Se2Cl2,,,1.348,2.362,0.03,-0.352,0.0,1.348,2.362,1.348,2.362,-4.43,-5.104,-5.778,-20.801,1.3877787807814457e-17,0.0,1.462
Nb4Cr2S12,,,0.0,,0.031,-0.924,1.0000000000000002,0.0,2.9379999999999997,0.0,2.939,-5.273666666666666,-5.501,-5.8759999999999994,-125.692,-0.17099999999999999,-0.043,2.195
Au3InIBr3O4,,,0.748,1.645,0.077,-0.378,0.0,0.738,1.63,0.748,1.645,-5.565,-5.934,-6.303,-43.42,1.3877787807814457e-17,0.0,3.198
In2Al2O6,,,2.912,4.43,0.096,-2.21,0.0,2.838,4.392,2.912,4.43,-4.658,-6.077,-7.496,-65.852,1.3877787807814457e-17,0.0,2.297
I6Mn2Li2,,,1.631,4.228,0.054,-0.699,1.0000000000000002,1.623,4.21,1.631,4.228,-3.704,-4.516,-5.327,-39.072,0.192,0.189,2.977
In2Al2O6,,,2.912,4.43,0.096,-2.21,0.0,2.838,4.392,2.912,4.43,-4.658,-6.077,-7.496,-65.852,1.3877787807814457e-17,0.0,2.297
Ir2Te2I2,,,1.013,1.789,0.024,-0.21199999999999997,0.0,0.956,1.671,1.013,1.7890000000000001,-3.788,-4.266,-4.744,-29.191,1.3877787807814457e-17,0.0,2.11
YICl,,,0.873,1.493,0.054,-1.652,1.0000000000000002,0.255,0.7730000000000001,0.873,1.493,-3.527,-3.654,-3.782,-12.909999999999997,0.252,0.252,3.637
MoSeS,2.328,2.361,1.453,1.949,0.009000000000000001,-0.805,0.0,1.453,1.949,1.453,1.949,-4.123,-4.849,-5.576,-21.178,1.3877787807814457e-17,0.0,4.568
Ta4I2S12,,,0.519,0.936,0.093,-0.657,0.0,0.502,0.9359999999999999,0.519,0.9359999999999997,-4.646,-4.897,-5.148,-102.99100000000001,1.3877787807814457e-17,0.0,1.858
AuInI2S,,,1.038,1.691,0.092,-0.312,0.0,0.99,1.6480000000000001,1.038,1.691,-4.64,-5.135,-5.63,-14.485999999999997,1.3877787807814457e-17,0.0,3.51
Tl2Pd4Se6,,,0.861,1.316,0.03,-0.376,0.0,0.834,1.316,0.861,1.316,-3.991,-4.408,-4.825,-45.682,1.3877787807814457e-17,0.0,1.802
Ta4Te12Br2,,,0.67,1.093,0.0020000000000000018,-0.377,0.0,0.67,1.093,0.67,1.093,-3.95,-4.285,-4.62,-87.674,1.3877787807814457e-17,0.0,1.98
Ca2S4Cl4H8,,,5.243,6.497,0.009000000000000001,-0.922,0.0,5.219,6.475,5.243,6.497,-2.036,-4.646,-7.255,-70.673,1.3877787807814457e-17,0.0,1.439
Ta2Co2Se6,,,0.0,,0.012,-0.64,1.0000000000000002,0.0,1.8366666666666664,0.0,1.8716666666666668,-5.146,-5.094,-5.408,-63.39,1.547,0.2,2.158
NbInBr6,,,0.792,1.474,0.005999999999999998,-0.911,0.0,0.792,1.473,0.792,1.474,-5.064,-5.46,-5.856,-29.883,1.3877787807814457e-17,0.0,2.498
Tl2Pb2P2,,,0.491,0.953,0.057,0.04600000000000004,0.0,0.3589999999999999,0.7,0.491,0.9530000000000001,-3.393,-3.572,-3.752,-22.965,1.3877787807814457e-17,0.0,3.087
Bi2Se3,,,0.628,1.101,0.0,-0.389,0.0,0.243,0.7319999999999998,0.628,1.101,-5.742,-5.863,-5.985,-21.743,1.3877787807814457e-17,0.0,2.827
Ti2Cl4,,,0.383,1.016,0.0,-1.544,0.0,0.32499999999999996,0.9969999999999999,0.383,1.0159999999999998,-4.327,-4.489,-4.651,-29.784,1.3877787807814457e-17,0.0,3.664
InSe6NaP2,,,1.859,2.698,0.0,-0.403,0.0,1.776,2.61,1.859,2.698,-4.153,-5.041,-5.929,-39.729,1.3877787807814457e-17,0.0,1.668
Ta2PtS6,,,0.0,,0.0,-0.902,0.0,0.0,0.7293333333333334,0.0,0.7293333333333334,-4.935666666666666,-5.516,-5.354666666666667,-58.57,1.3877787807814457e-17,0.0,2.158
Ag4S4Cl4H4,,,0.457,0.706,0.064,-0.22799999999999998,0.0,0.38,0.6220000000000001,0.4570000000000001,0.706,-6.045,-6.235,-6.425,-51.753,1.3877787807814457e-17,0.0,1.574
Tl2Te6Ni4,,,0.314,0.236,0.012,-0.21399999999999997,0.0,0.273,0.23599999999999977,0.31400000000000006,0.23599999999999977,-4.045,-4.182,-4.319,-55.782,1.3877787807814457e-17,0.0,1.864
InGaBr2S2,,,1.639,2.736,0.017,-0.734,0.0,1.639,2.736,1.639,2.736,-4.732,-5.552,-6.371,-21.397,1.3877787807814457e-17,0.0,3.044
As2Mg2S6,,,2.029,3.081,0.074,-0.576,0.0,2.029,3.081,2.029,3.081,-4.633,-5.647,-6.662,-42.786,1.3877787807814457e-17,0.0,1.9329999999999998
CdSn2I2S2,,,2.024,2.718,0.045,-0.507,0.0,1.906,2.617,2.024,2.718,-3.45,-4.403,-5.356,-23.704,1.3877787807814457e-17,0.0,1.824
Cd2Te2Cu2Br2,,,1.102,2.466,0.082,-0.395,0.0,1.102,2.466,1.102,2.466,-3.857,-4.408,-4.959,-21.947,1.3877787807814457e-17,0.0,1.572
Bi4S12B4,,,1.489,2.378,0.085,-0.315,0.0,1.486,2.378,1.489,2.378,-4.191,-4.934,-5.677,-100.753,1.3877787807814457e-17,0.0,1.935
Se6Mg2P2,,,2.049,2.964,0.0,-0.616,0.0,2.049,2.964,2.049,2.964,-3.894,-4.919,-5.943,-41.017,1.3877787807814457e-17,0.0,1.976
I2Ga2S2,,,1.046,1.948,0.008,-0.589,0.0,1.045,1.947,1.046,1.948,-4.361,-4.883,-5.406,-20.454,1.3877787807814457e-17,0.0,2.132
Ti3C2O2,,,0.0,1.481,0.175,-1.609,0.0,0.0,0.478,0.0,1.481,-5.584333333333333,-6.142,-5.818,-60.017,1.3877787807814457e-17,0.0,6.171
PbTe,2.059,2.059,0.93,1.5,0.198,-0.22399999999999998,0.0,0.93,1.5,0.93,1.5,-3.706,-4.171,-4.636,-7.409999999999997,1.3877787807814457e-17,0.0,2.554
Cd2BrS2Cl,,,1.072,1.981,0.089,-0.638,0.0,1.072,1.981,1.072,1.981,-5.168,-5.703,-6.239,-17.207,1.3877787807814457e-17,0.0,4.462
Ag2As4Se3Cl2,,,1.667,2.844,0.034,-0.20199999999999996,0.0,1.666,2.844,1.667,2.844,-4.081,-4.914,-5.747,-40.575,1.3877787807814457e-17,0.0,1.368
Cd2Sb2O4F2,,,2.581,3.669,0.072,-1.517,0.0,2.459,3.513,2.581,3.669,-3.728,-4.958,-6.188,-49.512,1.3877787807814457e-17,0.0,1.513
Y2Br4S4,,,1.664,2.503,0.044,-1.367,0.0,1.606,2.442,1.664,2.503,-4.867,-5.67,-6.473,-45.704,1.3877787807814457e-17,0.0,2.748
Se2Na6O8H2,,,4.264,5.631,0.013999999999999999,-1.428,0.0,4.264,5.631,4.264,5.631,-1.158,-3.29,-5.422,-88.149,1.3877787807814457e-17,0.0,1.001
Sn4I4F4,,,2.554,3.339,0.009000000000000001,-1.44,0.0,2.015,2.754,2.554,3.339,-3.942,-4.95,-5.958,-45.771,1.3877787807814457e-17,0.0,3.861
Sb4K4O8,,,3.671,4.897,0.0010000000000000009,-1.564,0.0,3.569,4.853,3.671,4.897,-1.629,-3.414,-5.198,-88.514,1.3877787807814457e-17,0.0,1.684
In2Se2,2.74,2.775,1.448,2.097,0.0,-0.538,0.0,1.404,2.055,1.448,2.097,-4.507,-5.209,-5.912,-14.642,1.3877787807814457e-17,0.0,3.968
Ta2S2C,,,0.0,,0.0,-0.975,0.0,0.0,0.9336666666666666,0.0,1.4169999999999998,-4.865333333333333,-5.405,-5.182666666666666,-41.881,1.3877787807814457e-17,0.0,6.438
I8Mn4,,,0.828,,0.035,-0.384,1.0000000000000002,0.828,1.3116666666666668,0.828,1.6306666666666667,-4.572,-4.986,-5.4,-55.304,3.377,0.136,3.106
Te4Se2O14,,,3.123,4.531,0.036,-0.875,0.0,2.888,4.219,3.123,4.531,-5.229,-6.672,-8.116,-109.031,1.3877787807814457e-17,0.0,2.173
In2Ga2S6,,,2.003,2.866,0.0030000000000000027,-0.638,0.0,1.981,2.831,2.003,2.866,-4.822,-5.813,-6.803,-42.183,1.3877787807814457e-17,0.0,2.686
Pb2CdBr2O2,,,2.646,3.656,0.0,-1.12,0.0,2.646,3.656,2.646,3.656,-3.251,-4.574,-5.898,-29.703,1.3877787807814457e-17,0.0,1.869
PdLi2O6H6,,,2.434,4.306,0.053,-1.134,0.0,2.434,4.306,2.434,4.306,-2.803,-4.02,-5.238,-75.302,1.3877787807814457e-17,0.0,0.933
In2Br2S2,,,1.908,2.729,0.016,-0.703,0.0,1.908,2.729,1.908,2.729,-4.718,-5.672,-6.626,-21.069,1.3877787807814457e-17,0.0,3.503
Mo3Te8Cr,,,0.645,1.105,0.035,-0.244,0.0,0.645,1.105,0.645,1.105,-4.109,-4.432,-4.754,-71.578,1.3877787807814457e-17,0.0,4.666
Ag2Mn2Br6,,,1.825,3.536,0.005999999999999998,-0.603,1.0000000000000002,1.74,3.536,1.825,3.536,-3.974,-4.844,-5.714,-40.649,0.202,0.206,2.959
Ta2K2Br12,,,2.04,3.387,0.0,-1.205,0.0,2.038,3.385,2.04,3.387,-4.954,-5.973,-6.992,-60.372,1.3877787807814457e-17,0.0,1.758
K2C2N2O2,,,4.759,6.082,0.0020000000000000018,-1.013,0.0,4.61,5.93,4.759,6.082,-1.4340000000000002,-3.739,-6.043,-55.937,1.3877787807814457e-17,0.0,1.093
I2Sc4Br2S4,,,1.768,3.178,0.0,-1.786,0.0,1.726,3.091,1.768,3.178,-4.455,-5.318,-6.181,-62.511,1.3877787807814457e-17,0.0,3.73
Au2Hg2I2Se2,,,0.308,0.94,0.087,-0.14600000000000002,0.0,0.30800000000000005,0.9400000000000002,0.30799999999999994,0.94,-4.951,-5.104,-5.258,-19.123,1.3877787807814457e-17,0.0,1.727
Ta2Te4I4,,,0.622,1.214,0.055,-0.331,0.0,0.569,1.177,0.622,1.214,-4.061,-4.345,-4.63,-41.674,1.3877787807814457e-17,0.0,2.105
YIS,,,3.241,4.493,0.048,-1.797,0.0,2.89,3.985,3.241,4.493,-3.296,-4.741,-6.186,-15.639999999999997,1.3877787807814457e-17,0.0,3.41
W2O6,,,2.165,3.754,0.066,-2.18,0.0,1.267,2.865,2.165,3.754,-7.336,-7.97,-8.604,-71.154,1.3877787807814457e-17,0.0,2.502
Zr2CO2,,,1.812,2.873,0.172,-2.288,0.0,0.95,1.729,1.812,2.873,-4.341,-4.817,-5.292,-45.712,1.3877787807814457e-17,0.0,4.867
K2S8B2H8,,,4.058,5.161,0.0,-0.483,0.0,4.058,5.161,4.058,5.161,-1.63,-3.659,-5.688,-84.724,1.3877787807814457e-17,0.0,1.089
AuPd2O4,,,0.0,,0.038,-0.304,0.0,0.0,0.6383333333333334,0.0,0.6483333333333337,-6.087,-6.53,-6.339333333333333,-33.398,1.3877787807814457e-17,0.0,3.538
Zn2Se2,,,1.621,2.634,0.10799999999999998,-0.61,0.0,1.621,2.634,1.621,2.634,-4.105,-4.916,-5.727,-11.775999999999996,1.3877787807814457e-17,0.0,3.199
CdI2,4.037,4.332,2.409,3.298,0.03,-0.6,0.0,2.136,2.992,2.409,3.298,-3.892,-4.96,-6.028,-5.683,1.3877787807814457e-17,0.0,3.285
V2Br6,,,0.0,0.001,0.0,-0.926,1.0000000000000002,0.0,0.0009999999999998899,0.0,0.0009999999999998899,-5.203333333333333,-5.598,-5.551666666666667,-33.963,0.573,0.5770000000000001,2.77
In2Ge2S2,,,0.414,0.914,0.0030000000000000027,-0.367,0.0,0.4139999999999999,0.9140000000000001,0.4139999999999999,0.9140000000000001,-4.98,-5.187,-5.394,-24.917,1.3877787807814457e-17,0.0,2.987
Cr2As2O6,,,1.324,3.931,0.005999999999999998,-1.582,1.0000000000000002,1.295,3.931,1.324,3.931,-3.334,-3.981,-4.629,-74.71,-0.025999999999999995,-0.023999999999999994,3.25
Hg3Te3,,,0.672,1.174,0.073,-0.13,0.0,0.672,1.174,0.672,1.174,-4.119,-4.455,-4.791,-13.049,1.3877787807814457e-17,0.0,3.027
Zr2Se4Cl4,,,1.501,2.571,0.0,-1.356,0.0,1.437,2.54,1.501,2.571,-4.444,-5.163,-5.881,-49.433,1.3877787807814457e-17,0.0,3.235
I4Mg2,,,2.639,3.593,0.089,-0.992,0.0,2.639,3.593,2.639,3.593,-3.1179999999999994,-4.437,-5.757,-15.103000000000002,1.3877787807814457e-17,0.0,1.748
NiCl2C6N2H4,,,1.013,2.882,0.181,-0.08099999999999996,1.0000000000000002,0.858,2.638,1.013,2.882,-4.289,-4.717,-5.146,-97.36,0.071,0.437,1.165
Cd2IBrS,,,1.204,1.994,0.086,-0.64,0.0,0.907,1.715,1.204,1.994,-4.778,-5.232,-5.685,-12.197000000000003,1.3877787807814457e-17,0.0,4.432
HfNiCl6,,,1.62,4.576,0.0,-1.395,1.0000000000000002,1.62,4.523,1.62,4.576,-5.488,-6.298,-7.108,-36.627,-0.035,-0.032000000000000015,2.885
As8Se8O4,,,1.718,2.575,0.053,-0.431,0.0,1.711,2.557,1.718,2.575,-3.777,-4.633,-5.488,-94.29,1.3877787807814457e-17,0.0,1.404
Sb4Ca2O8,,,3.245,4.316,0.0,-1.926,0.0,3.0039999999999996,4.083,3.245,4.316,-2.129,-3.631,-5.133,-89.606,1.3877787807814457e-17,0.0,2.404
Ag2I2As4S3,,,1.458,2.587,0.04,-0.137,0.0,1.458,2.587,1.458,2.587,-3.948,-4.677,-5.406,-41.034,1.3877787807814457e-17,0.0,1.592
Ta4Te12I2,,,0.615,1.024,0.003999999999999997,-0.325,0.0,0.615,1.024,0.615,1.024,-4.019,-4.327,-4.634,-86.534,1.3877787807814457e-17,0.0,2.03
Mo2Se2C,,,0.0,,0.153,-0.333,0.0,0.0,0.3823333333333334,0.0,0.7436666666666667,-4.868666666666666,-4.811,-4.983666666666667,-40.254,1.3877787807814457e-17,0.0,6.46
Sc2P2S6,,,1.235,2.267,0.096,-0.979,0.0,0.827,1.762,1.235,2.267,-4.42,-4.834,-5.247,-54.311,1.3877787807814457e-17,0.0,3.444
Tl2Br2O2,,,1.043,1.778,0.0,-0.641,0.0,1.013,1.778,1.043,1.778,-6.099,-6.605,-7.111,-22.259,1.3877787807814457e-17,0.0,3.795
Ag2Cl2,,,1.569,3.05,0.017999999999999995,-0.421,0.0,1.569,3.05,1.569,3.05,-4.252,-5.036,-5.821,-10.933999999999997,1.3877787807814457e-17,0.0,2.633
K4O2,,,0.525,1.834,0.058,-0.988,0.0,0.525,1.834,0.525,1.834,-1.2080000000000006,-1.471,-1.733,-21.057,1.3877787807814457e-17,0.0,1.233
Pt4I4SeS3,,,0.775,1.556,0.05,-0.259,0.0,0.641,1.455,0.775,1.556,-4.457,-4.777,-5.098,-50.159,1.3877787807814457e-17,0.0,3.718
Sn4Ca2Cl12,,,3.519,4.426,0.045,-1.44,0.0,3.519,4.426,3.519,4.426,-2.738,-4.498,-6.258,-67.585,1.3877787807814457e-17,0.0,2.024
Ge2P2Cl2O6,,,4.65,5.919,0.0,-1.623,0.0,4.599,5.831,4.65,5.919,-2.351,-4.651,-6.95,-73.547,1.3877787807814457e-17,0.0,1.658
Hf2Se4Cl4,,,1.64,2.561,0.021,-1.309,0.0,1.623,2.539,1.64,2.561,-4.192,-5.004,-5.815,-49.175,1.3877787807814457e-17,0.0,3.282
Sb2Cr2Se6,,,0.653,1.292,0.093,-0.3340000000000001,1.0000000000000002,0.5290000000000001,1.123,0.653,1.292,-4.238,-4.502,-4.767,-51.868,0.178,0.178,3.756
Mn2SeCl3,,,0.397,1.611,0.075,-0.838,1.0000000000000002,0.30800000000000005,1.4939999999999998,0.39700000000000013,1.611,-5.555,-5.709,-5.864,-33.298,-0.138,0.306,3.005
Ta2Ni4S6,,,0.0,,0.045,-0.676,0.0,0.0,0.3936666666666664,0.0,0.3989999999999996,-5.157,-5.284,-5.217333333333333,-81.2,1.3877787807814457e-17,0.0,2.075
PbSrS2O8,,,3.682,5.285,0.025,-1.827,0.0,3.675,5.262,3.682,5.285,-3.344,-5.181,-7.019,-76.502,1.3877787807814457e-17,0.0,3.454
Te6Ge2Al2,,,0.943,1.516,0.013999999999999999,-0.25,0.0,0.943,1.476,0.9430000000000001,1.516,-4.098,-4.569,-5.041,-38.239,1.3877787807814457e-17,0.0,2.079
I6Fe2Cu2,,,0.792,3.033,0.14100000000000001,0.0030000000000000027,0.0,0.754,2.994,0.792,3.033,-3.774,-4.151,-4.527,-34.281,1.3877787807814457e-17,0.0,3.621
Zr2Te4Br4,,,1.022,1.821,0.0,-0.975,0.0,0.972,1.795,1.022,1.821,-4.308,-4.794,-5.28,-43.714,1.3877787807814457e-17,0.0,3.281
Bi2Cd2Cl2O4,,,2.947,4.145,0.027,-1.168,0.0,2.845,4.073,2.947,4.145,-4.094,-5.516,-6.939,-46.954,1.3877787807814457e-17,0.0,1.78
Ag8S4,,,2.028,2.973,0.0020000000000000018,-0.07299999999999995,0.0,2.028,2.973,2.028,2.973,-3.726,-4.74,-5.754,-39.913,1.3877787807814457e-17,0.0,2.45
In4I4Se4,,,1.763,2.602,0.0,-0.559,0.0,1.763,2.602,1.763,2.602,-4.382,-5.264,-6.145,-37.605,1.3877787807814457e-17,0.0,1.839
PtNa2S6H6,,,2.292,3.411,0.003999999999999997,-0.432,0.0,2.273,3.386,2.292,3.411,-2.942,-4.078,-5.214,-59.867,1.3877787807814457e-17,0.0,1.127
Mn2SeCl3,,,0.397,1.611,0.075,-0.838,1.0000000000000002,0.30800000000000005,1.4939999999999998,0.39700000000000013,1.611,-5.555,-5.709,-5.864,-33.298,-0.138,0.306,3.005
Sb4Li4O8,,,3.523,4.749,0.0030000000000000027,-1.678,0.0,3.297,4.47,3.523,4.749,-2.155,-3.804,-5.452,-93.029,1.3877787807814457e-17,0.0,1.949
Pb2CdCl2O2,,,2.869,3.928,0.0,-1.212,0.0,2.869,3.928,2.869,3.928,-3.144,-4.578,-6.012,-30.75,1.3877787807814457e-17,0.0,1.802
Cd2Cu2S2Cl2,,,0.876,2.589,0.071,-0.58,0.0,0.876,2.584,0.876,2.589,-4.285,-4.723,-5.162,-25.572,1.3877787807814457e-17,0.0,1.56
Bi2P2O8,,,3.336,4.982,0.081,-1.849,0.0,3.332,4.969,3.336,4.982,-3.002,-4.668,-6.334,-83.26,1.3877787807814457e-17,0.0,1.398
In2MgS4,,,1.163,2.137,0.0,-0.845,0.0,1.163,2.137,1.163,2.137,-4.617,-5.199,-5.78,-29.371,1.3877787807814457e-17,0.0,3.079
NbBr6Li,,,1.558,2.956,0.0,-1.079,0.0,1.552,2.937,1.558,2.956,-5.466,-6.242,-7.018,-30.358,1.3877787807814457e-17,0.0,2.579
Ti2Cl2N2,,,0.62,2.092,0.0010000000000000009,-1.574,0.0,0.62,2.092,0.62,2.092,-5.92,-6.23,-6.54,-43.101,1.3877787807814457e-17,0.0,3.943
Hf2Se2P,,,0.0,,0.0030000000000000027,-1.326,0.0,0.0,0.6833333333333333,0.0,1.1853333333333336,-4.342666666666666,-5.081,-4.732333333333333,-33.974,1.3877787807814457e-17,0.0,3.228
Te2As2Se,,,0.829,1.344,0.0,-0.05899999999999994,0.0,0.5829999999999999,0.9929999999999999,0.829,1.344,-4.347,-4.638,-4.93,-19.516,1.3877787807814457e-17,0.0,4.713
Cs2C4O6H6,,,4.513,6.21,0.094,-1.043,0.0,4.473,6.166,4.513,6.21,-0.8730000000000002,-3.109,-5.346,-108.00300000000001,1.3877787807814457e-17,0.0,1.539
Ag2Br2S4,,,1.167,2.242,0.026,-0.14700000000000002,0.0,1.167,2.242,1.167,2.242,-4.97,-5.554,-6.137,-26.341,1.3877787807814457e-17,0.0,2.632
TlPd5I2,,,0.0,,0.0,-0.22299999999999998,0.0,0.0,0.5063333333333335,0.0,0.7016666666666664,-4.617,-4.519,-4.996,-26.339,1.3877787807814457e-17,0.0,5.143
MnP2F12,,,3.165,6.468,0.0,-2.614,1.0000000000000002,3.162,6.441,3.165,6.468,-5.045,-6.626,-8.207,-78.697,-0.005000000000000018,-0.007999999999999993,2.073
Pb2As2S6C2H6,,,2.104,3.102,0.044,-0.21299999999999997,0.0,1.994,2.964,2.104,3.102,-3.458,-4.456,-5.453,-83.524,1.3877787807814457e-17,0.0,1.614
Ta2Li2F12,,,6.153,8.755,0.0,-3.347,0.0,6.136,8.724999999999998,6.152999999999999,8.755,-4.244,-7.312,-10.38,-95.999,1.3877787807814457e-17,0.0,1.957
IrSCl,,,1.699,2.748,0.044,-0.456,0.0,1.457,2.505,1.699,2.748,-4.013,-4.742,-5.47,-16.508,1.3877787807814457e-17,0.0,3.823
Ag2Te4Cl2,,,1.333,2.301,0.0,-0.248,0.0,1.291,2.098,1.333,2.301,-4.336,-4.982,-5.628,-24.054,1.3877787807814457e-17,0.0,2.554
Cs2C2O6,,,1.085,2.693,0.006999999999999999,-1.473,1.0000000000000002,1.065,2.628,1.085,2.693,-5.673,-6.206,-6.738,-65.585,-0.006999999999999992,0.0,1.49
I2Mn2S,,,0.222,2.503,0.079,-0.368,1.0000000000000002,0.03699999999999992,2.219,0.22199999999999998,2.503,-4.801,-4.819,-4.838,-28.308,0.5510000000000002,0.54,4.622
Ir2RhGaBr4S4,,,0.393,1.23,0.058,-0.532,0.0,0.33699999999999997,1.137,0.393,1.23,-5.264,-5.432,-5.601,-57.637,1.3877787807814457e-17,0.0,4.01
Ir4Bi8,,,0.0,,0.036,-0.02400000000000002,0.0,0.0,0.12733333333333308,0.0,0.2326666666666668,-3.8503333333333334,-3.607,-3.942333333333333,-74.787,1.3877787807814457e-17,0.0,2.257
SbTe2Ni2,,,0.0,,0.015,-0.274,0.0,0.0,0.7146666666666663,0.0,0.7306666666666666,-4.464333333333333,-4.696,-4.631,-26.68,1.3877787807814457e-17,0.0,2.847
W2I6KO2,,,0.0,,0.023,-0.902,0.0,0.0,0.2243333333333335,0.0,0.24300000000000033,-4.823333333333333,-4.629,-5.052,-53.23,1.3877787807814457e-17,0.0,1.977
CdGa2S4,,,0.496,1.453,0.079,-0.621,0.0,0.496,1.453,0.496,1.453,-4.778,-5.026,-5.274,-27.394,1.3877787807814457e-17,0.0,3.025
Se2Al2Cl2,,,3.662,4.701,0.009000000000000001,-1.164,0.0,3.662,4.701,3.662,4.701,-3.999,-5.83,-7.662,-24.994,1.3877787807814457e-17,0.0,2.904
CdOFH,,,2.702,4.389,0.046,-1.505,0.0,2.702,4.389,2.702,4.389,-3.682,-5.033,-6.384,-16.981,1.3877787807814457e-17,0.0,1.057
Bi2Te4Mn,,,0.212,0.656,0.036,-0.17000000000000004,1.0000000000000002,0.1100000000000001,0.6560000000000001,0.21199999999999997,0.6560000000000001,-4.625,-4.68,-4.736,-33.078,-1.845,-1.9070000000000003,3.529
Ba4Sb4Se8F4,,,1.468,2.055,0.0,-1.769,0.0,1.386,2.045,1.468,2.055,-4.183,-4.876,-5.569,-94.534,1.3877787807814457e-17,0.0,3.499
Te4Ga4Br4,,,2.029,2.747,0.0020000000000000018,-0.607,0.0,2.029,2.747,2.029,2.747,-4.203,-5.218,-6.232,-38.054,1.3877787807814457e-17,0.0,1.63
Te4NiAl2,,,0.0,,0.098,-0.30599999999999994,0.0,0.0,0.7273333333333336,0.0,0.9540000000000002,-4.208333333333333,-3.982,-4.335666666666667,-29.685,1.3877787807814457e-17,0.0,3.409
Ag2Cr2P4S12,,,1.012,2.715,0.0,-0.363,1.0000000000000002,0.997,2.715,1.012,2.715,-5.043,-5.541,-6.04,-102.15100000000001,-0.08999999999999997,0.011999999999999997,2.01
Ag6I6,,,1.504,2.496,0.026,-0.243,0.0,1.504,2.496,1.504,2.496,-3.973,-4.725,-5.477,-28.824,1.3877787807814457e-17,0.0,3.363
Zr2AsSe2,,,0.0,,0.012,-1.279,0.0,0.0,0.6833333333333333,0.0,1.1853333333333336,-4.481333333333334,-5.119,-4.827666666666667,-32.828,1.3877787807814457e-17,0.0,3.183
Hf2Cl2N,,,0.0,,0.0,-1.6059999999999999,0.0,0.0,1.0810000000000002,0.0,1.0946666666666667,-4.041666666666667,-3.452,-4.482666666666667,-34.964,1.3877787807814457e-17,0.0,5.625
Ag2I6Ca2,,,2.641,3.677,0.016,-1.091,0.0,2.641,3.677,2.641,3.677,-3.36,-4.68,-6.001,-29.483,1.3877787807814457e-17,0.0,3.147
Bi2Cd2O4F2,,,2.949,4.245,0.039,-1.495,0.0,2.816,4.057,2.949,4.245,-3.342,-4.75,-6.158,-49.821,1.3877787807814457e-17,0.0,1.431
Au4Te2O12,,,1.08,2.47,0.041,-0.368,0.0,1.08,2.467,1.08,2.47,-6.509,-7.049,-7.589,-87.04,1.3877787807814457e-17,0.0,1.592
K2Se2H2,,,2.947,3.865,0.0,-0.668,0.0,2.947,3.865,2.947,3.865,-1.6959999999999997,-3.1689999999999996,-4.643,-20.059,1.3877787807814457e-17,0.0,1.187
K2S2C2O6F6,,,6.04,7.818,0.05,-1.725,0.0,5.904,7.674,6.039999999999999,7.818,-1.295,-4.247,-7.199,-100.356,1.3877787807814457e-17,0.0,1.926
ICrSe,,,1.212,2.386,0.048,-0.474,1.0000000000000002,0.721,1.596,1.212,2.386,-4.482,-4.842,-5.203,-15.791,0.081,0.081,3.662
Rh2S2F2,,,0.017,0.918,0.039,-1.061,0.0,0.016999999999999904,0.9180000000000001,0.016999999999999904,0.9180000000000001,-7.212,-7.22,-7.229,-31.989,1.3877787807814457e-17,0.0,3.519
Sc2NF2,,,0.0,,0.016,-2.984,0.0,0.0,1.9996666666666667,0.0,2.2903333333333333,-3.4226666666666663,-3.768,-4.507333333333333,-35.766,1.3877787807814457e-17,0.0,4.114
In2Al2S6,,,2.412,3.336,0.054,-0.771,0.0,2.372,3.283,2.412,3.336,-4.086,-5.272,-6.458,-45.179,1.3877787807814457e-17,0.0,2.655
Au2Br2S4,,,0.991,1.622,0.041,-0.039000000000000035,0.0,0.984,1.611,0.991,1.622,-5.058,-5.55,-6.043,-26.05,1.3877787807814457e-17,0.0,2.356
Zr2Br2N2,,,1.458,2.833,0.094,-1.62,0.0,1.458,2.833,1.458,2.833,-5.577,-6.306,-7.035,-44.403,1.3877787807814457e-17,0.0,4.013
Te2I2Al2,,,2.093,2.938,0.0,-0.569,0.0,2.093,2.938,2.093,2.938,-3.703,-4.75,-5.796,-20.258,1.3877787807814457e-17,0.0,2.039
Nb4Fe2Se10,,,0.0,,0.0,-0.739,1.0000000000000002,0.0,2.679,0.0,2.679,-4.957666666666666,-5.256,-5.9816666666666665,-106.035,-0.21500000000000002,-1.049,2.27
AuBiSe6P2,,,0.933,1.73,0.0,-0.15800000000000003,0.0,0.889,1.604,0.933,1.73,-4.809,-5.253,-5.698,-41.014,1.3877787807814457e-17,0.0,2.029
Cd2Sb2O4F2,,,2.581,3.669,0.072,-1.517,0.0,2.459,3.513,2.581,3.669,-3.728,-4.958,-6.188,-49.512,1.3877787807814457e-17,0.0,1.513
Ta2RuNiSe6,,,0.419,1.344,0.093,-0.581,0.0,0.3380000000000001,1.204,0.41900000000000004,1.344,-4.672,-4.841,-5.01,-63.045,1.3877787807814457e-17,0.0,4.023
Pb2I2S,,,0.974,1.585,0.048,-0.594,0.0,0.929,1.567,0.974,1.585,-4.889,-5.353,-5.817,-17.524,1.3877787807814457e-17,0.0,4.532
I6Sc2,,,2.05,3.724,0.0,-1.289,0.0,1.851,3.428,2.05,3.724,-4.077,-5.002,-5.928,-28.499,1.3877787807814457e-17,0.0,3.066
Ta2I2O4,,,0.823,2.006,0.0,-2.186,0.0,0.614,1.755,0.823,2.006,-4.912,-5.219,-5.526,-60.574,1.3877787807814457e-17,0.0,3.027
Ba2I2H2,,,3.32,4.286,0.016,-1.25,0.0,3.246,4.219,3.32,4.286,-2.773,-4.396,-6.019,-20.76,1.3877787807814457e-17,0.0,2.423
I2Sc,,,0.747,1.21,0.008,-1.138,1.0000000000000002,0.1060000000000001,0.5729999999999997,0.747,1.21,-3.635,-3.688,-3.741,-11.030000000000001,0.51,0.51,3.716
ZrMoI3Br3,,,0.791,1.75,0.092,-0.808,1.0000000000000002,0.704,1.642,0.791,1.75,-4.349,-4.701,-5.053,-34.26,0.5529999999999999,-0.561,3.239
ZrNiCl6,,,1.598,4.539,0.0030000000000000027,-1.386,1.0000000000000002,1.598,4.484,1.598,4.539,-5.509,-6.308,-7.107,-36.451,-0.035,-0.032000000000000015,2.869
Hg2I2Br2,,,1.469,2.363,0.005999999999999998,-0.438,0.0,1.469,2.363,1.469,2.363,-4.814,-5.548,-6.283,-10.525999999999996,1.3877787807814457e-17,0.0,2.754
Ga2Se6Al2,,,2.034,2.808,0.012,-0.713,0.0,1.97,2.729,2.034,2.808,-4.093,-5.078,-6.063,-41.311,1.3877787807814457e-17,0.0,2.705
WTe2,1.377,1.377,0.727,1.141,0.026,-0.10899999999999999,0.0,0.727,1.141,0.7269999999999999,1.141,-3.691,-4.055,-4.418,-18.222999999999995,1.3877787807814457e-17,0.0,4.833
InAs2S6Li,,,2.11,3.07,0.087,-0.344,0.0,2.02,3.006,2.11,3.07,-4.542,-5.552,-6.562,-41.885,1.3877787807814457e-17,0.0,1.644
Hf2Te8Ge2,,,0.578,1.067,0.008,-0.46399999999999997,0.0,0.565,1.067,0.578,1.0670000000000002,-3.96,-4.243,-4.525,-55.247,1.3877787807814457e-17,0.0,2.303
Pt4Tl2Se6,,,1.184,1.756,0.02,-0.445,0.0,1.132,1.756,1.184,1.756,-3.629,-4.195,-4.761,-56.644,1.3877787807814457e-17,0.0,1.871
Cd2Se6P2,,,1.508,2.369,0.0010000000000000009,-0.315,0.0,1.271,2.15,1.508,2.369,-4.34,-4.976,-5.611,-36.636,1.3877787807814457e-17,0.0,3.664
Se6Al2Si2,,,2.208,3.044,0.0020000000000000018,-0.629,0.0,2.144,2.99,2.208,3.044,-3.824,-4.896,-5.968,-45.462,1.3877787807814457e-17,0.0,2.045
Au2MoO4,,,2.699,4.227,0.10899999999999999,-1.04,0.0,2.64,4.11,2.699,4.227,-3.949,-5.269,-6.589,-45.24,1.3877787807814457e-17,0.0,1.455
I2Co,,,0.0,2.481,0.072,-0.051000000000000045,1.0000000000000002,0.0,1.901,0.0,2.481,-5.388,-5.273,-5.681666666666667,-11.338999999999999,1.16,1.16,2.698
I2Sc2Se2,,,1.431,2.759,0.0,-1.543,0.0,1.393,2.701,1.431,2.759,-4.401,-5.098,-5.795,-28.501,1.3877787807814457e-17,0.0,3.823
Hf4Te3Se5,,,0.02,0.148,0.003999999999999997,-1.151,0.0,0.0029999999999998916,0.14800000000000013,0.020000000000000018,0.14800000000000013,-4.808,-4.809,-4.811,-70.868,1.3877787807814457e-17,0.0,3.922
ZrFeH6,,,1.61,3.173,0.098,-0.137,0.0,1.61,3.173,1.61,3.173,-3.599,-4.404,-5.209,-37.489,1.3877787807814457e-17,0.0,1.92
Pb2Cu2Cl6,,,1.343,3.631,0.011,-0.876,0.0,1.34,3.567,1.343,3.631,-4.463,-5.133,-5.803,-34.343,1.3877787807814457e-17,0.0,2.892
Cu2Br6Mg2,,,2.476,4.596,0.017999999999999995,-1.023,0.0,2.476,4.596,2.476,4.596,-3.196,-4.434,-5.673,-30.326,1.3877787807814457e-17,0.0,2.935
Ba2Sb4O8,,,3.521,4.692,0.0,-1.9,0.0,3.414,4.562,3.521,4.692,-1.959,-3.666,-5.373,-88.873,1.3877787807814457e-17,0.0,2.376
Ba4As4Se8F4,,,1.703,2.456,0.0049999999999999975,-1.703,0.0,1.546,2.348,1.703,2.456,-4.189,-4.962,-5.736,-94.244,1.3877787807814457e-17,0.0,3.364
Re6Se8Cl2,,,1.309,2.08,0.0020000000000000018,-0.497,0.0,1.194,1.895,1.309,2.08,-5.101,-5.698,-6.295,-109.338,1.3877787807814457e-17,0.0,2.648
Zn2Br2,,,2.662,3.585,0.09,-0.602,0.0,2.372,3.234,2.662,3.585,-3.771,-4.957,-6.143,-7.947000000000003,1.3877787807814457e-17,0.0,3.462
Ni3ZnO8H4,,,0.38,1.841,0.07,-0.869,1.0000000000000002,0.18199999999999994,1.709,0.38,1.841,-4.202,-4.293,-4.384,-91.125,0.091,-0.14500000000000002,1.984
In4Te4Cl4,,,2.006,2.839,0.005999999999999998,-0.699,0.0,2.006,2.839,2.006,2.839,-4.665,-5.668,-6.671,-39.395,1.3877787807814457e-17,0.0,3.302
Ta3Te6,,,0.0,,0.015,-0.37,0.0,0.0,0.08966666666666656,0.0,0.21166666666666645,-4.423666666666667,-4.694,-4.567333333333333,-52.012,1.3877787807814457e-17,0.0,2.497
Te2As2O10H2,,,3.44,4.89,0.0,-1.114,0.0,3.389,4.857,3.44,4.89,-4.483,-6.178,-7.872,-91.45,1.3877787807814457e-17,0.0,2.058
Ni4Se6S2,,,0.178,0.507,0.016,-0.258,0.0,0.137,0.44000000000000017,0.17799999999999994,0.5070000000000001,-4.928,-4.996,-5.064,-61.134,1.3877787807814457e-17,0.0,3.507
ZrI6Ni,,,0.899,2.632,0.0,-0.628,1.0000000000000002,0.851,2.561,0.899,2.632,-4.832,-5.258,-5.683,-28.548,0.39,0.387,3.267
AuHgBrCl3,,,0.432,1.481,0.028,-0.4060000000000001,1.0000000000000002,0.1280000000000001,1.148,0.43199999999999994,1.481,-5.874,-5.938,-6.002,-13.388999999999996,0.425,-0.279,2.592
Nb2Cl4O2,,,1.119,2.03,0.0,-1.898,0.0,1.041,1.951,1.119,2.03,-4.923,-5.443,-5.964,-53.226,1.3877787807814457e-17,0.0,1.772
ZrTe8Ti3,,,0.1,0.751,0.11399999999999999,-0.635,0.0,0.08000000000000007,0.722,0.10000000000000009,0.7509999999999999,-5.141,-5.181,-5.221,-60.726,1.3877787807814457e-17,0.0,4.138
Pd3P2S8,,,1.845,2.902,0.0,-0.348,0.0,1.75,2.876,1.845,2.902,-4.704,-5.579,-6.455,-59.336,1.3877787807814457e-17,0.0,1.708
Nb2I4S4,,,1.485,2.332,0.0,-0.697,0.0,1.432,2.284,1.485,2.332,-4.025,-4.741,-5.456,-49.852,1.3877787807814457e-17,0.0,1.956
W2NaCl6O2,,,0.0,,0.0,-1.462,0.0,0.0,1.599,0.0,1.6006666666666665,-4.667666666666666,-5.634,-5.497,-61.32,1.3877787807814457e-17,0.0,1.685
Au2Ag2Cl8,,,0.979,2.375,0.0,-0.389,0.0,0.909,2.332,0.979,2.375,-5.898,-6.352,-6.807,-30.882,1.3877787807814457e-17,0.0,1.357
Ba2Bi4O8,,,2.887,4.235,0.0,-1.75,0.0,2.868,4.146,2.8870000000000005,4.235,-1.956,-3.391,-4.825,-87.845,1.3877787807814457e-17,0.0,2.275
Cd2TeI2,,,1.906,2.659,0.084,-0.48,0.0,1.906,2.659,1.906,2.659,-3.778,-4.731,-5.684,-10.414000000000001,1.3877787807814457e-17,0.0,2.487
TeCrS,0.697,1.006,0.666,1.095,0.161,-0.318,0.0,0.261,0.8200000000000001,0.666,1.095,-4.731,-4.862,-4.992,-17.644,1.3877787807814457e-17,0.0,4.436
Te2Ga2,,,1.239,1.788,0.053,-0.321,0.0,0.946,1.412,1.239,1.788,-3.994,-4.467,-4.94,-13.5,1.3877787807814457e-17,0.0,1.576
GeSe2,,,0.0,0.948,0.129,-0.137,0.0,0.0,0.3780000000000001,0.0,0.948,-5.164666666666666,-5.622,-5.511666666666667,-11.891999999999996,1.3877787807814457e-17,0.0,3.738
Ta3SCl7,,,0.925,1.645,0.0,-1.298,0.0,0.925,1.643,0.925,1.645,-4.37,-4.833,-5.295,-60.3,1.3877787807814457e-17,0.0,1.878
Mo2H6,,,0.0,,0.086,0.08599999999999997,0.0,0.0,0.6283333333333334,0.0,0.7456666666666667,-5.154,-5.488,-5.341,-41.665,1.3877787807814457e-17,0.0,2.309
Ti2Cl2B,,,0.0,,0.0,-1.267,0.0,0.0,0.9336666666666666,0.0,1.4169999999999998,-4.865333333333333,-4.733,-5.182666666666666,-29.989,1.3877787807814457e-17,0.0,5.119
Ru2Br6,,,0.0,0.128,0.017,-0.308,1.0000000000000002,0.0,0.053999999999999826,0.0,0.1280000000000001,-4.934333333333333,-5.477,-5.267666666666667,-30.896,-3.2709999999999995,-3.075,2.96
Rh2S2F2,,,0.95,2.189,0.0,-1.1,0.0,0.9040000000000001,2.175,0.95,2.189,-5.044,-5.497,-5.949,-32.226,1.3877787807814457e-17,0.0,1.635
In2S2Cl2,,,1.797,2.649,0.019000000000000003,-0.81,0.0,1.797,2.649,1.797,2.649,-4.935,-5.833,-6.732,-22.115,1.3877787807814457e-17,0.0,3.462
Nb2Co2Se6,,,0.0,,0.016,-0.643,1.0000000000000002,0.0,1.8366666666666664,0.0,1.8716666666666668,-5.146,-5.161,-5.408,-64.441,1.194,0.446,2.151
TeI5CrMn,,,0.232,0.634,0.081,-0.308,1.0000000000000002,0.07800000000000007,0.40200000000000014,0.23199999999999998,0.6340000000000001,-5.155,-5.194,-5.233,-32.186,-2.934,2.237,3.234
Ta4S12,,,0.222,0.884,0.0,-0.844,0.0,0.15999999999999992,0.823,0.22199999999999998,0.8839999999999999,-5.587,-5.667,-5.747,-101.702,1.3877787807814457e-17,0.0,2.691
Ni2Se4,,,1.085,2.376,0.067,-0.19100000000000006,0.0,1.015,2.183,1.085,2.376,-4.179,-4.686,-5.194,-29.573,1.3877787807814457e-17,0.0,2.597
InCuSe6P2,,,0.908,2.088,0.0,-0.22899999999999998,0.0,0.908,2.051,0.908,2.088,-4.647,-5.101,-5.555,-40.356,1.3877787807814457e-17,0.0,2.021
Ta2Te4Ni4,,,0.0,,0.0,-0.405,0.0,0.0,0.07966666666666633,0.0,0.08833333333333337,-4.332,-4.32,-4.3886666666666665,-65.494,1.3877787807814457e-17,0.0,3.106
Rh2Te2Cl2,,,1.038,2.114,0.0,-0.594,0.0,1.038,2.113,1.038,2.114,-4.375,-4.894,-5.413,-27.839,1.3877787807814457e-17,0.0,1.889
ZrFeBr6,,,0.891,3.197,0.0,-0.961,0.0,0.871,3.164,0.891,3.197,-4.379,-4.815,-5.25,-33.638,1.3877787807814457e-17,0.0,3.062
Zn2P2S6,,,2.484,3.59,0.02,-0.4139999999999999,0.0,2.086,3.197,2.484,3.59,-4.017,-5.06,-6.103,-41.703,1.3877787807814457e-17,0.0,3.616
Hf2Se6P2,,,0.724,1.408,0.196,-0.646,0.0,0.469,1.099,0.724,1.408,-4.637,-4.872,-5.106,-53.101,1.3877787807814457e-17,0.0,3.609
Cu2Se2,,,0.977,1.654,0.101,-0.040000000000000036,0.0,0.44700000000000006,1.116,0.977,1.654,-4.966,-5.189,-5.413,-14.479,1.3877787807814457e-17,0.0,2.595
Bi2Se2Br2,,,0.705,1.201,0.082,-0.501,0.0,0.619,1.189,0.705,1.201,-5.744,-6.054,-6.364,-22.487,1.3877787807814457e-17,0.0,3.133
Te2Ni2S6,,,0.647,1.632,0.063,-0.118,0.0,0.61,1.567,0.6469999999999999,1.632,-3.784,-4.089,-4.394,-46.55,1.3877787807814457e-17,0.0,2.33
Mo2V2S8,,,0.0,,0.02,-0.88,0.0,0.0,0.35199999999999987,0.0,0.4469999999999996,-5.576333333333333,-5.98,-5.7363333333333335,-82.641,1.3877787807814457e-17,0.0,4.251
Ag4O4F4H4,,,0.0,,0.059,-0.867,0.0,0.0,0.8646666666666667,0.0,0.8946666666666665,-6.174666666666667,-6.522,-6.3966666666666665,-65.375,1.3877787807814457e-17,0.0,1.165
Ti2Br6,,,0.191,1.078,0.065,-1.193,1.0000000000000002,0.16999999999999993,1.071,0.19100000000000006,1.078,-4.734,-4.819,-4.904,-32.428,-0.05199999999999999,-0.051000000000000004,2.83
Re4Se8,,,1.116,1.621,0.0,-0.403,0.0,1.115,1.621,1.116,1.621,-3.929,-4.487,-5.045,-79.325,1.3877787807814457e-17,0.0,4.402
HfZnF6,,,5.932,8.573,0.025,-3.284,0.0,5.932,8.573,5.932,8.573,-3.721,-6.687,-9.653,-44.48,1.3877787807814457e-17,0.0,2.216
W2Cr2S8,,,0.953,1.442,0.013999999999999999,-0.759,0.0,0.941,1.4419999999999997,0.953,1.442,-4.776,-5.246,-5.717,-83.52,1.3877787807814457e-17,0.0,4.443
Cu2Br2P4S3,,,1.231,2.985,0.03,-0.20599999999999996,0.0,1.231,2.985,1.231,2.985,-4.197,-4.813,-5.428,-46.475,1.3877787807814457e-17,0.0,1.577
Pd4As4Se4,,,1.005,1.694,0.045,-0.326,0.0,0.739,1.283,1.005,1.694,-4.876,-5.245,-5.615,-51.772,1.3877787807814457e-17,0.0,2.334
Ta3TeF7,,,0.86,1.703,0.075,-2.501,0.0,0.86,1.702,0.86,1.7029999999999998,-3.947,-4.377,-4.808,-71.27,1.3877787807814457e-17,0.0,1.613
Sb2Cu2S6,,,0.273,1.363,0.048,-0.17900000000000016,0.0,0.273,1.358,0.27300000000000013,1.363,-5.482,-5.618,-5.754,-42.426,1.3877787807814457e-17,0.0,3.658
NiBr2,2.611,2.613,1.034,3.434,0.0,-0.407,1.0000000000000002,0.876,3.317,1.034,3.434,-5.134,-5.572,-6.009,-11.635999999999996,0.05099999999999999,0.049,3.066
BiCuAs2Se6,,,0.387,1.505,0.09,-0.09999999999999998,0.0,0.387,1.374,0.387,1.505,-5.246,-5.439,-5.633,-39.574,1.3877787807814457e-17,0.0,2.039
Bi2Cd2I2O4,,,1.725,2.702,0.0,-1.029,0.0,1.597,2.598,1.725,2.702,-4.108,-4.906,-5.705,-44.949,1.3877787807814457e-17,0.0,2.037
Y2Cl2C,,,0.982,1.806,0.0,-1.587,0.0,0.961,1.763,0.982,1.806,-4.815,-5.295,-5.775,-30.108,1.3877787807814457e-17,0.0,4.954
Sr2Ge4Cl12,,,3.829,4.825,0.0,-1.371,0.0,3.8290000000000006,4.825,3.829,4.825,-2.785,-4.699,-6.613,-67.51,1.3877787807814457e-17,0.0,1.95
Rb2I2Cl8,,,2.476,3.604,0.0,-0.832,0.0,2.476,3.604,2.476,3.604,-4.947,-6.185,-7.423,-29.042,1.3877787807814457e-17,0.0,1.43
HgI2,,,1.54,2.397,0.005999999999999998,-0.3509999999999999,0.0,1.54,2.397,1.54,2.397,-4.394,-5.164,-5.934,-4.894999999999996,1.3877787807814457e-17,0.0,2.557
Sb4As2O12H2,,,3.525,4.768,0.024,-1.281,0.0,3.522,4.765,3.525,4.768,-3.002,-4.763,-6.523,-120.708,1.3877787807814457e-17,0.0,1.395
Tl12S6,,,1.138,1.823,0.064,-0.2879999999999999,0.0,1.11,1.799,1.138,1.823,-3.268,-3.823,-4.378,-59.622,1.3877787807814457e-17,0.0,2.592
Te6Ga2Ge2,,,0.338,0.75,0.074,-0.132,0.0,0.3380000000000001,0.7430000000000001,0.3380000000000001,0.75,-4.523,-4.692,-4.861,-35.385,1.3877787807814457e-17,0.0,2.068
Sb2TeSe2,,,0.829,1.296,0.035,-0.19100000000000006,0.0,0.5729999999999998,1.022,0.829,1.296,-4.931,-5.218,-5.504,-19.938,1.3877787807814457e-17,0.0,4.865
Te2Na6S8H2,,,2.481,3.59,0.0,-0.633,0.0,2.41,3.502,2.481,3.59,-2.836,-4.041,-5.246,-64.917,1.3877787807814457e-17,0.0,1.263
Ba4Te8As4Cl4,,,1.177,1.82,0.067,-1.089,0.0,0.926,1.577,1.177,1.82,-4.182,-4.645,-5.108,-80.52,1.3877787807814457e-17,0.0,3.316
P2S5,,,2.131,3.16,0.047,-0.10999999999999988,0.0,2.018,3.07,2.131,3.16,-3.906,-4.915,-5.923,-31.892,1.3877787807814457e-17,0.0,2.588
Sb2Se4H2,,,0.841,1.262,0.0,-0.17000000000000004,0.0,0.7,1.144,0.841,1.262,-4.747,-5.097,-5.447,-30.751,1.3877787807814457e-17,0.0,3.303
Sc2As2Se6,,,0.951,1.451,0.0,-0.851,0.0,0.839,1.299,0.9509999999999998,1.451,-4.424,-4.843,-5.263,-48.057,1.3877787807814457e-17,0.0,3.534
Bi2As2O8,,,3.08,4.6,0.06,-1.247,0.0,3.07,4.6,3.08,4.6,-3.572,-5.107,-6.642,-74.639,1.3877787807814457e-17,0.0,1.459
Cd2S2,,,1.786,2.696,0.134,-0.532,0.0,1.786,2.696,1.786,2.696,-4.332,-5.224,-6.117,-12.14,1.3877787807814457e-17,0.0,3.085
Al8S12,,,3.443,4.508,0.022,-1.049,0.0,3.317,4.387,3.443,4.508,-3.046,-4.704,-6.363,-99.812,1.3877787807814457e-17,0.0,1.593
IrRuBr4S2,,,0.319,0.85,0.065,-0.317,1.0000000000000002,0.03499999999999992,0.554,0.31899999999999995,0.8500000000000001,-5.236,-5.253,-5.271,-35.771,1.689,-0.796,3.429
Hg2Cu2Br2S2,,,0.775,2.101,0.039,-0.304,0.0,0.775,2.101,0.775,2.101,-4.672,-5.06,-5.448,-22.877,1.3877787807814457e-17,0.0,1.616
Cu2As4S3Cl2,,,1.198,2.91,0.051,-0.257,0.0,1.198,2.91,1.198,2.91,-3.906,-4.505,-5.104,-44.64,1.3877787807814457e-17,0.0,1.511
Na2S2C2N2,,,4.131,5.137,0.102,-0.328,0.0,4.121,5.137,4.131,5.137,-1.5110000000000001,-3.571,-5.631,-48.542,1.3877787807814457e-17,0.0,1.198
Te2Na2MgO8H4,,,4.086,5.459,0.016,-1.453,0.0,3.996,5.384,4.086,5.459,-1.8280000000000003,-3.826,-5.824,-89.638,1.3877787807814457e-17,0.0,1.397
Pd2SbSe2,,,0.0,,0.093,-0.305,0.0,0.0,0.804,0.0,0.8533333333333335,-5.278333333333333,-5.451,-5.5216666666666665,-20.536,1.3877787807814457e-17,0.0,2.728
In2Br6,,,2.745,3.84,0.0,-0.871,0.0,2.745,3.84,2.745,3.84,-4.48,-5.852,-7.224,-21.999,1.3877787807814457e-17,0.0,2.744
TeSc2Br2,,,0.0,,0.053,-1.375,0.0,0.0,1.156666666666667,0.0,1.1953333333333331,-3.72,-3.742,-4.325333333333333,-22.57,1.3877787807814457e-17,0.0,4.478
Nb2Br4S4,,,1.564,2.466,0.0,-0.903,0.0,1.556,2.465,1.564,2.466,-4.058,-4.836,-5.613,-52.334,1.3877787807814457e-17,0.0,1.851
TeMnNiSe,,,0.0,,0.054,-0.236,1.0000000000000002,0.0,1.3276666666666666,0.0,1.4529999999999998,-4.6146666666666665,-4.601,-4.955,-24.596,-0.69,2.517,1.866
Ag2Cd2Br2S2,,,1.356,2.461,0.045,-0.489,0.0,1.356,2.461,1.356,2.461,-4.352,-5.03,-5.708,-22.77,1.3877787807814457e-17,0.0,1.512
Ta2I4Se4,,,1.042,1.756,0.028999999999999998,-0.534,0.0,0.993,1.708,1.042,1.756,-3.971,-4.467,-4.963,-44.815,1.3877787807814457e-17,0.0,2.025
SnSO4,,,4.398,5.578,0.063,-1.317,0.0,4.199,5.411,4.398,5.578,-3.026,-5.126,-7.225,-36.533,1.3877787807814457e-17,0.0,2.318
Zr2CF2,,,0.0,,0.0,-2.363,0.0,0.0,1.6976666666666667,0.0,1.8396666666666666,-3.405333333333333,-3.906,-4.3486666666666665,-39.012,1.3877787807814457e-17,0.0,4.698
Bi2Cu2S4,,,0.154,0.896,0.10399999999999998,-0.20100000000000007,0.0,0.13600000000000012,0.8959999999999999,0.15399999999999991,0.8959999999999999,-3.633,-3.701,-3.769,-34.624,1.3877787807814457e-17,0.0,1.988
W2Se2Mg2O12,,,3.515,5.111,0.076,-1.857,0.0,3.505,5.091,3.515,5.111,-5.181,-6.934,-8.686,-128.085,1.3877787807814457e-17,0.0,2.931
Hf4Se2Br3S2Cl,,,0.0,,0.008,-1.443,0.0,0.0,0.07333333333333325,0.0,0.0733333333333337,-5.1706666666666665,-4.647,-5.201,-68.996,1.3877787807814457e-17,0.0,4.144
IVBrS,,,0.613,2.241,0.128,-0.602,1.0000000000000002,0.537,1.98,0.613,2.241,-5.051,-5.319,-5.588,-18.074,0.05099999999999999,-0.02600000000000001,1.65
Ag2Sb4I2Se3,,,1.275,2.256,0.079,-0.14200000000000002,0.0,1.275,2.227,1.275,2.256,-3.855,-4.492,-5.13,-38.274,1.3877787807814457e-17,0.0,1.674
Bi8S8O4,,,1.385,2.313,0.048,-0.626,0.0,1.356,2.212,1.385,2.313,-4.019,-4.696,-5.374,-103.041,1.3877787807814457e-17,0.0,1.557
Zr2Te8Ti2,,,0.159,0.777,0.118,-0.68,0.0,0.11699999999999999,0.744,0.15900000000000003,0.7770000000000001,-5.155,-5.213,-5.272,-61.981,1.3877787807814457e-17,0.0,4.13
In2Se5,,,1.669,2.43,0.017999999999999995,-0.364,0.0,1.487,2.286,1.669,2.43,-3.864,-4.607,-5.351,-25.486,1.3877787807814457e-17,0.0,1.641
In4Se4Cl4,,,2.487,3.359,0.0,-0.815,0.0,2.487,3.359,2.487,3.359,-4.692,-5.936,-7.179,-41.905,1.3877787807814457e-17,0.0,1.628
ReNiCuBr8,,,0.0,0.418,0.0,-0.316,1.0000000000000002,0.0,0.29400000000000004,0.0,0.41800000000000015,-5.206333333333333,-5.812,-5.566333333333334,-38.733,-4.534,4.057,2.733
Si4P8,,,1.539,2.298,0.0,-0.129,0.0,1.539,2.298,1.539,2.298,-4.207,-4.977,-5.746,-66.056,1.3877787807814457e-17,0.0,1.989
ZrFeBr6,,,0.891,3.197,0.0,-0.961,0.0,0.871,3.164,0.891,3.197,-4.379,-4.815,-5.25,-33.638,1.3877787807814457e-17,0.0,3.062
Cs2I2F8,,,3.294,4.762,0.0,-1.9779999999999998,0.0,3.294,4.762,3.294,4.762,-4.18,-5.827,-7.474,-41.057,1.3877787807814457e-17,0.0,1.24
AgTeCuBr,,,0.0,,0.063,-0.15500000000000003,0.0,0.0,0.6856666666666666,0.0,0.6856666666666664,-5.2283333333333335,-5.466,-5.3933333333333335,-11.926000000000002,1.3877787807814457e-17,0.0,3.134
TeICo,,,0.919,2.212,0.054,-0.126,0.0,0.43500000000000005,0.9710000000000001,0.919,2.212,-4.222,-4.44,-4.657,-13.290999999999997,1.3877787807814457e-17,0.0,3.91
Ba4Se8P4F4,,,1.806,2.601,0.075,-1.662,0.0,1.721,2.547,1.806,2.601,-4.055,-4.916,-5.776,-96.218,1.3877787807814457e-17,0.0,3.369
PdCl2,2.512,2.7,0.639,2.273,0.166,-0.35,1.0000000000000002,0.4630000000000001,2.086,0.6390000000000001,2.273,-5.778,-6.009,-6.24,-8.439,0.008000000000000007,0.011999999999999997,3.032
Mo2Cr2Se8,,,0.819,,0.016,-0.581,0.0,0.819,1.2793333333333334,0.819,1.2793333333333334,-4.404,-4.814,-5.223,-76.058,1.3877787807814457e-17,0.0,4.45
Hf2Cl2N2,,,2.445,3.622,0.0,-1.861,0.0,2.33,3.446,2.445,3.622,-4.378,-5.544,-6.709,-46.453,1.3877787807814457e-17,0.0,3.147
Tl2Ga2O6,,,1.047,2.03,0.08,-1.188,0.0,1.047,2.03,1.047,2.03,-6.363,-6.887,-7.41,-53.428,1.3877787807814457e-17,0.0,2.317
Sb8S8O4,,,1.879,2.729,0.013999999999999999,-0.624,0.0,1.879,2.729,1.879,2.729,-3.508,-4.448,-5.387,-100.85,1.3877787807814457e-17,0.0,1.561
Pd2N4O12,,,1.431,3.277,0.0,-0.387,0.0,1.431,3.277,1.431,3.277,-5.569,-6.284,-6.999,-109.50200000000001,1.3877787807814457e-17,0.0,1.268
PtMn2SeS5,,,0.709,1.674,0.032,-0.481,1.0000000000000002,0.525,1.467,0.709,1.674,-5.259,-5.521,-5.784,-53.991,0.984,1.166,3.633
Tl2Cl2,,,3.523,4.511,0.062,-0.963,0.0,3.493,4.44,3.523,4.511,-2.292,-4.039,-5.785,-12.415999999999997,1.3877787807814457e-17,0.0,1.869
Co2F6,,,1.289,4.58,0.0,-1.89,0.0,1.246,4.58,1.289,4.58,-6.657,-7.28,-7.903,-41.101,1.3877787807814457e-17,0.0,2.376
Ti2AsSe2,,,0.0,,0.023,-1.025,0.0,0.0,1.0690000000000002,0.0,1.0703333333333334,-4.627666666666667,-5.159,-4.765000000000001,-30.134999999999998,1.3877787807814457e-17,0.0,3.087
Au2Hg2Br6,,,0.782,1.647,0.079,-0.303,0.0,0.782,1.6470000000000002,0.782,1.6470000000000002,-5.237,-5.628,-6.019,-20.572,1.3877787807814457e-17,0.0,3.013
Pt2N4O12,,,2.24,3.896,0.012999999999999998,-0.348,0.0,2.206,3.864,2.24,3.896,-4.596,-5.699,-6.802,-113.866,1.3877787807814457e-17,0.0,1.339
Tl2Cl6,,,2.425,3.537,0.0,-0.703,0.0,2.425,3.537,2.425,3.537,-5.724,-6.937,-8.15,-21.33,1.3877787807814457e-17,0.0,2.704
GeNa2O6H6,,,4.152,5.901,0.0,-1.362,0.0,4.152,5.901,4.152,5.901,-1.7430000000000003,-3.818,-5.894,-78.259,1.3877787807814457e-17,0.0,0.8300000000000001
Sb2As4O12H2,,,2.772,4.025,0.094,-1.151,0.0,2.7649999999999997,4.011,2.7720000000000002,4.025,-4.148,-5.531,-6.914,-118.622,1.3877787807814457e-17,0.0,1.291
Hf2Te4Br4,,,1.064,1.735,0.0,-0.909,0.0,1.043,1.723,1.064,1.7349999999999999,-4.165,-4.687,-5.208,-43.262,1.3877787807814457e-17,0.0,3.325
Hf2Se10,,,0.337,0.229,0.0,-0.69,0.0,0.33699999999999997,0.2290000000000001,0.33699999999999997,0.2290000000000001,-4.832,-5.001,-5.169,-58.119,1.3877787807814457e-17,0.0,2.017
FeGa2S4,,,1.003,2.402,0.045,-0.57,0.0,0.862,2.313,1.003,2.402,-3.61,-4.041,-4.472,-35.154,1.3877787807814457e-17,0.0,3.246
BiTeBr,1.69,1.697,0.622,1.186,0.0,-0.504,0.0,0.591,1.159,0.622,1.186,-5.365,-5.661,-5.956,-10.975000000000001,1.3877787807814457e-17,0.0,3.12
HgSn2I2S2,,,2.04,2.802,0.023,-0.398,0.0,1.837,2.589,2.04,2.802,-3.772,-4.69,-5.609,-22.899,1.3877787807814457e-17,0.0,1.917
Sb8Se8O4,,,1.549,2.279,0.027,-0.602,0.0,1.431,2.083,1.549,2.279,-3.666,-4.381,-5.096,-95.649,1.3877787807814457e-17,0.0,1.627
Ag2Br2,,,1.834,3.092,0.017,-0.331,0.0,1.834,3.092,1.834,3.092,-4.494,-5.411,-6.328,-10.171999999999997,1.3877787807814457e-17,0.0,2.59
In2Se6Si2,,,1.475,2.18,0.0,-0.502,0.0,1.41,2.114,1.475,2.18,-4.51,-5.215,-5.921,-42.236,1.3877787807814457e-17,0.0,2.058
Co2Cl6,,,1.137,3.602,0.0,-0.654,0.0,1.13,3.558,1.137,3.602,-5.427,-5.992,-6.557,-32.4,1.3877787807814457e-17,0.0,3.048
Tl4Se2,,,0.897,1.559,0.016,-0.335,0.0,0.883,1.538,0.897,1.559,-3.294,-3.736,-4.178,-18.968,1.3877787807814457e-17,0.0,2.825
Rh2S2Cl2,,,1.065,2.27,0.0,-0.627,0.0,1.063,2.27,1.065,2.27,-4.812,-5.343,-5.875,-29.782,1.3877787807814457e-17,0.0,1.859
IVCl,,,1.141,3.605,0.057,-0.775,1.0000000000000002,1.1,3.537,1.141,3.605,-3.428,-3.977,-4.527,-14.114,-0.04799999999999999,-0.049,2.992
I4Ca2S4H8,,,3.93,5.166,0.0,-0.685,0.0,3.93,5.166,3.9300000000000006,5.166,-2.353,-4.318,-6.283,-65.181,1.3877787807814457e-17,0.0,1.487
P6S12H2,,,2.295,3.237,0.048,-0.1200000000000001,0.0,2.241,3.205,2.295,3.237,-3.828,-4.948,-6.069,-90.167,1.3877787807814457e-17,0.0,1.432
Tl2Se2,1.322,1.374,0.549,0.944,0.076,-0.19599999999999995,0.0,0.4940000000000001,0.8909999999999998,0.549,0.944,-5.348,-5.595,-5.842,-12.747,1.3877787807814457e-17,0.0,3.927
Nb2Br12Na2,,,1.485,2.912,0.0,-1.092,0.0,1.485,2.912,1.485,2.912,-5.259,-6.001,-6.744,-59.749,1.3877787807814457e-17,0.0,1.832
CaSe2H2,,,3.177,4.172,0.043,-0.771,0.0,3.177,4.172,3.1769999999999996,4.172,-1.794,-3.382,-4.971,-19.479,1.3877787807814457e-17,0.0,2.081
Pd2I4O12,,,1.18,2.901,0.026,-0.15700000000000003,0.0,1.034,2.732,1.18,2.901,-4.753,-5.27,-5.787,-77.862,1.3877787807814457e-17,0.0,1.798
Cu2As4Br2S3,,,1.17,2.83,0.038,-0.20699999999999996,0.0,1.17,2.83,1.17,2.83,-3.924,-4.509,-5.094,-43.683,1.3877787807814457e-17,0.0,1.552
Hf2Sn2S8,,,1.256,2.037,0.078,-0.919,0.0,1.183,1.977,1.256,2.037,-4.29,-4.882,-5.473,-66.779,1.3877787807814457e-17,0.0,2.045
Pb2I2Br2,,,1.87,2.708,0.0,-0.831,0.0,1.749,2.565,1.87,2.708,-4.808,-5.682,-6.557,-18.627999999999997,1.3877787807814457e-17,0.0,2.97
Pt2S4,,,1.857,2.895,0.05,-0.345,0.0,1.802,2.787,1.857,2.895,-3.791,-4.692,-5.593,-31.089,1.3877787807814457e-17,0.0,2.791
Bi2Cl6,,,2.184,3.106,0.059,-0.956,0.0,2.184,3.106,2.184,3.106,-5.365,-6.457,-7.549,-27.705,1.3877787807814457e-17,0.0,2.228
Cu2P4S3Cl2,,,1.274,3.123,0.069,-0.257,0.0,1.274,3.123,1.274,3.123,-4.21,-4.847,-5.484,-47.44,1.3877787807814457e-17,0.0,1.533
SnTe2Ni3,,,0.0,,0.06,-0.18300000000000005,0.0,0.0,0.7496666666666667,0.0,0.8206666666666667,-4.2763333333333335,-4.317,-4.488333333333333,-33.308,1.3877787807814457e-17,0.0,4.596
AgGeCl6,,,0.377,1.322,0.10899999999999999,-0.612,1.0000000000000002,0.272,1.23,0.377,1.322,-6.761,-6.897,-7.033,-22.963,-0.045999999999999985,-0.020000000000000004,2.596
Ta2Cl2B,,,0.0,,0.0,-1.028,0.0,0.0,0.9336666666666666,0.0,1.4169999999999998,-4.865333333333333,-4.14,-5.182666666666666,-35.048,1.3877787807814457e-17,0.0,5.631
ZrFeCl6,,,1.065,3.564,0.10799999999999998,-1.32,0.0,1.048,3.545,1.065,3.564,-4.582,-5.106,-5.631,-37.715,1.3877787807814457e-17,0.0,3.093
W2Cr2Se8,,,0.759,1.203,0.015,-0.525,0.0,0.759,1.203,0.759,1.203,-4.327,-4.706,-5.086,-75.952,1.3877787807814457e-17,0.0,4.494
Ir2Sb2Se6,,,0.292,0.171,0.058,-0.272,0.0,0.29200000000000004,0.17099999999999982,0.29200000000000004,0.17099999999999982,-4.786,-4.932,-5.078,-50.983,1.3877787807814457e-17,0.0,3.842
HfSeS,2.175,2.596,1.167,2.082,0.196,-1.278,0.0,0.887,1.645,1.167,2.082,-5.595,-6.038,-6.482,-18.9,1.3877787807814457e-17,0.0,4.049
Cu2Cl2C6N2F8,,,0.44,2.31,0.087,-0.961,0.0,0.4119999999999999,2.306,0.43999999999999995,2.31,-4.985,-5.192,-5.398,-114.852,1.3877787807814457e-17,0.0,1.741
Ba2I2F2,,,3.9,4.907,0.0010000000000000009,-2.962,0.0,3.9,4.907,3.9,4.907,-2.578,-4.528,-6.478,-27.557,1.3877787807814457e-17,0.0,2.732
Mg2Al2S5,,,2.081,3.166,0.022,-1.243,0.0,2.081,3.124,2.081,3.166,-3.25,-4.291,-5.332,-42.289,1.3877787807814457e-17,0.0,3.379
In2VS4,,,0.0,0.654,0.074,-0.648,1.0000000000000002,0.0,0.6539999999999999,0.0,0.6539999999999999,-4.383,-4.369,-4.617666666666667,-34.898,0.142,0.142,3.225
NiOFH,,,1.274,3.548,0.023,-1.182,1.0000000000000002,1.274,3.548,1.274,3.548,-3.691,-4.328,-4.965,-22.011,-0.023999999999999994,-0.029000000000000012,1.11
Au4Se4Br4,,,1.255,1.991,0.0,-0.18199999999999994,0.0,1.239,1.991,1.255,1.991,-5.319,-5.938,-6.558,-34.974,1.3877787807814457e-17,0.0,1.744
Ag8S4,,,2.028,2.973,0.0020000000000000018,-0.07299999999999995,0.0,2.028,2.973,2.028,2.973,-3.726,-4.74,-5.754,-39.913,1.3877787807814457e-17,0.0,2.45
Te6Sc2As2,,,0.35,0.618,0.077,-0.549,0.0,0.10000000000000009,0.33199999999999985,0.35,0.6180000000000001,-4.499,-4.549,-4.599,-43.362,1.3877787807814457e-17,0.0,3.681
Al2S2Cl2,,,2.334,3.303,0.03,-1.261,0.0,2.334,3.303,2.334,3.303,-3.647,-4.815,-5.982,-26.768,1.3877787807814457e-17,0.0,3.458
AgSe6AlP2,,,1.366,2.339,0.0,-0.316,0.0,1.366,2.339,1.366,2.339,-4.09,-4.773,-5.456,-41.364,1.3877787807814457e-17,0.0,2.032
Te2Mn3Ge,,,0.0,,0.0,-0.13800000000000012,1.0000000000000002,0.0,0.031999999999999584,0.0,0.08899999999999997,-4.741333333333333,-4.321,-4.896333333333333,-40.904,6.857000000000001,6.859,4.784
HfZr3BrCl7,,,0.63,1.185,0.031,-1.589,0.0,0.616,1.18,0.63,1.185,-3.864,-4.172,-4.48,-62.86,1.3877787807814457e-17,0.0,3.796
Bi2SeS2,,,0.659,1.164,0.0030000000000000027,-0.376,0.0,0.3889999999999999,0.9230000000000003,0.659,1.164,-5.813,-6.008,-6.202,-22.87,1.3877787807814457e-17,0.0,4.794
Tl2Cl2,,,3.029,3.923,0.021,-1.003,0.0,3.029,3.923,3.029,3.923,-2.5,-4.014,-5.529,-12.579,1.3877787807814457e-17,0.0,2.512
Zr3Te8Ti,,,0.222,0.822,0.11499999999999999,-0.732,0.0,0.18900000000000006,0.7930000000000001,0.22199999999999998,0.8220000000000001,-5.152,-5.247,-5.342,-63.321,1.3877787807814457e-17,0.0,4.131
Ta3SeCl7,,,0.863,1.582,0.0,-1.261,0.0,0.863,1.582,0.863,1.582,-4.301,-4.733,-5.164,-59.299,1.3877787807814457e-17,0.0,1.886
K4O2,,,0.608,1.951,0.095,-0.951,0.0,0.608,1.917,0.608,1.951,-1.314,-1.6180000000000003,-1.9219999999999997,-20.83,1.3877787807814457e-17,0.0,1.362
Pt3PdSeSCl6,,,0.551,1.329,0.09,-0.373,0.0,0.53,1.329,0.551,1.329,-5.395,-5.66,-5.924,-45.632,1.3877787807814457e-17,0.0,2.844
Te2Ni3Ge,,,0.0,,0.010000000000000002,-0.266,0.0,0.0,0.6956666666666669,0.0,0.8199999999999998,-4.550333333333334,-4.277,-4.842,-34.265,1.3877787807814457e-17,0.0,4.841
Cd2Br6Li2,,,3.286,4.402,0.039,-1.129,0.0,3.286,4.402,3.286,4.402,-3.472,-5.115,-6.759,-26.435,1.3877787807814457e-17,0.0,2.606
Ta4Se8Si2,,,0.525,0.687,0.017,-0.745,0.0,0.38,0.5450000000000002,0.525,0.687,-4.172,-4.362,-4.552,-88.36,1.3877787807814457e-17,0.0,2.359
Cd2Cu2Br6,,,1.57,3.601,0.005999999999999998,-0.657,0.0,1.57,3.601,1.57,3.601,-4.134,-4.919,-5.704,-25.285,1.3877787807814457e-17,0.0,2.976
PbTe4As2,,,0.626,1.054,0.038,-0.09399999999999997,0.0,0.477,0.8470000000000002,0.626,1.054,-4.588,-4.827,-5.065,-26.561,1.3877787807814457e-17,0.0,3.588
IAsSe,1.3,1.573,0.69,1.341,0.193,0.014000000000000012,0.0,0.44599999999999995,1.052,0.69,1.341,-4.506,-4.729,-4.952,-9.582,1.3877787807814457e-17,0.0,3.804
HgI2,,,2.37,3.343,0.027,-0.33,0.0,2.224,3.185,2.37,3.343,-3.977,-5.089,-6.201,-4.832000000000001,1.3877787807814457e-17,0.0,2.702
Co2S3,,,0.281,0.028,0.065,-0.381,0.0,0.244,0.015000000000000124,0.28100000000000014,0.028000000000000025,-5.307,-5.429,-5.551,-30.595999999999997,1.3877787807814457e-17,0.0,3.129
Sn2Te6,,,0.266,0.439,0.096,-0.04299999999999993,0.0,0.1479999999999999,0.3460000000000001,0.266,0.43900000000000006,-4.646,-4.72,-4.794,-27.687,1.3877787807814457e-17,0.0,4.423
Ta2Ir2S8,,,0.492,1.331,0.0,-0.84,0.0,0.492,1.331,0.492,1.331,-5.352,-5.598,-5.844,-80.883,1.3877787807814457e-17,0.0,2.181
Cu2Cl2C2O2,,,2.769,5.038,0.119,-0.613,0.0,2.508,4.689,2.769,5.038,-3.252,-4.506,-5.76,-44.514,1.3877787807814457e-17,0.0,1.553
I6Fe2,,,0.0,0.005,0.02,-0.07699999999999996,1.0000000000000002,0.0,0.004999999999999893,0.0,0.004999999999999893,-5.247,-4.923,-5.424,-27.567,4.634,4.636,3.366
W2Cd4O8,,,2.645,3.681,0.055,-1.6059999999999999,0.0,2.469,3.477,2.6450000000000005,3.681,-3.637,-4.872,-6.106,-90.154,1.3877787807814457e-17,0.0,1.71
Hg2Bi2Br2O4,,,2.395,3.519,0.017999999999999995,-0.849,0.0,2.395,3.519,2.395,3.519,-4.006,-5.204,-6.401,-43.276,1.3877787807814457e-17,0.0,1.757
Nb2Co4Se2S2,,,0.0,,0.065,-0.561,0.0,0.0,0.569,0.0,0.5690000000000002,-4.762666666666667,-4.932,-5.070333333333333,-74.303,1.3877787807814457e-17,0.0,2.929
I2Ge,3.348,3.764,2.359,3.096,0.0030000000000000027,-0.35999999999999993,0.0,1.954,2.668,2.359,3.096,-3.906,-4.883,-5.859,-8.552999999999997,1.3877787807814457e-17,0.0,3.248
Ag2I2Br4,,,1.249,2.171,0.013999999999999999,-0.19999999999999996,0.0,1.094,2.063,1.249,2.171,-4.962,-5.509,-6.055,-16.578,1.3877787807814457e-17,0.0,2.062
ZrI6Mn,,,1.052,2.559,0.0,-0.756,1.0000000000000002,1.052,2.559,1.052,2.559,-4.531,-5.057,-5.583,-32.04,-0.14199999999999996,-0.14200000000000002,3.201
Tl2Se2,,,0.492,0.876,0.078,-0.19500000000000006,0.0,0.44899999999999995,0.8340000000000001,0.492,0.8759999999999999,-5.391,-5.615,-5.839,-12.741,1.3877787807814457e-17,0.0,3.92
Os2O4,,,0.169,1.005,0.138,-0.838,0.0,0.16900000000000004,1.005,0.16900000000000004,1.005,-6.058,-6.142,-6.227,-47.906,1.3877787807814457e-17,0.0,3.91
Ta4Te8Co8,,,0.0,,0.0,-0.361,0.0,0.0,0.38133333333333397,0.0,0.3813333333333335,-4.441333333333334,-4.026,-4.559666666666667,-137.954,1.3877787807814457e-17,0.0,3.387
ZrK2S6H6,,,2.689,4.118,0.005999999999999998,-0.706,0.0,2.689,4.118,2.689,4.118,-2.899,-4.243,-5.588,-64.85,1.3877787807814457e-17,0.0,1.0700000000000003
I4Sc2S4,,,1.012,1.889,0.069,-0.951,0.0,0.981,1.868,1.012,1.889,-4.907,-5.398,-5.888,-41.051,1.3877787807814457e-17,0.0,2.98
SnSe,3.665,3.885,2.39,3.045,0.098,-0.333,0.0,2.177,2.788,2.39,3.045,-3.565,-4.653,-5.742,-8.206000000000003,1.3877787807814457e-17,0.0,2.655
Mn2SeCl2,,,0.446,2.883,0.048,-0.729,1.0000000000000002,0.09800000000000009,2.366,0.44599999999999995,2.883,-4.868,-4.917,-4.966,-30.130000000000003,0.064,0.064,4.244
Sb2I2Mn2Se4,,,0.072,0.702,0.11599999999999999,-0.266,1.0000000000000002,0.05400000000000005,0.7010000000000001,0.07200000000000006,0.702,-4.349,-4.376,-4.403,-47.79,0.166,4.204,1.756
In2MgS4,,,1.163,2.137,0.0,-0.845,0.0,1.163,2.137,1.163,2.137,-4.617,-5.199,-5.78,-29.371,1.3877787807814457e-17,0.0,3.079
MnCl2,5.398,5.564,1.887,4.966,0.0,-1.06,1.0000000000000002,1.797,4.836,1.887,4.966,-4.501,-5.4,-6.299,-16.467,-0.017999999999999988,-0.018000000000000016,2.987
I2Mn2Cl2,,,1.393,3.891,0.037,-0.703,1.0000000000000002,1.393,3.891,1.393,3.891,-4.293,-4.99,-5.686,-30.178000000000004,-0.182,0.762,2.738
As6O12,,,0.586,1.581,0.159,-0.976,1.0000000000000002,0.3689999999999999,1.241,0.586,1.581,-6.633,-6.817,-7.002,-107.041,-0.0030000000000000027,-0.007000000000000006,1.322
Sb2Mn2Se4Br2,,,0.3,1.381,0.087,-0.376,1.0000000000000002,0.265,1.366,0.30000000000000004,1.381,-4.264,-4.397,-4.529,-49.105,0.7109999999999999,1.952,1.622
Ag2Te2,,,0.977,1.259,0.10999999999999999,0.05899999999999994,0.0,0.477,0.756,0.977,1.259,-4.534,-4.773,-5.011,-11.852000000000004,1.3877787807814457e-17,0.0,2.458
Ti2S2O2,,,0.605,2.188,0.076,-2.119,0.0,0.605,2.188,0.605,2.188,-5.734,-6.036,-6.339,-44.496,1.3877787807814457e-17,0.0,5.475
Sn2Se6P,,,0.0,,0.071,-0.17999999999999994,0.0,0.0,0.9673333333333332,0.0,1.22,-5.069,-5.396,-5.323666666666667,-35.997,1.3877787807814457e-17,0.0,2.01
Ti2CO2,,,0.64,1.991,0.11199999999999999,-2.061,0.0,0.32499999999999996,1.295,0.64,1.991,-5.499,-5.662,-5.824,-43.153,1.3877787807814457e-17,0.0,4.799
AgSbSe6P2,,,1.439,2.3,0.0,-0.15200000000000002,0.0,1.232,1.968,1.439,2.3,-4.232,-4.848,-5.464,-40.394,1.3877787807814457e-17,0.0,1.994
Te6Al2Si2,,,1.339,1.926,0.0020000000000000018,-0.27,0.0,1.115,1.673,1.339,1.926,-3.992,-4.549,-5.106,-40.2,1.3877787807814457e-17,0.0,2.094
Ta2CO2,,,0.0,,0.11299999999999999,-1.766,0.0,0.0,1.5926666666666667,0.0,2.0566666666666666,-5.577333333333333,-5.522,-5.995666666666667,-47.93,1.3877787807814457e-17,0.0,5.65
Ga2Se2Br2,,,1.21,2.294,0.026,-0.718,0.0,1.21,2.294,1.21,2.294,-4.705,-5.31,-5.915,-20.251,1.3877787807814457e-17,0.0,2.923
Co2Cl6,,,1.137,3.602,0.0,-0.654,0.0,1.13,3.558,1.137,3.602,-5.427,-5.992,-6.557,-32.4,1.3877787807814457e-17,0.0,3.048
In2Al2S6,,,2.412,3.336,0.054,-0.771,0.0,2.372,3.283,2.412,3.336,-4.086,-5.272,-6.458,-45.179,1.3877787807814457e-17,0.0,2.655
I6Ni2,,,0.0,0.073,0.013999999999999999,-0.08399999999999996,1.0000000000000002,0.0,0.01100000000000012,0.0,0.07299999999999995,-5.557,-5.388,-5.715,-24.034,24.417,23.872,3.316
Ga2Ge2Se6,,,1.009,1.629,0.056,-0.367,0.0,1.009,1.629,1.009,1.629,-4.722,-5.227,-5.731,-39.403,1.3877787807814457e-17,0.0,2.026
Au2F6,,,0.302,2.059,0.121,-0.895,1.0000000000000002,0.30200000000000005,2.059,0.30200000000000005,2.059,-7.657,-7.808,-7.959,-22.943,2.228,2.229,2.132
BiS2O6H,,,2.574,3.888,0.0,-1.184,0.0,2.494,3.784,2.574,3.888,-4.197,-5.444,-6.691,-58.741,1.3877787807814457e-17,0.0,1.789
Ta2Te2S,,,0.388,0.151,0.088,-0.533,0.0,0.388,0.1509999999999998,0.388,0.1509999999999998,-4.278,-4.472,-4.666,-32.788,1.3877787807814457e-17,0.0,4.667
PtNa2H2,,,0.0,,0.046,-0.3,0.0,0.0,1.7746666666666666,0.0,1.7883333333333336,-1.4200000000000004,-1.7080000000000002,-1.75,-17.118,1.3877787807814457e-17,0.0,0.8010000000000002
Ga2S2,,,2.573,3.396,0.048,-0.616,0.0,2.021,2.759,2.573,3.396,-3.68,-4.691,-5.701,-16.426999999999996,1.3877787807814457e-17,0.0,1.432
Hf2Cl4,,,0.883,1.475,0.044,-1.503,0.0,0.852,1.475,0.883,1.475,-3.619,-4.045,-4.471,-31.169,1.3877787807814457e-17,0.0,3.914
Y2Br2O2,,,4.072,5.218,0.0030000000000000027,-2.995,0.0,3.492,4.776,4.072,5.218,-3.612,-5.358,-7.104,-40.773,1.3877787807814457e-17,0.0,2.946
Rb2S6C4H6,,,2.249,3.362,0.069,-0.263,0.0,2.231,3.348,2.249,3.362,-2.651,-3.767,-4.883,-87.853,1.3877787807814457e-17,0.0,1.602
Ge2O2,,,2.877,3.784,0.051,-1.185,0.0,2.686,3.628,2.877,3.784,-2.898,-4.241,-5.584,-24.021,1.3877787807814457e-17,0.0,1.387
Ta2S2B,,,0.0,,0.037,-0.976,0.0,0.0,0.9946666666666666,0.0,1.3316666666666668,-4.822666666666667,-5.537,-5.104333333333333,-39.372,1.3877787807814457e-17,0.0,6.225
PbK2O6H6,,,3.087,4.535,0.0049999999999999975,-1.201,0.0,3.076,4.535,3.087,4.535,-2.801,-4.339,-5.877,-74.903,1.3877787807814457e-17,0.0,0.8780000000000001
Ag4Cl8,,,0.318,0.778,0.08,-0.284,0.0,0.255,0.778,0.31800000000000006,0.7779999999999998,-7.257,-7.385,-7.512,-29.047,1.3877787807814457e-17,0.0,2.446
Ag2Se3Br2P4,,,1.452,2.651,0.037,-0.135,0.0,1.449,2.651,1.452,2.651,-4.427,-5.151,-5.876,-42.245,1.3877787807814457e-17,0.0,1.429
ZrFeCl6,,,1.065,3.564,0.10799999999999998,-1.32,0.0,1.048,3.545,1.065,3.564,-4.582,-5.106,-5.631,-37.715,1.3877787807814457e-17,0.0,3.093
Rh2S2F2,,,0.107,0.72,0.095,-1.005,0.0,0.10699999999999998,0.7200000000000002,0.10699999999999998,0.72,-5.856,-5.91,-5.963,-31.655,1.3877787807814457e-17,0.0,3.295
Zr2Cl4,,,0.596,1.195,0.028999999999999998,-1.6759999999999997,0.0,0.596,1.161,0.596,1.195,-3.954,-4.252,-4.55,-32.004,1.3877787807814457e-17,0.0,3.823
IVClO,,,0.765,2.158,0.017,-1.377,1.0000000000000002,0.703,2.129,0.765,2.158,-5.128,-5.479,-5.831,-22.418,-0.034,-0.047,3.196
Te4Cr2Fe,,,0.0,,0.096,-0.121,1.0000000000000002,0.0,1.0000000000000002,0.0,1.1433333333333333,-4.991333333333333,-4.876,-5.106333333333334,-41.524,3.379,3.375,3.737
Ta2Pt2S10,,,0.0,,0.049,-0.615,0.0,0.0,0.4109999999999996,0.0,0.41100000000000003,-5.392,-5.959,-5.498666666666667,-81.733,1.3877787807814457e-17,0.0,2.108
Ta2Te10Ni2,,,0.0,,0.012,-0.301,0.0,0.0,0.061666666666666536,0.0,0.07266666666666666,-4.399333333333333,-4.695,-4.445666666666666,-70.387,1.3877787807814457e-17,0.0,2.237
Fe2Se4,,,0.645,1.243,0.061,-0.299,0.0,0.575,1.053,0.645,1.243,-4.561,-4.849,-5.136,-33.81,1.3877787807814457e-17,0.0,4.078
MnGeCl6,,,0.348,2.147,0.095,-0.887,1.0000000000000002,0.273,2.129,0.3480000000000001,2.147,-5.513,-5.65,-5.786,-32.042,0.043,-0.195,2.73
Se2Al2P2S4,,,2.384,3.366,0.066,-0.529,0.0,2.236,3.164,2.384,3.366,-3.838,-4.956,-6.074,-46.772,1.3877787807814457e-17,0.0,3.152
Te6Ge2P2,,,1.038,1.5,0.067,0.028999999999999915,0.0,0.819,1.249,1.038,1.5,-4.091,-4.5,-4.91,-38.695,1.3877787807814457e-17,0.0,3.679
Ag6S6,,,2.098,3.098,0.086,0.028999999999999915,0.0,2.096,3.097,2.098,3.098,-3.417,-4.465,-5.513,-41.154,1.3877787807814457e-17,0.0,2.151
Rh2Br2O2,,,0.0,0.677,0.11399999999999999,-0.524,0.0,0.0,0.6769999999999998,0.0,0.677,-4.773,-4.991,-4.966666666666667,-30.854,1.3877787807814457e-17,0.0,3.708
SnSb2Te4,,,0.517,0.745,0.0020000000000000018,-0.16700000000000004,0.0,0.387,0.6379999999999999,0.517,0.7450000000000001,-4.536,-4.729,-4.922,-26.858,1.3877787807814457e-17,0.0,3.554
V2CoS4,,,0.0,,0.101,-0.751,0.0,0.0,0.5409999999999999,0.0,0.5763333333333329,-5.124,-5.54,-5.228,-46.847,1.3877787807814457e-17,0.0,4.216
Te2As2S,,,0.962,1.481,0.02,-0.04600000000000004,0.0,0.709,1.149,0.962,1.481,-4.229,-4.583,-4.938,-20.046,1.3877787807814457e-17,0.0,4.658
In2Ga2O6,,,2.245,3.669,0.056,-1.66,0.0,2.183,3.665,2.245,3.669,-5.348,-6.44,-7.531,-58.675,1.3877787807814457e-17,0.0,2.284
Cd2Te2I2Cu2,,,1.151,2.486,0.067,-0.308,0.0,1.151,2.486,1.151,2.486,-3.661,-4.236,-4.812,-21.037,1.3877787807814457e-17,0.0,1.676
Ta4S12Cl2,,,0.546,1.01,0.075,-0.78,0.0,0.546,1.01,0.546,1.01,-4.552,-4.825,-5.098,-105.807,1.3877787807814457e-17,0.0,1.773
Mn2CO2H2,,,0.0,,0.193,-0.679,1.0000000000000002,0.0,1.6763333333333335,0.0,1.912,-3.411666666666667,-1.6059999999999999,-3.8139999999999996,-50.305,-0.415,-0.41300000000000003,3.039
In4S6,,,1.809,2.613,0.0020000000000000018,-0.577,0.0,1.74,2.581,1.809,2.613,-4.999,-5.869,-6.739,-41.287,1.3877787807814457e-17,0.0,2.678
K2Br2F8,,,3.383,5.161,0.063,-1.699,0.0,3.383,5.161,3.383,5.161,-4.987,-6.679,-8.37,-38.687,1.3877787807814457e-17,0.0,1.148
PbBi2S4,,,0.739,1.176,0.003999999999999997,-0.424,0.0,0.4940000000000001,1.039,0.739,1.176,-5.901,-6.148,-6.395,-32.388,1.3877787807814457e-17,0.0,3.51
Ta4Br2S12,,,0.538,0.982,0.086,-0.726,0.0,0.538,0.982,0.538,0.982,-4.597,-4.866,-5.135,-104.44,1.3877787807814457e-17,0.0,1.789
Mo2Cd4O8,,,1.75,2.742,0.037,-1.505,0.0,1.649,2.701,1.75,2.742,-4.507,-5.332,-6.156,-88.18,1.3877787807814457e-17,0.0,1.715
W2Te2Zn2O12,,,3.452,4.95,0.032,-1.673,0.0,3.405,4.792,3.452,4.95,-4.741,-6.443,-8.146,-123.346,1.3877787807814457e-17,0.0,2.907
SbCuAs2Se6,,,0.643,1.622,0.098,-0.06000000000000005,0.0,0.5090000000000001,1.257,0.643,1.622,-5.049,-5.304,-5.558,-38.91,1.3877787807814457e-17,0.0,1.972
HfI6Fe,,,0.803,2.795,0.103,-0.521,0.0,0.781,2.795,0.803,2.795,-4.068,-4.458,-4.849,-29.587,1.3877787807814457e-17,0.0,3.422
Hf3ZrSe3Br3SCl,,,0.0,,0.095,-1.338,0.0,0.0,1.1083333333333334,0.0,1.14,-4.464,-4.29,-5.058666666666666,-67.043,1.3877787807814457e-17,0.0,3.677
Pb2Sb2S6C2H6,,,1.973,2.889,0.086,-0.20199999999999996,0.0,1.973,2.889,1.973,2.889,-3.462,-4.448,-5.435,-82.823,1.3877787807814457e-17,0.0,1.613
Ir2I2Se2,,,1.088,1.985,0.045,-0.21099999999999997,0.0,1.01,1.857,1.088,1.985,-3.756,-4.261,-4.766,-29.738,1.3877787807814457e-17,0.0,2.08
Se2MgH2,,,2.75,3.727,0.03,-0.475,0.0,2.75,3.727,2.75,3.727,-2.09,-3.465,-4.84,-17.609,1.3877787807814457e-17,0.0,2.175
Sb4I2Cu2Se3,,,0.885,2.316,0.093,-0.1279999999999999,0.0,0.8840000000000001,2.313,0.885,2.316,-3.785,-4.227,-4.669,-39.788,1.3877787807814457e-17,0.0,1.738
Ca4Se4O12,,,4.54,6.077,0.010000000000000002,-1.907,0.0,4.533,6.045,4.539999999999999,6.077,-1.6099999999999999,-3.877,-6.143,-121.605,1.3877787807814457e-17,0.0,1.535
In4Te6,,,1.014,1.525,0.032,-0.287,0.0,0.803,1.293,1.014,1.525,-4.356,-4.757,-5.159,-33.148,1.3877787807814457e-17,0.0,3.132
As4P2S12H2,,,2.044,3.042,0.027,-0.125,0.0,2.041,3.042,2.044,3.042,-3.882,-4.903,-5.923,-87.473,1.3877787807814457e-17,0.0,1.408
Co4S6,,,0.255,0.986,0.07,-0.376,0.0,0.09600000000000009,0.48999999999999977,0.2549999999999999,0.9860000000000002,-5.73,-5.778,-5.826,-61.145,1.3877787807814457e-17,0.0,5.331
In2I2S2,,,1.542,2.287,0.021,-0.541,0.0,1.539,2.281,1.542,2.287,-4.631,-5.4,-6.17,-19.884,1.3877787807814457e-17,0.0,3.811
Zn2P4S8,,,1.9,2.759,0.092,-0.261,0.0,1.891,2.759,1.9,2.759,-4.057,-5.003,-5.948,-60.111,1.3877787807814457e-17,0.0,2.627
Hf2I2Br2,,,0.787,1.221,0.054,-0.922,0.0,0.733,1.15,0.787,1.221,-3.406,-3.773,-4.139,-26.672,1.3877787807814457e-17,0.0,3.913
Te2Na6O8H2,,,3.956,5.463,0.006999999999999999,-1.487,0.0,3.936,5.379,3.956,5.463,-1.3170000000000002,-3.285,-5.253,-88.664,1.3877787807814457e-17,0.0,1.028
CdInAlS4,,,0.906,1.877,0.092,-0.718,0.0,0.906,1.877,0.906,1.877,-4.425,-4.878,-5.331,-28.77,1.3877787807814457e-17,0.0,3.079
Sb2Se3,,,0.79,1.147,0.0,-0.263,0.0,0.42100000000000004,0.881,0.79,1.147,-5.062,-5.272,-5.483,-20.576,1.3877787807814457e-17,0.0,4.763
Nb2Te10Cr2,,,0.096,0.029,0.0030000000000000027,-0.313,1.0000000000000002,0.07499999999999996,0.028999999999999915,0.09600000000000009,0.028999999999999915,-4.281,-4.318,-4.355,-75.895,2.128,-0.773,2.741
Hg2Te2O8H4,,,2.52,3.869,0.022,-0.897,0.0,2.52,3.869,2.52,3.869,-3.101,-4.361,-5.621,-76.821,1.3877787807814457e-17,0.0,1.622
Zr2Se2P,,,0.0,,0.0,-1.396,0.0,0.0,0.6833333333333333,0.0,1.1853333333333333,-4.453,-5.285,-4.878,-34.115,1.3877787807814457e-17,0.0,3.198
As2Se2O10H2,,,3.253,4.95,0.023,-0.916,0.0,3.224,4.841,3.253,4.95,-5.06,-6.672,-8.284,-88.84,1.3877787807814457e-17,0.0,1.915
Hf2Sn2Te8,,,0.544,0.998,0.033,-0.488,0.0,0.507,0.9729999999999999,0.544,0.998,-3.996,-4.249,-4.503,-54.624,1.3877787807814457e-17,0.0,2.274
PtO2,3.593,3.966,2.1,3.612,0.005999999999999998,-0.549,0.0,1.674,3.15,2.1,3.612,-5.196,-6.033,-6.87,-18.249999999999996,1.3877787807814457e-17,0.0,3.191
Bi2P2S6,,,0.689,1.35,0.084,-0.21299999999999997,0.0,0.655,1.316,0.689,1.35,-4.97,-5.297,-5.625,-46.672,1.3877787807814457e-17,0.0,3.32
Sb4S8Li4,,,2.1,2.952,0.011,-0.671,0.0,1.855,2.746,2.1,2.952,-3.46,-4.387,-5.314,-68.546,1.3877787807814457e-17,0.0,2.159
Ga4O6,,,2.644,4.239,0.05,-1.763,0.0,2.642,4.238,2.644,4.239,-4.959,-6.281,-7.602,-59.989,1.3877787807814457e-17,0.0,2.204
ZrPdI6,,,0.369,1.351,0.05,-0.625,1.0000000000000002,0.366,1.341,0.369,1.351,-5.016,-5.2,-5.383,-25.095,1.703,1.704,3.247
Zn2Cl2O,,,2.442,3.868,0.044,-1.243,0.0,2.442,3.793,2.442,3.868,-5.104,-6.326,-7.547,-17.277,1.3877787807814457e-17,0.0,3.468
Y2I2Se2,,,2.732,3.755,0.0,-1.686,0.0,2.724,3.753,2.732,3.755,-3.463,-4.825,-6.186,-29.419,1.3877787807814457e-17,0.0,3.433
I2Na2,,,3.592,4.486,0.042,-1.254,0.0,3.592,4.486,3.592,4.486,-2.267,-4.063,-5.859,-10.588000000000001,1.3877787807814457e-17,0.0,2.481
Pt4Tl2Se6,,,1.184,1.756,0.02,-0.445,0.0,1.132,1.756,1.184,1.756,-3.629,-4.195,-4.761,-56.644,1.3877787807814457e-17,0.0,1.871
Ta3I7Se,,,0.67,1.262,0.006999999999999999,-0.524,0.0,0.665,1.256,0.67,1.262,-4.196,-4.529,-4.862,-49.041,1.3877787807814457e-17,0.0,2.126
Sr2Br4O4H8,,,4.821,6.004,0.010000000000000002,-1.444,0.0,4.809,5.989,4.821,6.004,-2.464,-4.869,-7.273,-82.768,1.3877787807814457e-17,0.0,1.2
As2Se6Si2,,,1.863,2.665,0.033,-0.276,0.0,1.79,2.538,1.863,2.665,-3.586,-4.48,-5.375,-43.78,1.3877787807814457e-17,0.0,2.987
CdGa2S4,,,0.496,1.453,0.079,-0.621,0.0,0.496,1.453,0.496,1.453,-4.778,-5.026,-5.274,-27.394,1.3877787807814457e-17,0.0,3.025
Rh4S8,,,0.701,1.498,0.066,-0.379,0.0,0.597,1.402,0.701,1.498,-5.395,-5.694,-5.992,-65.763,1.3877787807814457e-17,0.0,3.736
Ta2I12Li2,,,0.907,1.962,0.021,-0.646,0.0,0.907,1.962,0.907,1.962,-4.835,-5.289,-5.742,-51.484,1.3877787807814457e-17,0.0,2.194
Ba4Sb4S8Cl4,,,2.187,3.027,0.019000000000000003,-1.335,0.0,2.08,2.967,2.187,3.027,-3.591,-4.631,-5.671,-91.393,1.3877787807814457e-17,0.0,3.075
Ag2Te2,,,0.13,0.242,0.093,0.04200000000000004,0.0,0.016000000000000014,0.242,0.1299999999999999,0.242,-3.779,-3.786,-3.794,-11.921999999999997,1.3877787807814457e-17,0.0,3.0
Ta3SeF7,,,0.895,1.735,0.077,-2.563,0.0,0.895,1.735,0.895,1.7349999999999999,-4.057,-4.504,-4.951,-72.233,1.3877787807814457e-17,0.0,1.583
Mn8Se2Br6S4,,,0.0,,0.074,-0.544,1.0000000000000002,0.0,1.6606666666666667,0.0,1.6759999999999997,-5.412,-5.212,-5.584666666666666,-121.398,-0.15299999999999997,-0.023999999999999994,4.369
Bi4B4O12,,,2.919,4.321,0.039,-1.861,0.0,2.865,4.227,2.9190000000000005,4.321,-2.98,-4.412,-5.845,-144.235,1.3877787807814457e-17,0.0,1.868
I2Cu2C6N2H8,,,1.045,2.843,0.166,-0.134,0.0,0.838,2.502,1.045,2.843,-3.49,-3.908,-4.327,-111.602,1.3877787807814457e-17,0.0,1.362
AgGeF6,,,0.773,2.72,0.0,-2.047,1.0000000000000002,0.575,2.553,0.773,2.72,-8.231,-8.518,-8.806,-33.248,-0.40299999999999997,-0.527,1.166
PbGeSeS,,,1.016,1.453,0.071,-0.359,0.0,0.846,1.303,1.016,1.453,-3.538,-3.961,-4.384,-17.270000000000003,1.3877787807814457e-17,0.0,3.199
Hg2Cu2Se2F2,,,0.523,2.003,0.038,-0.698,0.0,0.523,2.003,0.523,2.003,-4.207,-4.468,-4.73,-24.849,1.3877787807814457e-17,0.0,1.425
In2Te4Mg,,,0.232,0.862,0.0,-0.488,0.0,0.23199999999999998,0.8620000000000003,0.23199999999999998,0.8620000000000003,-4.282,-4.398,-4.514,-23.375,1.3877787807814457e-17,0.0,3.177
Mn2Cl6Li2,,,2.225,5.417,0.033,-1.337,1.0000000000000002,2.219,5.384,2.225,5.417,-3.367,-4.476,-5.586,-47.298,-0.006999999999999992,-0.007000000000000006,2.514
SbTeI,1.778,1.917,1.016,1.66,0.123,-0.1279999999999999,0.0,1.011,1.4419999999999997,1.016,1.6599999999999997,-4.342,-4.847,-5.352,-9.472000000000001,1.3877787807814457e-17,0.0,3.846
Te4VGa2,,,0.0,0.591,0.03,-0.322,1.0000000000000002,0.0,0.591,0.0,0.591,-4.049333333333333,-4.096,-4.165,-29.401,0.224,0.21699999999999997,3.24
Nb2Cl2B,,,0.0,,0.009000000000000001,-1.074,0.0,0.0,0.9336666666666666,0.0,1.4169999999999998,-4.865333333333333,-4.408,-5.182666666666666,-36.3,1.3877787807814457e-17,0.0,5.597
Cr2Br6,,,1.518,3.48,0.0,-0.848,1.0000000000000002,1.51,3.431,1.518,3.48,-4.829,-5.583,-6.338,-35.111,-0.419,-0.41900000000000004,2.881
MnGeCl6,,,0.348,2.147,0.095,-0.887,1.0000000000000002,0.273,2.129,0.3480000000000001,2.147,-5.513,-5.65,-5.786,-32.042,0.043,-0.195,2.73
Sb2Cr2O6,,,1.345,3.833,0.0,-1.665,1.0000000000000002,1.345,3.832,1.345,3.833,-2.609,-3.282,-3.954,-75.022,-0.010000000000000009,-0.007000000000000006,3.367
AgSbAs2S6,,,1.378,2.114,0.096,-0.061000000000000054,0.0,1.11,1.843,1.378,2.114,-4.907,-5.462,-6.017,-41.655,1.3877787807814457e-17,0.0,1.917
Sb2Mn2S4Cl2,,,0.209,1.316,0.086,-0.494,1.0000000000000002,0.20900000000000007,1.242,0.20900000000000007,1.316,-4.15,-4.254,-4.359,-53.064,0.098,0.838,1.595
BaS2H2,,,3.774,4.778,0.015,-0.966,0.0,3.774,4.778,3.774,4.778,-1.436,-3.323,-5.21,-21.465,1.3877787807814457e-17,0.0,2.041
Ag2Cl2C6N2H8,,,1.867,3.525,0.089,-0.17500000000000004,0.0,1.671,3.278,1.867,3.525,-3.591,-4.427,-5.263,-111.368,1.3877787807814457e-17,0.0,1.1719999999999997
BiCuP2S6,,,1.554,2.856,0.0,-0.289,0.0,1.417,2.588,1.554,2.856,-4.619,-5.327,-6.036,-46.435,1.3877787807814457e-17,0.0,1.964
K2C4O6H6,,,4.684,6.365,0.10799999999999998,-1.046,0.0,4.672,6.358,4.684,6.365,-0.7869999999999999,-3.123,-5.459,-108.838,1.3877787807814457e-17,0.0,1.376
Pd3TiSe8,,,0.375,0.661,0.039,-0.462,0.0,0.239,0.5129999999999997,0.375,0.661,-5.017,-5.137,-5.256,-51.553,1.3877787807814457e-17,0.0,3.604
Ba2I2F2,,,3.9,4.907,0.0010000000000000009,-2.962,0.0,3.9,4.907,3.9,4.907,-2.578,-4.528,-6.478,-27.557,1.3877787807814457e-17,0.0,2.732
Re6Br2S8,,,1.439,2.279,0.013999999999999999,-0.581,0.0,1.429,2.271,1.439,2.279,-5.213,-5.928,-6.642,-115.039,1.3877787807814457e-17,0.0,2.652
Au2Cl2,,,2.178,3.203,0.0,-0.237,0.0,2.118,3.161,2.178,3.203,-3.513,-4.572,-5.631,-10.777000000000001,1.3877787807814457e-17,0.0,1.407
Co2Br6,,,0.997,3.143,0.0,-0.4060000000000001,0.0,0.962,3.098,0.997,3.143,-5.047,-5.528,-6.009,-29.211,1.3877787807814457e-17,0.0,3.009
Ni5Br2Al,,,0.0,,0.16000000000000003,-0.291,1.0000000000000002,0.0,0.6689999999999998,0.0,0.7430000000000001,-4.1513333333333335,-4.32,-4.381333333333334,-45.47,0.7389999999999999,0.739,4.576
I6Mn3,,,1.319,3.852,0.0049999999999999975,-0.415,1.0000000000000002,1.294,3.839,1.319,3.852,-4.338,-4.985,-5.632,-41.753,-0.16099999999999998,0.511,2.319
Pb4I4Cl4,,,2.102,3.029,0.052,-0.883,0.0,2.101,3.029,2.102,3.029,-4.255,-5.306,-6.357,-38.688,1.3877787807814457e-17,0.0,3.252
Sc2S2F2,,,2.128,3.841,0.07,-2.839,0.0,1.613,3.027,2.128,3.841,-4.019,-4.826,-5.632,-37.68,1.3877787807814457e-17,0.0,2.804
Ag6I8,,,1.346,2.293,0.042,-0.18900000000000006,0.0,1.344,2.289,1.346,2.293,-4.402,-5.074,-5.746,-31.508000000000003,1.3877787807814457e-17,0.0,2.463
Tl4F4,,,3.606,4.807,0.0,-1.824,0.0,3.571,4.709,3.606,4.807,-2.227,-4.013,-5.798,-30.928,1.3877787807814457e-17,0.0,2.598
Pd4I8,,,1.104,2.061,0.0,-0.254,0.0,1.069,2.017,1.104,2.061,-4.722,-5.257,-5.792,-30.155,1.3877787807814457e-17,0.0,1.561
Te4As4Si4,,,1.664,2.348,0.005999999999999998,-0.061000000000000054,0.0,1.574,2.261,1.664,2.348,-3.472,-4.259,-5.045,-53.798,1.3877787807814457e-17,0.0,1.76
I4NaAlO12,,,2.819,4.369,0.028999999999999998,-0.676,0.0,2.813,4.269,2.819,4.369,-4.604,-6.011,-7.418,-84.623,1.3877787807814457e-17,0.0,2.23
Mo2As2O10,,,0.0,,0.087,-1.544,1.0000000000000002,0.0,1.725,0.0,1.7429999999999999,-5.280666666666667,-5.866,-5.809333333333334,-104.59,-0.181,-0.181,1.532
PbCl2,5.249,5.263,2.914,3.856,0.10499999999999998,-1.073,0.0,2.775,3.856,2.914,3.856,-4.928,-6.315,-7.703,-10.549,1.3877787807814457e-17,0.0,3.023
I2K2,,,3.885,4.784,0.134,-1.3850000000000002,0.0,3.8849999999999993,4.784,3.885,4.784,-1.9039999999999995,-3.847,-5.789,-10.936999999999998,1.3877787807814457e-17,0.0,1.336
Co2Br6,,,0.997,3.143,0.0,-0.4060000000000001,0.0,0.962,3.098,0.997,3.143,-5.047,-5.528,-6.009,-29.211,1.3877787807814457e-17,0.0,3.009
InI4LiO12,,,2.86,4.311,0.0,-0.548,0.0,2.788,4.136,2.86,4.311,-4.238,-5.632,-7.026,-81.915,1.3877787807814457e-17,0.0,2.31
As2Se6NaAl,,,1.05,1.752,0.086,-0.389,0.0,1.046,1.75,1.05,1.752,-4.805,-5.328,-5.851,-39.156,1.3877787807814457e-17,0.0,1.671
Te2P2S10H2,,,1.1,1.848,0.059,-0.04400000000000004,0.0,1.1,1.848,1.1,1.848,-5.106,-5.655,-6.205,-65.268,1.3877787807814457e-17,0.0,2.157
Pb2CdI2O2,,,2.153,3.14,0.0,-0.973,0.0,2.153,3.104,2.153,3.14,-3.334,-4.411,-5.487,-28.462,1.3877787807814457e-17,0.0,2.066
AuAgF6,,,0.2,0.272,0.0,-1.156,0.0,0.18100000000000005,0.27200000000000024,0.19999999999999996,0.27200000000000024,-7.901,-7.991,-8.082,-24.741,1.3877787807814457e-17,0.0,1.976
Mg2P2S6,,,2.796,3.922,0.0,-0.773,0.0,2.796,3.9219999999999997,2.796,3.922,-3.756,-5.154,-6.552,-46.164,1.3877787807814457e-17,0.0,1.95
Au2Te4I2,,,0.834,1.464,0.064,-0.05800000000000005,0.0,0.711,1.351,0.8339999999999999,1.464,-4.434,-4.79,-5.145,-22.502,1.3877787807814457e-17,0.0,2.833
CdBr2,5.484,5.484,3.069,4.159,0.0,-0.903,0.0,3.069,4.159,3.069,4.159,-4.059,-5.593,-7.128,-6.805,1.3877787807814457e-17,0.0,2.943
Nb2Ni2S10,,,0.0,,0.052,-0.565,0.0,0.0,0.4109999999999996,0.0,0.41100000000000003,-5.392,-5.97,-5.498666666666667,-83.837,1.3877787807814457e-17,0.0,2.052
CdBrOH,,,1.645,2.673,0.053,-0.968,0.0,1.645,2.673,1.645,2.673,-3.531,-4.354,-5.176,-14.831,1.3877787807814457e-17,0.0,1.308
MnAl2S4,,,0.0,,0.138,-0.818,1.0000000000000002,0.0,1.4663333333333335,0.0,1.5616666666666665,-4.055666666666667,-4.358,-4.492666666666667,-39.234,-0.16699999999999998,-0.16200000000000003,3.311
Se2Al2O8H2,,,4.534,6.177,0.0,-1.652,0.0,4.476,6.063,4.534,6.177,-1.8449999999999998,-4.083,-6.321,-85.207,1.3877787807814457e-17,0.0,1.595
W2KCl6O2,,,0.0,,0.0,-1.503,0.0,0.0,1.599,0.0,1.6006666666666665,-4.667666666666666,-5.596,-5.497,-61.686,1.3877787807814457e-17,0.0,1.687
Cr2As2S6,,,0.954,1.983,0.074,-0.387,1.0000000000000002,0.798,1.6829999999999998,0.954,1.983,-4.444,-4.843,-5.242,-56.483,-0.10000000000000003,-0.10000000000000002,3.595
In2Se2Br2,,,1.736,2.704,0.012999999999999998,-0.695,0.0,1.736,2.704,1.736,2.704,-5.173,-6.041,-6.909,-19.829,1.3877787807814457e-17,0.0,1.97
Tl2Sb2O6,,,3.0,4.374,0.126,-1.192,0.0,2.828,4.173,3.0,4.374,-2.422,-3.836,-5.25,-56.478,1.3877787807814457e-17,0.0,1.648
In2Ni4Se6,,,0.577,0.773,0.092,-0.286,0.0,0.565,0.7730000000000001,0.577,0.7730000000000001,-4.271,-4.553,-4.836,-58.842,1.3877787807814457e-17,0.0,1.793
Pd4P4S4,,,1.309,2.19,0.0,-0.456,0.0,1.195,2.09,1.309,2.19,-4.589,-5.186,-5.784,-58.528,1.3877787807814457e-17,0.0,2.345
Si4P8,,,1.539,2.298,0.0,-0.129,0.0,1.539,2.298,1.539,2.298,-4.207,-4.977,-5.746,-66.056,1.3877787807814457e-17,0.0,1.989
Cr2O5H2,,,0.524,1.279,0.08,-1.526,1.0000000000000002,0.51,1.266,0.524,1.279,-5.023,-5.278,-5.533,-64.82,-0.10199999999999998,-0.16200000000000003,1.27
Te2MnGeSCl,,,0.595,1.474,0.091,-0.347,1.0000000000000002,0.26,1.06,0.595,1.474,-5.001,-5.131,-5.261,-28.589,-0.16899999999999998,0.314,3.373
Ag2Cd2I2S2,,,1.526,2.551,0.058,-0.409,0.0,1.511,2.549,1.526,2.551,-3.969,-4.724,-5.48,-21.922,1.3877787807814457e-17,0.0,1.645
In8Se12,,,1.279,2.081,0.019000000000000003,-0.515,0.0,1.279,2.081,1.279,2.081,-4.18,-4.82,-5.459,-74.194,1.3877787807814457e-17,0.0,1.723
HfNa2S6H6,,,2.783,4.097,0.015,-0.661,0.0,2.783,4.097,2.783,4.097,-2.718,-4.11,-5.502,-64.448,1.3877787807814457e-17,0.0,1.104
Ge2S2,3.03,3.322,1.878,2.607,0.031,-0.246,0.0,1.714,2.372,1.878,2.607,-3.378,-4.234,-5.091,-18.174000000000003,1.3877787807814457e-17,0.0,3.107
PdNiF6,,,0.482,2.205,0.0,-1.554,1.0000000000000002,0.42399999999999993,2.061,0.482,2.205,-7.579,-7.79,-8.002,-33.016,0.365,0.397,2.174
Te4O8,,,2.667,3.812,0.0,-1.087,0.0,2.667,3.812,2.667,3.812,-3.394,-4.728,-6.061,-66.858,1.3877787807814457e-17,0.0,1.843
Si2F2,2.333,2.333,0.666,1.492,0.181,-1.767,0.0,0.666,1.492,0.666,1.492,-5.846,-6.179,-6.512,-21.041,1.3877787807814457e-17,0.0,2.663
In2Te4Ni,,,0.0,,0.069,-0.23399999999999999,0.0,0.0,0.34999999999999964,0.0,0.5816666666666668,-4.357666666666667,-4.436,-4.557333333333333,-27.23,1.3877787807814457e-17,0.0,3.567
Cr2Se6Si2,,,1.227,2.423,0.0,-0.499,1.0000000000000002,0.916,1.945,1.227,2.423,-4.605,-5.063,-5.521,-55.503,-0.07300000000000001,-0.072,2.087
Hf2Sn2Se8,,,1.067,1.662,0.044,-0.804,0.0,0.946,1.6139999999999999,1.067,1.662,-4.093,-4.566,-5.039,-60.637,1.3877787807814457e-17,0.0,2.136
Hf2O6,,,3.857,5.917,0.177,-2.461,0.0,3.47,5.747,3.857,5.917,-4.277,-6.012,-7.747,-65.446,1.3877787807814457e-17,0.0,4.712
Sr2I6Na2,,,3.815,4.712,0.055,-1.509,0.0,3.815,4.712,3.8150000000000004,4.712,-2.199,-4.106,-6.014,-29.921,1.3877787807814457e-17,0.0,2.523
Cr2As2Se6,,,0.63,1.184,0.025,-0.315,1.0000000000000002,0.3380000000000001,0.8500000000000001,0.63,1.184,-4.547,-4.716,-4.885,-52.193,0.145,0.145,3.665
V2Br6,,,0.0,0.001,0.0,-0.926,1.0000000000000002,0.0,0.0009999999999998899,0.0,0.0009999999999998899,-5.203333333333333,-5.598,-5.551666666666667,-33.963,0.573,0.5770000000000001,2.77
Tl2S2,1.644,1.719,0.749,1.231,0.119,-0.14500000000000002,0.0,0.673,1.159,0.749,1.231,-5.637,-5.974,-6.311,-13.732,1.3877787807814457e-17,0.0,4.015
Nb2Te4Cl4,,,0.662,1.172,0.087,-0.758,0.0,0.596,1.02,0.662,1.172,-4.204,-4.502,-4.8,-48.194,1.3877787807814457e-17,0.0,2.025
Rh2Te6As2,,,0.262,0.279,0.053,-0.264,0.0,0.262,0.20100000000000007,0.262,0.2789999999999999,-4.319,-4.45,-4.581,-45.493,1.3877787807814457e-17,0.0,3.886
Hg3S3,,,1.383,2.15,0.092,-0.10499999999999998,0.0,1.383,2.15,1.383,2.15,-4.32,-5.012,-5.703,-15.520999999999997,1.3877787807814457e-17,0.0,2.048
IrI3Ni5BrS6,,,0.0,,0.096,-0.235,0.0,0.0,0.7829999999999999,0.0,0.8406666666666662,-5.069333333333334,-5.136,-5.346333333333334,-79.764,1.3877787807814457e-17,0.0,3.514
Sb4Ca2O8,,,3.245,4.316,0.0,-1.926,0.0,3.0039999999999996,4.083,3.245,4.316,-2.129,-3.631,-5.133,-89.606,1.3877787807814457e-17,0.0,2.404
As8Si4,,,1.427,2.023,0.0030000000000000027,-0.07999999999999996,0.0,1.422,2.023,1.427,2.023,-3.865,-4.576,-5.287,-59.857,1.3877787807814457e-17,0.0,1.963
Sr2S6H8,,,3.727,4.8,0.003999999999999997,-0.673,0.0,3.721,4.8,3.727,4.8,-2.14,-4.001,-5.861,-65.188,1.3877787807814457e-17,0.0,1.549
Rh4S8,,,0.701,1.498,0.066,-0.379,0.0,0.597,1.402,0.701,1.498,-5.395,-5.694,-5.992,-65.763,1.3877787807814457e-17,0.0,3.736
Pb2P2O6H2,,,3.974,5.393,0.013999999999999999,-1.547,0.0,3.917,5.285,3.974,5.393,-2.475,-4.433,-6.391,-74.208,1.3877787807814457e-17,0.0,1.523
Pd2S2O6,,,0.681,2.294,0.064,-0.841,0.0,0.681,2.294,0.681,2.294,-5.2,-5.541,-5.881,-54.947,1.3877787807814457e-17,0.0,1.622
Ta4Se12Br2,,,0.66,1.069,0.043,-0.635,0.0,0.66,1.069,0.66,1.069,-4.252,-4.582,-4.912,-95.661,1.3877787807814457e-17,0.0,1.851
Pt2F6,,,0.813,2.766,0.059,-1.243,1.0000000000000002,0.758,2.703,0.813,2.766,-6.062,-6.441,-6.819,-32.175,-1.136,-1.136,2.12
Ag6I12,,,1.164,1.981,0.023,-0.15700000000000003,0.0,1.123,1.956,1.164,1.981,-4.691,-5.253,-5.814,-37.6,1.3877787807814457e-17,0.0,2.422
TeScCl,,,1.302,2.548,0.079,-1.568,0.0,0.809,1.807,1.302,2.548,-4.172,-4.577,-4.981,-14.352999999999998,1.3877787807814457e-17,0.0,3.321
Sn4As8,,,0.867,1.346,0.011,-0.030000000000000138,0.0,0.75,1.229,0.867,1.346,-4.253,-4.629,-5.004,-53.884,1.3877787807814457e-17,0.0,2.046
Sb4Na4O8,,,3.669,4.903,0.0,-1.561,0.0,3.522,4.726,3.669,4.903,-1.9530000000000003,-3.714,-5.475,-88.827,1.3877787807814457e-17,0.0,1.898
GaP2S6Li,,,2.195,3.17,0.0,-0.53,0.0,2.045,2.997,2.195,3.17,-4.441,-5.464,-6.487,-45.29,1.3877787807814457e-17,0.0,1.683
Ba4Sb4S8F4,,,2.032,2.81,0.0,-1.823,0.0,1.974,2.749,2.032,2.81,-3.772,-4.759,-5.746,-100.368,1.3877787807814457e-17,0.0,3.304
Sb4Co2Cl4O6,,,0.906,3.522,0.016,-1.108,1.0000000000000002,0.861,3.522,0.906,3.522,-4.361,-4.792,-5.222,-89.69,1.147,0.479,1.995
ZrK2O6H6,,,4.248,5.902,0.046,-1.684,0.0,4.248000000000001,5.901999999999999,4.248,5.902,-1.275,-3.399,-5.523,-85.793,1.3877787807814457e-17,0.0,0.8069999999999999
MnAs2F12,,,1.862,4.176,0.0,-2.258,1.0000000000000002,1.846,4.161,1.862,4.176,-6.254,-7.177,-8.1,-71.959,-0.01200000000000001,-0.017,2.072
SnO2,5.444,6.013,3.239,4.727,0.151,-1.548,0.0,2.683,4.204,3.239,4.727,-5.647,-6.989,-8.33,-18.948,1.3877787807814457e-17,0.0,3.254
Pb2Br2S,,,1.111,1.765,0.005999999999999998,-0.8,0.0,1.111,1.765,1.111,1.765,-5.42,-5.976,-6.532,-18.763,1.3877787807814457e-17,0.0,4.226
Ga4Se4Br4,,,1.782,2.829,0.047,-0.697,0.0,1.782,2.829,1.782,2.829,-4.814,-5.704,-6.595,-40.245,1.3877787807814457e-17,0.0,2.81
Ge2P2O6H2,,,4.949,6.099,0.0,-1.471,0.0,4.882999999999999,6.084,4.949,6.099,-1.44,-3.882,-6.323,-74.806,1.3877787807814457e-17,0.0,1.254
Pb2P2S6Cl2,,,2.202,3.209,0.072,-0.453,0.0,2.103,3.072,2.202,3.209,-4.179,-5.231,-6.283,-51.717,1.3877787807814457e-17,0.0,1.889
Cu6Br6,,,1.975,3.708,0.017999999999999995,-0.286,0.0,1.975,3.708,1.975,3.708,-3.591,-4.578,-5.566,-34.998,1.3877787807814457e-17,0.0,2.348
Sb8Se8O4,,,1.549,2.279,0.027,-0.602,0.0,1.431,2.083,1.549,2.279,-3.666,-4.381,-5.096,-95.649,1.3877787807814457e-17,0.0,1.627
Cu6S4,,,0.13,0.158,0.097,-0.10999999999999988,0.0,0.1299999999999999,0.15799999999999992,0.1299999999999999,0.15799999999999992,-5.252,-5.317,-5.382,-39.473,1.3877787807814457e-17,0.0,2.389
Al2S4H2,,,2.002,2.93,0.0,-0.74,0.0,2.002,2.93,2.002,2.93,-3.445,-4.446,-5.447,-36.355,1.3877787807814457e-17,0.0,3.478
Co2Cl2O2,,,0.0,1.027,0.012,-0.846,0.0,0.0,1.027,0.0,1.027,-5.838,-5.785,-5.876666666666666,-35.353,1.3877787807814457e-17,0.0,3.741
Mo2Cl6,,,0.507,0.815,0.139,-0.78,0.0,0.507,0.8149999999999997,0.507,0.815,-4.558,-4.811,-5.065,-39.351,1.3877787807814457e-17,0.0,3.695
Nb2Co4Se4,,,0.0,,0.046,-0.497,0.0,0.0,0.327666666666667,0.0,0.3766666666666665,-4.693666666666667,-4.771,-4.8020000000000005,-72.472,1.3877787807814457e-17,0.0,2.964
Hg2Ag2Br6,,,1.419,2.502,0.017,-0.441,0.0,1.419,2.502,1.419,2.502,-4.956,-5.665,-6.375,-21.364,1.3877787807814457e-17,0.0,2.899
Nb3I8,,,0.332,0.933,0.0,-0.537,1.0000000000000002,0.19300000000000006,0.8239999999999998,0.3320000000000001,0.933,-4.139,-4.236,-4.332,-48.711,0.429,0.428,2.106
RuBrClO,,,0.0,,0.017,-0.701,0.0,0.0,1.1396666666666666,0.0,1.1396666666666666,-5.322666666666667,-5.596,-5.705,-20.762,1.3877787807814457e-17,0.0,3.139
Sn2O2,,,2.613,3.356,0.047,-1.256,0.0,2.493,3.259,2.613,3.356,-2.705,-3.951,-5.198,-23.386,1.3877787807814457e-17,0.0,1.403
SnTe4As2,,,0.566,0.78,0.025,-0.06699999999999995,0.0,0.365,0.6270000000000002,0.5660000000000001,0.7800000000000002,-4.401,-4.584,-4.766,-26.668,1.3877787807814457e-17,0.0,3.536
Ag2Cd2I2S2,,,1.526,2.551,0.058,-0.409,0.0,1.511,2.549,1.526,2.551,-3.969,-4.724,-5.48,-21.922,1.3877787807814457e-17,0.0,1.645
VMn2Br4O4,,,0.705,2.1,0.074,-1.294,1.0000000000000002,0.652,2.029,0.705,2.1,-5.785,-6.111,-6.437,-69.026,1.8759999999999997,1.801,2.952
Hg2I2Cu2S2,,,0.808,2.038,0.04,-0.22099999999999997,0.0,0.774,2.038,0.808,2.038,-4.336,-4.723,-5.109,-22.008,1.3877787807814457e-17,0.0,1.742
CdIn2F8,,,3.977,6.035,0.073,-2.464,0.0,3.977,6.035,3.977,6.035,-5.051,-7.04,-9.029,-46.25,1.3877787807814457e-17,0.0,2.124
Cr2Cl2F2,,,1.045,3.705,0.159,-1.584,1.0000000000000002,0.911,3.604,1.045,3.705,-4.402,-4.857,-5.313,-35.062,0.237,0.862,2.745
Sr2I2H2,,,3.891,4.953,0.0,-1.207,0.0,3.8270000000000004,4.888,3.891,4.953,-2.505,-4.419,-6.332,-20.198,1.3877787807814457e-17,0.0,2.337
Hg2I2S,,,2.279,3.203,0.035,-0.269,0.0,2.264,3.203,2.279,3.203,-3.908,-5.04,-6.173,-10.149000000000001,1.3877787807814457e-17,0.0,3.493
Nb2S2N,,,0.0,,0.059,-1.119,0.0,0.0,0.9549999999999998,0.0,1.143,-5.226666666666667,-5.433,-5.506333333333333,-42.755,1.3877787807814457e-17,0.0,6.315
Sc2Cl2C,,,1.178,2.256,0.0,-1.585,0.0,0.883,1.907,1.178,2.256,-5.069,-5.51,-5.952,-30.033,1.3877787807814457e-17,0.0,2.683
SnSe2,1.912,2.283,1.092,1.71,0.0,-0.347,0.0,0.762,1.333,1.092,1.71,-5.236,-5.617,-5.998,-12.064,1.3877787807814457e-17,0.0,3.631
Bi2Te2Se,,,0.237,0.73,0.0,-0.29699999999999993,0.0,0.121,0.5179999999999998,0.2370000000000001,0.7300000000000002,-5.239,-5.299,-5.36,-20.727,1.3877787807814457e-17,0.0,4.784
Cr2CoS4,,,0.0,,0.085,-0.579,1.0000000000000002,0.0,1.3796666666666666,0.0,1.4596666666666667,-5.662333333333333,-5.598,-5.789333333333333,-47.408,0.010999999999999996,0.011999999999999997,3.847
Ba4Bi4S8Cl4,,,1.693,2.706,0.065,-1.329,0.0,1.54,2.601,1.693,2.706,-3.665,-4.435,-5.205,-92.351,1.3877787807814457e-17,0.0,3.009
IVBrO,,,0.74,2.112,0.005999999999999998,-1.277,1.0000000000000002,0.74,2.112,0.74,2.112,-4.985,-5.355,-5.725,-21.819,0.071,0.047,1.768
Ta2Te2Co4Se2,,,0.0,,0.0,-0.465,0.0,0.0,0.061666666666666536,0.0,0.07266666666666666,-4.399333333333333,-4.439,-4.445666666666666,-70.572,1.3877787807814457e-17,0.0,3.161
Hf4Se6S2,,,0.536,1.344,0.0,-1.414,0.0,0.536,1.344,0.536,1.344,-5.022,-5.29,-5.558,-76.042,1.3877787807814457e-17,0.0,3.82
Nb2Te6Ni,,,0.0,,0.039,-0.367,0.0,0.0,0.4543333333333328,0.0,0.46266666666666634,-4.693666666666667,-4.635,-4.8020000000000005,-50.433,1.3877787807814457e-17,0.0,2.344
Pb2P2S6H2,,,1.943,2.896,0.034,-0.335,0.0,1.884,2.817,1.943,2.896,-4.173,-5.115,-6.057,-53.382,1.3877787807814457e-17,0.0,1.751
Cs2Te2Na2,,,1.409,2.053,0.051,-0.979,0.0,1.409,2.053,1.409,2.053,-1.0300000000000002,-1.7350000000000003,-2.439,-16.566,1.3877787807814457e-17,0.0,2.284
VCl2O,,,0.81,3.179,0.0,-1.647,1.0000000000000002,0.806,3.144,0.81,3.179,-5.415,-5.817,-6.22,-23.805,0.009999999999999981,-0.0020000000000000018,1.59
Ta4Pd2S10,,,0.119,0.037,0.022,-0.892,0.0,0.1100000000000001,0.03699999999999992,0.119,0.03699999999999992,-5.424,-5.479,-5.534,-101.953,1.3877787807814457e-17,0.0,2.141
Ba4Sb4Te8Cl4,,,1.062,1.655,0.063,-1.146,0.0,0.823,1.411,1.062,1.6550000000000002,-4.128,-4.54,-4.952,-80.645,1.3877787807814457e-17,0.0,3.407
PbSb2Te4,,,0.563,0.849,0.011,-0.19900000000000007,0.0,0.30200000000000005,0.7040000000000002,0.563,0.849,-4.759,-4.91,-5.061,-26.782,1.3877787807814457e-17,0.0,3.584
Cr2Cl2O2,,,0.769,3.12,0.0,-1.607,1.0000000000000002,0.647,3.028,0.769,3.12,-5.223,-5.547,-5.871,-42.279,-0.006000000000000019,-0.15500000000000003,3.711
CdCl2C4N2H4,,,2.318,3.798,0.14100000000000001,-0.27,0.0,2.176,3.619,2.318,3.798,-4.154,-5.242,-6.33,-74.89,1.3877787807814457e-17,0.0,1.316
NiO2,2.346,2.521,1.485,3.38,0.0,-0.709,0.0,1.281,3.311,1.485,3.38,-6.815,-7.456,-8.096,-19.622,1.3877787807814457e-17,0.0,2.95
Sb4I4Zn2O6,,,2.335,3.378,0.0010000000000000009,-1.081,0.0,2.319,3.35,2.335,3.378,-4.165,-5.325,-6.484,-73.953,1.3877787807814457e-17,0.0,2.461
Se2P2O10H2,,,3.495,5.227,0.0,-1.341,0.0,3.463,5.225,3.495,5.227,-4.698,-6.429,-8.161,-97.038,1.3877787807814457e-17,0.0,1.912
Cu4S2,,,0.164,1.442,0.012,-0.16100000000000014,0.0,0.16399999999999992,1.4419999999999997,0.16399999999999992,1.442,-5.164,-5.246,-5.328,-23.824,1.3877787807814457e-17,0.0,2.403
IrPd2NiCl8,,,0.0,,0.071,-0.468,1.0000000000000002,0.0,1.0693333333333335,0.0,1.21,-5.460333333333333,-5.672,-5.729333333333333,-44.065,0.256,0.075,2.795
Cu2F6,,,0.907,3.55,0.0,-1.448,1.0000000000000002,0.907,3.55,0.907,3.55,-8.626,-9.079,-9.532,-28.458,-0.06,-0.059999999999999984,2.146
ReNiCuBr8,,,0.0,0.418,0.0,-0.316,1.0000000000000002,0.0,0.29400000000000004,0.0,0.41800000000000015,-5.206333333333333,-5.812,-5.566333333333334,-38.733,-4.534,4.057,2.733
Te2Cu4O12,,,0.466,1.781,0.088,-0.581,0.0,0.44899999999999995,1.738,0.46599999999999997,1.7810000000000001,-7.471,-7.696,-7.92,-93.071,1.3877787807814457e-17,0.0,1.53
SnBr2S2,,,1.206,2.095,0.086,-0.393,0.0,0.829,1.49,1.206,2.095,-5.589,-6.004,-6.418,-17.345000000000002,1.3877787807814457e-17,0.0,3.283
Cr2Ge2S6,,,0.96,2.286,0.034,-0.491,1.0000000000000002,0.775,2.227,0.96,2.286,-5.003,-5.391,-5.778,-57.23,0.026999999999999996,0.028999999999999998,2.039
Ag4Te4Cl4,,,0.866,1.247,0.033,-0.278,0.0,0.866,1.247,0.866,1.247,-5.612,-6.045,-6.478,-34.659,1.3877787807814457e-17,0.0,1.676
Ta4Co2S10,,,0.0,,0.0,-0.959,1.0000000000000002,0.0,1.665,0.0,1.7553333333333332,-5.887666666666667,-5.601,-6.347,-111.846,1.316,-2.113,2.157
Te6Ni2,,,0.0,,0.077,-0.10399999999999998,0.0,0.0,0.27,0.0,0.3336666666666668,-4.738333333333333,-4.854,-4.847333333333333,-34.553,1.3877787807814457e-17,0.0,5.607
IrInI3Br3,,,1.655,2.715,0.028,-0.486,0.0,1.651,2.715,1.655,2.715,-4.075,-4.901,-5.727,-25.116,1.3877787807814457e-17,0.0,3.017
Ir2Se2F2,,,1.107,2.185,0.09,-0.792,0.0,1.068,2.172,1.107,2.185,-4.246,-4.78,-5.314,-33.442,1.3877787807814457e-17,0.0,1.71
TiSeS,1.333,2.139,0.905,2.055,0.128,-1.096,0.0,0.505,1.342,0.905,2.055,-5.699,-5.951,-6.204,-17.536999999999995,1.3877787807814457e-17,0.0,3.914
Bi2I4GeSe2,,,0.896,1.57,0.006999999999999999,-0.411,0.0,0.763,1.419,0.896,1.57,-5.053,-5.434,-5.816,-30.444000000000003,1.3877787807814457e-17,0.0,3.305
Tl2Cl2O2,,,1.295,2.327,0.0010000000000000009,-0.723,0.0,1.03,2.039,1.295,2.327,-6.485,-7.0,-7.514,-23.151,1.3877787807814457e-17,0.0,3.73
Zr2Br2S3,,,1.342,2.406,0.082,-1.4,0.0,1.207,2.215,1.342,2.406,-5.469,-6.073,-6.676,-40.008,1.3877787807814457e-17,0.0,3.798
Te3I2Cu2As4,,,0.707,1.721,0.04,-0.052000000000000046,0.0,0.693,1.718,0.707,1.721,-4.142,-4.488,-4.835,-39.151,1.3877787807814457e-17,0.0,1.614
Te2Ga2Br2,,,1.936,2.737,0.0,-0.609,0.0,1.936,2.737,1.936,2.737,-4.367,-5.335,-6.303,-19.041,1.3877787807814457e-17,0.0,1.889
ZrNiF6,,,0.417,,0.162,-2.909,0.0,0.4089999999999999,1.1413333333333333,0.41700000000000004,1.1703333333333332,-6.356,-6.561,-6.766,-47.446,1.3877787807814457e-17,0.0,2.038
Sb4Te4Si4,,,1.395,1.984,0.083,0.014000000000000012,0.0,1.36,1.966,1.395,1.984,-3.519,-4.199,-4.879,-51.874,1.3877787807814457e-17,0.0,1.76
Ta2Te10V2,,,0.051,,0.015,-0.3,1.0000000000000002,0.0029999999999998916,0.3596666666666666,0.050999999999999934,0.46433333333333326,-4.264,-4.265,-4.267,-72.927,-1.512,-1.9800000000000002,2.783
NiGa2S4,,,0.255,1.961,0.032,-0.55,1.0000000000000002,0.16999999999999993,1.961,0.2549999999999999,1.961,-4.272,-4.357,-4.442,-33.218,0.179,0.177,3.109
ZrCoBr6,,,0.412,2.71,0.0,-0.993,1.0000000000000002,0.388,2.696,0.4119999999999998,2.71,-5.182,-5.376,-5.57,-33.085,-0.024999999999999994,-0.15600000000000003,2.952
Nb4Si2S8,,,0.372,0.591,0.07,-0.93,0.0,0.34299999999999997,0.5549999999999999,0.3719999999999999,0.591,-4.684,-4.856,-5.027,-97.755,1.3877787807814457e-17,0.0,2.249
Fe3GeSe2,,,0.0,,0.052,-0.17900000000000016,1.0000000000000002,0.0,2.309,0.0,2.513666666666667,-4.718333333333333,-4.736,-4.834666666666667,-39.682,-0.683,-0.673,4.553
Sc2P2S8,,,2.0,3.322,0.0,-0.949,0.0,1.896,3.2,2.0,3.322,-4.616,-5.563,-6.511,-64.063,1.3877787807814457e-17,0.0,1.896
Se5Mg2Al2,,,1.114,2.024,0.012,-1.026,0.0,1.114,2.024,1.114,2.024,-3.709,-4.266,-4.823,-37.357,1.3877787807814457e-17,0.0,3.46
Te4Br4Al4,,,2.817,3.629,0.0030000000000000027,-0.774,0.0,2.817,3.629,2.817,3.629,-3.519,-4.928,-6.336,-43.398,1.3877787807814457e-17,0.0,1.617
Zn2P2S6,,,2.484,3.59,0.02,-0.4139999999999999,0.0,2.086,3.197,2.484,3.59,-4.017,-5.06,-6.103,-41.703,1.3877787807814457e-17,0.0,3.616
INiBr,,,0.677,2.652,0.016,-0.252,1.0000000000000002,0.44999999999999996,2.357,0.677,2.652,-5.017,-5.243,-5.468,-11.066000000000003,1.846,1.835,1.787
Pb2Ag2I6,,,1.701,2.735,0.012,-0.511,0.0,1.701,2.613,1.701,2.735,-4.378,-5.229,-6.079,-27.176,1.3877787807814457e-17,0.0,3.171
PdZnSe6P2,,,0.126,0.925,0.075,-0.20799999999999996,1.0000000000000002,0.06499999999999995,0.796,0.1260000000000001,0.9250000000000003,-4.804,-4.836,-4.868,-38.706,0.484,0.486,3.77
Pd4In2Se6,,,0.874,1.29,0.088,-0.34,0.0,0.834,1.29,0.874,1.29,-4.26,-4.677,-5.094,-45.777,1.3877787807814457e-17,0.0,1.784
Y2Br6,,,2.911,4.203,0.056,-1.907,0.0,2.911,4.203,2.911,4.203,-3.811,-5.267,-6.722,-34.149,1.3877787807814457e-17,0.0,3.191
Se2Al2,3.738,4.349,2.71,3.515,0.005999999999999998,-0.711,0.0,2.138,2.866,2.71,3.515,-3.654,-4.723,-5.792,-17.287000000000003,1.3877787807814457e-17,0.0,3.8
Cd2Cu2Se2Br2,,,0.885,2.461,0.07,-0.47300000000000003,0.0,0.885,2.461,0.885,2.461,-4.253,-4.696,-5.138,-23.126,1.3877787807814457e-17,0.0,1.575
Re4Te8,,,0.992,1.515,0.0,-0.09199999999999986,0.0,0.817,1.331,0.992,1.515,-3.694,-4.103,-4.512,-73.375,1.3877787807814457e-17,0.0,4.665
As4S8Li4,,,1.293,1.883,0.02,-0.608,0.0,1.254,1.883,1.293,1.883,-4.415,-5.042,-5.669,-68.571,1.3877787807814457e-17,0.0,2.843
Rb2I2Cl8,,,2.476,3.604,0.0,-0.832,0.0,2.476,3.604,2.476,3.604,-4.947,-6.185,-7.423,-29.042,1.3877787807814457e-17,0.0,1.43
Sr4Sb4Te8Cl4,,,0.834,1.325,0.078,-1.087,0.0,0.727,1.303,0.8339999999999999,1.325,-4.496,-4.86,-5.223,-78.846,1.3877787807814457e-17,0.0,3.534
Te2Ti2N,,,0.0,,0.0,-1.003,0.0,0.0,0.9336666666666666,0.0,1.4169999999999998,-4.865333333333333,-4.364,-5.182666666666666,-33.158,1.3877787807814457e-17,0.0,6.601
WSeO,2.445,3.161,2.066,2.739,0.185,-1.121,0.0,1.244,2.004,2.066,2.739,-3.909,-4.531,-5.153,-23.455,1.3877787807814457e-17,0.0,4.479
Cs2C2O6,,,1.085,2.693,0.006999999999999999,-1.473,1.0000000000000002,1.065,2.628,1.085,2.693,-5.673,-6.206,-6.738,-65.585,-0.006999999999999992,0.0,1.49
CdSn2I2O2,,,1.968,2.764,0.06,-0.954,0.0,1.968,2.764,1.968,2.764,-3.378,-4.362,-5.345,-28.925,1.3877787807814457e-17,0.0,2.03
Nb3TeCl7,,,0.777,1.547,0.0,-1.269,0.0,0.772,1.542,0.777,1.547,-4.551,-4.937,-5.323,-60.644,1.3877787807814457e-17,0.0,1.881
Co4Br4O4,,,0.176,1.702,0.17,-0.588,0.0,0.17599999999999993,1.678,0.17599999999999993,1.702,-4.902,-4.99,-5.079,-66.806,1.3877787807814457e-17,0.0,1.762
Mo2I6NaO2,,,0.0,,0.019000000000000003,-0.877,0.0,0.0,0.2243333333333335,0.0,0.24300000000000033,-4.823333333333333,-4.884,-5.052,-52.481,1.3877787807814457e-17,0.0,1.971
SbBrS,2.419,2.812,1.647,2.277,0.054,-0.415,0.0,1.217,1.838,1.647,2.277,-4.94,-5.549,-6.158,-11.314999999999998,1.3877787807814457e-17,0.0,3.089
Ba2Cl2F2,,,5.56,6.979,0.053,-3.291,0.0,5.533,6.969,5.559999999999999,6.979,-2.025,-4.791,-7.558,-30.148,1.3877787807814457e-17,0.0,2.406
Sn2Sb2S6C2H6,,,1.749,2.563,0.088,-0.17500000000000004,0.0,1.627,2.426,1.749,2.563,-3.442,-4.255,-5.069,-82.937,1.3877787807814457e-17,0.0,1.479
Zr2Te8Ge2,,,0.553,1.116,0.006999999999999999,-0.522,0.0,0.522,1.116,0.553,1.116,-4.032,-4.293,-4.554,-55.739,1.3877787807814457e-17,0.0,2.286
In2S2,3.149,3.224,1.758,2.511,0.0,-0.556,0.0,1.675,2.431,1.758,2.511,-4.672,-5.509,-6.347,-15.905000000000001,1.3877787807814457e-17,0.0,4.036
Hf2Se6P2,,,0.724,1.408,0.196,-0.646,0.0,0.469,1.099,0.724,1.408,-4.637,-4.872,-5.106,-53.101,1.3877787807814457e-17,0.0,3.609
AuTlI6,,,0.709,1.44,0.058,-0.139,0.0,0.622,1.359,0.709,1.44,-5.356,-5.668,-5.979,-15.611,1.3877787807814457e-17,0.0,2.821
Sr2Sn4Cl12,,,3.577,4.466,0.022,-1.491,0.0,3.575,4.466,3.577,4.466,-2.706,-4.494,-6.281,-67.835,1.3877787807814457e-17,0.0,2.004
Ag2Sb4I2S3,,,1.438,2.358,0.076,-0.14900000000000002,0.0,1.349,2.167,1.438,2.358,-3.775,-4.45,-5.124,-40.138,1.3877787807814457e-17,0.0,1.694
ICrS,,,1.097,2.347,0.12,-0.499,1.0000000000000002,0.387,1.438,1.097,2.347,-4.774,-4.968,-5.161,-16.463,0.151,0.15,2.003
Re2RhCoS8,,,0.345,0.778,0.074,-0.43,0.0,0.29000000000000004,0.73,0.345,0.7779999999999998,-4.942,-5.087,-5.232,-76.482,1.3877787807814457e-17,0.0,3.878
HfPdCl6,,,0.845,2.499,0.05,-1.293,1.0000000000000002,0.805,2.459,0.845,2.499,-5.827,-6.229,-6.632,-32.379,-0.11700000000000002,-0.11999999999999998,2.855
I2Se2Al2,,,1.906,2.831,0.006999999999999999,-0.778,0.0,1.9050000000000002,2.831,1.906,2.831,-3.764,-4.717,-5.669,-22.068,1.3877787807814457e-17,0.0,2.111
MoTe2,1.563,1.563,0.932,1.37,0.0,-0.301,0.0,0.932,1.37,0.9320000000000002,1.37,-3.834,-4.3,-4.766,-18.513,1.3877787807814457e-17,0.0,4.754
Re2As2Se2,,,1.063,1.645,0.086,-0.14500000000000002,0.0,0.7870000000000001,1.43,1.063,1.645,-4.21,-4.603,-4.997,-40.475,1.3877787807814457e-17,0.0,4.728
BiSeCl,2.202,2.37,0.959,1.628,0.0,-0.681,0.0,0.851,1.509,0.9589999999999999,1.6280000000000001,-5.713,-6.139,-6.564,-11.985,1.3877787807814457e-17,0.0,3.038
Pb2CdO2F2,,,2.892,4.074,0.04,-1.664,0.0,2.892,4.074,2.892,4.074,-2.679,-4.125,-5.571,-33.514,1.3877787807814457e-17,0.0,1.532
PdNiF6,,,0.482,2.205,0.0,-1.554,1.0000000000000002,0.42399999999999993,2.061,0.482,2.205,-7.579,-7.79,-8.002,-33.016,0.365,0.397,2.174
PtNa2S6H6,,,2.292,3.411,0.003999999999999997,-0.432,0.0,2.273,3.386,2.292,3.411,-2.942,-4.078,-5.214,-59.867,1.3877787807814457e-17,0.0,1.127
Hf3ZrSe8,,,0.849,1.71,0.169,-1.188,0.0,0.8440000000000001,1.6919999999999997,0.849,1.71,-5.43,-5.852,-6.274,-72.042,1.3877787807814457e-17,0.0,4.05
Ga2MgS4,,,1.128,2.151,0.0,-0.914,0.0,1.128,2.151,1.128,2.151,-4.405,-4.969,-5.533,-30.133,1.3877787807814457e-17,0.0,2.957
Ta2Rh2S8,,,0.463,1.231,0.0,-0.849,0.0,0.4630000000000001,1.231,0.4630000000000001,1.231,-5.44,-5.672,-5.903,-76.737,1.3877787807814457e-17,0.0,2.105
Ta4Pd2Se10,,,0.078,0.215,0.013999999999999999,-0.729,0.0,0.07099999999999995,0.19700000000000006,0.07799999999999985,0.21499999999999986,-4.983,-5.018,-5.054,-93.403,1.3877787807814457e-17,0.0,2.219
Sb2Cu2Se4,,,0.183,0.669,0.072,-0.14900000000000002,0.0,0.18300000000000005,0.669,0.18300000000000005,0.6690000000000003,-4.068,-4.16,-4.251,-31.285,1.3877787807814457e-17,0.0,2.096
Ga2Si2S2,,,1.14,1.808,0.021,-0.422,0.0,1.14,1.808,1.14,1.808,-4.433,-5.003,-5.573,-27.292,1.3877787807814457e-17,0.0,2.782
TeMnFeSe,,,0.0,,0.08,-0.17100000000000004,1.0000000000000002,0.0,0.6833333333333333,0.0,0.8033333333333335,-4.626,-4.527,-4.71,-26.13,-0.645,0.08,3.893
Se2Li2H2,,,3.4,4.334,0.0010000000000000009,-0.635,0.0,3.4,4.334,3.4,4.334,-1.7289999999999996,-3.429,-5.13,-21.202,1.3877787807814457e-17,0.0,1.474
Cd2Cu2Cl6,,,1.645,3.891,0.003999999999999997,-0.847,0.0,1.645,3.891,1.645,3.891,-4.1,-4.923,-5.745,-28.384,1.3877787807814457e-17,0.0,2.99
Cs2Cl2O6,,,5.399,6.725,0.06,-0.738,0.0,5.291,6.616,5.398999999999999,6.725,-0.7930000000000001,-3.438,-6.084,-43.36,1.3877787807814457e-17,0.0,1.536
Hg2I2Cu2Se2,,,0.771,1.963,0.03,-0.21899999999999997,0.0,0.771,1.963,0.771,1.963,-4.341,-4.727,-5.112,-20.8,1.3877787807814457e-17,0.0,1.71
In2Ge2Se6,,,1.202,1.879,0.0,-0.41900000000000004,0.0,1.202,1.879,1.202,1.879,-4.693,-5.294,-5.895,-39.641,1.3877787807814457e-17,0.0,2.061
Hg2Cu2Se2Cl2,,,0.833,2.303,0.03,-0.363,0.0,0.833,2.303,0.833,2.303,-4.467,-4.884,-5.301,-22.56,1.3877787807814457e-17,0.0,1.565
Co2Se3,,,0.257,0.071,0.046,-0.255,0.0,0.255,0.06999999999999984,0.2570000000000001,0.07100000000000017,-4.92,-5.048,-5.176,-28.18,1.3877787807814457e-17,0.0,3.16
Ga2Al2S6,,,2.924,3.879,0.0,-0.874,0.0,2.835,3.811,2.924,3.879,-3.92,-5.337,-6.755,-46.488,1.3877787807814457e-17,0.0,2.648
Au2Br6,,,0.713,1.657,0.0,-0.13800000000000012,0.0,0.693,1.643,0.713,1.657,-5.583,-5.93,-6.276,-16.872,1.3877787807814457e-17,0.0,2.014
Bi2TeS2,,,0.021,0.528,0.062,-0.267,0.0,0.020999999999999908,0.5280000000000002,0.020999999999999908,0.528,-5.88,-5.891,-5.901,-22.046,1.3877787807814457e-17,0.0,4.828
Al2S6B2,,,0.803,1.785,0.079,-0.672,0.0,0.728,1.703,0.803,1.785,-5.571,-5.935,-6.299,-52.075,1.3877787807814457e-17,0.0,3.71
Se4MgAl2,,,1.064,1.984,0.011,-0.962,0.0,1.064,1.984,1.064,1.984,-3.772,-4.304,-4.836,-29.756,1.3877787807814457e-17,0.0,2.983
IrSeBr,,,1.44,2.397,0.035,-0.301,0.0,1.26,2.257,1.44,2.397,-3.748,-4.378,-5.008,-15.246999999999996,1.3877787807814457e-17,0.0,3.728
I2Ca,6.92,7.189,4.111,5.274,0.0,-1.666,0.0,3.537,4.812,4.111,5.274,-2.821,-4.589,-6.358,-9.966999999999999,1.3877787807814457e-17,0.0,3.062
Ag2Cd2Te2Br2,,,1.242,2.114,0.062,-0.41900000000000004,0.0,1.242,2.114,1.242,2.114,-4.093,-4.714,-5.335,-20.462,1.3877787807814457e-17,0.0,1.517
In2Te6Si2,,,0.872,1.393,0.0049999999999999975,-0.21499999999999997,0.0,0.682,1.183,0.872,1.393,-4.385,-4.726,-5.067,-37.7,1.3877787807814457e-17,0.0,2.08
In2ZnSe4,,,0.084,,0.091,-0.525,0.0,0.08400000000000007,0.9556666666666667,0.08400000000000007,0.9803333333333335,-5.193,-5.235,-5.277,-24.319,1.3877787807814457e-17,0.0,3.278
Pt2S2O6,,,0.86,2.324,0.087,-0.75,0.0,0.86,2.324,0.86,2.324,-4.11,-4.54,-4.97,-59.113,1.3877787807814457e-17,0.0,1.69
Au4I4O4H4,,,0.039,,0.056,-0.407,0.0,0.020999999999999908,0.22766666666666646,0.038999999999999924,0.2276666666666669,-4.575,-4.585,-4.596,-58.74,1.3877787807814457e-17,0.0,2.197
Rb2Se2O6H2,,,1.976,3.42,0.132,-1.064,0.0,1.677,3.163,1.976,3.42,-3.081,-3.919,-4.757,-58.95,1.3877787807814457e-17,0.0,1.543
Tl2IBr,,,1.952,2.588,0.036,-0.742,0.0,1.946,2.587,1.952,2.588,-3.021,-3.994,-4.967,-11.025999999999996,1.3877787807814457e-17,0.0,2.679
Ni4S4Cl4,,,0.753,2.118,0.082,-0.38800000000000007,1.0000000000000002,0.681,1.909,0.753,2.118,-5.658,-5.998,-6.339,-57.1,0.172,0.092,1.729
Sb4I4Ni2O6,,,0.669,3.106,0.05,-0.85,1.0000000000000002,0.647,3.036,0.669,3.106,-4.882,-5.205,-5.529,-82.37,-2.114,-2.171,2.175
CrS2,1.448,1.448,0.877,1.351,0.0,-0.673,0.0,0.877,1.351,0.877,1.351,-4.964,-5.403,-5.842,-19.583,1.3877787807814457e-17,0.0,4.298
VOF2,,,0.79,3.311,0.0010000000000000009,-2.707,1.0000000000000002,0.759,3.311,0.79,3.311,-5.786,-6.166,-6.545,-27.649,0.024999999999999994,0.019000000000000003,1.217
NiAl2S4,,,0.505,2.454,0.066,-0.806,1.0000000000000002,0.33299999999999996,2.363,0.505,2.454,-3.871,-4.037,-4.204,-36.681,0.106,0.105,3.068
Ag2Ca2Cl6,,,3.472,4.978,0.0,-1.634,0.0,3.472,4.978,3.472,4.978,-3.532,-5.268,-7.004,-36.755,1.3877787807814457e-17,0.0,2.786
Ag2Br6Mg2,,,2.989,4.269,0.011,-1.047,0.0,2.989,4.269,2.989,4.269,-3.585,-5.079,-6.574,-28.896,1.3877787807814457e-17,0.0,2.896
In2S2F2,,,1.012,1.873,0.086,-1.404,0.0,1.012,1.873,1.012,1.873,-5.404,-5.911,-6.417,-25.278,1.3877787807814457e-17,0.0,3.034
Cd4Cl8,,,3.474,4.827,0.039,-1.078,0.0,3.474,4.827,3.474,4.827,-4.411,-6.148,-7.884,-30.93,1.3877787807814457e-17,0.0,2.54
Hf3TiSeBr4S3,,,0.0,,0.0010000000000000009,-1.432,1.0000000000000002,0.0,1.9186666666666667,0.0,2.2156666666666665,-5.060333333333333,-4.794,-5.531666666666666,-68.453,0.082,0.04100000000000001,4.092
WAgSeBr5,,,0.811,1.895,0.017999999999999995,-0.434,0.0,0.802,1.885,0.8110000000000002,1.895,-5.355,-5.756,-6.157,-29.203,1.3877787807814457e-17,0.0,2.363
Ba2I4,,,3.678,4.661,0.043,-1.794,0.0,3.633,4.607,3.678,4.661,-2.565,-4.382,-6.199,-20.335,1.3877787807814457e-17,0.0,2.995
Pb2P2S6F2,,,2.175,3.178,0.011,-0.853,0.0,1.996,2.969,2.175,3.178,-4.467,-5.465,-6.463,-56.124,1.3877787807814457e-17,0.0,1.838
Nb4Te10Ni2,,,0.0,,0.005999999999999998,-0.42800000000000005,0.0,0.0,0.011666666666666714,0.0,0.06099999999999994,-4.564,-4.671,-4.595000000000001,-94.695,1.3877787807814457e-17,0.0,2.372
Pd2P2S6,,,0.014,0.013,0.122,-0.20399999999999996,0.0,0.014000000000000012,0.0129999999999999,0.014000000000000234,0.0129999999999999,-5.155,-5.162,-5.169,-44.874,1.3877787807814457e-17,0.0,3.79
Hg2Ag2S2Cl2,,,1.388,2.526,0.031,-0.328,0.0,1.388,2.526,1.388,2.526,-4.567,-5.261,-5.955,-21.799,1.3877787807814457e-17,0.0,1.47
As4S8Li4,,,1.287,1.873,0.017999999999999995,-0.61,0.0,1.25,1.873,1.287,1.873,-4.414,-5.039,-5.664,-68.593,1.3877787807814457e-17,0.0,2.89
Sr2Cl4O4H8,,,5.627,6.991,0.023,-1.544,0.0,5.57,6.943,5.626999999999999,6.991,-2.249,-5.034,-7.819,-85.378,1.3877787807814457e-17,0.0,1.193
Mo2V2O10,,,0.003,1.837,0.0,-2.166,1.0000000000000002,0.0029999999999998916,1.837,0.0029999999999998916,1.837,-5.67,-5.671,-5.673,-121.016,-0.08100000000000002,-0.081,1.328
Nb2Se4Cl4,,,1.08,1.824,0.0,-0.97,0.0,1.08,1.824,1.08,1.824,-4.159,-4.699,-5.239,-51.422,1.3877787807814457e-17,0.0,1.909
Nb4Ni2Se10,,,0.0,,0.0,-0.768,0.0,0.0,0.18166666666666664,0.0,0.18966666666666665,-4.956333333333333,-5.133,-5.001333333333333,-102.914,1.3877787807814457e-17,0.0,2.18
Pd4As4S4,,,1.08,1.828,0.038,-0.3430000000000001,0.0,0.888,1.501,1.08,1.828,-4.926,-5.37,-5.814,-54.364,1.3877787807814457e-17,0.0,2.324
PdNa2O6H6,,,2.468,4.355,0.003999999999999997,-1.103,0.0,2.468,4.355,2.468,4.355,-2.896,-4.13,-5.364,-73.669,1.3877787807814457e-17,0.0,0.8599999999999999
Pt2F2,,,1.074,2.438,0.0,-0.872,0.0,0.811,2.165,1.074,2.438,-5.703,-6.109,-6.514,-19.368,1.3877787807814457e-17,0.0,3.824
In2Te6Al2,,,0.803,1.287,0.06,-0.324,0.0,0.744,1.238,0.803,1.287,-4.484,-4.856,-5.228,-35.476,1.3877787807814457e-17,0.0,2.795
Nb2I12K2,,,0.615,1.716,0.009000000000000001,-0.714,0.0,0.615,1.716,0.615,1.7159999999999997,-5.106,-5.414,-5.722,-52.259,1.3877787807814457e-17,0.0,2.114
Pt2S2O6,,,1.509,3.047,0.072,-0.765,0.0,1.456,2.976,1.509,3.047,-3.896,-4.624,-5.352,-59.259,1.3877787807814457e-17,0.0,1.538
Cd2Te2,,,0.633,1.331,0.094,-0.371,0.0,0.633,1.331,0.633,1.331,-4.462,-4.778,-5.095,-9.749000000000002,1.3877787807814457e-17,0.0,3.428
In3SeBr5S,,,1.932,2.919,0.061,-0.715,0.0,1.919,2.898,1.932,2.919,-4.959,-5.918,-6.877,-30.924,1.3877787807814457e-17,0.0,2.823
Sb2MnS4,,,0.854,1.626,0.072,-0.30200000000000005,1.0000000000000002,0.383,1.178,0.854,1.626,-4.756,-4.948,-5.139,-36.958,0.0020000000000000018,0.0020000000000000018,3.412
Nb4Te8Co8,,,0.0,,0.0,-0.346,0.0,0.0,0.38133333333333397,0.0,0.3813333333333335,-4.441333333333334,-4.098,-4.559666666666667,-139.703,1.3877787807814457e-17,0.0,3.337
Ag4Te4Br4,,,0.883,1.256,0.037,-0.20799999999999996,0.0,0.883,1.256,0.883,1.256,-5.476,-5.918,-6.359,-33.015,1.3877787807814457e-17,0.0,1.741
As4S6,,,2.065,2.961,0.017999999999999995,-0.122,0.0,1.988,2.889,2.065,2.961,-3.903,-4.897,-5.891,-44.343,1.3877787807814457e-17,0.0,1.362
SbGe2Se6,,,0.0,,0.096,-0.15400000000000003,0.0,0.0,0.6283333333333334,0.0,0.7456666666666667,-5.154,-5.453,-5.341,-35.722,1.3877787807814457e-17,0.0,2.021
Zn2Br2Cl2,,,3.279,4.521,0.011,-1.044,0.0,3.279,4.521,3.279,4.521,-3.6,-5.24,-6.879,-15.369999999999997,1.3877787807814457e-17,0.0,2.394
PbBr2,4.207,4.633,2.401,3.378,0.0,-0.965,0.0,2.004,2.926,2.401,3.378,-4.972,-5.974,-6.976,-9.823,1.3877787807814457e-17,0.0,2.797
Au4S4Cl4,,,1.414,2.35,0.0,-0.17799999999999994,0.0,1.414,2.35,1.414,2.35,-5.747,-6.454,-7.16,-38.114,1.3877787807814457e-17,0.0,1.69
HfTe8Ti3,,,0.076,0.739,0.119,-0.613,0.0,0.052000000000000046,0.724,0.07600000000000007,0.7389999999999999,-5.134,-5.16,-5.186,-60.574,1.3877787807814457e-17,0.0,4.143
Bi2Te2S,,,0.206,0.702,0.0030000000000000027,-0.289,0.0,0.15799999999999992,0.5840000000000001,0.20599999999999996,0.702,-5.172,-5.251,-5.33,-21.279,1.3877787807814457e-17,0.0,4.741
Sb2Cr2O6,,,1.345,3.833,0.0,-1.665,1.0000000000000002,1.345,3.832,1.345,3.833,-2.609,-3.282,-3.954,-75.022,-0.010000000000000009,-0.007000000000000006,3.367
Ge2P2C2O6H6,,,4.626,5.797,0.0,-1.108,0.0,4.605,5.744,4.626,5.797,-1.141,-3.443,-5.746,-108.833,1.3877787807814457e-17,0.0,1.317
Se2Al2Cl2,,,3.767,4.835,0.0020000000000000018,-1.171,0.0,3.7670000000000003,4.835,3.767,4.835,-3.846,-5.73,-7.613,-25.039,1.3877787807814457e-17,0.0,1.865
Cu2Cl6,,,0.46,1.507,0.072,-0.31,1.0000000000000002,0.42599999999999993,1.409,0.45999999999999996,1.507,-6.955,-7.168,-7.381,-20.542,-0.04999999999999999,-0.049,2.722
Ta4Si2S8,,,0.379,0.558,0.1,-0.861,0.0,0.29499999999999993,0.41999999999999993,0.379,0.558,-4.511,-4.659,-4.806,-94.74,1.3877787807814457e-17,0.0,2.276
Cs2I2Cl8,,,2.481,3.62,0.0,-0.86,0.0,2.481,3.62,2.481,3.62,-4.834,-6.075,-7.316,-29.221,1.3877787807814457e-17,0.0,1.436
Pd4Br8,,,1.204,2.468,0.0,-0.375,0.0,1.148,2.37,1.204,2.468,-5.085,-5.659,-6.233,-32.453,1.3877787807814457e-17,0.0,1.322
Sb4Co2Cl4O6,,,0.906,3.522,0.016,-1.108,1.0000000000000002,0.861,3.522,0.906,3.522,-4.361,-4.792,-5.222,-89.69,1.147,0.479,1.995
Tl4Te2,,,0.708,1.206,0.013999999999999999,-0.235,0.0,0.698,1.184,0.708,1.206,-3.165,-3.514,-3.863,-17.812999999999995,1.3877787807814457e-17,0.0,2.747
Ir2F6,,,1.681,3.672,0.033,-1.409,0.0,1.632,3.601,1.681,3.672,-4.699,-5.515,-6.331,-39.347,1.3877787807814457e-17,0.0,2.373
Tl2Ag2S2,,,1.221,2.111,0.022,-0.19199999999999995,0.0,0.992,1.865,1.221,2.111,-2.776,-3.273,-3.769,-19.981,1.3877787807814457e-17,0.0,3.665
Cd4Br4,,,1.326,1.771,0.068,-0.609,0.0,1.281,1.771,1.326,1.771,-4.426,-5.067,-5.708,-14.922999999999998,1.3877787807814457e-17,0.0,3.827
Cd2TeI2,,,1.906,2.659,0.084,-0.48,0.0,1.906,2.659,1.906,2.659,-3.778,-4.731,-5.684,-10.414000000000001,1.3877787807814457e-17,0.0,2.487
Sr2Sn4Cl12,,,3.577,4.466,0.022,-1.491,0.0,3.575,4.466,3.577,4.466,-2.706,-4.494,-6.281,-67.835,1.3877787807814457e-17,0.0,2.004
Y2S4Cl4,,,1.669,2.516,0.044,-1.568,0.0,1.586,2.425,1.669,2.516,-4.881,-5.673,-6.466,-48.518,1.3877787807814457e-17,0.0,2.77
Hf2Zr2Te8,,,0.22,0.764,0.121,-0.742,0.0,0.16599999999999993,0.7170000000000001,0.21999999999999997,0.7640000000000002,-5.145,-5.228,-5.31,-64.367,1.3877787807814457e-17,0.0,4.174
Os2Cl6,,,0.096,,0.062,-0.318,1.0000000000000002,0.06299999999999994,0.33499999999999996,0.09600000000000009,0.40466666666666695,-5.235,-5.267,-5.298,-35.638,39.519,38.685,3.208
Cd2I2Cu2S2,,,1.186,2.732,0.055,-0.413,0.0,1.182,2.722,1.186,2.732,-3.771,-4.362,-4.954,-23.622,1.3877787807814457e-17,0.0,1.717
Rb2K2O2,,,0.461,1.718,0.028,-0.954,0.0,0.4610000000000001,1.718,0.4610000000000001,1.718,-1.2190000000000003,-1.4489999999999998,-1.6799999999999997,-20.233,1.3877787807814457e-17,0.0,1.364
Br6Al2,,,3.907,5.096,0.010000000000000002,-1.119,0.0,3.897,5.067,3.907,5.096,-3.08,-5.028,-6.976,-25.935,1.3877787807814457e-17,0.0,2.848
Y2Cl2C,,,0.982,1.806,0.0,-1.587,0.0,0.961,1.763,0.982,1.806,-4.815,-5.295,-5.775,-30.108,1.3877787807814457e-17,0.0,4.954
I2Cu2SeCl3,,,0.0,,0.035,-0.29300000000000004,0.0,0.0,0.9263333333333335,0.0,0.9576666666666664,-5.786666666666666,-5.831,-6.064,-21.488,1.3877787807814457e-17,0.0,2.605
Ga4S4Cl4,,,3.546,4.72,0.0,-0.902,0.0,3.512,4.705,3.546,4.72,-4.194,-5.95,-7.706,-45.894,1.3877787807814457e-17,0.0,1.633
In2I2Se2,,,1.047,1.858,0.012,-0.547,0.0,1.047,1.858,1.047,1.858,-4.844,-5.367,-5.89,-18.729,1.3877787807814457e-17,0.0,2.148
Sb2Co2O6,,,0.932,3.707,0.051,-1.179,0.0,0.932,3.643,0.9320000000000002,3.707,-3.211,-3.677,-4.143,-67.807,1.3877787807814457e-17,0.0,3.495
Sb2Te6Si2,,,1.161,1.673,0.0,-0.122,0.0,0.832,1.286,1.161,1.673,-4.172,-4.588,-5.004,-40.055,1.3877787807814457e-17,0.0,3.707
BiIS,1.733,1.738,0.435,1.232,0.14000000000000004,-0.287,0.0,0.401,1.178,0.43500000000000005,1.232,-5.435,-5.635,-5.836,-11.091000000000001,1.3877787807814457e-17,0.0,3.757
CrO2,1.23,2.217,1.514,2.046,0.168,-1.693,0.0,0.4159999999999999,1.144,1.514,2.046,-6.933,-7.141,-7.349,-24.735,1.3877787807814457e-17,0.0,3.748
HgPb2I2O2,,,2.128,3.053,0.010000000000000002,-0.808,0.0,1.821,2.706,2.128,3.053,-3.888,-4.798,-5.708,-27.262,1.3877787807814457e-17,0.0,2.178
Sc2BrS2Cl,,,2.145,3.621,0.0,-1.974,0.0,2.12,3.553,2.145,3.621,-4.596,-5.656,-6.716,-32.692,1.3877787807814457e-17,0.0,3.562
Hg2Se2O8H4,,,2.535,3.908,0.005999999999999998,-0.825,0.0,2.535,3.908,2.535,3.908,-3.597,-4.864,-6.131,-76.222,1.3877787807814457e-17,0.0,1.616
Zr4Se4S2Cl4,,,0.842,1.787,0.073,-1.51,0.0,0.594,1.317,0.842,1.787,-6.15,-6.447,-6.743,-79.986,1.3877787807814457e-17,0.0,3.895
Sb2Mn2S4Cl2,,,0.209,1.316,0.086,-0.494,1.0000000000000002,0.20900000000000007,1.242,0.20900000000000007,1.316,-4.15,-4.254,-4.359,-53.064,0.098,0.838,1.595
Ti2Br4S4,,,1.055,2.513,0.021,-0.998,0.0,1.031,2.482,1.055,2.513,-5.114,-5.629,-6.144,-46.009,1.3877787807814457e-17,0.0,3.138
V2Se4Cl4,,,0.647,1.772,0.089,-0.739,0.0,0.647,1.6919999999999997,0.6469999999999999,1.772,-4.545,-4.868,-5.192,-45.508,1.3877787807814457e-17,0.0,3.271
Al4S6,,,3.242,4.295,0.0,-1.071,0.0,3.133,4.164,3.242,4.295,-3.761,-5.327,-6.894,-50.127,1.3877787807814457e-17,0.0,2.658
I4Cu4Se4,,,0.711,1.265,0.0030000000000000027,-0.14800000000000002,0.0,0.646,1.212,0.7109999999999999,1.265,-5.23,-5.553,-5.876,-36.328,1.3877787807814457e-17,0.0,1.987
AgGaSe6P2,,,0.91,1.753,0.0010000000000000009,-0.21799999999999997,0.0,0.91,1.694,0.91,1.753,-4.519,-4.974,-5.429,-39.552,1.3877787807814457e-17,0.0,2.023
Ta2Ni2S10,,,0.0,,0.06,-0.58,0.0,0.0,0.521666666666667,0.0,0.5269999999999999,-5.405,-6.004,-5.55,-83.029,1.3877787807814457e-17,0.0,2.062
Y2Br4S4,,,1.664,2.503,0.044,-1.367,0.0,1.606,2.442,1.664,2.503,-4.867,-5.67,-6.473,-45.704,1.3877787807814457e-17,0.0,2.748
I8Zn4,,,2.392,3.369,0.0,-0.616,0.0,2.392,3.369,2.392,3.369,-3.454,-4.65,-5.846,-23.954,1.3877787807814457e-17,0.0,2.867
Ga2S5,,,1.803,2.743,0.05,-0.424,0.0,1.803,2.743,1.803,2.743,-3.856,-4.758,-5.659,-29.167,1.3877787807814457e-17,0.0,1.502
Ti2Se2N,,,0.0,,0.0,-1.29,0.0,0.0,0.9336666666666666,0.0,1.4169999999999998,-4.865333333333333,-5.299,-5.182666666666666,-35.148,1.3877787807814457e-17,0.0,6.102
Pt2F6,,,0.813,2.766,0.059,-1.243,1.0000000000000002,0.758,2.703,0.813,2.766,-6.062,-6.441,-6.819,-32.175,-1.136,-1.136,2.12
HfPdCl6,,,0.845,2.499,0.05,-1.293,1.0000000000000002,0.805,2.459,0.845,2.499,-5.827,-6.229,-6.632,-32.379,-0.11700000000000002,-0.11999999999999998,2.855
Ta2Co4Se4,,,0.0,,0.011,-0.512,0.0,0.0,0.061666666666666536,0.0,0.07266666666666666,-4.461333333333333,-4.702,-4.519,-71.599,1.3877787807814457e-17,0.0,3.011
Ba4As4S8F4,,,2.176,3.038,0.0,-1.758,0.0,2.095,2.995,2.176,3.038,-3.953,-5.0,-6.048,-100.1,1.3877787807814457e-17,0.0,3.211
NiGa2Se4,,,0.0,,0.03,-0.475,0.0,0.0,1.1053333333333333,0.0,1.1053333333333335,-4.035666666666667,-4.395,-4.334,-30.31,1.3877787807814457e-17,0.0,3.264
W2Te8V2,,,0.0,,0.045,-0.18399999999999994,1.0000000000000002,0.0,0.7653333333333334,0.0,0.9280000000000002,-4.831333333333333,-4.86,-4.995,-67.87,7.868999999999999,7.858,4.692
Sr2I2CuO2,,,0.0,,0.0,-1.759,0.0,0.0,2.0976666666666666,0.0,2.099666666666667,-5.803333333333333,-6.065,-6.422666666666666,-32.54,1.3877787807814457e-17,0.0,4.949
PdAgBrCl5,,,0.341,1.213,0.0,-0.357,1.0000000000000002,0.264,1.132,0.34099999999999997,1.213,-6.736,-6.868,-7.0,-20.027,-0.07,-0.11,2.599
Ta4Se12Br2,,,0.66,1.069,0.043,-0.635,0.0,0.66,1.069,0.66,1.069,-4.252,-4.582,-4.912,-95.661,1.3877787807814457e-17,0.0,1.851
Sn4As4S4,,,1.781,2.543,0.089,-0.21599999999999997,0.0,1.725,2.455,1.781,2.543,-4.27,-5.133,-5.995,-53.785,1.3877787807814457e-17,0.0,1.622
Te2Ga2Ge2,,,0.687,1.169,0.0,-0.252,0.0,0.674,1.165,0.687,1.169,-4.259,-4.596,-4.933,-22.759,1.3877787807814457e-17,0.0,2.826
Se5P2,,,1.333,2.151,0.088,0.040000000000000036,0.0,1.156,1.956,1.333,2.151,-4.068,-4.646,-5.224,-27.861,1.3877787807814457e-17,0.0,2.552
Au4Te4I4,,,1.144,1.697,0.0,-0.16000000000000003,0.0,1.071,1.672,1.144,1.697,-4.755,-5.29,-5.826,-33.168,1.3877787807814457e-17,0.0,1.943
Ta4Fe2S10,,,0.0,,0.003999999999999997,-0.938,1.0000000000000002,0.0,2.6113333333333335,0.0,2.7013333333333334,-5.306666666666667,-5.588,-5.884,-113.135,-3.086,-1.213,2.176
Ir2Te2Br2,,,1.007,1.883,0.028,-0.29,0.0,1.007,1.869,1.007,1.883,-3.976,-4.479,-4.983,-29.869,1.3877787807814457e-17,0.0,1.968
Ag2Cd2Br6,,,2.24,3.456,0.0,-0.682,0.0,2.24,3.456,2.24,3.456,-4.232,-5.352,-6.472,-23.859,1.3877787807814457e-17,0.0,2.933
Y2S2Cl2,,,3.383,4.604,0.11099999999999999,-2.137,0.0,3.328,4.498,3.383,4.604,-3.271,-4.935,-6.599,-33.93,1.3877787807814457e-17,0.0,2.613
Sb2MnF12,,,1.756,4.074,0.0,-2.4560000000000004,1.0000000000000002,1.742,4.06,1.756,4.074,-6.229,-7.1,-7.971,-74.403,-0.01899999999999999,-0.031000000000000014,2.185
Ta2Cr2S10,,,0.0,,0.017,-0.753,1.0000000000000002,0.0,3.3609999999999998,0.0,3.4210000000000003,-4.452,-4.853,-5.262333333333333,-89.779,-0.172,-0.049,2.42
SnNaSCl3,,,2.083,3.22,0.056,-1.071,0.0,2.023,3.168,2.083,3.22,-5.184,-6.196,-7.207,-21.224,1.3877787807814457e-17,0.0,2.637
Sn4Ca2F12,,,4.067,5.111,0.0,-2.948,0.0,3.924,4.948,4.067,5.111,-2.069,-4.032,-5.994,-92.356,1.3877787807814457e-17,0.0,2.033
CdBrSH,,,2.775,3.829,0.051,-0.522,0.0,2.762,3.809,2.775,3.829,-3.316,-4.697,-6.078,-12.003,1.3877787807814457e-17,0.0,1.41
Te6Ga4,,,0.18,0.75,0.063,-0.267,0.0,0.14100000000000001,0.7309999999999999,0.17999999999999994,0.75,-4.146,-4.217,-4.287,-33.513,1.3877787807814457e-17,0.0,4.222
CrGa2Se4,,,0.0,,0.056,-0.546,1.0000000000000002,0.0,1.1523333333333334,0.0,1.2303333333333333,-3.973,-3.986,-4.208666666666667,-32.966,-0.189,-0.189,3.159
Fe2Cl6,,,0.071,,0.09,-0.655,1.0000000000000002,0.0129999999999999,0.6753333333333333,0.07099999999999995,0.7270000000000001,-5.904,-5.911,-5.918,-34.033,-3.688,-3.6830000000000003,2.97
In2Se2,,,1.841,2.483,0.038,-0.5,0.0,1.63,2.254,1.841,2.483,-3.775,-4.59,-5.404,-14.491,1.3877787807814457e-17,0.0,1.504
Te2MgS8Li2H4,,,2.083,3.019,0.052,-0.433,0.0,2.083,3.019,2.083,3.019,-3.573,-4.615,-5.656,-65.084,1.3877787807814457e-17,0.0,1.765
In2Te2I2,,,0.582,1.426,0.032,-0.418,0.0,0.582,1.426,0.5820000000000001,1.426,-4.558,-4.849,-5.14,-17.401000000000003,1.3877787807814457e-17,0.0,3.063
P4S6,,,2.156,3.097,0.031,-0.132,0.0,2.156,3.097,2.156,3.097,-3.769,-4.847,-5.925,-47.25,1.3877787807814457e-17,0.0,1.376
Pb2Br2S,,,1.111,1.765,0.005999999999999998,-0.8,0.0,1.111,1.765,1.111,1.765,-5.42,-5.976,-6.532,-18.763,1.3877787807814457e-17,0.0,4.226
Ga2Ge2Se2,,,0.39,0.921,0.006999999999999999,-0.393,0.0,0.39,0.921,0.39,0.9209999999999998,-4.58,-4.775,-4.97,-24.164,1.3877787807814457e-17,0.0,2.803
Ag2I6V2,,,1.309,3.131,0.03,-0.381,1.0000000000000002,1.286,3.1,1.309,3.131,-3.321,-3.964,-4.607,-35.41,-0.316,-0.317,3.393
Ni2S4,,,1.227,2.628,0.035,-0.265,0.0,0.824,2.231,1.227,2.628,-4.456,-4.868,-5.28,-32.398,1.3877787807814457e-17,0.0,2.546
AgCrSe6P2,,,0.899,1.894,0.0,-0.256,1.0000000000000002,0.895,1.789,0.899,1.894,-4.542,-4.989,-5.437,-46.439,-0.061,-0.060999999999999985,2.06
In2Ge2S6,,,1.909,2.767,0.003999999999999997,-0.445,0.0,1.641,2.429,1.909,2.767,-4.723,-5.543,-6.363,-43.472,1.3877787807814457e-17,0.0,2.039
Nb2Te6Ni4,,,0.0,,0.0,-0.4139999999999999,0.0,0.0,0.061666666666666536,0.0,0.07266666666666666,-4.461333333333333,-4.587,-4.519,-73.834,1.3877787807814457e-17,0.0,2.357
As2BeO4F4,,,4.23,6.223,0.0,-1.904,0.0,4.144,6.1240000000000006,4.23,6.223,-4.629,-6.701,-8.773,-60.819,1.3877787807814457e-17,0.0,1.421
NiOFH,,,1.274,3.548,0.023,-1.182,1.0000000000000002,1.274,3.548,1.274,3.548,-3.691,-4.328,-4.965,-22.011,-0.023999999999999994,-0.029000000000000012,1.11
Hg2I2S,,,2.279,3.203,0.035,-0.269,0.0,2.264,3.203,2.279,3.203,-3.908,-5.04,-6.173,-10.149000000000001,1.3877787807814457e-17,0.0,3.493
I2Mn2Se,,,0.256,2.519,0.052,-0.341,1.0000000000000002,0.15599999999999992,2.354,0.256,2.519,-4.677,-4.755,-4.833,-27.577,0.464,0.476,4.576
Co2P2S6,,,0.058,,0.073,-0.247,1.0000000000000002,0.006000000000000005,1.048,0.05800000000000005,1.4363333333333335,-4.759,-4.762,-4.765,-54.126,0.125,0.127,2.157
Ge2Se2BrCl,,,1.885,2.868,0.051,-0.434,0.0,1.719,2.697,1.885,2.868,-4.311,-5.171,-6.03,-21.968,1.3877787807814457e-17,0.0,2.351
CdInSe4Al,,,0.301,1.108,0.087,-0.621,0.0,0.30099999999999993,1.108,0.30099999999999993,1.108,-4.572,-4.722,-4.873,-25.709,1.3877787807814457e-17,0.0,3.121
Ag2Cd2Se2Br2,,,1.08,2.102,0.054,-0.476,0.0,1.08,2.102,1.08,2.102,-4.463,-5.003,-5.543,-21.476,1.3877787807814457e-17,0.0,1.503
CdISH,,,1.984,2.851,0.06,-0.411,0.0,1.984,2.851,1.984,2.851,-3.104,-4.096,-5.088,-11.451,1.3877787807814457e-17,0.0,1.5310000000000001
Te4K4Cu4,,,1.412,2.585,0.064,-0.553,0.0,1.412,2.585,1.412,2.585,-2.1030000000000006,-2.809,-3.515,-39.037,1.3877787807814457e-17,0.0,2.527
Sn2H2,1.043,1.043,0.236,0.685,0.171,0.17100000000000004,0.0,0.236,0.685,0.236,0.6850000000000003,-4.542,-4.66,-4.778,-14.076999999999998,1.3877787807814457e-17,0.0,1.973
Ba4As4S8Cl4,,,2.218,3.098,0.012999999999999998,-1.268,0.0,2.068,2.921,2.218,3.098,-3.903,-4.937,-5.971,-91.081,1.3877787807814457e-17,0.0,2.995
Ti2S2N,,,0.0,,0.019000000000000003,-1.437,0.0,0.0,1.0740000000000003,0.0,1.4106666666666665,-4.957,-5.79,-5.235666666666666,-37.071,1.3877787807814457e-17,0.0,5.888
ZrMoI3Br3,,,0.791,1.75,0.092,-0.808,1.0000000000000002,0.704,1.642,0.791,1.75,-4.349,-4.701,-5.053,-34.26,0.5529999999999999,-0.561,3.239
Zr2Sn2S8,,,1.111,1.97,0.043,-0.954,0.0,1.072,1.937,1.111,1.97,-4.42,-4.956,-5.491,-66.997,1.3877787807814457e-17,0.0,2.029
Br6Mg2Li2,,,4.541,5.674,0.041,-1.5059999999999998,0.0,4.541,5.674,4.541,5.674,-2.207,-4.478,-6.748,-31.579,1.3877787807814457e-17,0.0,2.509
Ni2Se6P2,,,0.0,,0.065,-0.1329999999999999,1.0000000000000002,0.0,0.7493333333333334,0.0,0.8353333333333337,-4.939,-4.882,-4.9910000000000005,-47.449,-1.178,-1.179,3.81
SbISe,1.994,2.207,1.262,1.789,0.019000000000000003,-0.312,0.0,1.012,1.529,1.262,1.7890000000000001,-4.613,-5.118,-5.624,-10.305,1.3877787807814457e-17,0.0,3.322
Nb2Te2Co4S2,,,0.0,,0.017,-0.517,0.0,0.0,0.061666666666666536,0.0,0.07266666666666666,-4.399333333333333,-4.574,-4.445666666666666,-73.3,1.3877787807814457e-17,0.0,3.041
Pt4P4S4,,,1.873,2.892,0.0,-0.558,0.0,1.702,2.654,1.873,2.892,-4.079,-4.93,-5.781,-69.888,1.3877787807814457e-17,0.0,2.503
Nb2Ni4S6,,,0.0,,0.047,-0.689,0.0,0.0,0.3936666666666664,0.0,0.3989999999999996,-5.157,-5.299,-5.217333333333333,-82.373,1.3877787807814457e-17,0.0,2.038
Y2Te3,,,1.346,2.166,0.0,-1.396,0.0,0.912,1.625,1.346,2.166,-4.545,-5.001,-5.458,-25.976,1.3877787807814457e-17,0.0,4.923
Ag2Cl6,,,0.267,1.278,0.123,-0.15000000000000002,1.0000000000000002,0.267,1.278,0.2669999999999999,1.278,-7.05,-7.184,-7.318,-17.590999999999998,0.033,0.034,2.63
TlCdInS4,,,0.379,1.201,0.09,-0.418,0.0,0.32400000000000007,1.127,0.379,1.201,-5.321,-5.483,-5.644,-25.425,1.3877787807814457e-17,0.0,3.146
Ge2F2,0.35,0.35,0.149,0.38,0.159,-1.467,0.0,0.11799999999999988,0.3799999999999999,0.14900000000000002,0.3799999999999999,-7.068,-7.127,-7.187,-18.072999999999997,1.3877787807814457e-17,0.0,2.659
Bi2I4GeSe2,,,0.896,1.57,0.006999999999999999,-0.411,0.0,0.763,1.419,0.896,1.57,-5.053,-5.434,-5.816,-30.444000000000003,1.3877787807814457e-17,0.0,3.305
VMnSeS,,,0.0,,0.10699999999999998,-0.564,1.0000000000000002,0.0,0.9803333333333335,0.0,0.9956666666666667,-4.479,-4.55,-4.613666666666667,-28.056,0.219,0.202,2.058
Te2Na6S8H2,,,2.481,3.59,0.0,-0.633,0.0,2.41,3.502,2.481,3.59,-2.836,-4.041,-5.246,-64.917,1.3877787807814457e-17,0.0,1.263
W2Sb4O12,,,1.773,2.988,0.038,-1.722,0.0,1.745,2.951,1.773,2.988,-5.216,-6.088,-6.961,-133.084,1.3877787807814457e-17,0.0,2.861
Hf2Cl2N2,,,2.101,3.352,0.003999999999999997,-1.857,0.0,2.101,3.352,2.101,3.352,-4.081,-5.132,-6.183,-46.427,1.3877787807814457e-17,0.0,4.122
CuLi2O2,,,1.095,3.518,0.152,-1.215,1.0000000000000002,0.32299999999999995,2.847,1.095,3.518,-2.407,-2.569,-2.73,-23.778,-0.17099999999999999,-0.16500000000000004,0.6709999999999998
Ir2S2F2,,,1.037,2.11,0.043,-0.877,0.0,1.001,2.104,1.037,2.11,-4.57,-5.071,-5.571,-35.14,1.3877787807814457e-17,0.0,1.718
HgPb2Br2O2,,,2.576,3.602,0.0,-0.936,0.0,2.329,3.357,2.576,3.602,-3.721,-4.886,-6.051,-28.371,1.3877787807814457e-17,0.0,1.966
Re2PdO8,,,0.955,2.816,0.0,-1.42,1.0000000000000002,0.88,2.78,0.9549999999999998,2.816,-6.658,-7.098,-7.538,-83.752,-1.355,-1.379,1.69
Se6Mg2P2,,,2.049,2.964,0.0,-0.616,0.0,2.049,2.964,2.049,2.964,-3.894,-4.919,-5.943,-41.017,1.3877787807814457e-17,0.0,1.976
Ca2Ge4F12,,,4.835,6.09,0.0,-2.864,0.0,4.773,5.991999999999999,4.835,6.09,-1.9619999999999997,-4.349,-6.736,-92.681,1.3877787807814457e-17,0.0,1.856
Ti4Se8,,,0.067,0.036,0.0,-1.131,0.0,0.04400000000000004,0.03600000000000003,0.06699999999999995,0.03600000000000003,-5.352,-5.374,-5.396,-68.197,1.3877787807814457e-17,0.0,3.85
Sc2CF2,,,1.425,2.547,0.0,-2.5410000000000004,0.0,1.02,2.067,1.425,2.547,-4.006,-4.516,-5.026,-34.419,1.3877787807814457e-17,0.0,3.807
Cu2Se2Li2,,,1.127,2.464,0.073,-0.625,0.0,1.127,2.419,1.127,2.464,-2.479,-3.042,-3.606,-21.849,1.3877787807814457e-17,0.0,3.19
Si2H2,3.833,3.976,2.299,3.028,0.0049999999999999975,0.0050000000000000044,0.0,2.171,2.862,2.299,3.028,-3.009,-4.095,-5.18,-17.425,1.3877787807814457e-17,0.0,1.886
NiGa2O4,,,0.0,,0.061,-1.416,1.0000000000000002,0.0,1.4746666666666666,0.0,1.4883333333333335,-4.800666666666666,-4.741,-4.9543333333333335,-43.466,-0.09900000000000003,-0.103,2.606
Se8Si4,,,1.023,1.956,0.064,-0.387,0.0,1.023,1.956,1.023,1.956,-3.884,-4.395,-4.907,-54.099,1.3877787807814457e-17,0.0,3.0
I2Cu2C6N2F8,,,0.237,1.633,0.09,-0.9,0.0,0.21799999999999997,1.621,0.2370000000000001,1.633,-4.915,-5.023,-5.132,-113.032,1.3877787807814457e-17,0.0,1.849
Y2CF2,,,1.289,2.162,0.0,-2.497,0.0,1.117,1.966,1.289,2.162,-3.131,-3.69,-4.248,-34.261,1.3877787807814457e-17,0.0,3.851
Ta4Te10Ni2,,,0.0,,0.0010000000000000009,-0.378,0.0,0.0,0.28900000000000015,0.0,0.3353333333333337,-4.564,-4.568,-4.595000000000001,-91.862,1.3877787807814457e-17,0.0,2.352
Ag2I2As4Se3,,,1.243,2.269,0.028,-0.123,0.0,1.243,2.269,1.243,2.269,-4.087,-4.709,-5.33,-39.091,1.3877787807814457e-17,0.0,1.569
ZrSe2,1.691,2.471,0.954,2.02,0.0,-1.367,0.0,0.33699999999999997,1.202,0.954,2.02,-5.121,-5.289,-5.457,-18.469999999999995,1.3877787807814457e-17,0.0,3.819
Sn2I4,,,1.527,2.178,0.053,-0.485,0.0,1.527,2.178,1.527,2.178,-3.972,-4.735,-5.499,-16.937,1.3877787807814457e-17,0.0,1.321
Hg2Cu2Br6,,,0.737,2.512,0.015,-0.425,0.0,0.737,2.512,0.737,2.512,-5.069,-5.438,-5.806,-22.885,1.3877787807814457e-17,0.0,2.933
Zr2Ge2S8,,,1.128,1.995,0.026,-0.94,0.0,1.088,1.954,1.128,1.995,-4.446,-4.99,-5.535,-67.74,1.3877787807814457e-17,0.0,2.056
Os2Rb2N2O2F10,,,0.993,2.945,0.0,-1.966,1.0000000000000002,0.895,2.864,0.993,2.945,-5.56,-6.007,-6.455,-102.405,-1.207,-3.274,1.941
BiSeF,,,1.258,1.984,0.041,-1.305,0.0,1.258,1.981,1.258,1.984,-5.041,-5.67,-6.299,-13.658000000000001,1.3877787807814457e-17,0.0,2.686
Sb2Sc2Se6,,,1.233,1.773,0.0,-0.897,0.0,1.115,1.596,1.233,1.773,-4.143,-4.7,-5.257,-48.002,1.3877787807814457e-17,0.0,3.62
Cr2NiSe4,,,0.0,,0.056,-0.42299999999999993,1.0000000000000002,0.0,0.9813333333333334,0.0,1.3633333333333335,-5.290333333333334,-5.47,-5.484333333333333,-42.957,-0.11999999999999997,-0.11899999999999998,3.771
AuPdSeCl,,,0.995,1.949,0.071,-0.264,0.0,0.744,1.6229999999999998,0.995,1.949,-4.601,-4.973,-5.345,-13.274999999999999,1.3877787807814457e-17,0.0,2.705
As8S8O4,,,2.078,3.045,0.042,-0.458,0.0,2.078,3.045,2.078,3.045,-3.772,-4.811,-5.85,-99.589,1.3877787807814457e-17,0.0,1.3149999999999997
Ir2Sb2S6,,,0.4,0.235,0.098,-0.294,0.0,0.275,0.23499999999999988,0.4,0.23499999999999988,-5.008,-5.146,-5.283,-54.774,1.3877787807814457e-17,0.0,3.798
Cd2I2,,,2.013,2.739,0.017,-0.456,0.0,1.936,2.642,2.013,2.739,-3.813,-4.781,-5.749,-6.634999999999998,1.3877787807814457e-17,0.0,3.9560000000000004
Ti2BF2,,,0.0,,0.063,-2.112,0.0,0.0,1.3563333333333334,0.0,1.4383333333333332,-4.5440000000000005,-4.763,-5.013333333333334,-33.819,1.3877787807814457e-17,0.0,4.337
CoCl2,,,0.354,3.808,0.021,-0.603,1.0000000000000002,0.351,3.799,0.354,3.808,-5.891,-6.067,-6.242,-13.606000000000002,-0.063,-0.048,3.166
OsPtIBr5,,,0.34,0.9,0.0,-0.16000000000000003,0.0,0.31900000000000006,0.8519999999999999,0.3400000000000001,0.8999999999999999,-4.802,-4.962,-5.121,-28.226,1.3877787807814457e-17,0.0,3.039
Bi2MnSe4,,,0.312,1.199,0.016,-0.37,1.0000000000000002,0.16999999999999993,0.8529999999999998,0.31200000000000006,1.199,-5.05,-5.135,-5.22,-35.588,0.188,0.183,3.461
Nb2Se2N2,,,0.745,0.77,0.091,-0.805,0.0,0.33000000000000007,0.7189999999999999,0.745,0.77,-4.4,-4.565,-4.73,-49.155,1.3877787807814457e-17,0.0,3.955
Re6Te8I2,,,0.602,1.211,0.0,-0.15700000000000003,0.0,0.375,0.8940000000000001,0.602,1.211,-4.908,-5.096,-5.284,-101.06,1.3877787807814457e-17,0.0,2.874
Sc2Br4S4,,,1.598,2.468,0.073,-1.206,0.0,1.533,2.394,1.598,2.468,-4.885,-5.652,-6.419,-44.031,1.3877787807814457e-17,0.0,2.813
PdTiS2,,,0.806,2.447,0.034,-0.967,0.0,0.31900000000000006,1.557,0.806,2.447,-4.73,-4.889,-5.049,-22.536,1.3877787807814457e-17,0.0,3.156
W2KBr6O2,,,0.0,,0.0,-1.238,0.0,0.0,1.0873333333333335,0.0,1.089,-4.666333333333333,-5.254,-5.278333333333333,-57.569,1.3877787807814457e-17,0.0,1.724
FeGa2S4,,,1.003,2.402,0.045,-0.57,0.0,0.862,2.313,1.003,2.402,-3.61,-4.041,-4.472,-35.154,1.3877787807814457e-17,0.0,3.246
In2Ni4Se6,,,0.577,0.773,0.092,-0.286,0.0,0.565,0.7730000000000001,0.577,0.7730000000000001,-4.271,-4.553,-4.836,-58.842,1.3877787807814457e-17,0.0,1.793
Y2S2Cl2,,,3.03,4.195,0.0,-2.248,0.0,3.023,4.146,3.0300000000000002,4.195,-3.798,-5.309,-6.821,-34.596,1.3877787807814457e-17,0.0,3.531
Ir2I2S2,,,0.34,1.126,0.039,-0.265,0.0,0.21500000000000008,0.998,0.3400000000000001,1.126,-4.389,-4.497,-4.604,-31.254,1.3877787807814457e-17,0.0,4.484
Cr2Se2Cl2,,,1.63,3.229,0.012999999999999998,-0.846,1.0000000000000002,1.604,2.758,1.63,3.229,-4.335,-5.137,-5.939,-34.429,0.179,0.18,3.545
I4Ca2,,,3.528,4.721,0.071,-1.595,0.0,3.45,4.652,3.528,4.721,-2.793,-4.518,-6.243,-19.508,1.3877787807814457e-17,0.0,3.048
V4O4F12,,,3.465,6.247,0.0,-2.756,0.0,3.465,6.247,3.465,6.247,-6.356,-8.088,-9.821,-128.758,1.3877787807814457e-17,0.0,1.439
Ag2Te3Br2P4,,,1.303,2.153,0.072,-0.06499999999999995,0.0,1.299,2.153,1.303,2.153,-4.403,-5.053,-5.702,-40.632,1.3877787807814457e-17,0.0,1.401
Te4I2Cu2,,,1.012,2.269,0.009000000000000001,-0.124,0.0,0.836,2.166,1.012,2.269,-4.279,-4.697,-5.115,-24.121,1.3877787807814457e-17,0.0,2.908
Ta2K2Br12,,,2.04,3.387,0.0,-1.205,0.0,2.038,3.385,2.04,3.387,-4.954,-5.973,-6.992,-60.372,1.3877787807814457e-17,0.0,1.758
Nb2NiSe6,,,0.0,,0.0,-0.703,0.0,0.0,0.2243333333333335,0.0,0.24300000000000033,-4.823333333333333,-5.194,-5.052,-55.125,1.3877787807814457e-17,0.0,2.18
Ir2As2S6,,,0.251,0.125,0.04,-0.294,0.0,0.251,0.125,0.2509999999999999,0.125,-5.243,-5.368,-5.494,-55.282,1.3877787807814457e-17,0.0,3.713
Au4V2Li2O12,,,0.527,2.354,0.059,-1.118,0.0,0.525,2.302,0.527,2.354,-5.69,-5.952,-6.214,-117.201,1.3877787807814457e-17,0.0,1.168
Hg2Br2,,,1.635,2.397,0.028,-0.43700000000000006,0.0,1.522,2.237,1.635,2.397,-5.265,-6.026,-6.787,-6.688000000000002,1.3877787807814457e-17,0.0,3.817
AgVP2S6,,,0.405,2.103,0.009000000000000001,-0.381,1.0000000000000002,0.371,2.054,0.40500000000000014,2.103,-5.173,-5.358,-5.544,-50.368,-0.046999999999999986,-0.10000000000000002,2.022
SbBrS,2.607,3.118,1.946,2.626,0.183,-0.287,0.0,1.426,2.028,1.9460000000000002,2.626,-4.935,-5.648,-6.361,-10.929000000000002,1.3877787807814457e-17,0.0,3.548
PbSb2Te4,,,0.563,0.849,0.011,-0.19900000000000007,0.0,0.30200000000000005,0.7040000000000002,0.563,0.849,-4.759,-4.91,-5.061,-26.782,1.3877787807814457e-17,0.0,3.584
Te4I4Ti2,,,0.49,1.643,0.047,-0.535,0.0,0.476,1.626,0.49,1.643,-4.581,-4.819,-5.057,-37.461,1.3877787807814457e-17,0.0,3.449
Rb2Br2Cl8,,,2.415,3.661,0.0,-0.672,0.0,2.415,3.661,2.415,3.661,-5.236,-6.444,-7.651,-27.335,1.3877787807814457e-17,0.0,1.346
Cd2I2Cu2Se2,,,1.036,2.498,0.059,-0.382,0.0,1.036,2.498,1.036,2.498,-3.894,-4.412,-4.93,-22.185,1.3877787807814457e-17,0.0,1.687
Ga2Se2Cl2,,,2.612,3.625,0.0010000000000000009,-0.868,0.0,2.612,3.625,2.612,3.625,-4.788,-6.095,-7.401,-21.549,1.3877787807814457e-17,0.0,1.882
Mn2NF2,,,0.0,,0.144,-1.349,1.0000000000000002,0.0,1.3823333333333332,0.0,1.522,-5.4656666666666665,-5.624,-5.777666666666667,-37.704,-0.10899999999999999,-0.109,4.244
Zr2Sn2S8,,,1.111,1.97,0.043,-0.954,0.0,1.072,1.937,1.111,1.97,-4.42,-4.956,-5.491,-66.997,1.3877787807814457e-17,0.0,2.029
Nb4Sn2Se8,,,0.013,,0.08,-0.69,0.0,0.0129999999999999,0.46499999999999986,0.013000000000000123,0.5690000000000002,-4.664,-4.671,-4.677,-86.946,1.3877787807814457e-17,0.0,2.255
Te2Ga2Si2,,,1.317,1.968,0.032,-0.21699999999999997,0.0,1.268,1.845,1.317,1.968,-3.705,-4.339,-4.973,-24.317,1.3877787807814457e-17,0.0,2.831
Sb2Cu2S6,,,0.273,1.363,0.048,-0.17900000000000016,0.0,0.273,1.358,0.27300000000000013,1.363,-5.482,-5.618,-5.754,-42.426,1.3877787807814457e-17,0.0,3.658
Ag2Cd2Cl6,,,2.611,4.056,0.0,-0.852,0.0,2.611,4.056,2.611,4.056,-4.187,-5.493,-6.798,-26.769,1.3877787807814457e-17,0.0,2.923
Sb2O3,,,3.848,4.897,0.028999999999999998,-1.333,0.0,3.436,4.44,3.848,4.897,-1.8059999999999996,-3.524,-5.242,-30.85,1.3877787807814457e-17,0.0,2.368
Ta4Se8Si2,,,0.525,0.687,0.017,-0.745,0.0,0.38,0.5450000000000002,0.525,0.687,-4.172,-4.362,-4.552,-88.36,1.3877787807814457e-17,0.0,2.359
I8Ni4,,,0.641,1.965,0.039,-0.09099999999999997,0.0,0.633,1.905,0.641,1.965,-4.684,-5.001,-5.317,-41.909,1.3877787807814457e-17,0.0,1.643
Nb3Br8,,,0.377,1.094,0.0,-0.978,1.0000000000000002,0.2929999999999999,0.9850000000000001,0.377,1.094,-4.287,-4.434,-4.58,-54.419,0.18,0.18,1.879
Sb4O6,,,3.576,4.726,0.0,-1.362,0.0,3.5280000000000005,4.675,3.576,4.726,-1.8079999999999998,-3.572,-5.336,-61.988,1.3877787807814457e-17,0.0,1.895
NiGa2Se4,,,0.0,,0.03,-0.475,0.0,0.0,1.1053333333333333,0.0,1.1053333333333335,-4.035666666666667,-4.377,-4.334,-30.312,1.3877787807814457e-17,0.0,3.249
Te2Al2Si2,,,1.602,2.254,0.0010000000000000009,-0.249,0.0,1.506,2.105,1.602,2.254,-3.405,-4.158,-4.911,-26.18,1.3877787807814457e-17,0.0,2.788
Zr2I4S4,,,1.398,2.514,0.0,-1.001,0.0,1.386,2.514,1.398,2.514,-4.617,-5.31,-6.003,-47.046,1.3877787807814457e-17,0.0,3.354
Cu2As2Se4,,,0.311,0.546,0.058,-0.08899999999999997,0.0,0.18599999999999994,0.36099999999999977,0.31099999999999994,0.546,-4.426,-4.519,-4.612,-31.324,1.3877787807814457e-17,0.0,2.031
Te4NiGa2,,,0.0,,0.048,-0.269,0.0,0.0,0.813,0.0,1.107,-4.487,-4.222,-4.648333333333333,-27.753,1.3877787807814457e-17,0.0,3.448
SiCH2,6.355,6.355,3.781,4.871,0.062,-0.14800000000000002,0.0,3.781,4.871,3.781,4.871,-1.5979999999999999,-3.489,-5.38,-21.859,1.3877787807814457e-17,0.0,2.163
Sr2Br4S4H8,,,4.689,5.813,0.0030000000000000027,-0.842,0.0,4.689,5.813,4.689,5.813,-2.343,-4.688,-7.032,-67.746,1.3877787807814457e-17,0.0,1.415
Nb4Te12Br2,,,0.748,1.18,0.0,-0.449,0.0,0.736,1.18,0.748,1.18,-4.006,-4.374,-4.742,-91.006,1.3877787807814457e-17,0.0,1.961
Te4Ca4O12,,,4.029,5.441,0.010000000000000002,-2.02,0.0,3.969,5.348,4.029,5.441000000000001,-1.807,-3.792,-5.776,-122.75,1.3877787807814457e-17,0.0,1.608
AgMnBr4,,,0.446,1.507,0.0,-0.566,1.0000000000000002,0.258,1.38,0.44599999999999995,1.507,-5.801,-5.93,-6.059,-22.293,-0.07400000000000001,0.113,2.764
Cs2I2F8,,,3.294,4.762,0.0,-1.9779999999999998,0.0,3.294,4.762,3.294,4.762,-4.18,-5.827,-7.474,-41.057,1.3877787807814457e-17,0.0,1.24
Pb6S6,,,0.499,1.017,0.074,-0.494,0.0,0.473,1.017,0.499,1.0170000000000001,-4.02,-4.256,-4.493,-52.948,1.3877787807814457e-17,0.0,4.298
CdInGaSe4,,,0.099,,0.076,-0.541,0.0,0.038000000000000034,1.4153333333333333,0.09899999999999998,1.4153333333333333,-4.98,-4.999,-5.018,-24.31,1.3877787807814457e-17,0.0,3.117
I2Co2Br2,,,0.083,2.25,0.025,-0.21699999999999997,1.0000000000000002,0.08299999999999996,2.214,0.08299999999999996,2.25,-5.333,-5.375,-5.417,-23.884,0.7549999999999999,0.23199999999999998,2.826
Te4Cu4Br4,,,0.743,1.2,0.0,-0.25,0.0,0.742,1.135,0.743,1.2,-5.317,-5.688,-6.059,-36.862,1.3877787807814457e-17,0.0,1.817
Au2Te2,,,0.079,0.103,0.139,0.03400000000000014,0.0,0.03699999999999992,0.07799999999999985,0.07899999999999996,0.1030000000000002,-4.065,-4.084,-4.102,-12.533000000000001,1.3877787807814457e-17,0.0,3.421
Zn2S2,4.691,4.691,2.557,3.771,0.137,-0.692,0.0,2.557,3.771,2.557,3.771,-3.738,-5.017,-6.295,-13.293,1.3877787807814457e-17,0.0,3.073
Te4CoGa2,,,0.0,,0.06,-0.249,0.0,0.0,0.6566666666666667,0.0,0.754,-3.9336666666666664,-4.03,-4.1080000000000005,-28.597,1.3877787807814457e-17,0.0,3.473
AlP2S6Li,,,2.974,4.036,0.0,-0.661,0.0,2.824,3.873,2.974,4.036,-3.7,-5.112,-6.524,-47.434,1.3877787807814457e-17,0.0,1.699
Ta4Fe2Se10,,,0.0,,0.0,-0.724,1.0000000000000002,0.0,1.5766666666666667,0.0,1.6116666666666668,-5.703333333333333,-5.185,-6.144,-103.756,-0.466,-2.611,2.266
MoSO,2.304,3.089,2.013,2.655,0.103,-1.361,0.0,1.06,1.831,2.013,2.655,-4.751,-5.281,-5.812,-24.487,1.3877787807814457e-17,0.0,4.272
Ir5Te10,,,0.0,,0.077,-0.256,0.0,0.0,2.571,0.0,2.716,-4.719666666666667,-4.601,-4.9126666666666665,-82.27,1.3877787807814457e-17,0.0,2.215
Ir2S2Cl2,,,0.392,1.201,0.0,-0.5,0.0,0.355,1.201,0.392,1.201,-5.302,-5.48,-5.657,-33.279,1.3877787807814457e-17,0.0,4.096
Nb2Te2Ni4S2,,,0.0,,0.012999999999999998,-0.559,0.0,0.0,0.061666666666666536,0.0,0.07266666666666666,-4.461333333333333,-4.612,-4.519,-69.801,1.3877787807814457e-17,0.0,2.845
I2Sc2SeS,,,1.562,2.928,0.006999999999999999,-1.604,0.0,1.449,2.768,1.562,2.928,-4.475,-5.199,-5.923,-29.463,1.3877787807814457e-17,0.0,3.846
I2K2,,,3.709,4.592,0.063,-1.456,0.0,3.709,4.592,3.709,4.592,-1.742,-3.597,-5.451,-11.221000000000004,1.3877787807814457e-17,0.0,2.405
Ta2I4S4,,,1.475,2.302,0.02,-0.633,0.0,1.429,2.257,1.475,2.302,-3.812,-4.526,-5.241,-48.185,1.3877787807814457e-17,0.0,1.978
Cu2Br6,,,0.144,0.705,0.091,-0.15200000000000002,1.0000000000000002,0.10699999999999998,0.6430000000000002,0.1439999999999999,0.7050000000000001,-6.363,-6.416,-6.47,-18.074999999999996,-3.576,-3.5710000000000006,2.706
Zr2Te4I4,,,0.856,1.715,0.006999999999999999,-0.752,0.0,0.821,1.681,0.856,1.715,-4.34,-4.75,-5.16,-41.061,1.3877787807814457e-17,0.0,3.452
Mn2Se6P2,,,0.102,,0.074,-0.241,1.0000000000000002,0.10000000000000009,1.1706666666666667,0.10200000000000009,1.3023333333333333,-4.845,-4.895,-4.945,-53.467,6.02,6.02,2.053
Sb2Se6Si2,,,1.396,1.984,0.010000000000000002,-0.348,0.0,1.01,1.572,1.396,1.984,-4.455,-4.96,-5.466,-43.988,1.3877787807814457e-17,0.0,3.66
Au2AgSe2Br2,,,0.0,,0.083,-0.13,0.0,0.0,0.4740000000000002,0.0,0.5003333333333333,-6.192666666666667,-6.484,-6.384,-20.141,1.3877787807814457e-17,0.0,3.118
Pb5O5,,,1.886,2.957,0.056,-1.107,0.0,1.886,2.957,1.886,2.957,-2.875,-3.818,-4.761,-55.48,1.3877787807814457e-17,0.0,2.849
In2Se5Mg2,,,0.7,1.499,0.012,-0.865,0.0,0.7,1.499,0.7,1.499,-4.431,-4.781,-5.131,-33.956,1.3877787807814457e-17,0.0,3.564
Ag2SeO4,,,1.982,3.565,0.052,-0.4139999999999999,0.0,1.62,3.121,1.982,3.565,-4.632,-5.442,-6.251,-32.554,1.3877787807814457e-17,0.0,1.058
PbNa2O6H6,,,2.911,4.417,0.0,-1.187,0.0,2.904,4.41,2.911,4.417,-3.006,-4.458,-5.91,-74.863,1.3877787807814457e-17,0.0,0.8599999999999999
PtTe2,1.242,1.854,0.794,1.174,0.027,-0.39199999999999996,0.0,0.30299999999999994,0.599,0.794,1.174,-3.982,-4.133,-4.284,-13.939999999999998,1.3877787807814457e-17,0.0,3.83
Ga2S2,4.09,4.196,2.279,3.139,0.003999999999999997,-0.66,0.0,2.18,3.045,2.279,3.139,-4.052,-5.142,-6.232,-16.601000000000003,1.3877787807814457e-17,0.0,3.621
InGaS2,,,1.875,2.67,0.024,-0.586,0.0,1.769,2.57,1.875,2.67,-4.574,-5.458,-6.342,-16.167,1.3877787807814457e-17,0.0,3.973
CdSClH,,,2.774,3.853,0.065,-0.588,0.0,2.774,3.853,2.774,3.853,-3.411,-4.798,-6.185,-12.468000000000004,1.3877787807814457e-17,0.0,1.383
Mo2V2Se8,,,0.0,,0.028,-0.68,1.0000000000000002,0.0,1.1266666666666667,0.0,1.4853333333333332,-5.016666666666667,-5.439,-5.536666666666667,-75.478,0.7309999999999999,0.734,4.355
AuBiP2S6,,,1.52,2.385,0.0030000000000000027,-0.24,0.0,1.441,2.215,1.52,2.385,-4.668,-5.388,-6.109,-45.405,1.3877787807814457e-17,0.0,1.985
BiSeCl,2.612,2.708,1.34,2.102,0.119,-0.561,0.0,1.235,1.992,1.34,2.102,-5.585,-6.203,-6.82,-11.625999999999998,1.3877787807814457e-17,0.0,3.5
In2Te6Ge2,,,0.65,1.149,0.0049999999999999975,-0.19399999999999995,0.0,0.65,1.149,0.65,1.149,-4.366,-4.691,-5.015,-35.723,1.3877787807814457e-17,0.0,2.101
Te2Al2,,,1.796,2.427,0.033,-0.3430000000000001,0.0,1.473,2.086,1.796,2.427,-3.332,-4.068,-4.805,-15.258999999999997,1.3877787807814457e-17,0.0,1.555
Te2Ni2O6,,,0.217,2.222,0.057,-0.863,0.0,0.21700000000000008,2.222,0.21700000000000008,2.222,-3.645,-3.753,-3.862,-60.281,1.3877787807814457e-17,0.0,1.553
Sb2Sc2Se6,,,1.233,1.773,0.0,-0.897,0.0,1.115,1.596,1.233,1.773,-4.143,-4.7,-5.257,-48.002,1.3877787807814457e-17,0.0,3.62
In2Te5,,,1.158,1.74,0.003999999999999997,-0.22999999999999998,0.0,1.08,1.649,1.158,1.74,-3.883,-4.423,-4.963,-23.158,1.3877787807814457e-17,0.0,1.797
Pt3PdO8,,,1.198,2.581,0.0,-0.524,0.0,1.064,2.448,1.198,2.581,-5.891,-6.423,-6.955,-70.168,1.3877787807814457e-17,0.0,3.148
Sb2Se2O10H2,,,3.012,4.468,0.09,-0.94,0.0,2.86,4.28,3.012,4.468,-5.368,-6.798,-8.228,-88.704,1.3877787807814457e-17,0.0,2.186
Zn2P4S8,,,1.9,2.759,0.092,-0.261,0.0,1.891,2.759,1.9,2.759,-4.057,-5.003,-5.948,-60.111,1.3877787807814457e-17,0.0,2.627
CrS2H,,,1.397,2.929,0.078,-0.447,1.0000000000000002,1.115,2.8,1.397,2.929,-3.555,-4.112,-4.669,-22.679,0.000999999999999987,0.0010000000000000009,1.712
Bi2Cd2Cl2O4,,,2.947,4.145,0.027,-1.168,0.0,2.845,4.073,2.947,4.145,-4.094,-5.516,-6.939,-46.954,1.3877787807814457e-17,0.0,1.78
SnNa2S6H6,,,2.593,3.659,0.008,-0.442,0.0,2.587,3.652,2.593,3.659,-3.091,-4.385,-5.679,-57.722,1.3877787807814457e-17,0.0,1.095
SrIVCl3,,,1.356,3.861,0.066,-1.607,1.0000000000000002,1.219,3.719,1.356,3.861,-3.479,-4.089,-4.698,-26.671,0.03900000000000001,-0.12099999999999998,2.884
HfZr2I2S3,,,0.0,,0.078,-1.294,0.0,0.0,0.9489999999999998,0.0,1.0630000000000002,-4.3950000000000005,-4.274,-4.748666666666667,-47.859,1.3877787807814457e-17,0.0,3.929
Zr2S4,,,1.198,2.257,0.184,-1.402,0.0,1.128,2.154,1.198,2.257,-5.742,-6.306,-6.87,-39.529,1.3877787807814457e-17,0.0,3.935
Ca2Cl4O8,,,2.864,4.669,0.181,-0.861,0.0,2.819,4.623,2.864,4.669,-2.114,-3.523,-4.932,-64.215,1.3877787807814457e-17,0.0,1.528
SrAg2O8,,,0.0,,0.042,-0.518,0.0,0.0,1.027,0.0,1.0376666666666667,-5.1546666666666665,-5.526,-5.2700000000000005,-54.048,1.3877787807814457e-17,0.0,1.73
In2Cl2O2,,,2.828,4.27,0.0,-1.42,0.0,2.607,4.019,2.828,4.27,-5.1,-6.404,-7.707,-27.866,1.3877787807814457e-17,0.0,3.7719999999999994
ZnGeSe2Br2,,,0.859,1.537,0.077,-0.518,0.0,0.804,1.501,0.859,1.537,-4.95,-5.352,-5.754,-18.943,1.3877787807814457e-17,0.0,2.886
Te2Ti2P,,,0.0,,0.0,-0.925,0.0,0.0,0.8876666666666668,0.0,1.8423333333333332,-4.579666666666667,-4.883,-4.9446666666666665,-29.779,1.3877787807814457e-17,0.0,3.257
Pd4Se2Br5Cl,,,0.0,,0.075,-0.316,0.0,0.0,0.5926666666666667,0.0,0.613,-5.362,-5.453,-5.501666666666667,-35.751,1.3877787807814457e-17,0.0,2.913
Ru2Na2S2Cl10N2,,,0.484,1.464,0.062,-0.641,1.0000000000000002,0.42899999999999994,1.428,0.484,1.464,-5.919,-6.133,-6.347,-75.792,0.131,-0.43500000000000005,1.863
Au2Rb2S2,,,1.211,1.778,0.096,-0.691,0.0,1.211,1.778,1.211,1.778,-1.6219999999999999,-2.227,-2.833,-20.381,1.3877787807814457e-17,0.0,2.246
CrSeCl,,,1.688,3.207,0.0,-0.859,1.0000000000000002,1.604,2.676,1.688,3.207,-4.4,-5.202,-6.004,-17.254000000000005,0.096,0.096,1.876
Te12Ga8,,,0.899,1.48,0.0,-0.33,0.0,0.899,1.48,0.899,1.48,-3.73,-4.18,-4.629,-68.294,1.3877787807814457e-17,0.0,1.769
Zr5SeBr2PS2B,,,0.0,,0.019000000000000003,-1.373,0.0,0.0,0.752666666666667,0.0,0.7529999999999999,-4.694333333333333,-4.501,-4.967,-80.37,1.3877787807814457e-17,0.0,4.657
Sr2P4S12,,,2.412,3.494,0.072,-0.623,0.0,2.344,3.398,2.412,3.494,-4.169,-5.341,-6.513,-84.95,1.3877787807814457e-17,0.0,1.881
HfMn3SeS4Cl3,,,0.821,1.861,0.059,-0.949,1.0000000000000002,0.777,1.828,0.821,1.861,-5.233,-5.621,-6.01,-73.198,-0.336,-0.05600000000000001,3.303
HfPdBr6,,,0.658,2.031,0.0,-0.988,1.0000000000000002,0.642,2.003,0.658,2.031,-5.432,-5.753,-6.074,-28.739,0.151,0.15,2.868
Zr2SbTe2,,,0.0,,0.051,-0.781,0.0,0.0,1.2113333333333334,0.0,1.2176666666666667,-4.6770000000000005,-4.701,-4.809333333333334,-29.526,1.3877787807814457e-17,0.0,3.308
Sn2P2S6F2,,,2.495,3.316,0.0,-0.8,0.0,2.338,3.154,2.495,3.316,-3.958,-5.127,-6.295,-56.08,1.3877787807814457e-17,0.0,1.771
Pt4In2Te6,,,0.762,1.019,0.027,-0.411,0.0,0.666,0.98,0.762,1.019,-3.938,-4.271,-4.604,-55.107,1.3877787807814457e-17,0.0,1.899
Hf4Br3ClN4,,,2.076,3.315,0.0,-1.742,0.0,2.076,3.315,2.076,3.315,-4.05,-5.088,-6.126,-90.876,1.3877787807814457e-17,0.0,4.287
PtSnS4,,,1.769,2.574,0.0,-0.422,0.0,1.302,2.122,1.769,2.574,-4.845,-5.496,-6.147,-29.254,1.3877787807814457e-17,0.0,3.602
Zr2Br4S4,,,1.62,2.774,0.0,-1.24,0.0,1.575,2.73,1.62,2.774,-4.619,-5.406,-6.193,-49.854,1.3877787807814457e-17,0.0,3.153
As2,,,1.805,2.451,0.0049999999999999975,0.0050000000000000044,0.0,1.483,2.019,1.805,2.451,-3.759,-4.5,-5.242,-9.316000000000003,1.3877787807814457e-17,0.0,2.811
V4O10,,,2.339,4.746,0.0,-2.277,0.0,2.062,4.472,2.339,4.746,-6.722,-7.753,-8.784,-117.223,1.3877787807814457e-17,0.0,1.331
I2VO,,,0.503,1.849,0.0,-1.14,1.0000000000000002,0.503,1.849,0.503,1.849,-4.782,-5.034,-5.286,-21.164,0.295,0.29,1.916
Os2I6,,,0.0,,0.176,0.17599999999999982,1.0000000000000002,0.0,1.9286666666666665,0.0,1.9496666666666664,-4.9863333333333335,-4.728,-5.653,-29.842,-6.339,-6.055,3.437
Re6S8Cl2,,,1.555,2.339,0.010000000000000002,-0.628,0.0,1.541,2.321,1.555,2.339,-5.28,-6.051,-6.822,-116.194,1.3877787807814457e-17,0.0,2.618
Cr2Ge2S6,,,0.96,2.286,0.034,-0.491,1.0000000000000002,0.775,2.227,0.96,2.286,-5.003,-5.391,-5.778,-57.23,0.026999999999999996,0.028999999999999998,2.039
Zr2Br2Cl2,,,0.603,1.182,0.024,-1.499,0.0,0.593,1.147,0.603,1.182,-3.836,-4.132,-4.429,-30.537999999999997,1.3877787807814457e-17,0.0,3.63
FeAl2S4,,,0.799,2.649,0.10599999999999998,-0.8,0.0,0.663,2.36,0.799,2.649,-3.276,-3.608,-3.939,-38.43,1.3877787807814457e-17,0.0,3.224
Bi2SeS2,,,0.659,1.164,0.0030000000000000027,-0.376,0.0,0.3889999999999999,0.9230000000000003,0.659,1.164,-5.813,-6.008,-6.202,-22.87,1.3877787807814457e-17,0.0,4.794
Y2Cl6,,,5.118,6.726,0.0,-2.3449999999999998,0.0,5.113,6.726,5.118,6.726,-3.265,-5.821,-8.377,-38.851,1.3877787807814457e-17,0.0,2.63
Hg2Cu2Br2S2,,,0.775,2.101,0.039,-0.304,0.0,0.775,2.101,0.775,2.101,-4.672,-5.06,-5.448,-22.877,1.3877787807814457e-17,0.0,1.616
BiPd2Te2,,,0.0,,0.049,-0.319,0.0,0.0,0.5736666666666668,0.0,0.5740000000000001,-5.005,-4.917,-5.1610000000000005,-20.318,1.3877787807814457e-17,0.0,2.707
OsRuCl6,,,0.276,1.196,0.03,-0.444,0.0,0.274,1.196,0.276,1.196,-5.276,-5.413,-5.55,-34.92,1.3877787807814457e-17,0.0,3.252
Ta2Te2Co4S2,,,0.0,,0.0,-0.536,0.0,0.0,0.061666666666666536,0.0,0.07266666666666666,-4.461333333333333,-4.52,-4.519,-72.477,1.3877787807814457e-17,0.0,3.099
Sn4Sb8,,,0.814,1.232,0.02,0.020000000000000018,0.0,0.735,1.104,0.8140000000000001,1.232,-3.858,-4.225,-4.593,-51.229,1.3877787807814457e-17,0.0,2.123
I2Cu2C6N2H8,,,1.045,2.843,0.166,-0.134,0.0,0.838,2.502,1.045,2.843,-3.49,-3.908,-4.327,-111.602,1.3877787807814457e-17,0.0,1.362
Re4S8,,,1.272,1.854,0.0,-0.593,0.0,1.272,1.854,1.272,1.854,-4.45,-5.086,-5.722,-86.371,1.3877787807814457e-17,0.0,4.29
Nb2Se4F4,,,1.18,1.897,0.055,-1.833,0.0,1.119,1.836,1.18,1.897,-3.962,-4.521,-5.08,-59.258,1.3877787807814457e-17,0.0,1.905
AgSbTe6As2,,,0.007,0.486,0.099,0.049000000000000044,0.0,0.006999999999999895,0.486,0.006999999999999895,0.48599999999999977,-4.736,-4.739,-4.742,-35.312,1.3877787807814457e-17,0.0,2.094
Te5Sc2O13,,,3.169,4.564,0.044,-1.694,0.0,3.167,4.559,3.169,4.564,-2.829,-4.413,-5.997,-125.836,1.3877787807814457e-17,0.0,1.46
PdK2O6H6,,,2.495,4.384,0.0,-1.111,0.0,2.493,4.384,2.495,4.384,-2.747,-3.993,-5.239,-73.617,1.3877787807814457e-17,0.0,0.887
Zr2PS2,,,0.0,,0.022,-1.501,0.0,0.0,1.2613333333333334,0.0,1.3656666666666666,-4.863,-5.481,-5.179,-35.832,1.3877787807814457e-17,0.0,3.126
Nb4Te8Ge2,,,0.54,0.647,0.0020000000000000018,-0.5,0.0,0.4159999999999999,0.5350000000000001,0.54,0.647,-4.207,-4.415,-4.623,-82.982,1.3877787807814457e-17,0.0,2.487
Se2Al2Cl2,,,1.606,2.399,0.084,-1.089,0.0,1.416,2.225,1.606,2.399,-3.839,-4.547,-5.255,-24.549,1.3877787807814457e-17,0.0,3.402
Sr2I4O8,,,1.64,2.968,0.0,-0.909,0.0,1.64,2.968,1.64,2.968,-2.348,-3.168,-3.988,-62.977,1.3877787807814457e-17,0.0,1.662
Cd2Te2Cu2Cl2,,,1.124,2.458,0.093,-0.46399999999999997,0.0,1.124,2.458,1.124,2.458,-3.781,-4.343,-4.905,-22.902,1.3877787807814457e-17,0.0,1.554
Ir2As2Se6,,,0.28,0.222,0.0049999999999999975,-0.276,0.0,0.28,0.22199999999999998,0.28,0.22199999999999998,-4.85,-4.99,-5.13,-51.538,1.3877787807814457e-17,0.0,3.758
FeSe4Al2,,,0.772,2.462,0.10399999999999998,-0.585,0.0,0.739,2.338,0.772,2.462,-3.138,-3.508,-3.877,-34.544,1.3877787807814457e-17,0.0,3.249
V2Se2N,,,0.0,,0.048,-0.836,0.0,0.0,0.9946666666666666,0.0,1.3316666666666668,-4.822666666666667,-4.693,-5.104333333333333,-36.547,1.3877787807814457e-17,0.0,6.15
Tl2Te6Si2,,,0.258,0.574,0.091,-0.05500000000000005,0.0,0.04299999999999993,0.35299999999999976,0.258,0.5739999999999998,-4.964,-4.986,-5.008,-35.574,1.3877787807814457e-17,0.0,2.064
MoSeO,1.979,2.866,1.831,2.453,0.183,-1.174,0.0,0.752,1.512,1.831,2.453,-4.527,-4.903,-5.28,-23.331,1.3877787807814457e-17,0.0,4.358
ICu2BrS,,,0.0,,0.017999999999999995,-0.21099999999999997,0.0,0.0,0.40066666666666695,0.0,0.4006666666666665,-5.685333333333333,-5.982,-5.817666666666667,-15.549000000000003,1.3877787807814457e-17,0.0,3.763
Nb2K2Br12,,,1.623,3.057,0.0,-1.159,0.0,1.619,3.052,1.623,3.057,-5.302,-6.112,-6.922,-60.657,1.3877787807814457e-17,0.0,1.762
Sn2Te6As2,,,0.53,0.813,0.081,-0.039000000000000035,0.0,0.45500000000000007,0.722,0.53,0.813,-4.393,-4.62,-4.848,-37.058,1.3877787807814457e-17,0.0,3.652
CdS2H2,,,3.156,4.206,0.0010000000000000009,-0.37400000000000005,0.0,3.156,4.206,3.156,4.206,-3.253,-4.831,-6.409,-17.601,1.3877787807814457e-17,0.0,2.242
Nb4I2Se12,,,0.641,1.041,0.019000000000000003,-0.623,0.0,0.577,1.033,0.641,1.041,-4.451,-4.739,-5.028,-97.275,1.3877787807814457e-17,0.0,1.886
Hf2BrS2Cl3,,,2.256,3.424,0.0,-1.644,0.0,2.254,3.424,2.256,3.424,-5.032,-6.159,-7.286,-43.261,1.3877787807814457e-17,0.0,3.179
Au2F6,,,0.302,2.059,0.121,-0.895,1.0000000000000002,0.30200000000000005,2.059,0.30200000000000005,2.059,-7.657,-7.808,-7.959,-22.943,2.228,2.229,2.132
HfSe2,1.788,2.696,1.214,2.193,0.0,-1.349,0.0,0.42700000000000005,1.219,1.214,2.193,-4.946,-5.16,-5.373,-18.519,1.3877787807814457e-17,0.0,3.868
TeCuGeBr,,,0.652,1.545,0.078,-0.21099999999999997,0.0,0.652,1.54,0.652,1.545,-4.188,-4.514,-4.84,-13.826,1.3877787807814457e-17,0.0,3.385
AuCrAs2Se6,,,0.648,1.443,0.089,-0.14,1.0000000000000002,0.552,1.341,0.648,1.443,-4.502,-4.778,-5.054,-44.157,0.076,0.023000000000000007,1.921
TaAgGeS4Cl2,,,1.246,2.271,0.025,-0.694,0.0,1.226,2.271,1.246,2.271,-5.132,-5.745,-6.358,-43.3,1.3877787807814457e-17,0.0,3.121
Ni2As4Cl4O6,,,1.225,4.449,0.075,-0.928,1.0000000000000002,1.208,4.449,1.225,4.449,-4.966,-5.57,-6.174,-85.879,-0.419,-0.15000000000000002,1.797
In2ISe2Br,,,1.336,1.979,0.049,-0.584,0.0,1.188,1.833,1.336,1.979,-4.936,-5.53,-6.124,-19.058,1.3877787807814457e-17,0.0,3.618
Hf2I5Se,,,0.491,1.169,0.072,-0.925,1.0000000000000002,0.28600000000000003,0.972,0.491,1.169,-4.021,-4.164,-4.307,-33.287,0.376,0.36,3.295
NiSe4Al2,,,0.0,,0.079,-0.615,0.0,0.0,0.6393333333333329,0.0,0.8299999999999998,-4.4559999999999995,-4.145,-4.657666666666667,-32.959,1.3877787807814457e-17,0.0,3.244
BaAs2F12,,,4.852,7.286,0.0,-2.641,0.0,4.852,7.286,4.852,7.286,-5.724,-8.15,-10.575,-69.812,1.3877787807814457e-17,0.0,2.535
Al2Cl6,,,5.488,6.99,0.0,-1.53,0.0,5.487,6.98,5.4879999999999995,6.99,-2.474,-5.218,-7.962,-30.429,1.3877787807814457e-17,0.0,2.902
I6Cu2Mg2,,,2.513,4.246,0.021,-0.695,0.0,2.339,4.018,2.513,4.246,-3.061,-4.23,-5.399,-26.407,1.3877787807814457e-17,0.0,3.265
Ba2I2CuO2,,,0.0,,0.038,-1.7190000000000003,0.0,0.0,1.5173333333333332,0.0,1.6173333333333335,-5.82,-6.322,-6.434,-32.574,1.3877787807814457e-17,0.0,5.512
FeAl2S4,,,0.878,2.883,0.097,-0.809,0.0,0.848,2.579,0.878,2.883,-3.071,-3.495,-3.9189999999999996,-38.494,1.3877787807814457e-17,0.0,3.169
HfK2S6H6,,,3.014,4.343,0.0010000000000000009,-0.713,0.0,3.014,4.336,3.0140000000000002,4.343,-2.533,-4.04,-5.547,-65.055,1.3877787807814457e-17,0.0,1.073
Ga2S2,4.084,4.324,2.426,3.298,0.0,-0.664,0.0,2.321,3.197,2.426,3.298,-3.946,-5.107,-6.267,-16.619,1.3877787807814457e-17,0.0,3.849
AgMnBr4,,,0.446,1.507,0.0,-0.566,1.0000000000000002,0.258,1.38,0.44599999999999995,1.507,-5.801,-5.93,-6.059,-22.293,-0.07400000000000001,0.113,2.764
Nb2I4S4,,,1.485,2.332,0.0,-0.697,0.0,1.432,2.284,1.485,2.332,-4.025,-4.741,-5.456,-49.852,1.3877787807814457e-17,0.0,1.956
WAg2Te4,,,0.885,1.592,0.085,-0.0019999999999998908,0.0,0.587,1.318,0.885,1.592,-3.938,-4.232,-4.526,-30.0,1.3877787807814457e-17,0.0,3.042
Hf2I2N2,,,1.655,2.574,0.055,-1.404,0.0,0.545,1.436,1.655,2.574,-4.071,-4.343,-4.615,-43.099,1.3877787807814457e-17,0.0,3.47
Re2NiO8,,,1.621,5.022,0.0,-1.562,1.0000000000000002,1.575,4.97,1.621,5.022,-6.148,-6.935,-7.723,-88.735,-1.116,-1.093,1.667
Ti2CO2,,,0.64,1.991,0.11199999999999999,-2.061,0.0,0.32499999999999996,1.295,0.64,1.991,-5.499,-5.662,-5.824,-43.153,1.3877787807814457e-17,0.0,4.799
Bi2As2,,,0.363,0.445,0.072,0.07199999999999995,0.0,0.20900000000000007,0.41700000000000004,0.363,0.44499999999999984,-3.722,-3.826,-3.931,-18.385,1.3877787807814457e-17,0.0,3.262
Hf2Se6,,,0.569,1.39,0.0030000000000000027,-1.016,0.0,0.272,0.8850000000000002,0.569,1.39,-4.89,-5.025,-5.161,-44.039,1.3877787807814457e-17,0.0,5.138
ZrI6Fe,,,0.679,2.598,0.09,-0.535,0.0,0.661,2.598,0.679,2.598,-4.248,-4.578,-4.909,-29.598,1.3877787807814457e-17,0.0,3.399
Cu2Br2C4N2H4,,,0.968,2.97,0.187,-0.11299999999999999,0.0,0.69,2.528,0.968,2.97,-3.738,-4.083,-4.428,-78.98,1.3877787807814457e-17,0.0,1.259
AgCrAs2Se6,,,0.663,1.661,0.046,-0.17100000000000004,1.0000000000000002,0.5090000000000001,1.27,0.6629999999999999,1.661,-4.845,-5.099,-5.354,-44.186,-0.067,-0.06699999999999999,2.056
Cu3SeBr5S,,,0.288,0.886,0.049,-0.236,0.0,0.261,0.8529999999999998,0.28800000000000003,0.8860000000000001,-5.903,-6.033,-6.164,-28.876,1.3877787807814457e-17,0.0,2.474
Ba4Bi4S8F4,,,1.508,2.373,0.0,-1.821,0.0,1.4,2.354,1.508,2.373,-4.1,-4.8,-5.499,-101.398,1.3877787807814457e-17,0.0,3.343
W2H6,,,0.0,,0.129,0.129,0.0,0.0,0.3906666666666667,0.0,0.3906666666666663,-4.9319999999999995,-5.112,-4.9816666666666665,-41.882,1.3877787807814457e-17,0.0,2.39
TaZrVBr4S3,,,0.48,1.025,0.092,-1.099,1.0000000000000002,0.42899999999999994,1.002,0.48,1.025,-4.579,-4.793,-5.008,-55.307,-0.03,0.109,3.127
MoSbClO5,,,2.503,4.226,0.083,-1.468,0.0,2.36,4.057,2.503,4.226,-5.351,-6.531,-7.711,-54.761,1.3877787807814457e-17,0.0,2.349
Tl2Cu2S2,,,0.0,1.441,0.058,-0.20999999999999996,0.0,0.0,1.168,0.0,1.441,-3.533333333333333,-3.871,-3.8073333333333332,-21.764,1.3877787807814457e-17,0.0,2.923
BiIS,2.042,2.175,0.827,1.602,0.013999999999999999,-0.412,0.0,0.777,1.474,0.827,1.602,-5.434,-5.822,-6.211,-11.466999999999999,1.3877787807814457e-17,0.0,3.283
As4,1.797,1.837,0.886,1.42,0.042,0.04200000000000004,0.0,0.835,1.324,0.886,1.42,-3.831,-4.248,-4.666,-18.484999999999996,1.3877787807814457e-17,0.0,3.103
InI4NaO12,,,2.839,4.234,0.0,-0.517,0.0,2.81,4.2,2.839,4.234,-4.652,-6.057,-7.462,-80.775,1.3877787807814457e-17,0.0,2.204
NiGa2S4,,,0.0,,0.048,-0.534,0.0,0.0,1.2113333333333334,0.0,1.2176666666666667,-4.6770000000000005,-4.522,-4.809333333333334,-33.101,1.3877787807814457e-17,0.0,3.19
NiSe2,,,0.614,0.938,0.0,-0.258,0.0,0.06000000000000005,0.29899999999999993,0.6139999999999999,0.9380000000000002,-4.816,-4.846,-4.876,-14.987000000000002,1.3877787807814457e-17,0.0,3.541
I4Mn,,,0.903,1.979,0.026,-0.236,1.0000000000000002,0.803,1.948,0.903,1.979,-4.666,-5.067,-5.469,-16.809,0.473,0.294,2.52
Nb4Pd2Te14,,,0.04,,0.017,-0.395,0.0,0.020999999999999908,0.011666666666666714,0.040000000000000036,0.06099999999999994,-4.563,-4.573,-4.583,-101.71100000000001,1.3877787807814457e-17,0.0,2.349
Rh2I2S2,,,0.887,1.793,0.049,-0.387,0.0,0.771,1.665,0.887,1.793,-4.336,-4.722,-5.107,-27.729,1.3877787807814457e-17,0.0,2.009
Zr2Br4,,,0.632,1.177,0.0,-1.34,0.0,0.591,1.14,0.632,1.177,-3.745,-4.041,-4.336,-29.181,1.3877787807814457e-17,0.0,3.766
Sc2Br2C,,,1.174,2.262,0.0,-1.327,0.0,0.663,1.736,1.174,2.262,-4.849,-5.181,-5.512,-28.346,1.3877787807814457e-17,0.0,2.733
Ag2Cl2,,,2.564,3.865,0.028,-0.41000000000000003,0.0,2.506,3.865,2.564,3.865,-3.477,-4.73,-5.983,-10.890999999999998,1.3877787807814457e-17,0.0,1.725
Bi4Sr4S8F4,,,0.826,1.381,0.008,-1.823,0.0,0.826,1.381,0.8260000000000001,1.381,-4.609,-5.022,-5.436,-100.833,1.3877787807814457e-17,0.0,3.419
Ag2Cd2I2Se2,,,1.259,2.214,0.049,-0.40099999999999997,0.0,1.259,2.214,1.259,2.214,-4.116,-4.745,-5.375,-20.664,1.3877787807814457e-17,0.0,1.622
Ag4Br4O4H4,,,0.372,0.973,0.094,-0.49,0.0,0.33899999999999986,0.938,0.3719999999999999,0.9729999999999999,-5.776,-5.945,-6.115,-59.325,1.3877787807814457e-17,0.0,1.653
Ge4As4Se4,,,1.74,2.515,0.0049999999999999975,-0.18100000000000005,0.0,1.735,2.487,1.74,2.515,-3.911,-4.778,-5.646,-52.821,1.3877787807814457e-17,0.0,1.675
BiNi2Se2,,,0.0,,0.096,-0.18799999999999994,0.0,0.0,0.2879999999999998,0.0,0.4353333333333329,-5.0600000000000005,-5.202,-5.132666666666666,-27.074,1.3877787807814457e-17,0.0,2.635
Nb4I2S12,,,0.385,0.82,0.049,-0.693,0.0,0.31800000000000006,0.8159999999999998,0.385,0.8199999999999998,-4.912,-5.071,-5.23,-105.67000000000002,1.3877787807814457e-17,0.0,1.823
Nb2Se2B,,,0.0,,0.055,-0.819,0.0,0.0,0.9549999999999998,0.0,1.143,-5.226666666666667,-5.232,-5.506333333333333,-38.417,1.3877787807814457e-17,0.0,6.291
Fe2Se2O8,,,0.4,2.323,0.073,-0.846,1.0000000000000002,0.4,2.323,0.4,2.323,-5.132,-5.332,-5.532,-76.2,1.8439999999999999,2.38,1.562
Ir2I2Se2,,,0.0,0.586,0.042,-0.21299999999999997,0.0,0.0,0.52,0.0,0.5859999999999999,-4.395333333333333,-4.673,-4.600666666666666,-29.755,1.3877787807814457e-17,0.0,4.344
I4GaLiO12,,,2.769,4.197,0.02,-0.532,0.0,2.69,4.051,2.769,4.197,-4.732,-6.077,-7.422,-81.777,1.3877787807814457e-17,0.0,2.301
Tl8Cl12,,,1.943,2.906,0.052,-0.864,0.0,1.915,2.87,1.943,2.906,-4.496,-5.454,-6.411,-58.691,1.3877787807814457e-17,0.0,2.143
TeCrCl,,,1.342,2.01,0.0,-0.654,1.0000000000000002,0.65,1.108,1.342,2.01,-4.526,-4.852,-5.177,-16.361,1.483,1.484,3.541
SbTe2Ti2,,,0.0,,0.07,-0.557,0.0,0.0,1.156666666666667,0.0,1.1566666666666667,-4.708,-4.714,-4.921333333333333,-26.979,1.3877787807814457e-17,0.0,3.231
ZrBr2,1.737,2.349,1.476,1.996,0.0,-1.339,0.0,0.828,1.276,1.476,1.996,-2.824,-3.238,-3.652,-14.589999999999996,1.3877787807814457e-17,0.0,3.869
IV2Br3O2,,,0.918,1.868,0.035,-1.319,0.0,0.83,1.857,0.918,1.868,-4.654,-5.069,-5.485,-44.083,1.3877787807814457e-17,0.0,3.172
Hg2Te2Cu2Cl2,,,0.905,2.058,0.025,-0.332,0.0,0.897,2.058,0.905,2.058,-4.085,-4.534,-4.982,-21.76,1.3877787807814457e-17,0.0,1.553
Sb4Ni2Br4O6,,,1.064,3.769,0.031,-0.985,1.0000000000000002,1.018,3.717,1.064,3.769,-4.71,-5.219,-5.728,-84.956,-0.6540000000000001,-0.404,1.979
Bi2I6,,,1.466,2.228,0.0,-0.495,0.0,1.377,2.106,1.466,2.228,-4.931,-5.619,-6.308,-22.176,1.3877787807814457e-17,0.0,2.955
Ta2Pd2Te10,,,0.0,,0.0,-0.3509999999999999,0.0,0.0,0.011666666666666714,0.0,0.015000000000000124,-4.414,-4.677,-4.491666666666667,-64.236,1.3877787807814457e-17,0.0,2.207
As2Se6Si2,,,1.863,2.665,0.033,-0.276,0.0,1.79,2.538,1.863,2.665,-3.586,-4.48,-5.375,-43.78,1.3877787807814457e-17,0.0,2.987
Ir4Te8,,,0.591,0.934,0.066,-0.268,0.0,0.551,0.8980000000000001,0.591,0.9340000000000002,-4.174,-4.45,-4.725,-65.956,1.3877787807814457e-17,0.0,4.013
InP2S6Li,,,2.433,3.456,0.0,-0.539,0.0,2.293,3.289,2.433,3.456,-4.221,-5.367,-6.514,-45.237,1.3877787807814457e-17,0.0,1.666
Tl2I2,,,2.507,3.262,0.076,-0.601,0.0,2.399,3.136,2.507,3.262,-2.742,-3.942,-5.141,-10.358000000000004,1.3877787807814457e-17,0.0,2.228
In2Ga2S6,,,2.003,2.866,0.0030000000000000027,-0.638,0.0,1.981,2.831,2.003,2.866,-4.822,-5.813,-6.803,-42.183,1.3877787807814457e-17,0.0,2.686
Ge2P2S6Cl2,,,2.414,3.393,0.057,-0.335,0.0,2.328,3.301,2.414,3.393,-3.758,-4.922,-6.086,-51.825,1.3877787807814457e-17,0.0,1.77
Pt4As4S4,,,1.452,2.297,0.06,-0.4,0.0,1.313,2.061,1.452,2.297,-4.474,-5.13,-5.787,-65.178,1.3877787807814457e-17,0.0,2.486
Pt2Te2S6,,,0.907,1.743,0.091,-0.15300000000000002,0.0,0.724,1.731,0.907,1.7429999999999999,-3.858,-4.219,-4.581,-45.114,1.3877787807814457e-17,0.0,2.323
Pb2Ag2I6,,,1.701,2.735,0.012,-0.511,0.0,1.701,2.613,1.701,2.735,-4.378,-5.229,-6.079,-27.176,1.3877787807814457e-17,0.0,3.171
Na6S10H2,,,2.353,3.376,0.08,-0.56,0.0,2.353,3.375,2.353,3.376,-2.816,-3.993,-5.169,-65.354,1.3877787807814457e-17,0.0,1.1749999999999998
Y2I6,,,2.962,4.122,0.0010000000000000009,-1.471,0.0,2.756,3.889,2.962,4.122,-3.469,-4.847,-6.225,-30.02,1.3877787807814457e-17,0.0,3.009
Ta4Te12Br2,,,0.67,1.093,0.0020000000000000018,-0.377,0.0,0.67,1.093,0.67,1.093,-3.95,-4.285,-4.62,-87.674,1.3877787807814457e-17,0.0,1.98
Mn2Br2F2,,,1.728,3.594,0.10499999999999998,-1.474,1.0000000000000002,1.728,3.594,1.728,3.594,-3.71,-4.574,-5.438,-34.619,0.23300000000000004,0.23199999999999998,2.642
Sb2Te2Se,,,0.629,0.961,0.005999999999999998,-0.18399999999999994,0.0,0.4,0.7759999999999998,0.629,0.9609999999999999,-4.611,-4.811,-5.011,-19.625,1.3877787807814457e-17,0.0,4.78
Ir2Sb2S6,,,0.4,0.235,0.098,-0.294,0.0,0.275,0.23499999999999988,0.4,0.23499999999999988,-5.008,-5.146,-5.283,-54.774,1.3877787807814457e-17,0.0,3.798
Te6Sc4,,,0.302,1.215,0.028,-1.206,0.0,0.30200000000000005,1.214,0.30200000000000005,1.215,-4.688,-4.839,-4.991,-49.926,1.3877787807814457e-17,0.0,4.867
Nb2Se4F4,,,1.18,1.897,0.055,-1.833,0.0,1.119,1.836,1.18,1.897,-3.962,-4.521,-5.08,-59.258,1.3877787807814457e-17,0.0,1.905
ZrNa2O6H6,,,4.179,5.847,0.038,-1.671,0.0,4.179,5.847,4.179,5.847,-1.346,-3.435,-5.524,-85.774,1.3877787807814457e-17,0.0,0.7850000000000001
Rb2Ru2N2O2F10,,,1.05,3.173,0.0,-1.916,1.0000000000000002,0.944,3.12,1.05,3.173,-5.689,-6.161,-6.633,-98.059,-0.08000000000000002,-0.299,1.776
Te6Ga2Al2,,,0.93,1.452,0.036,-0.355,0.0,0.875,1.391,0.93,1.452,-4.325,-4.762,-5.2,-36.063,1.3877787807814457e-17,0.0,2.789
Mo2Br6,,,1.199,2.853,0.03,-0.578,1.0000000000000002,1.199,2.853,1.199,2.853,-4.353,-4.953,-5.552,-36.539,-1.332,-1.332,2.886
Ir2Ni2BrS6Cl,,,0.297,0.966,0.082,-0.352,0.0,0.251,0.889,0.29699999999999993,0.966,-5.324,-5.45,-5.575,-65.113,1.3877787807814457e-17,0.0,3.409
Cu4Br4O4H4,,,0.357,2.178,0.03,-0.635,1.0000000000000002,0.33899999999999986,2.143,0.357,2.178,-6.003,-6.173,-6.342,-65.003,-0.193,-1.587,1.737
Tl2S3,,,0.988,1.748,0.066,-0.14500000000000002,0.0,0.73,1.564,0.988,1.748,-2.929,-3.294,-3.659,-17.955,1.3877787807814457e-17,0.0,2.969
CdISH,,,1.984,2.851,0.06,-0.411,0.0,1.984,2.851,1.984,2.851,-3.104,-4.096,-5.088,-11.451,1.3877787807814457e-17,0.0,1.5310000000000001
Ta2NiSe6,,,0.0,,0.0049999999999999975,-0.686,0.0,0.0,0.2243333333333335,0.0,0.24300000000000033,-4.823333333333333,-5.146,-5.052,-53.951,1.3877787807814457e-17,0.0,2.186
Ta4Ni6Se10,,,0.175,0.228,0.0,-0.63,0.0,0.17500000000000004,0.2280000000000002,0.17500000000000004,0.2280000000000002,-4.48,-4.567,-4.654,-130.168,1.3877787807814457e-17,0.0,2.264
Ta2Se4Cl4,,,0.939,1.647,0.051,-0.921,0.0,0.939,1.6470000000000002,0.9390000000000001,1.6470000000000002,-4.079,-4.548,-5.018,-49.911,1.3877787807814457e-17,0.0,1.939
HgPb2Br2S2,,,2.052,2.924,0.032,-0.6,0.0,1.962,2.817,2.052,2.924,-3.936,-4.917,-5.898,-23.926,1.3877787807814457e-17,0.0,1.722
In2Te2Br2,,,1.704,2.473,0.003999999999999997,-0.592,0.0,1.676,2.473,1.704,2.473,-4.738,-5.576,-6.415,-18.656000000000002,1.3877787807814457e-17,0.0,1.936
MnCoBr4,,,0.476,3.526,0.024,-0.548,1.0000000000000002,0.476,3.371,0.476,3.526,-5.435,-5.673,-5.911,-27.57,-0.24,-0.084,2.423
TeAsBr,1.963,2.355,1.435,2.071,0.163,-0.08199999999999996,0.0,1.064,1.662,1.435,2.071,-4.652,-5.185,-5.717,-9.697000000000003,1.3877787807814457e-17,0.0,3.625
Tl3Cl3,,,2.449,3.238,0.027,-0.997,0.0,2.443,3.232,2.449,3.238,-3.045,-4.266,-5.488,-18.833,1.3877787807814457e-17,0.0,3.302
Zr2Se6,,,0.573,1.471,0.0,-1.078,0.0,0.4099999999999999,1.031,0.573,1.471,-4.816,-5.021,-5.226,-44.329,1.3877787807814457e-17,0.0,5.061
Au4Br4,,,1.482,2.327,0.085,-0.07499999999999996,0.0,1.482,2.327,1.482,2.327,-4.383,-5.124,-5.865,-19.456,1.3877787807814457e-17,0.0,2.995
I6Ca2Na2,,,3.782,4.679,0.059,-1.459,0.0,3.782,4.679,3.782,4.679,-2.062,-3.953,-5.844,-30.097,1.3877787807814457e-17,0.0,2.551
Na2Be2N2,,,0.013,,0.07,-0.532,0.0,0.004999999999999893,1.1296666666666666,0.013000000000000123,1.1296666666666666,-2.042,-2.045,-2.047,-29.915,1.3877787807814457e-17,0.0,2.214
Sb4O6,,,3.416,4.627,0.053,-1.308,0.0,3.414,4.624,3.416,4.627,-2.4779999999999998,-4.185,-5.892,-61.453,1.3877787807814457e-17,0.0,0.976
Te4Ga4Cl4,,,2.142,2.951,0.023,-0.707,0.0,2.102,2.868,2.142,2.951,-4.422,-5.473,-6.524,-40.062,1.3877787807814457e-17,0.0,2.858
W2I6,,,0.451,1.31,0.0010000000000000009,0.0010000000000000009,1.0000000000000002,0.376,1.31,0.45100000000000007,1.31,-4.095,-4.282,-4.47,-31.83,1.406,2.16,2.087
Ti2Br2N2,,,0.621,2.084,0.0,-1.415,0.0,0.621,2.084,0.621,2.084,-5.684,-5.995,-6.305,-41.746,1.3877787807814457e-17,0.0,4.021
Sn2P2C2O6H6,,,4.041,5.076,0.0,-1.145,0.0,4.034,5.049,4.041,5.076,-1.6269999999999998,-3.644,-5.661,-108.58,1.3877787807814457e-17,0.0,1.415
Sb4S6,,,1.902,2.638,0.046,-0.22899999999999998,0.0,1.882,2.635,1.902,2.638,-3.824,-4.765,-5.705,-44.387,1.3877787807814457e-17,0.0,1.44
Cd2Cu2Br6,,,1.57,3.601,0.005999999999999998,-0.657,0.0,1.57,3.601,1.57,3.601,-4.134,-4.919,-5.704,-25.285,1.3877787807814457e-17,0.0,2.976
Te2Ni2As,,,0.0,,0.0049999999999999975,-0.257,0.0,0.0,0.6983333333333333,0.0,0.6983333333333335,-4.373666666666667,-4.52,-4.532,-26.852,1.3877787807814457e-17,0.0,2.851
Se2MgLi2O8H4,,,4.738,6.176,0.005999999999999998,-1.42,0.0,4.649,6.07,4.7379999999999995,6.176,-1.3079999999999998,-3.633,-5.958,-90.8,1.3877787807814457e-17,0.0,1.407
Nb4I2S12,,,0.385,0.82,0.049,-0.693,0.0,0.31800000000000006,0.8159999999999998,0.385,0.8199999999999998,-4.912,-5.071,-5.23,-105.67000000000002,1.3877787807814457e-17,0.0,1.823
Re4S8,,,1.272,1.854,0.0,-0.593,0.0,1.272,1.854,1.272,1.854,-4.45,-5.086,-5.722,-86.371,1.3877787807814457e-17,0.0,4.29
Se9Al6,,,2.492,3.386,0.083,-0.774,0.0,2.475,3.386,2.492,3.386,-3.529,-4.767,-6.004,-65.38,1.3877787807814457e-17,0.0,2.553
In4S4Cl4,,,2.588,3.536,0.0,-0.83,0.0,2.588,3.536,2.588,3.536,-4.557,-5.851,-7.145,-44.461,1.3877787807814457e-17,0.0,1.655
Nb2Fe4Se6,,,0.0,,0.025,-0.513,1.0000000000000002,0.0,1.0313333333333334,0.0,1.0546666666666664,-4.275333333333333,-4.685,-4.325666666666667,-83.868,-0.312,-2.85,2.218
AgCrP2S6,,,1.018,2.069,0.008,-0.355,1.0000000000000002,1.01,2.012,1.018,2.069,-4.873,-5.378,-5.883,-50.992,0.1,0.1,2.031
W2Cl6,,,0.706,1.165,0.164,-0.652,0.0,0.706,1.165,0.706,1.165,-3.833,-4.186,-4.539,-38.9,1.3877787807814457e-17,0.0,3.842
Sb2Te2O10H2,,,2.638,3.889,0.084,-1.09,0.0,2.555,3.844,2.638,3.889,-5.1,-6.378,-7.655,-90.554,1.3877787807814457e-17,0.0,2.113
PdNiS4,,,0.977,1.492,0.079,-0.21899999999999997,0.0,0.711,1.153,0.977,1.492,-5.311,-5.667,-6.023,-28.695,1.3877787807814457e-17,0.0,3.465
Ta2S4F4,,,1.457,2.348,0.058,-1.925,0.0,1.42,2.327,1.457,2.348,-3.826,-4.536,-5.245,-61.543,1.3877787807814457e-17,0.0,1.84
VBrO2H,,,0.659,2.309,0.069,-1.532,1.0000000000000002,0.473,2.282,0.659,2.309,-4.672,-4.908,-5.145,-31.341,-0.04000000000000001,-0.06499999999999999,2.649
ReAg2Br6,,,0.604,,0.0,-0.335,1.0000000000000002,0.562,1.7293333333333334,0.604,1.8139999999999998,-5.481,-5.762,-6.043,-29.858,0.085,0.067,2.859
Tl2Pd4Te6,,,0.412,0.567,0.0,-0.354,0.0,0.377,0.5670000000000002,0.4119999999999998,0.5669999999999997,-4.073,-4.262,-4.45,-43.757,1.3877787807814457e-17,0.0,1.882
Ta4I2Se12,,,0.635,1.014,0.049,-0.575,0.0,0.635,1.014,0.635,1.014,-4.309,-4.627,-4.944,-94.361,1.3877787807814457e-17,0.0,1.911
AgCuSe5P2S,,,0.095,0.245,0.016,-0.10599999999999998,0.0,0.026999999999999913,0.12699999999999978,0.09499999999999997,0.2450000000000001,-5.53,-5.543,-5.557,-39.795,1.3877787807814457e-17,0.0,3.544
W2As4O12,,,1.841,3.16,0.038,-1.638,0.0,1.811,3.138,1.841,3.16,-5.64,-6.545,-7.451,-132.595,1.3877787807814457e-17,0.0,2.579
Rh2Sb2S6,,,0.152,0.059,0.098,-0.307,0.0,0.1519999999999999,0.05900000000000016,0.1519999999999999,0.05900000000000016,-5.168,-5.244,-5.32,-50.643,1.3877787807814457e-17,0.0,3.698
I4Cu2O12,,,0.835,2.954,0.03,-0.18999999999999995,1.0000000000000002,0.735,2.895,0.835,2.954,-5.024,-5.391,-5.758,-78.182,0.235,-0.076,1.705
Ge2P2S6C2H6,,,2.614,3.515,0.0,-0.262,0.0,2.586,3.499,2.614,3.515,-2.628,-3.92,-5.213,-87.33,1.3877787807814457e-17,0.0,1.454
CrOFH,,,0.522,1.53,0.187,-1.558,1.0000000000000002,0.43599999999999994,1.53,0.522,1.53,-3.072,-3.29,-3.508,-25.675,-0.247,0.143,1.062
FeGa2Se4,,,0.803,1.814,0.056,-0.445,0.0,0.538,1.761,0.803,1.814,-3.827,-4.096,-4.365,-31.894,1.3877787807814457e-17,0.0,3.303
Ta4Pd2Te10,,,0.0,,0.0030000000000000027,-0.395,0.0,0.0,0.2956666666666665,0.0,0.32566666666666677,-4.3790000000000004,-4.631,-4.590333333333334,-85.281,1.3877787807814457e-17,0.0,2.383
Te4Cr2Ni,,,0.0,,0.057,-0.17599999999999993,1.0000000000000002,0.0,1.0000000000000002,0.0,1.1433333333333333,-4.991333333333333,-4.899,-5.106333333333334,-40.113,3.383,3.379,3.731
Sn2Cl2F2,,,2.927,3.862,0.079,-1.635,0.0,2.852,3.808,2.927,3.862,-2.558,-3.984,-5.41,-24.665,1.3877787807814457e-17,0.0,2.219
HfZr3Te8,,,0.253,0.797,0.11499999999999999,-0.765,0.0,0.21300000000000008,0.766,0.2530000000000001,0.7969999999999999,-5.145,-5.251,-5.358,-64.531,1.3877787807814457e-17,0.0,4.163
Zr2Br2Cl4,,,0.0,0.108,0.088,-1.586,1.0000000000000002,0.0,0.01100000000000012,0.0,0.1080000000000001,-4.800666666666666,-4.296,-4.9543333333333335,-37.804,-0.29600000000000004,-0.333,3.071
In2Te4Cr,,,0.0,,0.035,-0.27,1.0000000000000002,0.0,0.7923333333333331,0.0,0.8086666666666666,-3.7383333333333337,-3.974,-3.9076666666666666,-29.642,-1.062,-1.063,3.359
Tl2Pb2I6,,,1.903,2.58,0.055,-0.632,0.0,1.862,2.542,1.903,2.58,-3.163,-4.095,-5.026,-27.7,1.3877787807814457e-17,0.0,2.506
ZrNiF6,,,1.913,6.174,0.033,-3.039,1.0000000000000002,1.9,6.164,1.913,6.174,-5.665,-6.615,-7.565,-48.48,-0.022999999999999993,-0.018000000000000016,2.194
K2C2O6,,,1.04,2.758,0.032,-1.473,1.0000000000000002,0.987,2.692,1.04,2.758,-5.937,-6.431,-6.924,-66.353,-0.0020000000000000018,0.0030000000000000027,1.266
Bi2F6,,,4.353,5.941,0.053,-2.488,0.0,4.317,5.899,4.353,5.941,-3.434,-5.593,-7.751,-38.772,1.3877787807814457e-17,0.0,1.83
Hf2Br4S4,,,1.824,2.918,0.0,-1.192,0.0,1.786,2.88,1.824,2.918,-4.333,-5.226,-6.119,-49.587,1.3877787807814457e-17,0.0,3.192
Ru2Br6,,,0.0,0.128,0.017,-0.308,1.0000000000000002,0.0,0.053999999999999826,0.0,0.1280000000000001,-4.934333333333333,-5.477,-5.267666666666667,-30.896,-3.2709999999999995,-3.075,2.96
Pd2Te2S6,,,1.008,1.839,0.056,-0.137,0.0,1.006,1.818,1.008,1.839,-3.825,-4.328,-4.831,-39.891,1.3877787807814457e-17,0.0,2.308
CoGa2Se4,,,0.0,,0.026,-0.478,1.0000000000000002,0.0,1.0476666666666667,0.0,1.0476666666666667,-4.350666666666667,-4.264,-4.469666666666667,-31.315000000000005,0.066,0.066,3.319
Nb2Se4Br4,,,1.101,1.868,0.0,-0.804,0.0,1.096,1.866,1.101,1.868,-4.144,-4.692,-5.24,-48.958,1.3877787807814457e-17,0.0,1.885
Te4MgAl2,,,0.439,1.16,0.031,-0.543,0.0,0.43899999999999995,1.16,0.43900000000000006,1.16,-3.746,-3.965,-4.184,-25.71,1.3877787807814457e-17,0.0,3.097
Ga2S2F2,,,3.546,4.706,0.079,-1.493,0.0,3.5459999999999994,4.706,3.546,4.706,-5.066,-6.839,-8.612,-26.094,1.3877787807814457e-17,0.0,1.665
Au4S4Cl4H4,,,1.246,2.121,0.064,-0.245,0.0,1.222,2.095,1.246,2.121,-5.713,-6.325,-6.936,-53.189,1.3877787807814457e-17,0.0,1.692
Au2Se2Br2,,,0.642,1.271,0.054,-0.1279999999999999,0.0,0.642,1.271,0.642,1.271,-5.506,-5.827,-6.148,-17.162,1.3877787807814457e-17,0.0,3.024
Te4Ge4As4,,,1.269,1.924,0.028,-0.03400000000000003,0.0,1.222,1.871,1.269,1.924,-3.848,-4.459,-5.07,-49.942,1.3877787807814457e-17,0.0,1.74
Pd2Se2O6,,,0.636,2.182,0.0020000000000000018,-0.644,0.0,0.636,2.182,0.636,2.182,-4.393,-4.711,-5.029,-51.788,1.3877787807814457e-17,0.0,1.538
GaSe2Al,,,2.306,3.105,0.022,-0.664,0.0,2.049,2.765,2.306,3.105,-3.738,-4.763,-5.787,-16.264000000000003,1.3877787807814457e-17,0.0,3.813
Na2MgS10H4,,,2.311,3.366,0.089,-0.366,0.0,2.297,3.357,2.311,3.366,-3.161,-4.309,-5.457,-64.528,1.3877787807814457e-17,0.0,1.535
Ag6Br12,,,0.146,0.436,0.008,-0.23399999999999999,0.0,0.1200000000000001,0.42900000000000027,0.1459999999999999,0.43599999999999994,-6.209,-6.269,-6.329,-40.261,1.3877787807814457e-17,0.0,2.561
PdK2S6H6,,,1.786,2.852,0.026,-0.42800000000000005,0.0,1.783,2.798,1.786,2.852,-3.502,-4.393,-5.285,-57.097,1.3877787807814457e-17,0.0,1.1
WO2,2.706,3.011,1.686,2.421,0.0,-2.0169999999999995,0.0,1.34,2.097,1.686,2.421,-5.036,-5.706,-6.376,-27.784,1.3877787807814457e-17,0.0,4.252
Ba4Te8As4Cl4,,,1.177,1.82,0.067,-1.089,0.0,0.926,1.577,1.177,1.82,-4.182,-4.645,-5.108,-80.52,1.3877787807814457e-17,0.0,3.316
W2Te2Mg2O12,,,3.524,4.982,0.028,-2.003,0.0,3.464,4.867,3.524,4.982,-4.71,-6.442,-8.174,-130.159,1.3877787807814457e-17,0.0,2.888
TeI5CrMn,,,0.232,0.634,0.081,-0.308,1.0000000000000002,0.07800000000000007,0.40200000000000014,0.23199999999999998,0.6340000000000001,-5.155,-5.194,-5.233,-32.186,-2.934,2.237,3.234
Zr2AsS2,,,0.0,,0.041,-1.381,0.0,0.0,1.0690000000000002,0.0,1.0703333333333334,-4.627666666666667,-5.231,-4.765000000000001,-34.528,1.3877787807814457e-17,0.0,3.116
Te2S8Li6H2,,,2.22,3.148,0.044,-0.694,0.0,2.093,2.992,2.22,3.148,-3.21,-4.257,-5.303,-69.517,1.3877787807814457e-17,0.0,1.274
Ag2Cd2I2Se2,,,1.259,2.214,0.049,-0.40099999999999997,0.0,1.259,2.214,1.259,2.214,-4.116,-4.745,-5.375,-20.664,1.3877787807814457e-17,0.0,1.622
ReAu2F6,,,0.328,1.331,0.177,-1.459,1.0000000000000002,0.18199999999999994,1.145,0.32800000000000007,1.331,-6.724,-6.815,-6.906,-40.569,-4.128,-4.191,2.376
V2Se2B,,,0.0,,0.168,-0.59,0.0,0.0,0.36933333333333307,0.0,0.7146666666666666,-5.094,-5.119,-5.212,-33.667,1.3877787807814457e-17,0.0,5.92
Cu2O2,,,0.352,1.726,0.079,-0.457,0.0,0.0009999999999998899,1.013,0.352,1.726,-5.55,-5.551,-5.551,-19.429,1.3877787807814457e-17,0.0,1.798
PbI2,3.338,3.367,1.628,2.543,0.078,-0.614,0.0,1.577,2.404,1.628,2.543,-4.663,-5.452,-6.24,-8.558999999999997,1.3877787807814457e-17,0.0,3.352
Hf2Te2As,,,0.0,,0.0,-0.912,0.0,0.0,0.8876666666666668,0.0,1.8423333333333332,-4.579666666666667,-4.705,-4.9446666666666665,-30.647,1.3877787807814457e-17,0.0,3.322
Sc2SeSCl2,,,1.744,3.142,0.006999999999999999,-1.9749999999999999,0.0,1.614,2.918,1.744,3.142,-4.737,-5.544,-6.351,-32.302,1.3877787807814457e-17,0.0,3.535
Rb2N2O6,,,3.199,5.286,0.0,-1.055,0.0,3.199,5.286,3.199,5.286,-2.549,-4.148,-5.747,-59.817,1.3877787807814457e-17,0.0,1.246
Au4I4Se4,,,0.94,1.539,0.0,-0.08999999999999997,0.0,0.85,1.484,0.94,1.539,-5.067,-5.492,-5.916,-33.443,1.3877787807814457e-17,0.0,1.918
Rh2Te2Br2,,,0.984,1.973,0.0,-0.513,0.0,0.984,1.965,0.984,1.973,-4.336,-4.828,-5.32,-26.951,1.3877787807814457e-17,0.0,1.907
I2Co2S2,,,0.0,0.579,0.04,-0.2879999999999999,0.0,0.0,0.44999999999999996,0.0,0.579,-5.215,-5.038,-5.257333333333333,-29.296,1.3877787807814457e-17,0.0,4.317
Sr4Te8As4F4,,,0.557,1.004,0.06,-1.511,0.0,0.44100000000000006,1.004,0.557,1.0040000000000002,-4.589,-4.81,-5.03,-87.553,1.3877787807814457e-17,0.0,3.622
SiS2,3.246,3.842,1.974,2.861,0.11099999999999999,-0.56,0.0,1.383,2.216,1.974,2.861,-5.09,-5.782,-6.473,-15.234000000000002,1.3877787807814457e-17,0.0,3.706
HfTeSe,,,0.0,1.103,0.005999999999999998,-1.084,0.0,0.0,0.18599999999999994,0.0,1.103,-4.093666666666667,-4.723,-4.338666666666667,-17.445000000000004,1.3877787807814457e-17,0.0,3.725
In2Te5Mg2,,,0.358,0.996,0.017999999999999995,-0.557,0.0,0.358,0.996,0.358,0.996,-4.105,-4.284,-4.463,-29.799,1.3877787807814457e-17,0.0,3.641
Ta2NiS6,,,0.0,,0.0,-0.877,0.0,0.0,0.9016666666666668,0.0,0.9016666666666666,-5.249666666666666,-5.617,-5.659666666666666,-59.245,1.3877787807814457e-17,0.0,2.112
Sn2P2S6Cl2,,,2.517,3.372,0.055,-0.4060000000000001,0.0,2.393,3.312,2.517,3.372,-3.746,-4.942,-6.139,-51.752,1.3877787807814457e-17,0.0,1.814
HfNa2O6H6,,,4.113,5.786,0.003999999999999997,-1.6830000000000003,0.0,4.113,5.786,4.113,5.786,-1.384,-3.44,-5.497,-86.053,1.3877787807814457e-17,0.0,0.7869999999999999
V2S2O10H4,,,1.267,3.898,0.076,-1.456,1.0000000000000002,1.179,3.771,1.267,3.898,-3.58,-4.17,-4.759,-115.959,-0.027999999999999997,-0.02800000000000001,1.201
Ge2S2,,,1.952,2.701,0.047,-0.22999999999999998,0.0,1.763,2.489,1.952,2.701,-3.515,-4.397,-5.279,-18.109,1.3877787807814457e-17,0.0,2.489
Cu2As2S4,,,0.296,0.845,0.054,-0.15200000000000002,0.0,0.29600000000000004,0.845,0.29600000000000004,0.845,-4.273,-4.421,-4.569,-34.21,1.3877787807814457e-17,0.0,2.055
V2Se2O7F2,,,0.943,2.945,0.083,-1.684,1.0000000000000002,0.907,2.907,0.9430000000000001,2.945,-4.714,-5.168,-5.621,-84.953,-0.033,-0.03899999999999999,1.44
Sr4Sb4Se8Cl4,,,1.634,2.369,0.049,-1.25,0.0,1.409,2.144,1.634,2.369,-3.888,-4.593,-5.298,-84.326,1.3877787807814457e-17,0.0,3.098
GeS,4.183,4.412,2.67,3.492,0.053,-0.22399999999999998,0.0,2.45,3.231,2.67,3.492,-3.716,-4.941,-6.166,-9.042000000000002,1.3877787807814457e-17,0.0,2.663
HfSe2,2.115,2.465,1.113,1.989,0.174,-1.175,0.0,0.812,1.626,1.113,1.989,-5.452,-5.859,-6.265,-17.998000000000005,1.3877787807814457e-17,0.0,4.081
Ga2Se2,3.331,3.4,1.713,2.435,0.003999999999999997,-0.598,0.0,1.644,2.371,1.713,2.435,-4.133,-4.955,-5.777,-15.163,1.3877787807814457e-17,0.0,3.604
Ta2Se6,,,0.0,,0.046,-0.634,0.0,0.0,1.1233333333333333,0.0,1.1676666666666666,-4.612333333333333,-4.588,-4.944333333333334,-45.601,1.3877787807814457e-17,0.0,5.55
Ga2S2Cl2,,,2.243,3.578,0.021,-0.881,0.0,2.243,3.578,2.243,3.578,-4.704,-5.826,-6.947,-22.818,1.3877787807814457e-17,0.0,2.946
Hg4Rb2Br6S2O6,,,2.951,4.145,0.034,-1.053,0.0,2.864,4.024,2.9509999999999996,4.145,-4.304,-5.736,-7.168,-74.833,1.3877787807814457e-17,0.0,2.489
Co2Br2O2,,,0.0,0.801,0.079,-0.679,0.0,0.0,0.8010000000000004,0.0,0.8010000000000002,-5.3886666666666665,-5.277,-5.414666666666667,-33.952,1.3877787807814457e-17,0.0,3.803
Sn4Ca2Cl12,,,3.519,4.426,0.045,-1.44,0.0,3.519,4.426,3.519,4.426,-2.738,-4.498,-6.258,-67.585,1.3877787807814457e-17,0.0,2.024
Pd2S4,,,1.611,2.547,0.0020000000000000018,-0.294,0.0,1.12,2.015,1.611,2.547,-4.427,-4.987,-5.547,-25.717,1.3877787807814457e-17,0.0,2.605
Tl2Te2,,,0.315,0.638,0.139,-0.08699999999999986,0.0,0.29400000000000004,0.6210000000000002,0.31499999999999984,0.6379999999999999,-4.9,-5.047,-5.194,-11.755000000000003,1.3877787807814457e-17,0.0,3.83
Tl2Cl6,,,2.425,3.537,0.0,-0.703,0.0,2.425,3.537,2.425,3.537,-5.724,-6.937,-8.15,-21.33,1.3877787807814457e-17,0.0,2.704
BiTeCl,1.736,1.736,0.599,1.198,0.010000000000000002,-0.598,0.0,0.599,1.198,0.599,1.198,-5.416,-5.715,-6.015,-11.457999999999998,1.3877787807814457e-17,0.0,3.067
W2Cl4O4,,,2.235,3.655,0.0,-1.6909999999999998,0.0,2.187,3.613,2.235,3.655,-5.861,-6.954,-8.047,-67.515,1.3877787807814457e-17,0.0,1.748
Zr2Cl2B,,,0.0,,0.0,-1.4340000000000002,0.0,0.0,0.9336666666666666,0.0,1.4169999999999998,-4.865333333333333,-4.51,-5.182666666666666,-32.253,1.3877787807814457e-17,0.0,5.302
Ni2P2S6,,,0.139,,0.054,-0.22699999999999998,1.0000000000000002,0.028000000000000025,0.7153333333333336,0.139,0.9000000000000001,-5.209,-5.223,-5.237,-51.958,0.201,0.206,3.755
Hg2Bi2Cl2O4,,,2.556,3.745,0.026,-0.897,0.0,2.556,3.745,2.556,3.745,-3.882,-5.16,-6.438,-44.158,1.3877787807814457e-17,0.0,1.691
HfW2O8,,,3.725,5.506,0.017999999999999995,-2.575,0.0,3.635,5.42,3.725,5.506,-5.283,-7.1,-8.918,-99.791,1.3877787807814457e-17,0.0,1.709
Ag4Br12,,,0.58,1.652,0.025,-0.16400000000000003,0.0,0.58,1.652,0.58,1.6520000000000001,-5.373,-5.663,-5.953,-33.006,1.3877787807814457e-17,0.0,1.649
Cr2NF2,,,0.0,,0.156,-1.504,1.0000000000000002,0.0,2.090333333333333,0.0,2.211666666666667,-4.905666666666667,-5.301,-5.511333333333334,-37.863,-0.11800000000000002,-0.11899999999999998,4.386
Nb2K2Cl12,,,2.418,4.064,0.0,-1.5190000000000001,0.0,2.41,4.055,2.418,4.064,-5.425,-6.63,-7.835,-68.818,1.3877787807814457e-17,0.0,1.717
PdCdCl4,,,1.379,3.04,0.016,-0.8,0.0,1.183,2.813,1.379,3.04,-5.324,-5.916,-6.507,-16.686999999999998,1.3877787807814457e-17,0.0,2.733
Hg2Ag2Te2Cl2,,,1.424,2.272,0.015,-0.342,0.0,1.424,2.272,1.424,2.272,-3.956,-4.668,-5.38,-20.17,1.3877787807814457e-17,0.0,1.471
Pt4In2Se6,,,1.188,1.726,0.041,-0.421,0.0,1.126,1.689,1.188,1.726,-3.92,-4.484,-5.047,-56.892,1.3877787807814457e-17,0.0,1.849
As4P2O12H2,,,4.556,6.004,0.0,-1.531,0.0,4.556,5.999,4.556,6.004,-2.452,-4.73,-7.008,-128.137,1.3877787807814457e-17,0.0,1.244
Sc2Se4Br4,,,1.4,2.138,0.07,-1.167,0.0,1.277,2.021,1.4,2.138,-4.725,-5.364,-6.003,-41.261,1.3877787807814457e-17,0.0,2.861
Ta2I12K2,,,0.989,2.053,0.0,-0.735,0.0,0.989,2.053,0.989,2.053,-4.875,-5.369,-5.864,-51.57,1.3877787807814457e-17,0.0,2.071
Tl4Sn4As4,,,0.488,0.86,0.057,0.017000000000000015,0.0,0.29699999999999993,0.651,0.488,0.8599999999999999,-3.741,-3.89,-4.038,-44.667,1.3877787807814457e-17,0.0,3.224
I6Ca2Na2,,,3.782,4.679,0.059,-1.459,0.0,3.782,4.679,3.782,4.679,-2.062,-3.953,-5.844,-30.097,1.3877787807814457e-17,0.0,2.551
Tl4As4,,,0.164,0.328,0.055,0.05500000000000005,0.0,0.040000000000000036,0.15799999999999992,0.16399999999999992,0.32799999999999985,-3.278,-3.298,-3.319,-28.201,1.3877787807814457e-17,0.0,3.361
Hf3Te8Ti,,,0.126,0.742,0.132,-0.666,0.0,0.08000000000000007,0.6879999999999997,0.1260000000000001,0.742,-5.132,-5.172,-5.212,-62.843,1.3877787807814457e-17,0.0,4.162
Pb2Cu2Cl6,,,1.343,3.631,0.011,-0.876,0.0,1.34,3.567,1.343,3.631,-4.463,-5.133,-5.803,-34.343,1.3877787807814457e-17,0.0,2.892
SnBr2S2,,,1.206,2.095,0.086,-0.393,0.0,0.829,1.49,1.206,2.095,-5.589,-6.004,-6.418,-17.345000000000002,1.3877787807814457e-17,0.0,3.283
Sn2SeS,,,1.178,1.619,0.044,-0.4,0.0,1.064,1.522,1.178,1.619,-3.376,-3.908,-4.44,-17.274999999999995,1.3877787807814457e-17,0.0,3.199
Hf2Br2S3,,,1.462,2.472,0.056,-1.368,0.0,1.378,2.338,1.462,2.472,-5.285,-5.974,-6.663,-39.994,1.3877787807814457e-17,0.0,3.845
I6Co2,,,0.582,1.985,0.0,-0.13800000000000012,0.0,0.526,1.876,0.5820000000000001,1.985,-4.611,-4.874,-5.137,-26.432,1.3877787807814457e-17,0.0,3.441
W2Nb2O11,,,2.345,4.202,0.027,-2.461,0.0,2.345,4.195,2.345,4.202,-6.567,-7.74,-8.912,-136.911,1.3877787807814457e-17,0.0,2.292
In2Te4Ni,,,0.0,,0.07,-0.23399999999999999,0.0,0.0,0.4696666666666667,0.0,0.504666666666667,-4.0376666666666665,-4.374,-4.290666666666667,-27.228,1.3877787807814457e-17,0.0,3.558
In4ISe3Br2SCl,,,1.428,2.297,0.045,-0.656,0.0,1.428,2.297,1.428,2.297,-4.994,-5.708,-6.422,-39.885,1.3877787807814457e-17,0.0,3.135
I4Ti2,,,0.26,0.46,0.003999999999999997,-0.717,0.0,0.15500000000000003,0.42300000000000026,0.26,0.45999999999999996,-3.961,-4.038,-4.116,-23.595,1.3877787807814457e-17,0.0,4.018
SrCa2Br2S2,,,3.63,4.806,0.042,-2.134,0.0,3.106,4.244,3.63,4.806,-3.872,-5.425,-6.978,-31.96,1.3877787807814457e-17,0.0,4.947
Pd2Te2O6,,,1.227,2.774,0.08,-0.764,0.0,1.001,2.509,1.227,2.774,-3.798,-4.299,-4.799,-52.431,1.3877787807814457e-17,0.0,1.623
Pd4In2Te6,,,0.451,0.58,0.063,-0.327,0.0,0.391,0.5800000000000001,0.45100000000000007,0.5800000000000001,-4.257,-4.453,-4.648,-43.961,1.3877787807814457e-17,0.0,1.827
Rh2Br2S2,,,0.047,0.598,0.0,-0.524,0.0,0.04299999999999993,0.5979999999999999,0.04699999999999993,0.5979999999999996,-5.698,-5.72,-5.741,-28.767,1.3877787807814457e-17,0.0,3.92
In4S6,,,1.723,2.512,0.022,-0.557,0.0,1.723,2.512,1.723,2.512,-4.938,-5.8,-6.661,-41.086,1.3877787807814457e-17,0.0,4.669
Ga2Cl6,,,3.837,5.224,0.012,-1.09,0.0,3.83,5.192,3.837,5.224,-4.171,-6.086,-8.001,-25.233,1.3877787807814457e-17,0.0,2.828
Rh2Cl6,,,1.59,3.207,0.0,-0.682,0.0,1.59,3.19,1.59,3.207,-4.956,-5.751,-6.546,-30.462,1.3877787807814457e-17,0.0,2.994
Nb2Te6Mn2,,,0.0,,0.049,-0.2879999999999999,1.0000000000000002,0.0,1.6269999999999998,0.0,1.658,-4.883333333333334,-4.714,-5.033,-62.194,1.086,0.212,2.393
Bi4B4O12,,,2.919,4.321,0.039,-1.861,0.0,2.865,4.227,2.9190000000000005,4.321,-2.98,-4.412,-5.845,-144.235,1.3877787807814457e-17,0.0,1.868
CrSCl,,,1.761,3.372,0.009000000000000001,-0.938,1.0000000000000002,1.524,3.198,1.761,3.372,-4.542,-5.304,-6.066,-18.084,-0.063,-0.06299999999999999,1.862
Nb3SeBr7,,,0.76,1.477,0.0,-1.017,0.0,0.76,1.477,0.76,1.477,-4.579,-4.959,-5.339,-56.744,1.3877787807814457e-17,0.0,1.865
Ba4Bi4Se8F4,,,1.019,1.64,0.031,-1.785,0.0,0.903,1.618,1.019,1.64,-4.512,-4.963,-5.415,-95.924,1.3877787807814457e-17,0.0,3.613
Sb2Ge2S6C2H6,,,1.591,2.426,0.093,-0.1329999999999999,0.0,1.549,2.386,1.591,2.426,-3.433,-4.208,-4.982,-83.093,1.3877787807814457e-17,0.0,1.387
Ga2Br6,,,2.626,3.689,0.066,-0.782,0.0,2.5939999999999994,3.641,2.626,3.689,-4.434,-5.731,-7.027,-21.571,1.3877787807814457e-17,0.0,2.787
SnNaSCl3,,,2.083,3.22,0.056,-1.071,0.0,2.023,3.168,2.083,3.22,-5.184,-6.196,-7.207,-21.224,1.3877787807814457e-17,0.0,2.637
Tl2I6Mg2,,,2.652,3.525,0.071,-0.849,0.0,2.652,3.525,2.652,3.525,-2.427,-3.753,-5.079,-25.589,1.3877787807814457e-17,0.0,2.511
Au2K2Se2,,,1.867,2.541,0.077,-0.692,0.0,1.867,2.541,1.867,2.541,-1.576,-2.509,-3.443,-19.818,1.3877787807814457e-17,0.0,2.112
Nb4Ni8Se8,,,0.0,,0.033,-0.544,0.0,0.0,0.2143333333333337,0.0,0.2143333333333337,-4.714,-4.88,-4.856666666666667,-138.025,1.3877787807814457e-17,0.0,2.747
SnI2,3.312,3.631,2.15,2.82,0.0,-0.539,0.0,1.837,2.49,2.15,2.82,-4.07,-4.988,-5.906,-8.628999999999998,1.3877787807814457e-17,0.0,3.117
Bi2SnSe4,,,0.413,0.789,0.0,-0.405,0.0,0.15599999999999992,0.5499999999999998,0.4129999999999999,0.7890000000000001,-5.519,-5.597,-5.675,-30.169,1.3877787807814457e-17,0.0,3.491
Co2S2Cl2,,,0.008,0.29,0.0,-0.567,0.0,0.008000000000000007,0.29000000000000004,0.008000000000000007,0.29000000000000004,-6.207,-6.211,-6.215,-31.585,1.3877787807814457e-17,0.0,3.9
Pb2Br4,,,2.305,3.339,0.037,-0.928,0.0,1.938,2.852,2.305,3.339,-4.818,-5.787,-6.756,-19.425,1.3877787807814457e-17,0.0,2.756
Rb4O2,,,0.338,1.599,0.0,-0.919,0.0,0.3380000000000001,1.598,0.3380000000000001,1.599,-1.2429999999999999,-1.412,-1.5810000000000004,-19.401,1.3877787807814457e-17,0.0,1.523
Mn2Cl6,,,0.116,0.879,0.073,-0.833,1.0000000000000002,0.038999999999999924,0.8790000000000002,0.1160000000000001,0.879,-5.298,-5.317,-5.337,-36.808,1.8519999999999999,1.844,2.997
Sc2S2Cl2,,,2.144,3.616,0.0,-2.053,0.0,2.109,3.528,2.144,3.616,-4.651,-5.705,-6.76,-33.361,1.3877787807814457e-17,0.0,3.412
Hf2CO2,,,2.036,2.911,0.168,-2.307,0.0,0.938,1.681,2.036,2.911,-4.41,-4.879,-5.348,-46.017,1.3877787807814457e-17,0.0,4.979
Ba4As4Se8Cl4,,,1.749,2.52,0.048,-1.239,0.0,1.624,2.404,1.749,2.52,-4.016,-4.828,-5.64,-85.755,1.3877787807814457e-17,0.0,3.111
Ag4Cl8,,,0.278,1.043,0.003999999999999997,-0.35999999999999993,0.0,0.16799999999999993,0.9710000000000001,0.278,1.043,-6.72,-6.804,-6.888,-29.959,1.3877787807814457e-17,0.0,1.38
Pd2F2,2.128,2.308,1.168,2.488,0.054,-0.91,0.0,0.865,2.19,1.168,2.488,-6.697000000000001,-7.129,-7.561,-14.451999999999998,1.3877787807814457e-17,0.0,3.677
V4Li2O10,,,0.403,0.844,0.037,-2.292,1.0000000000000002,0.30900000000000005,0.712,0.403,0.8439999999999999,-5.472,-5.627,-5.781,-125.787,-0.04299999999999998,-0.05,1.419
BaP2F12,,,7.041,9.582,0.0,-3.007,0.0,7.041,9.582,7.041,9.582,-3.369,-6.889,-10.41,-76.695,1.3877787807814457e-17,0.0,2.52
Ru2K2Cl10N2O2,,,0.376,1.566,0.0,-0.864,1.0000000000000002,0.372,1.558,0.376,1.5659999999999998,-6.509,-6.695,-6.881,-81.724,-0.01100000000000001,-0.05800000000000001,1.969
Hf2BrS2Cl3,,,2.256,3.424,0.0,-1.644,0.0,2.254,3.424,2.256,3.424,-5.032,-6.159,-7.286,-43.261,1.3877787807814457e-17,0.0,3.179
Pd2N4O12,,,1.431,3.277,0.0,-0.387,0.0,1.431,3.277,1.431,3.277,-5.569,-6.284,-6.999,-109.50200000000001,1.3877787807814457e-17,0.0,1.268
Sb4I4Zn2O6,,,2.335,3.378,0.0010000000000000009,-1.081,0.0,2.319,3.35,2.335,3.378,-4.165,-5.325,-6.484,-73.953,1.3877787807814457e-17,0.0,2.461
Cd2Cu2S2Cl2,,,0.876,2.589,0.071,-0.58,0.0,0.876,2.584,0.876,2.589,-4.285,-4.723,-5.162,-25.572,1.3877787807814457e-17,0.0,1.56
Nb4Br2S12,,,0.4,0.848,0.039,-0.76,0.0,0.3689999999999999,0.8479999999999996,0.4,0.8479999999999999,-4.883,-5.068,-5.253,-107.097,1.3877787807814457e-17,0.0,1.751
Hf2Zr2ISe2Br2S3,,,0.0,,0.091,-1.366,0.0,0.0,1.1036666666666666,0.0,1.1110000000000002,-4.558000000000001,-4.846,-5.094333333333333,-70.059,1.3877787807814457e-17,0.0,3.941
Sb4Se4Si4,,,1.944,2.615,0.044,-0.18100000000000005,0.0,1.884,2.586,1.944,2.615,-3.436,-4.378,-5.32,-55.324,1.3877787807814457e-17,0.0,1.719
Ta3SeBr7,,,0.79,1.452,0.0,-0.932,0.0,0.79,1.452,0.79,1.452,-4.233,-4.628,-5.023,-54.272,1.3877787807814457e-17,0.0,1.903
Nb2Na2Cl12,,,2.287,3.936,0.0,-1.453,0.0,2.287,3.936,2.287,3.936,-5.375,-6.518,-7.662,-67.935,1.3877787807814457e-17,0.0,1.811
Hg4Mo2O8,,,2.354,3.709,0.045,-1.311,0.0,2.278,3.407,2.354,3.709,-4.591,-5.73,-6.87,-85.291,1.3877787807814457e-17,0.0,1.731
I2Mn2S,,,0.222,2.503,0.079,-0.368,1.0000000000000002,0.03699999999999992,2.219,0.22199999999999998,2.503,-4.801,-4.819,-4.838,-28.308,0.5510000000000002,0.54,4.622
Hf2Ti2Br7Cl,,,0.591,1.154,0.009000000000000001,-1.21,0.0,0.5290000000000001,1.097,0.591,1.154,-3.784,-4.048,-4.313,-55.785,1.3877787807814457e-17,0.0,3.646
Bi4Ca2O8,,,2.747,4.003,0.0,-1.757,0.0,2.568,3.923,2.747,4.003,-2.143,-3.427,-4.711,-88.307,1.3877787807814457e-17,0.0,2.308
ReAu2F6,,,0.328,1.331,0.177,-1.459,1.0000000000000002,0.18199999999999994,1.145,0.32800000000000007,1.331,-6.724,-6.815,-6.906,-40.569,-4.128,-4.191,2.376
Ba4Sb4S8Cl4,,,2.187,3.027,0.019000000000000003,-1.335,0.0,2.08,2.967,2.187,3.027,-3.591,-4.631,-5.671,-91.393,1.3877787807814457e-17,0.0,3.075
Tl2Ag2Se2,,,0.957,1.699,0.0,-0.246,0.0,0.64,1.415,0.957,1.699,-2.981,-3.301,-3.622,-19.117,1.3877787807814457e-17,0.0,3.665
Hg2Ag2S2Cl2,,,1.388,2.526,0.031,-0.328,0.0,1.388,2.526,1.388,2.526,-4.567,-5.261,-5.955,-21.799,1.3877787807814457e-17,0.0,1.47
ZrNiSeS,,,1.163,2.385,0.052,-1.057,0.0,0.789,1.881,1.163,2.385,-4.128,-4.523,-4.917,-26.44,1.3877787807814457e-17,0.0,3.885
Os2F8,,,0.701,2.24,0.0,-1.721,1.0000000000000002,0.687,2.24,0.701,2.24,-6.607,-6.951,-7.294,-52.289,151.702,167.003,1.4990000000000003
Te8Si4,,,1.31,1.968,0.0,-0.050000000000000044,0.0,1.293,1.94,1.31,1.968,-3.71,-4.357,-5.003,-47.837,1.3877787807814457e-17,0.0,1.719
GaSe6P2Li,,,1.443,2.235,0.009000000000000001,-0.393,0.0,1.416,2.188,1.443,2.235,-4.453,-5.161,-5.869,-40.352,1.3877787807814457e-17,0.0,1.742
Au2S4Cl2,,,1.242,2.024,0.04,-0.09399999999999997,0.0,1.193,1.913,1.242,2.024,-5.326,-5.923,-6.519,-26.896,1.3877787807814457e-17,0.0,2.538
Ag2P2O6,,,2.999,4.737,0.053,-1.462,0.0,2.568,4.204,2.999,4.737,-3.835,-5.12,-6.404,-61.772,1.3877787807814457e-17,0.0,1.748
TeVSe,,,0.597,0.993,0.012999999999999998,-0.502,1.0000000000000002,0.1200000000000001,0.8309999999999997,0.597,0.9929999999999999,-4.988,-5.048,-5.108,-16.719,1.139,1.139,4.26
Nb4Ni6S10,,,0.15,0.009,0.039,-0.752,0.0,0.1499999999999999,0.008999999999999897,0.1499999999999999,0.008999999999999897,-4.986,-5.061,-5.136,-140.612,1.3877787807814457e-17,0.0,2.141
Cu4Cl4O4H4,,,0.424,2.491,0.028999999999999998,-0.712,1.0000000000000002,0.403,2.462,0.42399999999999993,2.491,-6.318,-6.52,-6.721,-67.028,-0.098,-0.15400000000000003,1.694
Ru2I6,,,0.0,,0.0,-0.07400000000000007,1.0000000000000002,0.0,1.389,0.0,1.552,-5.557,-5.135,-5.715,-28.387,14.003,13.888,3.363
Tl12S6,,,1.138,1.823,0.064,-0.2879999999999999,0.0,1.11,1.799,1.138,1.823,-3.268,-3.823,-4.378,-59.622,1.3877787807814457e-17,0.0,2.592
Sc2Se2Cl2,,,2.079,3.396,0.046,-1.865,0.0,2.079,3.395,2.079,3.396,-4.245,-5.284,-6.324,-31.044,1.3877787807814457e-17,0.0,3.243
Mo2I6,,,0.977,2.509,0.101,-0.21099999999999997,1.0000000000000002,0.977,2.509,0.977,2.509,-4.23,-4.719,-5.207,-32.963,-3.309,-3.306,3.312
Ag2Te3P4Cl2,,,1.4,2.257,0.09,-0.10200000000000009,0.0,1.388,2.203,1.4,2.257,-4.395,-5.09,-5.784,-41.45,1.3877787807814457e-17,0.0,1.364
Ag2I6Ni2,,,0.401,2.172,0.036,-0.14900000000000002,1.0000000000000002,0.263,2.047,0.401,2.172,-4.746,-4.878,-5.009,-30.537,-1.66,-1.661,3.443
SnSe2,,,1.07,1.929,0.056,-0.291,0.0,0.86,1.752,1.07,1.929,-4.506,-4.936,-5.366,-11.896,1.3877787807814457e-17,0.0,2.871
Pb6O6,,,2.797,3.964,0.026,-1.137,0.0,2.6339999999999995,3.808,2.797,3.964,-2.179,-3.496,-4.813,-66.937,1.3877787807814457e-17,0.0,2.787
Cr2Se6Si2,,,1.227,2.423,0.0,-0.499,1.0000000000000002,0.916,1.945,1.227,2.423,-4.605,-5.063,-5.521,-55.503,-0.07300000000000001,-0.072,2.087
Nb2I12Li2,,,0.584,1.687,0.028,-0.628,0.0,0.584,1.686,0.584,1.6870000000000003,-5.064,-5.355,-5.647,-52.227,1.3877787807814457e-17,0.0,2.186
Ge2P2S6,,,1.697,2.528,0.028,-0.241,0.0,1.406,2.096,1.697,2.528,-4.362,-5.065,-5.768,-46.636,1.3877787807814457e-17,0.0,3.481
Rb2Ru2S2Cl10N2,,,0.338,1.324,0.023,-0.71,1.0000000000000002,0.30000000000000004,1.324,0.3380000000000001,1.324,-5.915,-6.065,-6.215,-76.232,-0.10199999999999998,-0.51,1.999
HgBr2,,,2.009,3.062,0.019000000000000003,-0.512,0.0,2.007,3.062,2.009,3.062,-4.916,-5.92,-6.924,-5.590000000000003,1.3877787807814457e-17,0.0,2.311
Bi2SnTe4,,,0.215,0.473,0.0,-0.247,0.0,0.014000000000000012,0.3599999999999999,0.21500000000000008,0.47299999999999986,-5.075,-5.082,-5.089,-27.95,1.3877787807814457e-17,0.0,3.55
Pb2Cl4,,,2.963,3.997,0.032,-1.146,0.0,2.607,3.649,2.963,3.997,-4.533,-5.836,-7.14,-21.533,1.3877787807814457e-17,0.0,2.667
Te2K2MgS8H4,,,2.345,3.338,0.046,-0.462,0.0,2.345,3.338,2.345,3.338,-3.093,-4.265,-5.437,-64.251,1.3877787807814457e-17,0.0,1.618
Sb6O12H2,,,2.49,3.614,0.086,-1.254,0.0,2.489,3.614,2.49,3.614,-3.949,-5.193,-6.438,-119.654,1.3877787807814457e-17,0.0,1.415
W2Cl6,,,0.487,0.883,0.10799999999999998,-0.709,0.0,0.487,0.883,0.487,0.883,-4.407,-4.65,-4.894,-39.351,1.3877787807814457e-17,0.0,3.833
Ta2Cl12Li2,,,2.756,4.317,0.0,-1.505,0.0,2.756,4.317,2.7560000000000002,4.317,-4.93,-6.308,-7.686,-68.91,1.3877787807814457e-17,0.0,2.122
Hf2Te4I4,,,0.983,1.701,0.051,-0.677,0.0,0.947,1.66,0.983,1.701,-4.147,-4.62,-5.094,-40.519,1.3877787807814457e-17,0.0,3.489
InGaSe2P2S4,,,0.968,1.617,0.095,-0.29300000000000004,0.0,0.955,1.566,0.968,1.617,-4.368,-4.845,-5.323,-42.605,1.3877787807814457e-17,0.0,3.392
Nb4Fe2S10,,,0.0,,0.045,-0.924,1.0000000000000002,0.0,2.9379999999999997,0.0,2.939,-5.273666666666667,-5.68,-5.8759999999999994,-114.946,-0.34,-0.541,2.175
Hf2AsS2,,,0.0,,0.045,-1.309,0.0,0.0,1.0690000000000002,0.0,1.0703333333333334,-4.627666666666667,-4.972,-4.765000000000001,-34.378,1.3877787807814457e-17,0.0,3.152
Au2Pb2I6,,,1.256,2.135,0.041,-0.4139999999999999,0.0,1.256,2.135,1.256,2.135,-4.549,-5.177,-5.805,-26.79,1.3877787807814457e-17,0.0,3.265
Au3InBr4O4,,,0.489,1.583,0.035,-0.39199999999999996,0.0,0.475,1.555,0.489,1.583,-5.805,-6.042,-6.28,-43.69,1.3877787807814457e-17,0.0,3.297
Rh2F6,,,1.522,3.743,0.017999999999999995,-1.632,0.0,1.488,3.691,1.522,3.743,-5.943,-6.687,-7.43,-36.87,1.3877787807814457e-17,0.0,2.305
I4Ga4Se4,,,1.932,2.821,0.0,-0.574,0.0,1.932,2.821,1.932,2.821,-3.971,-4.937,-5.903,-38.348,1.3877787807814457e-17,0.0,1.832
PdTe4Cr2,,,0.0,,0.051,-0.22899999999999998,1.0000000000000002,0.0,1.3733333333333333,0.0,1.3953333333333333,-5.202333333333334,-4.93,-5.4430000000000005,-37.058,2.725,2.751,3.706
In2Te4Zn,,,0.009,,0.098,-0.291,0.0,0.008999999999999897,1.0843333333333334,0.008999999999999897,1.0843333333333338,-4.719,-4.724,-4.729,-21.57,1.3877787807814457e-17,0.0,3.355
Os2SeSCl4,,,0.189,0.941,0.066,-0.291,0.0,0.15599999999999992,0.893,0.18900000000000006,0.9409999999999998,-5.406,-5.484,-5.562,-39.414,1.3877787807814457e-17,0.0,3.108
BiCuSe6P2,,,1.035,2.387,0.0,-0.18199999999999994,0.0,1.009,2.06,1.035,2.387,-4.61,-5.114,-5.618,-41.8,1.3877787807814457e-17,0.0,2.01
Zr2IBrN,,,0.0,,0.057,-1.328,0.0,0.0,1.0749999999999997,0.0,1.1149999999999998,-3.9606666666666666,-3.61,-4.430666666666666,-32.864,1.3877787807814457e-17,0.0,5.564
Rh2Sb2Se6,,,0.117,0.022,0.061,-0.324,0.0,0.11699999999999999,0.021999999999999797,0.11699999999999999,0.021999999999999797,-4.892,-4.95,-5.009,-47.242,1.3877787807814457e-17,0.0,3.762
V2Br2Cl2,,,1.287,3.759,0.0,-1.02,1.0000000000000002,1.28,3.74,1.287,3.759,-3.323,-3.962,-4.602,-29.909,-0.067,-0.081,3.021
Se2Al2,3.537,4.206,2.645,3.435,0.0,-0.717,0.0,1.997,2.721,2.6450000000000005,3.435,-3.828,-4.827,-5.826,-17.311,1.3877787807814457e-17,0.0,3.82
Hg2Sn2Se6,,,0.397,0.953,0.041,-0.273,0.0,0.397,0.9529999999999996,0.39700000000000013,0.9530000000000001,-5.094,-5.292,-5.491,-33.513,1.3877787807814457e-17,0.0,3.598
Sb2Mn2Br2S4,,,0.374,1.646,0.096,-0.41900000000000004,1.0000000000000002,0.37,1.63,0.374,1.646,-4.287,-4.472,-4.657,-51.913,0.415,1.504,1.611
Ir2Se2Br2,,,0.063,0.598,0.015,-0.322,0.0,0.052000000000000046,0.5979999999999999,0.06299999999999994,0.5979999999999996,-5.166,-5.192,-5.218,-30.616,1.3877787807814457e-17,0.0,4.039
Ta4Te10Fe2,,,0.0,,0.0010000000000000009,-0.33,1.0000000000000002,0.0,0.5146666666666666,0.0,0.5283333333333333,-4.275333333333333,-4.671,-4.325666666666667,-94.685,0.414,-4.918,2.469
Ni3Se8P2,,,0.7,1.976,0.067,-0.14500000000000002,0.0,0.7,1.976,0.7,1.976,-4.767,-5.117,-5.467,-62.212,1.3877787807814457e-17,0.0,1.768
I4Ni2O12,,,0.641,3.213,0.076,-0.20899999999999996,0.0,0.545,3.103,0.641,3.213,-4.92,-5.193,-5.465,-85.658,1.3877787807814457e-17,0.0,1.851
Sc2Se6P2,,,0.96,1.546,0.0030000000000000027,-0.833,0.0,0.684,1.214,0.96,1.546,-4.178,-4.52,-4.861,-49.276,1.3877787807814457e-17,0.0,3.544
Hg2Ag2Te2Br2,,,1.393,2.257,0.006999999999999999,-0.29,0.0,1.393,2.257,1.393,2.257,-4.06,-4.757,-5.453,-19.348,1.3877787807814457e-17,0.0,1.508
Pb2CdO2F2,,,2.892,4.074,0.04,-1.664,0.0,2.892,4.074,2.892,4.074,-2.679,-4.125,-5.571,-33.514,1.3877787807814457e-17,0.0,1.532
Ta2Se2N,,,0.0,,0.092,-0.9,0.0,0.0,0.48766666666666647,0.0,0.5100000000000002,-4.606,-4.607,-5.011333333333334,-39.452,1.3877787807814457e-17,0.0,6.48
Sn2P2S6Cl2,,,2.517,3.372,0.055,-0.4060000000000001,0.0,2.393,3.312,2.517,3.372,-3.746,-4.942,-6.139,-51.752,1.3877787807814457e-17,0.0,1.814
VAl2S4,,,0.052,1.569,0.058,-0.981,1.0000000000000002,0.008000000000000007,1.486,0.052000000000000046,1.569,-3.483,-3.487,-3.491,-39.181,0.097,0.097,3.034
Se2Al2Si2,,,1.817,2.531,0.0,-0.501,0.0,1.581,2.187,1.817,2.531,-3.52,-4.31,-5.1,-28.244,1.3877787807814457e-17,0.0,2.749
Sn2I2Br2,,,2.227,2.866,0.083,-0.585,0.0,1.958,2.586,2.227,2.866,-3.877,-4.856,-5.835,-17.748000000000005,1.3877787807814457e-17,0.0,2.724
TeCrSe,0.974,0.974,0.572,0.994,0.11099999999999999,-0.27,0.0,0.572,0.994,0.572,0.994,-4.464,-4.75,-5.036,-16.904999999999998,1.3877787807814457e-17,0.0,4.472
Zr2Cl2N2,,,2.125,3.315,0.0,-1.885,0.0,1.923,3.081,2.125,3.315,-4.81,-5.771,-6.733,-46.393,1.3877787807814457e-17,0.0,3.12
Cr2Se6P2,,,0.634,1.297,0.012999999999999998,-0.312,1.0000000000000002,0.43100000000000005,0.8239999999999998,0.634,1.297,-4.344,-4.56,-4.775,-53.563,0.115,0.116,3.681
NbBr6Li,,,1.558,2.956,0.0,-1.079,0.0,1.552,2.937,1.558,2.956,-5.466,-6.242,-7.018,-30.358,1.3877787807814457e-17,0.0,2.579
Cu4Br4S4,,,0.819,1.556,0.032,-0.23199999999999998,0.0,0.783,1.528,0.819,1.556,-5.889,-6.28,-6.672,-40.139,1.3877787807814457e-17,0.0,1.778
Te6Ga2Si2,,,0.489,0.916,0.035,-0.15300000000000002,0.0,0.31699999999999995,0.7260000000000002,0.489,0.9159999999999999,-4.603,-4.761,-4.92,-37.36,1.3877787807814457e-17,0.0,2.065
